source_system,source_dataset,firm_crd,registration_state,registration_status,registration_date,business_name,legal_name
iapd,iapd_state_compilation,19537,AZ,APPROVED,2013-11-15,"FIRST WESTERN SECURITIES, INC.","FIRST WESTERN SECURITIES, INC."
iapd,iapd_state_compilation,43520,AZ,APPROVED,2024-07-03,"J.H. DARBIE & CO., INC.","J.H. DARBIE & CO., INC."
iapd,iapd_state_compilation,104343,AZ,APPROVED,2017-09-25,COLORADO FINANCIAL SERVICE CORPORATION,COLORADO FINANCIAL SERVICE CORPORATION
iapd,iapd_state_compilation,104922,AZ,APPROVED,2012-07-12,MAXWELL INVESTMENT ADVISORY SERVICES,MAXWELL ADVISORY SERVICES INC
iapd,iapd_state_compilation,107448,AZ,APPROVED,2012-03-23,YOUNG CAPITAL MANAGEMENT INC,YOUNG CAPITAL MANAGEMENT INC
iapd,iapd_state_compilation,107666,AZ,APPROVED,1994-08-31,"ADVISOR SERVICES, INC.","ADVISOR SERVICES, INC."
iapd,iapd_state_compilation,108335,AZ,APPROVED,2012-12-13,THE COLERIDGE GROUP LLC,THE COLERIDGE GROUP LLC
iapd,iapd_state_compilation,109489,AZ,APPROVED,1997-07-09,CARL F. PETERSEN. INC,"CARL F. PETERSEN, INC."
iapd,iapd_state_compilation,110266,AZ,APPROVED,2015-06-19,ENVISION CAPITAL MANAGEMENT LTD,ENVISION CAPITAL MANAGEMENT LTD
iapd,iapd_state_compilation,110467,AZ,APPROVED,2013-01-16,FIRST FINANCIAL STRATEGIES INC,FIRST FINANCIAL STRATEGIES INC
iapd,iapd_state_compilation,110678,AZ,APPROVED,2012-06-27,"VM JONES FINANCIAL CONSULTING, L.L.C.","VM JONES FINANCIAL CONSULTING, L.L.C."
iapd,iapd_state_compilation,110766,AZ,APPROVED,2012-05-15,INVESTOR RESOURCES INC,INVESTOR RESOURCES INC
iapd,iapd_state_compilation,111203,AZ,APPROVED,2014-05-01,DBA GENERATIONAL WEALTH STRATEGIES,"ADVANTAGE ASSET MANAGEMENT, INC."
iapd,iapd_state_compilation,112507,AZ,APPROVED,2020-04-22,"FLAGSTONE FINANCIAL ADVISORS, INC.","FLAGSTONE FINANCIAL ADVISORS, INC."
iapd,iapd_state_compilation,112837,AZ,APPROVED,2025-05-12,"BLUE CHIP FINANCIAL PLANNING, LLC","BLUE CHIP FINANCIAL PLANNING, LLC"
iapd,iapd_state_compilation,113751,AZ,APPROVED,1999-03-25,DESERT FINANCIAL ADVISERS,"DORFMAN, MIKHAIL"
iapd,iapd_state_compilation,113754,AZ,APPROVED,1995-09-06,S.E. THORN & CO.,"THORN, STUART ELLIS"
iapd,iapd_state_compilation,113765,AZ,APPROVED,1999-08-23,WITNAUER SLOAN & ASSOCIATES LLC,WITNAUER SLOAN & ASSOCIATES LLC
iapd,iapd_state_compilation,113778,AZ,APPROVED,2001-04-19,"OAK BROOK ASSET MANAGEMENT, CORPORATION","OAK BROOK ASSET MANAGEMENT, CORPORATION"
iapd,iapd_state_compilation,113783,AZ,APPROVED,1994-09-01,BECKER FINANCIAL SERVICES,BRAD JOHN BECKER
iapd,iapd_state_compilation,113828,AZ,APPROVED,2001-03-22,"FINANCIAL COUNSEL, LLC","FINANCIAL COUNSEL, LLC"
iapd,iapd_state_compilation,113830,AZ,APPROVED,1999-11-03,"THOMAS CAPITAL MANAGEMENT, LLC","THOMAS CAPITAL MANAGEMENT, LLC"
iapd,iapd_state_compilation,113856,AZ,APPROVED,1997-01-01,"MEZIAB CAPITAL MANAGEMENT, INC.","MEZIAB CAPITAL MANAGEMENT, INC."
iapd,iapd_state_compilation,113862,AZ,APPROVED,1994-08-24,KRUEGER FINANCIAL,"KRUEGER FINANCIAL SERVICES, INC."
iapd,iapd_state_compilation,113883,AZ,APPROVED,1997-01-01,J.W. ADVISORS INC.,J.W. ADVISORS INC.
iapd,iapd_state_compilation,113980,AZ,APPROVED,1998-04-08,RUBICON FINANCIAL NETWORK,"PFAFFMANN FINANCIAL, INC."
iapd,iapd_state_compilation,113999,AZ,APPROVED,2019-06-25,"MERIT ADVISORS, INC.","MERIT ADVISORS, INC."
iapd,iapd_state_compilation,114024,AZ,APPROVED,2014-11-21,"SABINO INVESTMENT MANAGEMENT, L.L.C.","SABINO INVESTMENT MANAGEMENT, L.L.C."
iapd,iapd_state_compilation,114170,AZ,APPROVED,2000-03-27,"CPA ADVISORY SERVICES, P.C.","CPA ADVISORY SERVICES, P.C."
iapd,iapd_state_compilation,114360,AZ,APPROVED,2022-05-03,CASH FLOW INVESTMENT SERVICES LLC,CASH FLOW INVESTMENT SERVICES LLC
iapd,iapd_state_compilation,114380,AZ,APPROVED,1994-12-28,COMPREHENSIVE PHYSICIANS RETIREMENT INVESTING,MAKKAR INC.
iapd,iapd_state_compilation,114468,AZ,APPROVED,1994-08-26,"PRESCOTT INVESTOR SERVICES, INC.","PRESCOTT INVESTOR SERVICES, INC."
iapd,iapd_state_compilation,114938,AZ,APPROVED,1994-08-29,SUNDANCE WEALTH MANAGEMENT,"DEPASQUALE, JOHN, ROBERT"
iapd,iapd_state_compilation,115003,AZ,APPROVED,1994-08-15,"ANDREW J. SPILLIOS, CFP","ANDREW JOHN SPILLIOS, CFP"
iapd,iapd_state_compilation,115058,AZ,APPROVED,2021-01-27,CHILDRESS INVESTMENT MANAGEMENT,FRANK ALEXANDER CHILDRESS
iapd,iapd_state_compilation,115115,AZ,APPROVED,2012-05-31,WESTERN GROWERS FINANCIAL SERVICES,"WESTERN GROWERS FINANCIAL SERVICES, INC."
iapd,iapd_state_compilation,115218,AZ,APPROVED,1994-08-31,"MICHAEL FULCHER, CPA",MICHAEL FULCHER
iapd,iapd_state_compilation,115341,AZ,APPROVED,1999-03-09,"FIVE PEAKS FINANCIAL CONSULTING, INC.","FIVE PEAKS FINANCIAL CONSULTING, INC."
iapd,iapd_state_compilation,115488,AZ,APPROVED,2001-10-22,"BARON CAPITAL MANAGEMENT, LLC","BARON CAPITAL MANAGEMENT,LLC"
iapd,iapd_state_compilation,115498,AZ,APPROVED,2003-05-01,RICH CAPITAL MANAGEMENT,BEVERLY ANN RICH
iapd,iapd_state_compilation,115901,AZ,APPROVED,2021-09-09,LEGACY FINANCIAL GROUP,"LEGACY FINANCIAL GROUP, LLC"
iapd,iapd_state_compilation,115912,AZ,APPROVED,2000-10-25,"YAVAPAI FINANCIAL PLANNING, L.L.C.","YAVAPAI FINANCIAL PLANNING, L.L.C."
iapd,iapd_state_compilation,116014,AZ,APPROVED,2020-05-05,LIVING ROOM WEALTH MANAGEMENT,"RESOURCE DESIGN, INC."
iapd,iapd_state_compilation,116077,AZ,APPROVED,1996-07-24,"HERMENS CAPITAL MANAGEMENT, INC","HERMENS CAPITAL MANAGEMENT, INC"
iapd,iapd_state_compilation,116090,AZ,APPROVED,2001-04-25,HUTCHISON INVESTMENT ADVISORS,HUTCHISON INVESTMENT ADVISORS INC
iapd,iapd_state_compilation,116172,AZ,APPROVED,2023-05-10,"PREFERRED RETIREMENT OPTIONS, INC","PREFERRED RETIREMENT OPTIONS, INC"
iapd,iapd_state_compilation,116207,AZ,APPROVED,1994-07-29,"MCBRIDE FINANCIAL SERVICES, INC.","MCBRIDE FINANCIAL SERVICES, INC."
iapd,iapd_state_compilation,116276,AZ,APPROVED,2018-09-13,"BERNTSON PORTER WEALTH MANAGEMENT, LLC","BERNTSON PORTER WEALTH MANAGEMENT, LLC"
iapd,iapd_state_compilation,116368,AZ,APPROVED,2012-06-20,"JAGUAR INVESTMENT SERVICES, LTD","JAGUAR INVESTMENT SERVICES, LTD"
iapd,iapd_state_compilation,116470,AZ,APPROVED,2005-06-23,WISE WORLD INVESTMENT PLANNING,"WIN WIN INVESTMENT PLANNING, LLC"
iapd,iapd_state_compilation,116672,AZ,APPROVED,1994-08-31,TED C. EARLE,THEODORE CHARLES EARLE
iapd,iapd_state_compilation,116791,AZ,APPROVED,2012-01-06,BROCK ASSET MANAGEMENT,"BROCK ASSET MANAGEMENT, LLC"
iapd,iapd_state_compilation,117134,AZ,APPROVED,1997-01-10,ESTATE & RETIREMENT STRATEGIES LLC,ESTATE & RETIREMENT STRATEGIES LLC
iapd,iapd_state_compilation,117177,AZ,APPROVED,2022-06-24,"FAIRPORT ADVISORS, INC.","FAIRPORT ADVISORS, INC."
iapd,iapd_state_compilation,117256,AZ,APPROVED,2001-10-10,"JOSEPH SEEP & ASSOCIATES, LLC",JOSEPH GLEN SEEP
iapd,iapd_state_compilation,117326,AZ,APPROVED,1998-09-28,"THE INNES ASSOCIATES, LTD.","THE INNES ASSOCIATES, LTD."
iapd,iapd_state_compilation,117485,AZ,APPROVED,2021-01-01,DEAFINVEST,SCHWARZ FINANCIAL SERVICES LLC
iapd,iapd_state_compilation,117491,AZ,APPROVED,2024-11-20,KCPAG FINANCIAL ADVISORS LLC,KCPAG FINANCIAL ADVISORS LLC
iapd,iapd_state_compilation,117598,AZ,APPROVED,2002-05-06,"JR SNELL CAPITAL MANAGEMENT, LLC","JR SNELL CAPITAL MANAGEMENT, LLC"
iapd,iapd_state_compilation,117679,AZ,APPROVED,2002-08-15,"PELLETON CAPITAL MANAGEMENT, LTD.","PELLETON CAPITAL MANAGEMENT, LTD."
iapd,iapd_state_compilation,117700,AZ,APPROVED,1997-03-21,"THE GETZEN GROUP, INC.","THE GETZEN GROUP, INC."
iapd,iapd_state_compilation,118025,AZ,APPROVED,2017-08-15,"UHLMANN INVESTMENT MANAGEMENT,  L.L.C.","UHLMANN INVESTMENT MANAGEMENT,  L.L.C."
iapd,iapd_state_compilation,118168,AZ,APPROVED,2000-10-02,EPL INVESTMENT ADVISORY LLC,EPL INVESTMENT ADVISORY LLC
iapd,iapd_state_compilation,118684,AZ,APPROVED,2021-02-03,"LANGE FINANCIAL GROUP, LLC","LANGE FINANCIAL GROUP, LLC"
iapd,iapd_state_compilation,118786,AZ,APPROVED,2003-03-14,SCOTTSDALE CAPITAL ADVISORS CORPORATION,SCOTTSDALE CAPITAL ADVISORS CORPORATION
iapd,iapd_state_compilation,118857,AZ,APPROVED,2006-01-04,HARRIS INVESTMENT ADVISORS LLC,HARRIS INVESTMENT ADVISORS LLC
iapd,iapd_state_compilation,120054,AZ,APPROVED,2016-03-04,"SWS ADVISORS, INC.","SWS ADVISORS, INC."
iapd,iapd_state_compilation,120385,AZ,APPROVED,2002-08-22,"SUNRISE WEALTH MANAGEMENT, LLC","SUNRISE WEALTH MANAGEMENT, LLC"
iapd,iapd_state_compilation,121167,AZ,APPROVED,2016-11-17,"GCD ADVISORS, LLC","GCD ADVISORS, LLC"
iapd,iapd_state_compilation,121808,AZ,APPROVED,2005-01-11,"THE PLANNING ASSOCIATES, INC.","THE PLANNING ASSOCIATES, INC."
iapd,iapd_state_compilation,122557,AZ,APPROVED,2003-03-31,"THE LINKOUS GROUP, LTD.","THE LINKOUS GROUP, LTD."
iapd,iapd_state_compilation,123364,AZ,APPROVED,2003-10-14,"FOUNTAIN FINANCIAL GROUP, INC.","FOUNTAIN FINANCIAL GROUP, INC."
iapd,iapd_state_compilation,123566,AZ,APPROVED,2017-02-01,ROCKFORD ASSET MANAGEMENT LLC,ROCKFORD ASSET MANAGEMENT LLC
iapd,iapd_state_compilation,124369,AZ,APPROVED,2003-02-04,EXECUTIVE ASSET ADVISORS LLC,EXECUTIVE ASSET ADVISORS LLC
iapd,iapd_state_compilation,124492,AZ,APPROVED,2012-04-10,"HAWTREE ADVISORY GROUP, LLC","HAWTREE ADVISORY GROUP, LLC"
iapd,iapd_state_compilation,124634,AZ,APPROVED,2003-06-17,"PRO TAX FINANCIAL SERVICES, LLC","PRO TAX FINANCIAL SERVICES, LLC"
iapd,iapd_state_compilation,125456,AZ,APPROVED,2005-07-19,GOLD CANYON FINANCIAL PLANNING,GOLD CANYON FINANCIAL PLANNING LLC
iapd,iapd_state_compilation,125676,AZ,APPROVED,2003-04-29,RJ PACE FINANCIAL,"RJ PACE FINANCIAL, LLC"
iapd,iapd_state_compilation,126058,AZ,APPROVED,2010-04-07,"BUTTONWOOD ADVISORS, LLC","BUTTONWOOD ADVISORS, LLC"
iapd,iapd_state_compilation,126178,AZ,APPROVED,2025-07-17,"FIDUCIARY CAPITAL, INC.","FIDUCIARY CAPITAL, INC."
iapd,iapd_state_compilation,126568,AZ,APPROVED,2026-06-29,DOGWOOD CAPITAL MANAGEMENT,"DOGWOOD CAPITAL MANAGEMENT, INC."
iapd,iapd_state_compilation,126813,AZ,APPROVED,2021-08-13,"ABBEY HILL FINANCIAL ADVISORS, LLC","ABBEY HILL FINANCIAL ADVISORS, LLC"
iapd,iapd_state_compilation,126899,AZ,APPROVED,2008-10-10,"MARK BUSSEY & ASSOCIATES, LC","MARK BUSSEY & ASSOCIATES, LC"
iapd,iapd_state_compilation,126918,AZ,APPROVED,2014-06-02,WORTHWHILE WEALTH COUNCIL,"WEALTH WISE, INC."
iapd,iapd_state_compilation,127045,AZ,APPROVED,2012-08-06,ANDORRA CAPITAL,"ANDORRA CAPITAL, LLC"
iapd,iapd_state_compilation,127313,AZ,APPROVED,2012-06-27,"SCHWAN FINANCIAL ADVISORS, LLC","SCHWAN FINANCIAL ADVISORS, LLC"
iapd,iapd_state_compilation,128028,AZ,APPROVED,2003-10-09,"SECOND LOOK FINANCIAL, LLC.","SECOND LOOK FINANCIAL, LLC."
iapd,iapd_state_compilation,128079,AZ,APPROVED,2003-09-09,"SENSIBLE INVESTMENT STRATEGIES, LLC","SENSIBLE INVESTMENT STRATEGIES, LLC"
iapd,iapd_state_compilation,128147,AZ,APPROVED,2022-06-07,QUORUM ADVISORS,"BUCK, T.J."
iapd,iapd_state_compilation,129497,AZ,APPROVED,2004-03-01,"P3 FINANCIAL MANAGEMENT, LLC","P3 FINANCIAL MANAGEMENT, LLC"
iapd,iapd_state_compilation,129647,AZ,APPROVED,2004-01-14,WEISS FINANCIAL SERVICES,"WEISS, LISBETH KAY"
iapd,iapd_state_compilation,129704,AZ,APPROVED,2004-03-01,NET WORTH SOLUTIONS LLC,NET WORTH SOLUTIONS LLC
iapd,iapd_state_compilation,130015,AZ,APPROVED,2016-05-31,"STONEWALL EQUITIES, LTD.","STONEWALL EQUITIES, LTD."
iapd,iapd_state_compilation,130319,AZ,APPROVED,2004-10-21,"JIM HANNLEY, LLC","HANNLEY, JAMES P."
iapd,iapd_state_compilation,131836,AZ,APPROVED,2012-04-16,RHG ADVISORS LLC,RHG ADVISORS LLC
iapd,iapd_state_compilation,132105,AZ,APPROVED,2024-01-01,"ROGUE ADVISORS, LLC","ROGUE ADVISORS, LLC"
iapd,iapd_state_compilation,132182,AZ,APPROVED,2006-09-25,LENNOX FINANCIAL,JOHN L. BOYLE DBA LENNOX FINANCIAL
iapd,iapd_state_compilation,132224,AZ,APPROVED,2004-09-09,CLC CAPITAL MANAGEMENT,"CLARK, CHARLES LEE JR."
iapd,iapd_state_compilation,132444,AZ,APPROVED,2018-03-15,R.B. FINANCIAL GROUP,"MILLER, MICHAEL JON"
iapd,iapd_state_compilation,132868,AZ,APPROVED,2005-01-01,"PREMIER SOUTHWEST PLANNING GROUP, LLC","PREMIER SOUTHWEST PLANNING GROUP, LLC"
iapd,iapd_state_compilation,132874,AZ,APPROVED,2004-11-29,"KURT OELZE, LLC","OELZE, MELVIN KURT"
iapd,iapd_state_compilation,133254,AZ,APPROVED,2005-01-01,"TONY CHRAMPANIS & CO., L.L.C.","TONY CHRAMPANIS & CO., L.L.C."
iapd,iapd_state_compilation,133295,AZ,APPROVED,2007-06-05,FMT INVESTMENT ADVISORY,"GREEN PARTNERS, LLC"
iapd,iapd_state_compilation,134334,AZ,APPROVED,2021-06-17,ABBOTT CAPITAL MANAGEMENT CORP.,ABBOTT CAPITAL MANAGEMENT CORP.
iapd,iapd_state_compilation,134446,AZ,APPROVED,2012-06-18,"FULLER ASSET MANAGEMENT, LLC","FULLER ASSET MANAGEMENT, LLC"
iapd,iapd_state_compilation,134846,AZ,APPROVED,2012-06-28,"PEAK INVESTMENT SOLUTIONS, LLC","PEAK INVESTMENT SOLUTIONS, LLC"
iapd,iapd_state_compilation,135679,AZ,APPROVED,2022-07-12,"CLINE FINANCIAL CONCEPTS, LLC","CLINE FINANCIAL CONCEPTS, LLC"
iapd,iapd_state_compilation,137095,AZ,APPROVED,2007-07-05,EDDLEMAN & EDDLEMAN INC,ARCHETYPE INVESTMENT ADVISORS INC
iapd,iapd_state_compilation,137712,AZ,APPROVED,2012-03-28,"CORNERSTONE ASSET MANAGEMENT SERVICES, INC.","CORNERSTONE ASSET MANAGEMENT SERVICES, INC."
iapd,iapd_state_compilation,137989,AZ,APPROVED,2021-08-03,"FACTOR INVESTMENT SOLUTIONS, LLC","FACTOR INVESTMENT SOLUTIONS, LLC"
iapd,iapd_state_compilation,138125,AZ,APPROVED,2022-01-10,"CRONE WEALTH MANAGEMENT, PLLC","CRONE WEALTH MANAGEMENT, PLLC"
iapd,iapd_state_compilation,139527,AZ,APPROVED,2006-03-13,SONORAN CAPITAL MANAGEMENT LLC,SONORAN CAPITAL MANAGEMENT LLC
iapd,iapd_state_compilation,140120,AZ,APPROVED,2012-06-07,"CAPITAL STRATEGIES GROUP, LLC","CAPITAL STRATEGIES GROUP, LLC"
iapd,iapd_state_compilation,140812,AZ,APPROVED,2007-01-23,"METTE ASSOCIATES, LLC","METTE ASSOCIATES, LLC"
iapd,iapd_state_compilation,140922,AZ,APPROVED,2015-08-26,"JOSEPH C. LONGO, ATTORNEY AT LAW","LONGO, JOSEPH COSMO"
iapd,iapd_state_compilation,141355,AZ,APPROVED,2021-10-27,"THE FINANCIAL TEAM, INC.","THE FINANCIAL TEAM, INC."
iapd,iapd_state_compilation,141981,AZ,APPROVED,2006-11-29,"WEST COAST CAPITAL MANAGEMENT, LLC","WEST COAST CAPITAL MANAGEMENT, LLC"
iapd,iapd_state_compilation,142207,AZ,APPROVED,2013-04-10,BEACON BAY ASSET MANAGEMENT LLC,BEACON BAY ASSET MANAGEMENT LLC
iapd,iapd_state_compilation,142323,AZ,APPROVED,2024-01-17,"PARAKLETE FINANCIAL, INC.","PARAKLETE FINANCIAL, INC."
iapd,iapd_state_compilation,142335,AZ,APPROVED,2008-01-01,"ROYAL PALM INVESTMENT ADVISORS, INC","ROYAL PALM INVESTMENT ADVISORS, INC"
iapd,iapd_state_compilation,142636,AZ,APPROVED,2007-02-14,"TRIDENT WEALTH MANAGEMENT, LLC","TRIDENT WEALTH MANAGEMENT, LLC"
iapd,iapd_state_compilation,143070,AZ,APPROVED,2007-03-16,"ME FINANCIAL, PLLC",ME FINANCIAL LLC
iapd,iapd_state_compilation,143223,AZ,APPROVED,2013-09-26,"MCBEE ADVISORS, INC.","MCBEE ADVISORS, INC."
iapd,iapd_state_compilation,143285,AZ,APPROVED,2010-03-01,MACC IV GROUP,RODNEY MCKINNIS
iapd,iapd_state_compilation,143406,AZ,APPROVED,2024-01-18,"MULLIGAN CAPITAL, INC","MULLIGAN CAPITAL, INC"
iapd,iapd_state_compilation,144118,AZ,APPROVED,2025-08-14,TRUEPATH FINANCIAL PLANNING,TRUEPATH FINANCIAL PLANNING LLC
iapd,iapd_state_compilation,144127,AZ,APPROVED,2022-03-07,"LEGACY INVESTMENT SERVICES, LLC","LEGACY INVESTMENT SERVICES, LLC"
iapd,iapd_state_compilation,144409,AZ,APPROVED,2007-11-14,"VISION FINANCIAL SERVICES, INC","VISION FINANCIAL SERVICES, INC"
iapd,iapd_state_compilation,144741,AZ,APPROVED,2019-10-09,"GATEWAY FINANCIAL & ESTATE PLANNING, INC.","GATEWAY FINANCIAL & ESTATE PLANNING, INC."
iapd,iapd_state_compilation,144965,AZ,APPROVED,2007-11-13,"DYNAMIC FINANCIAL SOLUTIONS, LLC","DYNAMIC FINANCIAL SOLUTIONS, LLC"
iapd,iapd_state_compilation,145717,AZ,APPROVED,2009-09-17,FLEMING FINANCIAL SERVICES,"FLEMING FINANCIAL SERVICES, INCORPORATED"
iapd,iapd_state_compilation,146264,AZ,APPROVED,2026-06-26,"VERITAS FINANCIAL SERVICES, LLC","VERITAS FINANCIAL SERVICES, LLC"
iapd,iapd_state_compilation,146609,AZ,APPROVED,2008-05-02,"VAULT FINANCIAL, LLC","VAULT FINANCIAL, LLC"
iapd,iapd_state_compilation,146689,AZ,APPROVED,2012-02-14,"CONSCIENT CAPITAL, LLC",CONSCIENT CAPITAL LLC
iapd,iapd_state_compilation,146931,AZ,APPROVED,2008-07-29,RETIREMENT EVOLUTIONS WEALTH MANAGEMENT LLC,RETIREMENT EVOLUTIONS WEALTH MANAGEMENT LLC
iapd,iapd_state_compilation,146965,AZ,APPROVED,2012-05-29,"WEALTH RESCUE STRATEGIES, INC.","WEALTH RESCUE STRATEGIES, INC."
iapd,iapd_state_compilation,147809,AZ,APPROVED,2020-06-24,BOULDER INVESTMENT GROUP,"BOULDER WEALTH MANAGEMENT, LLC"
iapd,iapd_state_compilation,147882,AZ,APPROVED,2013-08-28,"DCA INVESTMENT ADVISORY, LLC","DCA INVESTMENT ADVISORY, LLC"
iapd,iapd_state_compilation,148646,AZ,APPROVED,2012-02-21,"INTERMOUNTAIN WEALTH MANAGEMENT, INC.","INTERMOUNTAIN WEALTH MANAGEMENT, INC."
iapd,iapd_state_compilation,148650,AZ,APPROVED,2009-01-01,"RMH INVESTMENT MANAGEMENT, LLC","RMH INVESTMENT MANAGEMENT, LLC"
iapd,iapd_state_compilation,148733,AZ,APPROVED,2013-04-04,CAPITAL SYNERGY PARTNERS,"CAPITAL SYNERGY PARTNERS, INC."
iapd,iapd_state_compilation,148841,AZ,APPROVED,2009-02-11,HOBBS ADVISORY SERVICES,HI INC. DBA HOBBS ADVISORY SERVICES
iapd,iapd_state_compilation,148844,AZ,APPROVED,2009-02-23,"CONTINUUM WEALTH MANAGEMENT, LLC","CONTINUUM WEALTH MANAGEMENT, LLC"
iapd,iapd_state_compilation,148884,AZ,APPROVED,2022-01-04,"KEATS, CONNELLY & ASSOCIATES, INC","KEATS, CONNELLY & ASSOCIATES, INC"
iapd,iapd_state_compilation,149167,AZ,APPROVED,2009-03-26,WELLFIT FINANCIAL,"LANE FINANCIAL, P.C."
iapd,iapd_state_compilation,149542,AZ,APPROVED,2023-08-24,"AUGUST WEALTH GROUP, INC.","AUGUST GROUP, INC."
iapd,iapd_state_compilation,149560,AZ,APPROVED,2009-03-19,"RETIREMENT INCOME AND INHERITANCE ADVISORS, LLC","RETIREMENT INCOME AND INHERITANCE ADVISORS, LLC"
iapd,iapd_state_compilation,149856,AZ,APPROVED,2009-04-23,GUARDIAN CAPITAL GROUP LLC,GUARDIAN CAPITAL GROUP LLC
iapd,iapd_state_compilation,150158,AZ,APPROVED,2013-05-15,KAMSON FINANCIAL,KAMSON FINANCIAL SOLUTIONS INTERNATIONAL LLC
iapd,iapd_state_compilation,150481,AZ,APPROVED,2022-04-06,"GLOBAL WEALTH PARTNERS, LLC","GLOBAL WEALTH PARTNERS, LLC"
iapd,iapd_state_compilation,150860,AZ,APPROVED,2017-06-23,CAPITAL TRUST WEALTH MANAGEMENT,BROUGH INVESTMENT GROUP LLC
iapd,iapd_state_compilation,150960,AZ,APPROVED,2017-01-01,"ATHENA ADVISOR SERVICES, LLC","ATHENA ADVISOR SERVICES, LLC"
iapd,iapd_state_compilation,150985,AZ,APPROVED,2009-08-11,TETRANT FINANCIAL,TETRANT ADVISORY LLC
iapd,iapd_state_compilation,151292,AZ,APPROVED,2018-01-04,LIFE PLANNING ADVISORS LLC,LIFE PLANNING ADVISORS LLC
iapd,iapd_state_compilation,151309,AZ,APPROVED,2021-05-05,WATERROCK GLOBAL ASSET MANAGEMENT,WATERROCK GLOBAL ASSET MANAGEMENT
iapd,iapd_state_compilation,151580,AZ,APPROVED,2020-09-25,"MAIN AVENUE FINANCIAL SERVICES, LLC","MAIN AVENUE FINANCIAL SERVICES, LLC"
iapd,iapd_state_compilation,151830,AZ,APPROVED,2010-01-01,"SOLITUDE CANYON INVESTMENT ADVISORS, LLC","SOLITUDE CANYON INVESTMENT ADVISORS, LLC"
iapd,iapd_state_compilation,152201,AZ,APPROVED,2023-07-19,"FLIGHT CAPITAL MANAGEMENT, LLC","FLIGHT CAPITAL MANAGEMENT, LLC"
iapd,iapd_state_compilation,152625,AZ,APPROVED,2014-07-10,JOSELIT ASSET MANAGEMENT,"JOSELIT ASSET MANAGEMENT, LLC"
iapd,iapd_state_compilation,152785,AZ,APPROVED,2010-02-25,"L. JANE HEIST WEALTH MANAGEMENT, INC.","L. JANE HEIST WEALTH MANAGEMENT, INC."
iapd,iapd_state_compilation,152843,AZ,APPROVED,2010-04-09,"TRONDHEIM CAPITAL, LLC","TRONDHEIM CAPITAL, LLC"
iapd,iapd_state_compilation,153032,AZ,APPROVED,2010-04-14,AUTHENTIC FINANCIAL PLANNING,AUTHENTIC FINANCIAL PLANNING
iapd,iapd_state_compilation,153037,AZ,APPROVED,2012-02-08,"SILVER LEAF FINANCIAL, INC.","SILVER LEAF FINANCIAL, INC."
iapd,iapd_state_compilation,153085,AZ,APPROVED,2010-04-14,"KARPINSKI FINANCIAL, LLC","KARPINSKI FINANCIAL, LLC"
iapd,iapd_state_compilation,153250,AZ,APPROVED,2020-06-26,"ASSET WEALTH ADVISORS, LLC","ASSET WEALTH ADVISORS, LLC"
iapd,iapd_state_compilation,153396,AZ,APPROVED,2010-08-31,CLOUT INC. ADVISORS,CLOUT INC. ADVISORS
iapd,iapd_state_compilation,153483,AZ,APPROVED,2010-04-29,"WEALTH GUARDIAN ADVISORY, PLLC","WEALTH GUARDIAN ADVISORY, PLLC"
iapd,iapd_state_compilation,153492,AZ,APPROVED,2010-10-14,"THINK WEALTH ADVISORY, LLC","THINK WEALTH ADVISORY, LLC"
iapd,iapd_state_compilation,154019,AZ,APPROVED,2019-01-28,"D SQUARED CAPITAL MANAGEMENT, LLC","D SQUARED CAPITAL MANAGEMENT, LLC"
iapd,iapd_state_compilation,154112,AZ,APPROVED,2010-08-23,"DU LAC INVESTMENT GROUP, LLC","DU LAC INVESTMENT GROUP, LLC"
iapd,iapd_state_compilation,154320,AZ,APPROVED,2010-09-03,"LINX EQUITIES, LLC","LINX EQUITIES, LLC"
iapd,iapd_state_compilation,154361,AZ,APPROVED,2019-10-22,"BLUE CRAB PARTNERS, LLC","BLUE CRAB PARTNERS, LLC"
iapd,iapd_state_compilation,154423,AZ,APPROVED,2011-09-14,W WEALTH ADVISORS,W WEALTH ADVISORS LLC
iapd,iapd_state_compilation,154531,AZ,APPROVED,2010-08-06,"BLK FINANCIAL ADVISORS, LLC","BLK FINANCIAL ADVISORS, LLC"
iapd,iapd_state_compilation,154629,AZ,APPROVED,2010-08-23,"DOMASK WEALTH MANAGEMENT, LLC","DOMASK WEALTH MANAGEMENT, LLC"
iapd,iapd_state_compilation,154819,AZ,APPROVED,2021-09-08,CAPSTONE PACIFIC INVESTMENT STRATEGIES,"CAPSTONE PACIFIC INVESTMENT STRATEGIES, INC."
iapd,iapd_state_compilation,155276,AZ,APPROVED,2012-09-18,"IRONWOOD WEALTH ADVISORS, LLC","IRONWOOD WEALTH ADVISORS, LLC"
iapd,iapd_state_compilation,155377,AZ,APPROVED,2011-01-07,POGSON & MATT WEALTH MANAGEMENT GROUP,"POGSON & MATT WEALTH MANAGEMENT GROUP, LLC"
iapd,iapd_state_compilation,155802,AZ,APPROVED,2012-01-06,"TEHRANI WEALTH MANAGEMENT, LLC","TEHRANI WEALTH MANAGEMENT, LLC"
iapd,iapd_state_compilation,155806,AZ,APPROVED,2012-03-09,"MARTIN FINANCIAL SOLUTIONS, LLC","MARTIN FINANCIAL SOLUTIONS, LLC"
iapd,iapd_state_compilation,156184,AZ,APPROVED,2011-01-31,WRIGHT WEALTH MANAGEMENT GROUP,C.W. WRIGHT FINANCIAL GROUP LLC
iapd,iapd_state_compilation,156266,AZ,APPROVED,2011-05-09,BATTLE CAPITAL ASSET MANAGEMENT LLC,BATTLE CAPITAL ASSET MANAGEMENT LLC
iapd,iapd_state_compilation,156291,AZ,APPROVED,2015-07-22,RFG CAPITAL MANAGEMENT LLC,RFG CAPITAL MANAGEMENT LLC
iapd,iapd_state_compilation,156343,AZ,APPROVED,2015-03-17,"NEUSE RIVER CAPITAL, LLC","NEUSE RIVER CAPITAL, LLC"
iapd,iapd_state_compilation,156574,AZ,APPROVED,2011-03-17,"SECURE RETIREMENT ADVISORS, LLC","SECURE RETIREMENT ADVISORS, LLC"
iapd,iapd_state_compilation,156608,AZ,APPROVED,2022-01-01,ADVICEANDTAXES.COM LLC,ADVICEANDTAXES.COM LLC
iapd,iapd_state_compilation,157055,AZ,APPROVED,2011-04-06,J. MANGONE CAPITAL MANAGEMENT LLC,J. MANGONE CAPITAL MANAGEMENT LLC
iapd,iapd_state_compilation,157178,AZ,APPROVED,2020-08-12,"EMRO ASSET MANAGEMENT, LLC","EMRO ASSET MANAGEMENT, LLC"
iapd,iapd_state_compilation,157694,AZ,APPROVED,2011-05-24,CORVUS FINANCIAL LLC,CORVUS FINANCIAL LLC
iapd,iapd_state_compilation,157800,AZ,APPROVED,2011-08-09,"NORRIS WEALTH MANAGEMENT, LLC","NORRIS WEALTH MANAGEMENT, LLC"
iapd,iapd_state_compilation,157856,AZ,APPROVED,2011-05-27,"SILVERMAN + ASSOCIATES WEALTH MANAGEMENT, LLC","SILVERMAN + ASSOCIATES WEALTH MANAGEMENT, LLC"
iapd,iapd_state_compilation,158468,AZ,APPROVED,2012-02-28,EPS WEALTH MANAGEMENT,"EPS-RIA, LLC"
iapd,iapd_state_compilation,158636,AZ,APPROVED,2024-02-29,"CADENCE WEALTH MANAGEMENT, LLC","CADENCE WEALTH MANAGEMENT, LLC"
iapd,iapd_state_compilation,158873,AZ,APPROVED,2011-10-04,"PANOPTIC GLOBAL WEALTH MANAGEMENT, LLC","PANOPTIC GLOBAL WEALTH MANAGEMENT, LLC"
iapd,iapd_state_compilation,159116,AZ,APPROVED,2011-11-10,JCG CAPITAL,"JCG CAPITAL, LLC"
iapd,iapd_state_compilation,159242,AZ,APPROVED,2026-04-17,BALANCED WEALTH MANAGEMENT,"ROWAN, CHARLES HAROLD"
iapd,iapd_state_compilation,159583,AZ,APPROVED,2021-08-26,SUNRIFT CAPITAL PARTNERS LLC,SUNRIFT CAPITAL PARTNERS LLC
iapd,iapd_state_compilation,159605,AZ,APPROVED,2012-03-07,"B2B CFO INVESTMENT COMPANY, LLC","B2B CFO INVESTMENT COMPANY, LLC"
iapd,iapd_state_compilation,159658,AZ,APPROVED,2023-02-02,"KENNON WEALTH MANAGEMENT, LLC","KENNON WEALTH MANAGEMENT, LLC"
iapd,iapd_state_compilation,159799,AZ,APPROVED,2025-06-20,DI BELLO FINANCIAL,"ANNETTE DI BELLO, CPA, CFP, PROFESSIONAL CORPORATION"
iapd,iapd_state_compilation,159809,AZ,APPROVED,2012-01-11,"LIFETYME FINANCIAL ADVISORS, LLC","LIFETYME FINANCIAL ADVISORS, LLC"
iapd,iapd_state_compilation,159934,AZ,APPROVED,2012-03-01,"ECKMAN WEALTH MANAGEMENT, LLC","ECKMAN WEALTH MANAGEMENT, LLC"
iapd,iapd_state_compilation,160433,AZ,APPROVED,2015-12-10,"ATLAS WEALTH MANAGEMENT, LLC","ATLAS WEALTH MANAGEMENT, LLC"
iapd,iapd_state_compilation,160601,AZ,APPROVED,2016-08-23,"DELPHI VALUE INVESTMENTS, LLC","DELPHI VALUE INVESTMENTS, LLC"
iapd,iapd_state_compilation,160847,AZ,APPROVED,2013-07-24,"LARSON WEALTH MANAGEMENT, LLC","LARSON WEALTH MANAGEMENT, LLC"
iapd,iapd_state_compilation,161124,AZ,APPROVED,2024-06-14,"LIFETIME FINANCIAL, INC.","LIFETIME FINANCIAL, INC."
iapd,iapd_state_compilation,161309,AZ,APPROVED,2016-11-02,MDX WEALTH MANAGEMENT,TAMARIND ADVISORS LLC
iapd,iapd_state_compilation,162142,AZ,APPROVED,2012-03-21,ADVANCED FINANCIAL SERVICES,"ADVANCED FINANCIAL SERVICES, LLC"
iapd,iapd_state_compilation,162162,AZ,APPROVED,2025-06-18,CORCORAN WEALTH MANAGEMENT LLC,CORCORAN WEALTH MANAGEMENT LLC
iapd,iapd_state_compilation,162827,AZ,APPROVED,2014-09-05,"ARCVEST, LLC","ELC ADVISORS, LLC"
iapd,iapd_state_compilation,163491,AZ,APPROVED,2012-05-16,"FINCO INVESTMENT SERVICES, INC.","FINCO INVESTMENT SERVICES, INC."
iapd,iapd_state_compilation,164024,AZ,APPROVED,2015-05-08,EBIS,"EBIS, INC."
iapd,iapd_state_compilation,164025,AZ,APPROVED,2023-06-14,"STEEL CANYON CAPITAL, LLC","STEEL CANYON CAPITAL, LLC"
iapd,iapd_state_compilation,164151,AZ,APPROVED,2017-02-01,"DANA WHITING FINANCIAL, LLC","DANA WHITING FINANCIAL, LLC"
iapd,iapd_state_compilation,164185,AZ,APPROVED,2012-07-09,"F. L. ARIAS & ASSOCIATES, LLC","F. L. ARIAS & ASSOCIATES, LLC"
iapd,iapd_state_compilation,164291,AZ,APPROVED,2017-03-08,COUNTERPOINT ASSET MANAGEMENT LLC,COUNTERPOINT ASSET MANAGEMENT LLC
iapd,iapd_state_compilation,164684,AZ,APPROVED,2012-07-25,MICHAEL A. JANKY DBA MJ WEALTH PLANNING,"JANKY, MICHAEL A."
iapd,iapd_state_compilation,165305,AZ,APPROVED,2012-10-24,AGNEW CAPITAL MANAGEMENT LLC,AGNEW CAPITAL MANAGEMENT LLC
iapd,iapd_state_compilation,165364,AZ,APPROVED,2013-05-17,"AQUIFER CAPITAL, LLC","AQUIFER CAPITAL, LLC"
iapd,iapd_state_compilation,165648,AZ,APPROVED,2013-01-01,OVERSON ADVISORY GROUP,OVERSON ADVISORY GROUP LLC
iapd,iapd_state_compilation,166035,AZ,APPROVED,2013-02-21,"MCCAULEY INVESTMENT ADVISORY, LLC","MCCAULEY INVESTMENT ADVISORY, LLC"
iapd,iapd_state_compilation,166113,AZ,APPROVED,2013-05-14,EMERALD BLUE ADVISORS,EMERALD BLUE ADVISORS INC.
iapd,iapd_state_compilation,166126,AZ,APPROVED,2013-01-16,"SPRINGSTEEL INVESTMENT ADVISORS, LLC","SPRINGSTEEL INVESTMENT ADVISORS, LLC"
iapd,iapd_state_compilation,166764,AZ,APPROVED,2013-03-26,JOSEPH WRIGHT INVESTMENTS,"JOSEPH WRIGHT, PC"
iapd,iapd_state_compilation,166814,AZ,APPROVED,2023-10-25,COGNIS RETIREMENT GROUP LLC,COGNIS RETIREMENT GROUP LLC
iapd,iapd_state_compilation,167443,AZ,APPROVED,2022-04-26,CHURCH CAPITAL,PATRICK EUGENE CHURCH
iapd,iapd_state_compilation,167546,AZ,APPROVED,2013-05-05,T.A. SALOMON ASSET MANAGEMENT PLLC,T.A. SALOMON ASSET MANAGEMENT PLLC
iapd,iapd_state_compilation,167757,AZ,APPROVED,2026-08-07,"PEAK INVESTMENT COACHING, LLC","PEAK INVESTMENT COACHING, LLC"
iapd,iapd_state_compilation,167873,AZ,APPROVED,2013-07-16,"FLEMING WEALTH STRATEGIES, LLC","FLEMING WEALTH STRATEGIES, LLC"
iapd,iapd_state_compilation,168135,AZ,APPROVED,2013-06-27,"INVEST SMART USA, INC.","INVEST SMART USA, INC."
iapd,iapd_state_compilation,168512,AZ,APPROVED,2013-07-31,THE ELLIOTT GROUP,THE ELLIOTT GROUP.BIZ LLC
iapd,iapd_state_compilation,168574,AZ,APPROVED,2025-01-08,KEYSTONE ADVISORY GROUP,"THE MONROE TEAM, INC"
iapd,iapd_state_compilation,168938,AZ,APPROVED,2024-03-15,"CLARITY NORTHWEST WEALTH MANAGEMENT, LLC","CLARITY NORTHWEST WEALTH MANAGEMENT, LLC"
iapd,iapd_state_compilation,169221,AZ,APPROVED,2014-02-05,TABAR GAUL LLC,"GAUL, HARRY WILLIAM"
iapd,iapd_state_compilation,169464,AZ,APPROVED,2014-08-04,ANNECY LLC,ANNECY LLC
iapd,iapd_state_compilation,169524,AZ,APPROVED,2014-09-22,"CAMELBACK CAPITAL MANAGEMENT, LLC","CAMELBACK CAPITAL MANAGEMENT, LLC"
iapd,iapd_state_compilation,169637,AZ,APPROVED,2024-03-07,INTEGRITY ADVISORS LLC,INTEGRITY ADVISORS LLC
iapd,iapd_state_compilation,170085,AZ,APPROVED,2021-01-12,"CSW PARTNERS, LLC","CSW PARTNERS, LLC"
iapd,iapd_state_compilation,170100,AZ,APPROVED,2015-07-08,"NETVEST FINANCIAL, L.L.C.","NETVEST FINANCIAL, L.L.C."
iapd,iapd_state_compilation,170170,AZ,APPROVED,2024-06-06,"MARKET STREET ADVISORS, LLC","MARKET STREET ADVISORS, LLC"
iapd,iapd_state_compilation,170264,AZ,APPROVED,2014-06-10,SOLID ROCK WEALTH MANAGEMENT,"SOLID ROCK WEALTH MANAGEMENT, INC."
iapd,iapd_state_compilation,170279,AZ,APPROVED,2014-03-10,ZECHES WEALTH MANAGEMENT,"ZECHES WEALTH MANAGEMENT GROUP, LLC"
iapd,iapd_state_compilation,170662,AZ,APPROVED,2021-03-18,TRAC ASSET MANAGEMENT LLC,TRAC ASSET MANAGEMENT LLC
iapd,iapd_state_compilation,170789,AZ,APPROVED,2014-05-20,PROCESS DESIGN CAPITAL MANAGEMENT LLC,PROCESS DESIGN CAPITAL MANAGEMENT LLC
iapd,iapd_state_compilation,170859,AZ,APPROVED,2021-08-11,"M&M WEALTH MANAGEMENT, LLC","M&M WEALTH MANAGEMENT, LLC"
iapd,iapd_state_compilation,170868,AZ,APPROVED,2014-05-19,"HOLYOAK WEALTH MANAGEMENT, LLC","HOLYOAK WEALTH MANAGEMENT, LLC"
iapd,iapd_state_compilation,171019,AZ,APPROVED,2014-08-19,"INVASOR CAPITAL MANAGEMENT, LLC","INVASOR CAPITAL MANAGEMENT, LLC"
iapd,iapd_state_compilation,171049,AZ,APPROVED,2014-05-13,"BURRIS WEALTH MANAGEMENT, INC.","BURRIS WEALTH MANAGEMENT, INC."
iapd,iapd_state_compilation,171096,AZ,APPROVED,2025-06-23,"SABRIENT SYSTEMS, LLC","SABRIENT SYSTEMS, LLC"
iapd,iapd_state_compilation,171381,AZ,APPROVED,2014-08-07,BURTON WEALTH MANAGEMENT,"DONALD E. BURTON, LLC"
iapd,iapd_state_compilation,171535,AZ,APPROVED,2014-06-16,"SMARTT WEALTH SOLUTIONS, LLC","SMARTT WEALTH SOLUTIONS, LLC"
iapd,iapd_state_compilation,171693,AZ,APPROVED,2014-07-29,"AEGIS WEALTH PARTNERS, LLC","AEGIS WEALTH PARTNERS, LLC"
iapd,iapd_state_compilation,171719,AZ,APPROVED,2014-08-27,WALSVICK WEALTH MANAGEMENT,"WALSVICK WEALTH MANAGEMENT, LLC"
iapd,iapd_state_compilation,171780,AZ,APPROVED,2014-08-14,"QUANTUMVEST, INC.","QUANTUMVEST, INC."
iapd,iapd_state_compilation,171944,AZ,APPROVED,2019-01-29,MFA GLOBAL CONSULTING GROUP LLC,MFA GLOBAL CONSULTING GROUP LLC
iapd,iapd_state_compilation,172308,AZ,APPROVED,2014-12-16,"STEVEN P. SIEGEL, LTD.","STEVEN P. SIEGEL, LTD."
iapd,iapd_state_compilation,172375,AZ,APPROVED,2015-07-23,ELEVATE FINANCIAL,ELEVATE FINANCIAL LLC
iapd,iapd_state_compilation,172428,AZ,APPROVED,2015-03-17,DYAD FINANCIAL GROUP,DYAD FINANCIAL GROUP LLC
iapd,iapd_state_compilation,172507,AZ,APPROVED,2014-10-28,"CONSPECTA CAPITAL, LLC","CONSPECTA CAPITAL, LLC"
iapd,iapd_state_compilation,172531,AZ,APPROVED,2014-09-04,PERSONAL BENEFITS PLANNING LLC,PERSONAL BENEFITS PLANNING LLC
iapd,iapd_state_compilation,172613,AZ,APPROVED,2015-04-06,"PRIVATE CLIENT WEALTH ADVISORS, LLC","PRIVATE CLIENT WEALTH ADVISORS, LLC"
iapd,iapd_state_compilation,172692,AZ,APPROVED,2023-05-05,BUSINE WEALTH,BUSINE LLC
iapd,iapd_state_compilation,172730,AZ,APPROVED,2023-02-01,"THE IVY LEAGUE ADVISORY GROUP, LLC","THE IVY LEAGUE ADVISORY GROUP, LLC"
iapd,iapd_state_compilation,173131,AZ,APPROVED,2020-06-10,BEDROCK INVESTMENT ADVISORS,BWM ADVISORY LLC
iapd,iapd_state_compilation,173307,AZ,APPROVED,2017-06-26,IRON RIVER CAPITAL LLC,IRON RIVER CAPITAL LLC
iapd,iapd_state_compilation,173349,AZ,APPROVED,2015-02-04,"DISCIPLINED MONEY, LLC","DISCIPLINED MONEY, LLC"
iapd,iapd_state_compilation,173526,AZ,APPROVED,2015-05-19,BONNEMA WEALTH MANAGEMENT LLC,BONNEMA WEALTH MANAGEMENT LLC
iapd,iapd_state_compilation,173915,AZ,APPROVED,2015-01-15,JW HECHT WEALTH MANAGEMENT LLC,JW HECHT WEALTH MANAGEMENT LLC
iapd,iapd_state_compilation,174385,AZ,APPROVED,2022-11-28,FINANCIAL FREEDOM CAPITAL MANAGEMENT,FINANCIAL FREEDOM CAPITAL MANAGEMENT LLP
iapd,iapd_state_compilation,174431,AZ,APPROVED,2015-02-04,"COX ADVISORS, LLC","COX ADVISORS, LLC"
iapd,iapd_state_compilation,174512,AZ,APPROVED,2018-03-29,THE FINANCIAL CHASE LLC,FLOYD FINANCIAL SERVICES LLC
iapd,iapd_state_compilation,174813,AZ,APPROVED,2015-10-01,"KROZEL CAPITAL MANAGEMENT, LLC","KROZEL CAPITAL MANAGEMENT, LLC"
iapd,iapd_state_compilation,175055,AZ,APPROVED,2018-02-15,"ABUNDANCE FINANCIAL COACHING, LLC","ABUNDANCE FINANCIAL COACHING, LLC"
iapd,iapd_state_compilation,175153,AZ,APPROVED,2015-04-01,"STRATEGIC FINANCIAL GROUP, PLC","STRATEGIC FINANCIAL GROUP, PLC"
iapd,iapd_state_compilation,175235,AZ,APPROVED,2015-04-27,"ENDURANCE PRIVATE INVESTMENTS MANAGER, LLC","ENDURANCE PRIVATE INVESTMENTS MANAGER, LLC"
iapd,iapd_state_compilation,175365,AZ,APPROVED,2015-04-07,"SAVEVEST, LLC","SAVEVEST, LLC"
iapd,iapd_state_compilation,175416,AZ,APPROVED,2021-06-25,"PRUDENT PROSPERA PLANNING, INC.","PRUDENT PROSPERA PLANNING, INC."
iapd,iapd_state_compilation,175450,AZ,APPROVED,2015-05-15,ALPHA FINANCIAL NORDIC,ALPHA FINANCIAL NORDIC LLC
iapd,iapd_state_compilation,202512,AZ,APPROVED,2015-05-18,STEWARDSHIP WEALTH ADVISORS,"STEWARDSHIP FOR LIFE, INC."
iapd,iapd_state_compilation,218515,AZ,APPROVED,2021-04-19,"CONCINNUS FINANCIAL, INC","CONCINNUS FINANCIAL, INC"
iapd,iapd_state_compilation,224517,AZ,APPROVED,2015-07-22,"ASPEN TRAIL WEALTH MANAGEMENT, LLC","ASPEN TRAIL WEALTH MANAGEMENT, LLC"
iapd,iapd_state_compilation,226560,AZ,APPROVED,2019-05-20,REDWOOD COAST FINANCIAL PARTNERS,REDWOOD COAST FINANCIAL PARTNERS
iapd,iapd_state_compilation,242790,AZ,APPROVED,2015-06-25,ESSENTIAL INVESTING,"ESSENTIAL WEALTH MANAGEMENT, LLC"
iapd,iapd_state_compilation,255788,AZ,APPROVED,2015-07-08,SAFFRON CONSULTING SERVICES LLC,SAFFRON CONSULTING SERVICES LLC
iapd,iapd_state_compilation,268825,AZ,APPROVED,2022-09-09,DELPHI WEALTH PARTNERS,WEST SLOPE ADVISORY SERVICES LLC
iapd,iapd_state_compilation,281027,AZ,APPROVED,2026-06-24,LEGACY CORNERSTONE WEALTH LLC,LEGACY CORNERSTONE WEALTH LLC
iapd,iapd_state_compilation,281316,AZ,APPROVED,2023-07-25,GLOBAL INVESTMENT COMPANY,"JACKSON-GENT, CATHY, IRENE"
iapd,iapd_state_compilation,281386,AZ,APPROVED,2015-09-10,STEWARDSHIP FINANCIAL,"THE ILLUMINATE GROUP, LLC"
iapd,iapd_state_compilation,281788,AZ,APPROVED,2021-02-18,BIG CEDAR INVESTMENT ADVISORS,"BIG CEDAR INVESTMENT ADVISORS, LLC"
iapd,iapd_state_compilation,281877,AZ,APPROVED,2016-01-05,"COHERENT FINANCIAL ADVISERS, LLC","COHERENT FINANCIAL ADVISERS, LLC"
iapd,iapd_state_compilation,282259,AZ,APPROVED,2016-01-22,"CLEAR FIDUCIARY CONSULTANTS, LLC","CLEAR FIDUCIARY CONSULTANTS, LLC"
iapd,iapd_state_compilation,282471,AZ,APPROVED,2022-02-03,CME STRATEGIC WEALTH MANAGEMENT,"EMEZIEM, CLETUS, ENYINIA"
iapd,iapd_state_compilation,282490,AZ,APPROVED,2025-10-07,"REBAR & ASSOCIATES STRATEGIC SERVICES, LLC","REBAR & ASSOCIATES STRATEGIC SERVICES, LLC"
iapd,iapd_state_compilation,282548,AZ,APPROVED,2016-02-09,NEWMAN'S FINANCIAL PLANNING,"NEWMAN'S FINANCIAL PLANNING, LLC"
iapd,iapd_state_compilation,282691,AZ,APPROVED,2016-09-07,EMPIRIKAL PARTNERS LLC,EMPIRIKAL PARTNERS LLC
iapd,iapd_state_compilation,282765,AZ,APPROVED,2023-03-23,NAUTICA ASSET MANAGEMENT LLC,NAUTICA ASSET MANAGEMENT LLC
iapd,iapd_state_compilation,282856,AZ,APPROVED,2018-04-02,SWITCHPOINT FINANCIAL PLANNING LLC,SWITCHPOINT FINANCIAL PLANNING LLC
iapd,iapd_state_compilation,283074,AZ,APPROVED,2016-04-20,LIFETIME INVESTMENTS & INSURANCE LLC,LIFETIME INVESTMENTS & INSURANCE LLC
iapd,iapd_state_compilation,283082,AZ,APPROVED,2024-01-30,CSLA FINANCIAL INC,CSLA FINANCIAL INC
iapd,iapd_state_compilation,283152,AZ,APPROVED,2021-06-22,"MELLIG GROUP, LLC","MELLIG GROUP, LLC"
iapd,iapd_state_compilation,283230,AZ,APPROVED,2016-04-14,PURPLE MOUNTAIN INVESTMENT ADVISORS LLC,PURPLE MOUNTAIN INVESTMENT ADVISORS LLC
iapd,iapd_state_compilation,283366,AZ,APPROVED,2026-04-08,LANDPHAIR WEALTH MANAGEMENT LLC,LANDPHAIR WEALTH MANAGEMENT LLC
iapd,iapd_state_compilation,283756,AZ,APPROVED,2017-01-01,"RIDGE CAPITAL ADVISORS, LLC","RIDGE CAPITAL ADVISORS, LLC"
iapd,iapd_state_compilation,283821,AZ,APPROVED,2017-01-17,"SALA CAPITAL, LLC","SALA CAPITAL, LLC"
iapd,iapd_state_compilation,284018,AZ,APPROVED,2021-10-21,"HAMSHER WEALTH MANAGEMENT, LLC","HAMSHER WEALTH MANAGEMENT, LLC"
iapd,iapd_state_compilation,284152,AZ,APPROVED,2017-09-27,VIVERE WEALTH MANAGEMENT LLC,VIVERE WEALTH MANAGEMENT LLC
iapd,iapd_state_compilation,284185,AZ,APPROVED,2020-03-10,"DSA ASSET  MANAGEMENT, LLC","DSA ASSET  MANAGEMENT, LLC"
iapd,iapd_state_compilation,284268,AZ,APPROVED,2024-12-04,FOXSTONE FINANCIAL,"RAVSTEN WEALTH MANAGEMENT, LLC"
iapd,iapd_state_compilation,284446,AZ,APPROVED,2025-08-20,OAK ROAD WEALTH MANAGEMENT,"SHEPARD WEALTH MANAGEMENT, LLC"
iapd,iapd_state_compilation,284449,AZ,APPROVED,2016-11-22,"NORTH SCOTTSDALE WEALTH ADVISORS, LLC","NORTH SCOTTSDALE WEALTH ADVISORS, LLC"
iapd,iapd_state_compilation,284719,AZ,APPROVED,2016-08-19,WATCH GUARD CAPITAL LLC,WATCH GUARD CAPITAL LLC
iapd,iapd_state_compilation,284773,AZ,APPROVED,2016-08-23,RISE FINANCIAL GROUP,"BY REFERRAL ONLY, LLC"
iapd,iapd_state_compilation,285039,AZ,APPROVED,2016-09-14,MONTOYA WEALTH MANAGEMENT,MONTOYA WEALTH MANAGEMENT GROUP LLC
iapd,iapd_state_compilation,285131,AZ,APPROVED,2022-09-09,CORTEZ WEALTH ADVISORS LLC,CORTEZ WEALTH ADVISORS LLC
iapd,iapd_state_compilation,285135,AZ,APPROVED,2016-10-07,PACIFIC LANDFALL,PACIFIC LANDFALL LLC
iapd,iapd_state_compilation,285147,AZ,APPROVED,2022-04-06,ADAIR WEALTH MANAGEMENT,ADAIR WEALTH MANAGEMENT LLC
iapd,iapd_state_compilation,285647,AZ,APPROVED,2017-08-30,"COOPER FINANCIAL INVESTMENTS, LLC","COOPER FINANCIAL INVESTMENTS, LLC"
iapd,iapd_state_compilation,285665,AZ,APPROVED,2019-02-20,PAULA TRABER FINANCIAL SERVICES LLC,PAULA WILBUR TRABER
iapd,iapd_state_compilation,285907,AZ,APPROVED,2016-12-02,SCOTTSDALE WEALTH ADVISORY LLC,SCOTTSDALE WEALTH ADVISORY LLC
iapd,iapd_state_compilation,286045,AZ,APPROVED,2017-01-01,CLEAR SKIES FINANCIAL,CLEAR SKIES FINANCIAL LLC
iapd,iapd_state_compilation,286160,AZ,APPROVED,2017-01-09,"HEINTZ WEALTH MANAGEMENT, LLC","HEINTZ WEALTH MANAGEMENT, LLC"
iapd,iapd_state_compilation,286172,AZ,APPROVED,2017-01-06,LAZAROW WEALTH MANAGEMENT,"LAZAROW WEALTH MANAGEMENT, LLC"
iapd,iapd_state_compilation,286425,AZ,APPROVED,2022-02-11,"THE RETIREMENT OPTIMIZATION GROUP, LLC","THE RETIREMENT OPTIMIZATION GROUP, LLC"
iapd,iapd_state_compilation,286450,AZ,APPROVED,2017-05-03,BANE O'LEARY LLC,BANE O'LEARY LLC
iapd,iapd_state_compilation,286497,AZ,APPROVED,2018-11-19,INSIGHT INVESTMENT ADVISERS LLC,INSIGHT INVESTMENT ADVISERS LLC
iapd,iapd_state_compilation,287562,AZ,APPROVED,2018-04-10,"BELDEN FINANCIAL, LLC","BELDEN FINANCIAL, LLC"
iapd,iapd_state_compilation,287572,AZ,APPROVED,2026-09-11,SRS WEALTH MANGEMENT,SRS WEALTH MANAGEMENT LLC
iapd,iapd_state_compilation,287593,AZ,APPROVED,2017-06-06,BETTS LLC,BETTS LLC
iapd,iapd_state_compilation,287635,AZ,APPROVED,2017-08-14,"ANCHOR WEALTH MANAGEMENT, LLC","ANCHOR WEALTH MANAGEMENT, LLC"
iapd,iapd_state_compilation,287669,AZ,APPROVED,2017-03-14,"EDM CAPITAL, LLC","EDM CAPITAL, LLC"
iapd,iapd_state_compilation,287726,AZ,APPROVED,2017-03-27,MONTEBELLO AVENUE,MONTEBELLO AVENUE LIMITED COMPANY
iapd,iapd_state_compilation,288276,AZ,APPROVED,2017-08-02,ENLIGHTENED ADVISORS WEALTH MANAGEMENT LLC,ENLIGHTENED ADVISORS WEALTH MANAGEMENT LLC
iapd,iapd_state_compilation,288437,AZ,APPROVED,2017-06-07,TAYLOR ADVISORY GROUP,THE TAYLOR ADVISORY GROUP LLC
iapd,iapd_state_compilation,288438,AZ,APPROVED,2017-06-30,OCOTILLO WEALTH MANAGEMENT LLC,OCOTILLO WEALTH MANAGEMENT LLC
iapd,iapd_state_compilation,288470,AZ,APPROVED,2017-07-03,"DWYER FINANCIAL, LLC","DWYER FINANCIAL, LLC"
iapd,iapd_state_compilation,288565,AZ,APPROVED,2023-08-11,"ZENITH INVESTMENT MANAGEMENT, LLC","ZENITH INVESTMENT MANAGEMENT, LLC"
iapd,iapd_state_compilation,288736,AZ,APPROVED,2018-08-15,"RLT CAPITAL, LLC","RLT CAPITAL, LLC"
iapd,iapd_state_compilation,288761,AZ,APPROVED,2017-12-26,"THEMONEYMD.COM, LLC","THEMONEYMD.COM, LLC"
iapd,iapd_state_compilation,288963,AZ,APPROVED,2017-08-22,"HOLTON & KOSANKE WEALTH MANAGEMENT, LLC","HOLTON & KOSANKE WEALTH MANAGEMENT, LLC"
iapd,iapd_state_compilation,289010,AZ,APPROVED,2017-08-14,"WEALTH MANAGEMENT ADVISORS, LLC","WEALTH MANAGEMENT ADVISORS, LLC"
iapd,iapd_state_compilation,289018,AZ,APPROVED,2017-08-21,RK RETIREMENT SOLUTIONS LLC,RK RETIREMENT SOLUTIONS LLC
iapd,iapd_state_compilation,289066,AZ,APPROVED,2022-05-10,DOWNIE FINANCIAL GROUP,DOWNIE FINANCIAL GROUP LLC
iapd,iapd_state_compilation,289085,AZ,APPROVED,2018-03-13,DL WEALTH MANAGEMENT GROUP,"DANIEL P. LAFRAMBOISE, INC."
iapd,iapd_state_compilation,289191,AZ,APPROVED,2021-06-25,"COLMINA, LLC","COLMINA, LLC"
iapd,iapd_state_compilation,289204,AZ,APPROVED,2026-06-29,"COVE FORT CAPITAL, LLC","COVE FORT CAPITAL, LLC"
iapd,iapd_state_compilation,289359,AZ,APPROVED,2017-08-10,"PATH WEALTH MANAGEMENT, LLC","PATH WEALTH MANAGEMENT, LLC"
iapd,iapd_state_compilation,289606,AZ,APPROVED,2018-08-17,"VIRTUA CAPITAL MANAGEMENT, LLC","VIRTUA CAPITAL MANAGEMENT, LLC"
iapd,iapd_state_compilation,289821,AZ,APPROVED,2021-06-21,NEW LIFE FINANCIAL LLC,NEW LIFE FINANCIAL LLC
iapd,iapd_state_compilation,289906,AZ,APPROVED,2017-11-20,"INNOVATIVE FINANCIAL SOLUTIONS, INC.","INNOVATIVE FINANCIAL SOLUTIONS, INC."
iapd,iapd_state_compilation,289979,AZ,APPROVED,2017-10-30,"EVERGREEN INVESTMENT MANAGEMENT, LLC","EVERGREEN INVESTMENT MANAGEMENT, LLC"
iapd,iapd_state_compilation,290270,AZ,APPROVED,2018-01-23,"VICTORY WEALTH SERVICES, LLC","VICTORY WEALTH SERVICES, LLC"
iapd,iapd_state_compilation,290428,AZ,APPROVED,2017-11-29,SKYMARK ADVISORS LLC,SKYMARK ADVISORS LLC
iapd,iapd_state_compilation,290482,AZ,APPROVED,2017-10-26,"SCT WEALTH MANAGEMENT, LLC","SCT WEALTH MANAGEMENT, LLC"
iapd,iapd_state_compilation,290672,AZ,APPROVED,2018-01-01,"LTC WEALTH MANAGEMENT, LLC","LTC WEALTH MANAGEMENT, LLC"
iapd,iapd_state_compilation,290674,AZ,APPROVED,2017-12-26,"SIX SIGMA WEALTH ADVISORS, LLC","SIX SIGMA WEALTH ADVISORS, LLC"
iapd,iapd_state_compilation,290980,AZ,APPROVED,2022-04-25,LHA CAPITAL PARTNERS,LHA CAPITAL PARTNERS LLC
iapd,iapd_state_compilation,291000,AZ,APPROVED,2018-10-12,TOWNSEND FINANCIAL,"TOWNSEND FINANCIAL, LLC"
iapd,iapd_state_compilation,291326,AZ,APPROVED,2018-01-18,"INTEGRATED FINANCIAL SOLUTIONS, PLLC","INTEGRATED FINANCIAL SOLUTIONS, PLLC"
iapd,iapd_state_compilation,291373,AZ,APPROVED,2023-03-30,"PDE WEALTH ADVISORS, LLC","PDE WEALTH ADVISORS, LLC"
iapd,iapd_state_compilation,291467,AZ,APPROVED,2018-02-23,CBK FINANCIAL ADVISORS LLC,CBK FINANCIAL ADVISORS LLC
iapd,iapd_state_compilation,291629,AZ,APPROVED,2018-01-23,"FSG FINANCIAL SERVICES, INC.","FSG FINANCIAL SERVICES, INC."
iapd,iapd_state_compilation,291635,AZ,APPROVED,2018-04-20,CAPITAL ASSET ADVISORS LLC.,CAPITAL ASSET ADVISORS LLC.
iapd,iapd_state_compilation,291658,AZ,APPROVED,2024-01-03,AURORA FINANCIAL PLANNING & INVESTMENT MANAGEMENT LLC,AURORA FINANCIAL PLANNING & INVESTMENT MANAGEMENT LLC
iapd,iapd_state_compilation,291787,AZ,APPROVED,2018-02-27,HARVARD AVENUE INVESTMENT ADVISORY,"HARVARD AVENUE CONSULTANTS, LLC"
iapd,iapd_state_compilation,291812,AZ,APPROVED,2018-08-22,THE TABLE FINANCIAL PLANNING LLC,THE TABLE FINANCIAL PLANNING LLC
iapd,iapd_state_compilation,291895,AZ,APPROVED,2022-10-19,"VECTOR FINANCIAL SOLUTIONS, INC.","VECTOR FINANCIAL SOLUTIONS, INC."
iapd,iapd_state_compilation,291929,AZ,APPROVED,2018-04-23,"GUIDESOURCE CAPITAL MANAGEMENT, LLC","GUIDESOURCE CAPITAL MANAGEMENT, LLC"
iapd,iapd_state_compilation,291982,AZ,APPROVED,2023-03-22,THE BALANCE OF TRADE,"THE BALANCE OF TRADE, LLC"
iapd,iapd_state_compilation,292432,AZ,APPROVED,2018-02-27,BONSAI FINANCIAL,"BONSAI FINANCIAL SERVICES, LLC"
iapd,iapd_state_compilation,292853,AZ,APPROVED,2024-05-31,PURPOSEFUL STRATEGIC PARTNERS,"ESCALANTE TROESH, JOSHUA, DANIEL"
iapd,iapd_state_compilation,292892,AZ,APPROVED,2018-03-28,"THUNDERBIRD WEALTH MANAGEMENT, INC.","THUNDERBIRD WEALTH MANAGEMENT, INC."
iapd,iapd_state_compilation,293068,AZ,APPROVED,2018-04-04,VIBRANT WEALTH,VIBRANT WEALTH ADVISORS LLC
iapd,iapd_state_compilation,294893,AZ,APPROVED,2018-11-14,"PREMIERE WEALTH ADVISORS, LLC","PREMIERE WEALTH ADVISORS, LLC"
iapd,iapd_state_compilation,296627,AZ,APPROVED,2018-05-18,"FINANCIAL CONSULTING PROFESSIONALS, LLC","FINANCIAL CONSULTING PROFESSIONALS, LLC"
iapd,iapd_state_compilation,296817,AZ,APPROVED,2022-05-27,3 PEAKS FINANCIAL,"3 PEAKS FINANCIAL ADVISORS, LLC"
iapd,iapd_state_compilation,297363,AZ,APPROVED,2026-08-05,KISIN WEALTH MANAGEMENT LLC,KISIN WEALTH MANAGEMENT LLC
iapd,iapd_state_compilation,297848,AZ,APPROVED,2022-10-04,MISSIO INVESTMENT MANAGEMENT LLC,MISSIO INVESTMENT MANAGEMENT LLC
iapd,iapd_state_compilation,297961,AZ,APPROVED,2018-09-27,STONE WEALTH STRATEGIES,STONE ADVISORS INC
iapd,iapd_state_compilation,298115,AZ,APPROVED,2018-08-03,SEVENSUEDE INVESTMENT ADVISOR,SEVENSUEDE INVESTMENT ADVISOR LLC
iapd,iapd_state_compilation,298134,AZ,APPROVED,2018-09-07,BRIDGE FINANCIAL STRATEGIES,"BRIDGE FINANCIAL STRATEGIES, LLC"
iapd,iapd_state_compilation,298189,AZ,APPROVED,2018-08-21,RD KELLEY FINANCIAL GROUP,RD KELLEY FINANCIAL GROUP
iapd,iapd_state_compilation,298396,AZ,APPROVED,2022-06-15,NOBLE WEALTH PARTNERS,"NOBLE WEALTH PARTNERS, LLC"
iapd,iapd_state_compilation,298577,AZ,APPROVED,2023-02-01,"ALVARADO & ASSOCIATES, LLC","ALVARADO & ASSOCIATES, LLC"
iapd,iapd_state_compilation,298592,AZ,APPROVED,2023-11-29,"VIRTUE WEALTH COUNSEL, LLC","VIRTUE WEALTH COUNSEL, LLC"
iapd,iapd_state_compilation,298609,AZ,APPROVED,2020-06-10,CHEVELON CAPITAL MANAGEMENT LLC,CHEVELON CAPITAL MANAGEMENT LLC
iapd,iapd_state_compilation,298927,AZ,APPROVED,2024-05-30,MACLACHLAN WEALTH MANAGEMENT,"MACLACHLAN WEALTH MANAGEMENT, LLC"
iapd,iapd_state_compilation,299139,AZ,APPROVED,2018-10-23,AGAVE WEALTH ADVISORS,AGAVE WEALTH ADVISORS
iapd,iapd_state_compilation,299182,AZ,APPROVED,2022-02-04,ROWLEY FINANCIAL LLC,ROWLEY FINANCIAL LLC
iapd,iapd_state_compilation,299238,AZ,APPROVED,2019-10-02,"ARCHSTONE WEALTH ADVISORS, LLC","ARCHSTONE WEALTH ADVISORS, LLC"
iapd,iapd_state_compilation,299484,AZ,APPROVED,2023-01-01,"CENTIMILLIONAIRE ADVISORS, LLC","CENTIMILLIONAIRE ADVISORS, LLC"
iapd,iapd_state_compilation,299703,AZ,APPROVED,2019-05-22,"MEEKS WEALTH MANAGEMENT, LLC","MEEKS WEALTH MANAGEMENT, LLC"
iapd,iapd_state_compilation,299930,AZ,APPROVED,2019-02-22,"MUSSER FINANCIAL PLANNING, LLC","MUSSER FINANCIAL PLANNING, LLC"
iapd,iapd_state_compilation,300076,AZ,APPROVED,2019-01-10,ABILITY FIRST,"ABILITY FIRST FINANCIAL, LLC"
iapd,iapd_state_compilation,300569,AZ,APPROVED,2021-02-17,FORTHRIGHT FINANCES LLC,FORTHRIGHT FINANCES LLC
iapd,iapd_state_compilation,300573,AZ,APPROVED,2024-07-11,ELEVATION FINANCIAL LLC,ELEVATION FINANCIAL LLC
iapd,iapd_state_compilation,300641,AZ,APPROVED,2019-05-13,"MEREDITH DEKKER FINANCIAL SERVICES, LLC","MEREDITH DEKKER FINANCIAL SERVICES, LLC"
iapd,iapd_state_compilation,300752,AZ,APPROVED,2019-03-11,WEALTH RESOURCE INVESTMENT ADVISORS LLC,WEALTH RESOURCE INVESTMENT ADVISORS LLC
iapd,iapd_state_compilation,300797,AZ,APPROVED,2019-08-23,"ALPHA SQUARED CAPITAL, LLC","ALPHA SQUARED CAPITAL, LLC"
iapd,iapd_state_compilation,300829,AZ,APPROVED,2019-04-29,"RRO CAPITAL, LLC","RRO CAPITAL, LLC"
iapd,iapd_state_compilation,301528,AZ,APPROVED,2020-06-12,"INSURANCE & WEALTH ADVISORS, LLC.","INSURANCE & WEALTH ADVISORS, LLC."
iapd,iapd_state_compilation,301669,AZ,APPROVED,2020-03-06,"MY FINANCIAL COACH PLANNING, LLC","MY FINANCIAL COACH PLANNING, LLC"
iapd,iapd_state_compilation,302020,AZ,APPROVED,2019-05-30,"TRUE NORTH WEALTH MANAGEMENT, LLC","TRUE NORTH WEALTH MANAGEMENT, LLC"
iapd,iapd_state_compilation,304042,AZ,APPROVED,2024-05-30,WHITE PINE FINANCIAL LLC,WHITE PINE FINANCIAL LLC
iapd,iapd_state_compilation,304071,AZ,APPROVED,2024-03-12,"INTEGRATED FINANCIAL MANAGEMENT, LLC","INTEGRATED FINANCIAL MANAGEMENT, LLC"
iapd,iapd_state_compilation,304097,AZ,APPROVED,2019-07-10,"PARADIGM MONEY MANAGEMENT, LLC","PARADIGM MONEY MANAGEMENT, LLC"
iapd,iapd_state_compilation,304182,AZ,APPROVED,2020-06-09,MOUNTAIN TOP ADVISORY GROUP,"MOUNTAIN TOP ADVISORY GROUP, LLC"
iapd,iapd_state_compilation,304259,AZ,APPROVED,2020-10-06,JEWELL WEALTH MANAGEMENT INC.,JEWELL WEALTH MANAGEMENT INC.
iapd,iapd_state_compilation,304326,AZ,APPROVED,2026-01-01,CMC ADVISORS LLC,CMC ADVISORS LLC
iapd,iapd_state_compilation,304958,AZ,APPROVED,2019-08-14,GUARDIAN FINANCIAL WEALTH MANAGEMENT INC.,GUARDIAN FINANCIAL WEALTH MANAGEMENT INC.
iapd,iapd_state_compilation,305212,AZ,APPROVED,2024-03-11,"RRA WEALTH, LLC","RRA WEALTH, LLC"
iapd,iapd_state_compilation,305267,AZ,APPROVED,2020-04-27,"FINANCIAL SYNERGISTICS GROUP, INC.","FINANCIAL SYNERGISTICS GROUP, INC."
iapd,iapd_state_compilation,305278,AZ,APPROVED,2020-01-01,ATLAS LIFESTYLE PLANNING GROUP LLC,ATLAS LIFESTYLE PLANNING GROUP LLC
iapd,iapd_state_compilation,305316,AZ,APPROVED,2019-09-25,PINNACLE PEAK WEALTH MANAGEMENT,PINNACLE PEAK WEALTH MANAGEMENT LLC
iapd,iapd_state_compilation,305321,AZ,APPROVED,2019-08-23,"OBJECTIVE WEALTH, LLC","OBJECTIVE WEALTH, LLC"
iapd,iapd_state_compilation,305645,AZ,APPROVED,2022-07-27,SHEPHERD WEALTH & RETIREMENT LLC,SHEPHERD WEALTH & RETIREMENT LLC
iapd,iapd_state_compilation,305739,AZ,APPROVED,2019-11-06,FOUR PEAKS PLANNING AND INVESTMENTS LLC,FOUR PEAKS PLANNING AND INVESTMENTS LLC
iapd,iapd_state_compilation,305770,AZ,APPROVED,2020-02-13,LESSARD WEALTH MANAGEMENT,THE LESSARD INVESTMENT GROUP LLC
iapd,iapd_state_compilation,305914,AZ,APPROVED,2019-10-16,PROPATH FINANCIAL,TAYLOR FINANCIAL LLC
iapd,iapd_state_compilation,306047,AZ,APPROVED,2020-01-01,VJP FINANCE LLC,VJP FINANCE LLC
iapd,iapd_state_compilation,306398,AZ,APPROVED,2019-12-16,"NORTHROCK INVESTMENTS, PLLC","NORTHROCK INVESTMENTS, PLLC"
iapd,iapd_state_compilation,306527,AZ,APPROVED,2020-01-01,"ECKELBERG FINANCIAL, INC.","ECKELBERG FINANCIAL, INC."
iapd,iapd_state_compilation,306672,AZ,APPROVED,2020-01-14,KINGHORN LAW | FINANCIAL,"KINGHORN LAW, LLC"
iapd,iapd_state_compilation,306771,AZ,APPROVED,2020-03-11,KNOW YOUR WORTH FINANCIAL,"KYW FINANCIAL, LLC"
iapd,iapd_state_compilation,307157,AZ,APPROVED,2024-12-11,RETIREMENT INVESTMENT ADVISORS INC.,RETIREMENT INVESTMENT ADVISORS INC.
iapd,iapd_state_compilation,307295,AZ,APPROVED,2020-01-31,PLUTO WEALTH MANAGEMENT,PLUTO WEALTH MANAGEMENT LLC
iapd,iapd_state_compilation,307455,AZ,APPROVED,2020-03-05,BECKETT COLLECTIVE,"BECKETT COLLECTIVE, LLC"
iapd,iapd_state_compilation,307483,AZ,APPROVED,2020-02-26,"HARMONEY WEALTH, PLLC","HARMONEY WEALTH, PLLC"
iapd,iapd_state_compilation,307530,AZ,APPROVED,2025-04-07,369 FINANCIAL LLC,369 FINANCIAL LLC
iapd,iapd_state_compilation,307670,AZ,APPROVED,2022-11-03,GRANITE CAPITAL WEALTH MANAGEMENT LLC,GRANITE CAPITAL WEALTH MANAGEMENT LLC
iapd,iapd_state_compilation,307786,AZ,APPROVED,2020-03-26,CHRIS HAYS WEALTH MANAGEMENT LLC,CHRIS HAYS WEALTH MANAGEMENT LLC
iapd,iapd_state_compilation,308056,AZ,APPROVED,2020-06-09,FIRSTLINE FINANCIAL LLC,FIRSTLINE FINANCIAL LLC
iapd,iapd_state_compilation,308391,AZ,APPROVED,2020-04-21,"SBC INVESTMENT MANAGEMENT, LLC","SBC INVESTMENT MANAGEMENT, LLC"
iapd,iapd_state_compilation,308833,AZ,APPROVED,2020-05-07,"CANON ASSET MANAGEMENT ADVISORY, LLC","CANON ASSET MANAGEMENT ADVISORY, LLC"
iapd,iapd_state_compilation,308906,AZ,APPROVED,2020-06-05,AZ LEGACY WEALTH LLC,AZ LEGACY WEALTH LLC
iapd,iapd_state_compilation,309222,AZ,APPROVED,2020-06-15,RISING SUN INVESTMENT ADVISERS,"RISING SUN INVESTMENT ADVISERS, LLC"
iapd,iapd_state_compilation,309356,AZ,APPROVED,2020-05-28,RISE PRIVATE WEALTH ADVISORS,RISE PRIVATE WEALTH ADVISORS LLC
iapd,iapd_state_compilation,309846,AZ,APPROVED,2025-05-01,NABERS WEALTH LLC,NABERS WEALTH LLC
iapd,iapd_state_compilation,309852,AZ,APPROVED,2020-09-30,SWISS AMERICAN ASSET MANAGEMENT,"SWISS AMERICAN ASSET MANAGEMENT, LLC"
iapd,iapd_state_compilation,310170,AZ,APPROVED,2020-09-01,"UNIQUE INVESTMENT ADVISORS, LLC","UNIQUE INVESTMENT ADVISORS, LLC"
iapd,iapd_state_compilation,310261,AZ,APPROVED,2024-11-20,MASTERS TAX AND FINANCIAL PLANNING LLC,MASTERS TAX AND FINANCIAL PLANNING LLC
iapd,iapd_state_compilation,310385,AZ,APPROVED,2020-11-23,"VIECHNICKI WEALTH MGMT, LLC","VIECHNICKI WEALTH MGMT, LLC"
iapd,iapd_state_compilation,310488,AZ,APPROVED,2021-03-10,SHEALY WEALTH ADVISORY LLC,SHEALY WEALTH ADVISORY LLC
iapd,iapd_state_compilation,310527,AZ,APPROVED,2022-02-03,HOSKIN CAPITAL,"HOSKIN CAPITAL, LLC"
iapd,iapd_state_compilation,310560,AZ,APPROVED,2023-06-28,IMAGINE FINANCIAL SERVICES,IMAGINE FINANCIAL SERVICES LLC
iapd,iapd_state_compilation,310597,AZ,APPROVED,2020-11-19,SG WEALTH MANAGERS LLC,SG WEALTH MANAGERS LLC
iapd,iapd_state_compilation,310651,AZ,APPROVED,2020-09-23,POCKET PROJECT,POCKET PROJECT LLC
iapd,iapd_state_compilation,310668,AZ,APPROVED,2024-11-19,WINGED WEALTH MANAGEMENT AND FINANCIAL PLANNING,WINGED WEALTH MANAGEMENT AND FINANCIAL PLANNING LLC
iapd,iapd_state_compilation,310811,AZ,APPROVED,2020-10-21,VALHALLA ADVISORS LLC,VALHALLA ADVISORS LLC
iapd,iapd_state_compilation,310846,AZ,APPROVED,2020-11-05,"WILBERT GUILFORD, CFP, PLLC","WILBERT GUILFORD CFP, PLLC"
iapd,iapd_state_compilation,310869,AZ,APPROVED,2023-10-13,"EXOS WEALTH STRATEGIES, LLC","EXOS WEALTH STRATEGIES, LLC"
iapd,iapd_state_compilation,311199,AZ,APPROVED,2022-08-17,TRIUMPH PRIVATE WEALTH,TRIUMPH PRIVATE WEALTH LLC
iapd,iapd_state_compilation,311485,AZ,APPROVED,2021-01-01,SONMORE FINANCIAL LLC,SONMORE FINANCIAL LLC
iapd,iapd_state_compilation,311796,AZ,APPROVED,2020-12-22,"KINGSLY CAPITAL, LLC","KINGSLY CAPITAL, LLC"
iapd,iapd_state_compilation,312367,AZ,APPROVED,2021-02-03,77 FINANCIAL GROUP,77 FINANCIAL GROUP LLC
iapd,iapd_state_compilation,312446,AZ,APPROVED,2021-02-10,ECHELON PRIVATE WEALTH LLC,ECHELON PRIVATE WEALTH LLC
iapd,iapd_state_compilation,312464,AZ,APPROVED,2021-03-17,ARCADIA WEALTH LLC,ARCADIA WEALTH LLC
iapd,iapd_state_compilation,312513,AZ,APPROVED,2021-06-16,"SIMPLIFIED WEALTH MANAGEMENT, LLC","SIMPLIFIED WEALTH MANAGEMENT, LLC"
iapd,iapd_state_compilation,312568,AZ,APPROVED,2021-02-26,VAIL FINANCIAL ADVISORS,SINGER VENTURES LLC
iapd,iapd_state_compilation,312822,AZ,APPROVED,2021-03-23,SOUTHERN PACIFIC ASSET MANAGEMENT L.L.C.,SOUTHERN PACIFIC ASSET MANAGEMENT L.L.C.
iapd,iapd_state_compilation,312894,AZ,APPROVED,2021-04-16,SUNSTONE FINANCIAL,SUNSTONE FINANCIAL LLC
iapd,iapd_state_compilation,313097,AZ,APPROVED,2021-10-12,"TIEBREAK ASSET MANAGEMENT, LLC","TIEBREAK ASSET MANAGEMENT, LLC"
iapd,iapd_state_compilation,313228,AZ,APPROVED,2022-02-03,"TARASCIO FINANCIAL PLANNING, LLC","THE TARASCIO GROUP, LLC"
iapd,iapd_state_compilation,313232,AZ,APPROVED,2021-07-12,THE BOTTOM LINE WEALTH MANAGEMENT LTD.,THE BOTTOM LINE WEALTH MANAGEMENT LTD.
iapd,iapd_state_compilation,313233,AZ,APPROVED,2025-09-24,MOMENTUM FINANCIAL AND INSURANCE SERVICES LLC,MOMENTUM FINANCIAL AND INSURANCE SERVICES LLC
iapd,iapd_state_compilation,313318,AZ,APPROVED,2021-05-28,AXIOM FOUNDERS FAMILY OFFICE,"AXIOM FOUNDERS FAMILY OFFICE, INC."
iapd,iapd_state_compilation,313349,AZ,APPROVED,2021-04-13,"COPPER SQUARE PRIVATE WEALTH, LLC","COPPER SQUARE PRIVATE WEALTH, LLC"
iapd,iapd_state_compilation,313406,AZ,APPROVED,2021-03-29,MOUNT FINANCIAL FREEDOM,MOUNT FINANCIAL FREEDOM LLC
iapd,iapd_state_compilation,313683,AZ,APPROVED,2021-08-23,KOLO CAPITAL,"KOLOMICHUK, KEITH, ADAM"
iapd,iapd_state_compilation,313918,AZ,APPROVED,2021-10-22,GREATER GOOD FINANCIAL,GREATER GOOD FINANCIAL LLC
iapd,iapd_state_compilation,314022,AZ,APPROVED,2021-05-28,1823 WEALTH MANAGEMENT LLC,1823 WEALTH MANAGEMENT LLC
iapd,iapd_state_compilation,314067,AZ,APPROVED,2021-05-10,TUSHAUS WEALTH MANAGEMENT,TUSHAUS GROUP LLC
iapd,iapd_state_compilation,314310,AZ,APPROVED,2021-06-16,"ARETE FINANCIAL SOLUTIONS, LLC","ARETE FINANCIAL SOLUTIONS, LLC"
iapd,iapd_state_compilation,314655,AZ,APPROVED,2021-06-15,"PK QUANTITATIVE INVESTING, LLC","PK QUANTITATIVE INVESTING, LLC"
iapd,iapd_state_compilation,314715,AZ,APPROVED,2021-06-18,EAST VALLEY WEALTH LLC,EAST VALLEY WEALTH LLC`
iapd,iapd_state_compilation,314831,AZ,APPROVED,2021-06-09,SIDDIQUI INVESTMENTS,SIDDIQUI INVESTMENTS LLC
iapd,iapd_state_compilation,315251,AZ,APPROVED,2023-06-30,"SUNLIGHT PEAKS FINANCIAL PARTNERS, LLC","SUNLIGHT PEAKS FINANCIAL PARTNERS, LLC"
iapd,iapd_state_compilation,315763,AZ,APPROVED,2021-08-23,STRONGHOLD CAPITAL PARTNERS LLC,STRONGHOLD CAPITAL PARTNERS LLC
iapd,iapd_state_compilation,315826,AZ,APPROVED,2022-10-13,ILIAD WEALTH SOLUTIONS,ILIAD WEALTH SOLUTIONS LLC
iapd,iapd_state_compilation,315991,AZ,APPROVED,2026-05-22,PENN ADVISORY GROUP INC.,PENN ADVISORY GROUP INC.
iapd,iapd_state_compilation,316038,AZ,APPROVED,2022-04-21,EVOLVE WEALTH ADVISORS LP,EVOLVE WEALTH ADVISORS LP
iapd,iapd_state_compilation,316167,AZ,APPROVED,2024-04-10,INVESTEDGE PLANNING,INVESTEDGE PLANNING LLC
iapd,iapd_state_compilation,316194,AZ,APPROVED,2021-11-09,"FLEISCHER & JOHNSON WEALTH MANAGEMENT, INC.","FLEISCHER & JOHNSON WEALTH MANAGEMENT, INC."
iapd,iapd_state_compilation,316197,AZ,APPROVED,2021-09-28,CAREFREE INVESTMENT CONSULTING,"SAMPLE, PETER"
iapd,iapd_state_compilation,316328,AZ,APPROVED,2025-06-19,FRESH FORWARD,"FRESH FORWARD FINANCIAL PLANNING, LLC"
iapd,iapd_state_compilation,316508,AZ,APPROVED,2022-07-12,BRIDGE THE GAP RETIREMENT PLANNERS,BRIDGE THE GAP RETIREMENT PLANNERS LLC
iapd,iapd_state_compilation,316832,AZ,APPROVED,2022-02-24,"DCA ADVISORY, LLC","DCA ADVISORY, LLC"
iapd,iapd_state_compilation,317368,AZ,APPROVED,2022-03-02,"ZQUANT ADVISORY, LLC","ZQUANT ADVISORY, LLC"
iapd,iapd_state_compilation,317596,AZ,APPROVED,2026-06-24,"FOUNDATION WEALTH & TAX ADVISORS, LLC","FOUNDATION WEALTH & TAX ADVISORS, LLC"
iapd,iapd_state_compilation,317770,AZ,APPROVED,2022-01-10,"TRUE FIDUCIARY FINANCIAL ADVISORS, LLC","TRUE FIDUCIARY FINANCIAL ADVISORS, LLC"
iapd,iapd_state_compilation,318362,AZ,APPROVED,2024-05-17,"CARLSON WEALTH, LLC","CARLSON WEALTH, LLC"
iapd,iapd_state_compilation,318700,AZ,APPROVED,2022-03-02,"SUTTLE CROSSLAND WEALTH ADVISORS, LLC","SUTTLE CROSSLAND WEALTH ADVISORS, LLC"
iapd,iapd_state_compilation,319206,AZ,APPROVED,2025-02-27,KRM ADVISORY SERVICES,KRM ADVISORY SERVICES LLC
iapd,iapd_state_compilation,319207,AZ,APPROVED,2022-04-06,GREEN PEAKS PLANNING,GREEN PEAKS PLANNING LLC
iapd,iapd_state_compilation,319369,AZ,APPROVED,2022-04-15,PINNACLE FINANCIAL FREEDOM LLC,PINNACLE FINANCIAL FREEDOM LLC
iapd,iapd_state_compilation,319587,AZ,APPROVED,2022-07-22,ENVISION RETIREMENT LLC,ENVISION RETIREMENT LLC
iapd,iapd_state_compilation,321121,AZ,APPROVED,2022-08-17,BOWMAN RETIREMENT PLANNING,CUSTOM WEALTH MANAGEMENT INC
iapd,iapd_state_compilation,321261,AZ,APPROVED,2022-05-12,LIFE MOVES WEALTH MANAGEMENT,"LIFE MOVES WEALTH MANAGEMENT, LLC"
iapd,iapd_state_compilation,321752,AZ,APPROVED,2022-06-22,ROBINSON STOCKS,"ROBINSON STOCKS, LLC"
iapd,iapd_state_compilation,321782,AZ,APPROVED,2022-10-26,DYNIC WEALTH MANAGEMENT LLC,DYNIC WEALTH MANAGEMENT LLC
iapd,iapd_state_compilation,321856,AZ,APPROVED,2022-09-26,"LIFESTYLE PLANNING, LLC","LIFESTYLE PLANNING, LLC"
iapd,iapd_state_compilation,322040,AZ,APPROVED,2023-09-08,IAFF-FC ADVISORS LLC,IAFF-FC ADVISORS LLC
iapd,iapd_state_compilation,322251,AZ,APPROVED,2025-07-23,FIDUCIARY ARCHITECTS LLC,FIDUCIARY ARCHITECTS LLC
iapd,iapd_state_compilation,322253,AZ,APPROVED,2022-07-12,DYNAMIC FINANCIAL PLANNING,DYNAMIC FINANCIAL PLANNING LLC
iapd,iapd_state_compilation,322419,AZ,APPROVED,2022-08-31,"EXEMPLAR WEALTH ADVISORS, LLC","EXEMPLAR WEALTH ADVISORS, LLC"
iapd,iapd_state_compilation,322647,AZ,APPROVED,2026-09-11,FORWARD FINANCIAL PLANNING LLC,FORWARD FINANCIAL PLANNING LLC
iapd,iapd_state_compilation,322658,AZ,APPROVED,2022-09-16,"FERN FINANCIAL GROUP, LLC","FERN FINANCIAL GROUP, LLC"
iapd,iapd_state_compilation,322781,AZ,APPROVED,2022-08-10,PURE FINANCIAL LLC,PURE FINANCIAL LLC
iapd,iapd_state_compilation,323177,AZ,APPROVED,2022-09-16,MDRN WEALTH,MDRN WEALTH LLC
iapd,iapd_state_compilation,323290,AZ,APPROVED,2022-10-21,MARGO FINANCIAL,"MARGO FINANCIAL, LLC"
iapd,iapd_state_compilation,323310,AZ,APPROVED,2023-01-01,SMARTALPHA WEALTH ADVISORS LLC,SMARTALPHA WEALTH ADVISORS LLC
iapd,iapd_state_compilation,323312,AZ,APPROVED,2023-03-09,"COLE FINANCIAL ADVISORS, INC.","COLE FINANCIAL ADVISORS, INC."
iapd,iapd_state_compilation,323340,AZ,APPROVED,2026-04-29,BLACKLINES FINANCIAL,BLACKLINES
iapd,iapd_state_compilation,323421,AZ,APPROVED,2022-11-18,CORBETT WEALTH MANAGEMENT LLC,CORBETT WEALTH MANAGEMENT LLC
iapd,iapd_state_compilation,323659,AZ,APPROVED,2023-11-29,"DONOVAN LEGACY ADVISORS, LLC","DONOVAN LEGACY ADVISORS, LLC"
iapd,iapd_state_compilation,323760,AZ,APPROVED,2023-01-01,CONFLUENT ASSET MANAGEMENT LLC,CONFLUENT ASSET MANAGEMENT LLC
iapd,iapd_state_compilation,323812,AZ,APPROVED,2022-12-19,"TWOGOOD FINANCIAL SERVICES, INC.","TWOGOOD FINANCIAL SERVICES, INC."
iapd,iapd_state_compilation,323834,AZ,APPROVED,2023-01-04,REACH ONE TEACH ONE FINANCIAL,R1T1 FINANCIAL LLC
iapd,iapd_state_compilation,323940,AZ,APPROVED,2023-01-04,JANUS FINANCIAL,JANUS FINANCIAL LLC
iapd,iapd_state_compilation,324140,AZ,APPROVED,2023-07-21,"BALANCED WEALTH, INC.","BALANCED WEALTH, INC."
iapd,iapd_state_compilation,324168,AZ,APPROVED,2023-07-25,IMPACT WEALTH MANAGEMENT,IMPACT WEALTH MANAGEMENT LLC
iapd,iapd_state_compilation,324322,AZ,APPROVED,2023-07-27,RESET FINANCIAL PLANNING LLC,RESET FINANCIAL PLANNING LLC
iapd,iapd_state_compilation,324442,AZ,APPROVED,2023-02-01,"LEGACY WEALTH ADVISORS, LTD.","LEGACY WEALTH ADVISORS, LTD."
iapd,iapd_state_compilation,324482,AZ,APPROVED,2023-02-08,AKKADIAN WEALTH LLC,AKKADIAN WEALTH LLC
iapd,iapd_state_compilation,324506,AZ,APPROVED,2023-05-23,"QRIA, INC.","QRIA, INC."
iapd,iapd_state_compilation,325242,AZ,APPROVED,2023-04-19,TACTICAL TAX WEALTH MANAGEMENT,"TACTICAL TAX WEALTH MANAGEMENT, LLC"
iapd,iapd_state_compilation,325317,AZ,APPROVED,2023-03-31,212 WEALTH MANAGEMENT,212 WEALTH MANAGEMENT LLC
iapd,iapd_state_compilation,325419,AZ,APPROVED,2023-03-22,"PERCHERON CONSULTING, LLC","PERCHERON CONSULTING, LLC"
iapd,iapd_state_compilation,325619,AZ,APPROVED,2024-08-16,"GT INVESTMENT MANAGEMENT, LLC","GT INVESTMENT MANAGEMENT, LLC"
iapd,iapd_state_compilation,326033,AZ,APPROVED,2023-06-07,SINGH PWM LLC,SINGH PRIVATE WEALTH MANAGEMENT LLC
iapd,iapd_state_compilation,326644,AZ,APPROVED,2023-09-08,WEALTHLOGIC,"WEALTHLOGIC, LLC"
iapd,iapd_state_compilation,326972,AZ,APPROVED,2025-05-13,WILEY CAPITAL PARTNERS,"WILEY CAPITAL PARTNERS, L.L.C."
iapd,iapd_state_compilation,327108,AZ,APPROVED,2023-08-04,RED NIGHT CAPITAL LLC,RED NIGHT CAPITAL LLC
iapd,iapd_state_compilation,327156,AZ,APPROVED,2023-09-08,CRB STRATEGIC SERVICES LLC,CRB STRATEGIC SERVICES LLC
iapd,iapd_state_compilation,327236,AZ,APPROVED,2023-07-19,LIFE WISE PLANNING GROUP LLC,LIFE WISE PLANNING GROUP LLC
iapd,iapd_state_compilation,327710,AZ,APPROVED,2026-03-25,"BASS ROCKS, LLC / BASS ROCKS ASSET MANAGEMENT","BASS ROCKS, LLC / BASS ROCKS ASSET MANAGEMENT"
iapd,iapd_state_compilation,327723,AZ,APPROVED,2023-09-06,"PATEL WEALTH STRATEGIES, INC.","PATEL WEALTH STRATEGIES, INC."
iapd,iapd_state_compilation,327765,AZ,APPROVED,2024-08-21,WEALTH PLANNING ADVISORS LLC,WEALTH PLANNING ADVISORS LLC
iapd,iapd_state_compilation,327860,AZ,APPROVED,2023-08-24,WEALTHBOUND ADVISORS,LEGACY PLANNING GROUP LLC
iapd,iapd_state_compilation,328027,AZ,APPROVED,2023-10-25,"MOORE WEALTH PARTNERS, LLC","MOORE WEALTH PARTNERS, LLC"
iapd,iapd_state_compilation,328037,AZ,APPROVED,2024-03-29,GROWTH HORIZONS WEALTH MANAGEMENT LLC,GROWTH HORIZONS WEALTH MANAGEMENT LLC
iapd,iapd_state_compilation,328074,AZ,APPROVED,2024-04-10,"PARTNERS CAPITAL, LLC","PARTNERS CAPITAL, LLC"
iapd,iapd_state_compilation,328160,AZ,APPROVED,2024-02-22,"SONORAN INVESTMENT ADVISORS, LLC","SONORAN INVESTMENT ADVISORS, LLC"
iapd,iapd_state_compilation,328253,AZ,APPROVED,2023-12-06,TRANSCEND ADVISOR INC.,TRANSCEND ADVISOR INC.
iapd,iapd_state_compilation,328280,AZ,APPROVED,2023-10-05,JTNC WEALTH ADVISORS LLC,JTNC WEALTH ADVISORS LLC
iapd,iapd_state_compilation,328329,AZ,APPROVED,2023-10-27,RADIX WEALTH,RADIX WEALTH LLC
iapd,iapd_state_compilation,328341,AZ,APPROVED,2026-08-24,"RETIREMENT RESOURCE WEALTH MANAGEMENT, LLC","RETIREMENT RESOURCE WEALTH MANAGEMENT, LLC"
iapd,iapd_state_compilation,328410,AZ,APPROVED,2023-10-18,ENSO FINANCIAL,ENSO FINANCIAL PLC
iapd,iapd_state_compilation,328498,AZ,APPROVED,2024-01-01,KINGDOM WEALTH ADVISERS,"KINGDOM WEALTH ADVISERS, LLC"
iapd,iapd_state_compilation,328745,AZ,APPROVED,2023-11-08,INVESTMENT TRENDS CAPITAL GROUP LLC,INVESTMENT TRENDS CAPITAL GROUP LLC
iapd,iapd_state_compilation,328754,AZ,APPROVED,2024-01-25,RELIANT INVESTMENT MANAGEMENT,RELIANT INVESTMENT MANAGEMENT
iapd,iapd_state_compilation,328840,AZ,APPROVED,2023-11-16,"COVENANT FINANCIAL ADVISORS, LLC","COVENANT FINANCIAL ADVISORS, LLC"
iapd,iapd_state_compilation,329154,AZ,APPROVED,2025-02-27,MOONSHOT PLANNING LLC,BRIGHTER DAYS PLANNING LLC
iapd,iapd_state_compilation,329285,AZ,APPROVED,2025-08-21,"EMBARCADERO CAPITAL ADVISORS, INC.","EMBARCADERO CAPITAL ADVISORS, INC."
iapd,iapd_state_compilation,329296,AZ,APPROVED,2024-01-01,JB ADVISORY LLC,JB ADVISORY LLC
iapd,iapd_state_compilation,329405,AZ,APPROVED,2024-05-28,GRIFFIN CAPITAL ADVISORS,"GRIFFIN CAPITAL ADVISORS, LLC"
iapd,iapd_state_compilation,329454,AZ,APPROVED,2024-05-07,SA INVESTMENT ADVISORY,SA INVESTMENT ADVISORY LLC
iapd,iapd_state_compilation,329490,AZ,APPROVED,2024-07-16,"HAAS FINANCIAL, INC.","HAAS FINANCIAL, INC."
iapd,iapd_state_compilation,329597,AZ,APPROVED,2024-01-26,CRAFTED FINANCIAL PLANNING,"BANNING WEALTH MANAGEMENT, LLC"
iapd,iapd_state_compilation,329627,AZ,APPROVED,2026-05-05,BKS WEALTH LLC,BKS WEALTH LLC
iapd,iapd_state_compilation,329893,AZ,APPROVED,2024-02-22,OMNI INVESTMENT SOLUTIONS LLC,OMNI INVESTMENT SOLUTIONS LLC
iapd,iapd_state_compilation,329895,AZ,APPROVED,2024-07-12,"WEALTHSTONE PRIVATE WEALTH MANAGEMENT, LLC","WEALTHSTONE PRIVATE WEALTH MANAGEMENT, LLC"
iapd,iapd_state_compilation,329990,AZ,APPROVED,2026-09-22,TWIN ROBINS CAPITAL,"TWIN ROBINS CAPITAL, LLC"
iapd,iapd_state_compilation,330092,AZ,APPROVED,2024-03-25,SUN VALLEY ADVISORY,"SUN VALLEY ADVISORY, LLC"
iapd,iapd_state_compilation,330313,AZ,APPROVED,2025-08-27,THE FREYR GROUP,"THE FREYR GROUP, LLC"
iapd,iapd_state_compilation,330498,AZ,APPROVED,2024-03-29,FINEST EDGE FINANCIAL LLC,FINEST EDGE FINANCIAL LLC
iapd,iapd_state_compilation,330540,AZ,APPROVED,2024-10-23,VERAB FINANCIAL ADVISORY LLC,VERAB FINANCIAL ADVISORY LLC
iapd,iapd_state_compilation,331245,AZ,APPROVED,2024-05-30,MODERN WEALTH LLC,MODERN WEALTH LLC
iapd,iapd_state_compilation,331264,AZ,APPROVED,2024-06-04,WOODMONT FINANCIAL PARTNERS LLC,WOODMONT FINANCIAL PARTNERS LLC
iapd,iapd_state_compilation,331320,AZ,APPROVED,2024-05-17,PACIFIC CANYON INVESTMENTS,PACIFIC CANYON INVESTMENTS LLC
iapd,iapd_state_compilation,331328,AZ,APPROVED,2024-05-23,TRANSITION FAMILY WEALTH,"TRANSITION FAMILY WEALTH, LLC"
iapd,iapd_state_compilation,331756,AZ,APPROVED,2025-01-01,HALES TAX SOLUTIONS PLLC,HALES TAX SOLUTIONS PLLC
iapd,iapd_state_compilation,331835,AZ,APPROVED,2024-07-12,EP WEALTH MANAGEMENT LLC,EP WEALTH MANAGEMENT LLC
iapd,iapd_state_compilation,331942,AZ,APPROVED,2024-07-10,BUSTAMANTE & CO,BUSTAMANTE CAPITAL MANAGEMENT LLC
iapd,iapd_state_compilation,332247,AZ,APPROVED,2026-01-28,FIDUCIARY SOLUTIONS LLC,FIDUCIARY SOLUTIONS LLC
iapd,iapd_state_compilation,332423,AZ,APPROVED,2024-09-04,BABIN WEALTH MANAGEMENT,BABIN WEALTH MANAGEMENT LLC
iapd,iapd_state_compilation,332492,AZ,APPROVED,2024-09-03,TORTOISE WEALTH MANAGEMENT,TORTOISE WEALTH MANAGEMENT LLC
iapd,iapd_state_compilation,332582,AZ,APPROVED,2026-07-30,"HOWLETT TAX SERVICES, INC","HOWLETT TAX SERVICES, INC"
iapd,iapd_state_compilation,332593,AZ,APPROVED,2024-11-08,ARDENT WEALTH MANAGEMENT,ARDENT WEALTH MANAGEMENT INC.
iapd,iapd_state_compilation,332717,AZ,APPROVED,2024-11-18,LIFE STORY WEALTH PLANNING,LIFE STORY WEALTH PLANNING LLC
iapd,iapd_state_compilation,332785,AZ,APPROVED,2024-08-29,"STUDIOI, LLC","STUDIOI, LLC"
iapd,iapd_state_compilation,332829,AZ,APPROVED,2024-10-07,49TH PARALLEL WEALTH MANAGEMENT,"49TH PARALLEL WEALTH MANAGEMENT, LLC"
iapd,iapd_state_compilation,332834,AZ,APPROVED,2025-10-15,"WEALTH FOR LIFE, LLC","WEALTH FOR LIFE, LLC"
iapd,iapd_state_compilation,332892,AZ,APPROVED,2024-09-25,CASTANEDA FINANCIAL MANAGEMENT,CASTANEDA FINANCIAL MANAGEMENT LLC
iapd,iapd_state_compilation,332925,AZ,APPROVED,2024-09-03,LIFE STRATEGY PARTNERS,LIFE STRATEGY PARTNERS INC.
iapd,iapd_state_compilation,332940,AZ,APPROVED,2025-01-30,MONTIS MANAGEMENT,MONTIS MANAGEMENT
iapd,iapd_state_compilation,333039,AZ,APPROVED,2026-03-19,TEKTON WEALTH ADVISORS,"TEKTON WEALTH ADVISORY SERVICES, LLC"
iapd,iapd_state_compilation,333179,AZ,APPROVED,2024-09-25,YOUR INVESTMENT ADVISOR,YOUR INVESTMENT ADVISOR LLC
iapd,iapd_state_compilation,333198,AZ,APPROVED,2025-01-22,"21:5 ADVISORS, LLC","21:5 ADVISORS, LLC"
iapd,iapd_state_compilation,333225,AZ,APPROVED,2024-10-23,FIWHEELS,FIWHEELS LLC
iapd,iapd_state_compilation,333281,AZ,APPROVED,2025-01-02,COOL WEALTH MANAGEMENT,COOL WEALTH MANAGEMENT LLC
iapd,iapd_state_compilation,333384,AZ,APPROVED,2024-12-09,"FENGER FINANCIAL, PLLC","FENGER FINANCIAL, PLLC"
iapd,iapd_state_compilation,333390,AZ,APPROVED,2026-03-02,CORTEZ WEALTH MANAGEMENT,"CORTEZ WEALTH MANAGEMENT, LLC"
iapd,iapd_state_compilation,333469,AZ,APPROVED,2024-11-18,"ANNE CORNELIUS, CPA, P.C.","ANNE CORNELIUS, CPA, P.C."
iapd,iapd_state_compilation,333585,AZ,APPROVED,2024-11-26,UNIVERSAL WEALTH MANAGEMENT LLC,UNIVERSAL WEALTH MANAGEMENT LLC
iapd,iapd_state_compilation,333604,AZ,APPROVED,2024-11-21,RAYMOND JOHN MANAGEMENT LLC,RAYMOND JOHN MANAGEMENT LLC
iapd,iapd_state_compilation,334096,AZ,APPROVED,2025-12-10,GRINSTEAD WEALTH MANAGEMENT,"GRINSTEAD WEALTH MANAGEMENT, LLC"
iapd,iapd_state_compilation,334200,AZ,APPROVED,2025-01-10,"ELION FINANCIAL, LLC","ELION FINANCIAL, LLC"
iapd,iapd_state_compilation,334209,AZ,APPROVED,2025-07-31,"JOLLEY WEALTH MANAGEMENT, LLC","JOLLEY WEALTH MANAGEMENT, LLC"
iapd,iapd_state_compilation,334667,AZ,APPROVED,2025-03-13,MINDFUL MILLIONS MANAGEMENT PLLC,MINDFUL MILLIONS MANAGEMENT PLLC
iapd,iapd_state_compilation,334679,AZ,APPROVED,2025-09-19,"PALUMBO CAPITAL GROUP, LLC","PALUMBO CAPITAL GROUP, LLC"
iapd,iapd_state_compilation,334704,AZ,APPROVED,2025-05-09,MERIDIAN PASSAGE,"MERIDIAN PASSAGE, LLC"
iapd,iapd_state_compilation,334738,AZ,APPROVED,2026-02-04,OVERLAND ADVISORS,OVERLAND ADVISORS CORPORATION
iapd,iapd_state_compilation,334968,AZ,APPROVED,2025-11-26,EXPONENT WEALTH LLC,EXPONENT WEALTH LLC
iapd,iapd_state_compilation,334988,AZ,APPROVED,2025-04-02,IRIDESCENT CAPITAL MANAGEMENT,IRIDESCENT CAPITAL MANAGEMENT LLC
iapd,iapd_state_compilation,335034,AZ,APPROVED,2025-06-16,"FOOTHILLS WEALTH MANAGEMENT, LLC","FOOTHILLS WEALTH MANAGEMENT, LLC"
iapd,iapd_state_compilation,335433,AZ,APPROVED,2025-04-08,6|21 PRIVATE WEALTH,"6|21 PRIVATE WEALTH, LLC"
iapd,iapd_state_compilation,335534,AZ,APPROVED,2025-05-29,"NERGARD WEALTH MANAGEMENT, LLC","NERGARD WEALTH MANAGEMENT, LLC"
iapd,iapd_state_compilation,335547,AZ,APPROVED,2025-05-02,MAHOGANY FINANCIAL STRATEGIES LLC,MAHOGANY FINANCIAL STRATEGIES LLC
iapd,iapd_state_compilation,336212,AZ,APPROVED,2025-06-13,"ALTERNATIVE INVESTMENT ADVISORS, LLC","ALTERNATIVE INVESTMENT ADVISORS, LLC"
iapd,iapd_state_compilation,336221,AZ,APPROVED,2025-06-04,CALISI WEALTH MANAGEMENT,CALISI WEALTH MANAGEMENT LLC
iapd,iapd_state_compilation,336306,AZ,APPROVED,2025-05-13,TULIP FINANCIAL PLANNING LLC,TULIP FINANCIAL PLANNING LLC
iapd,iapd_state_compilation,336335,AZ,APPROVED,2025-06-05,COATS WEALTH MANAGEMENT,COATS WEALTH MANAGEMENT LLC
iapd,iapd_state_compilation,336633,AZ,APPROVED,2025-09-22,ELEVATED WEALTH STRATEGIES LLC,ELEVATED WEALTH STRATEGIES LLC
iapd,iapd_state_compilation,336729,AZ,APPROVED,2025-08-22,RAYNMAKER FINANCIAL,RAYNMAKER FINANCIAL
iapd,iapd_state_compilation,336816,AZ,APPROVED,2025-06-20,B&E FINANCIAL SERVICES,"B&E FINANCIAL, LLC"
iapd,iapd_state_compilation,336823,AZ,APPROVED,2025-09-05,QUANTUM WEALTH ADVISORS LLC,QUANTUM WEALTH ADVISORS LLC
iapd,iapd_state_compilation,337332,AZ,APPROVED,2025-07-16,UNCAGED IMPACT,"UNCAGED IMPACT, LLC"
iapd,iapd_state_compilation,337399,AZ,APPROVED,2026-02-27,PARACCA FINANCIAL GROUP,PARACCA FINANCIAL GROUP LLC
iapd,iapd_state_compilation,337446,AZ,APPROVED,2025-11-03,ASCENSION ADVISORS,"ASCENSION ADVISORS ARIZONA, LLC"
iapd,iapd_state_compilation,337472,AZ,APPROVED,2025-08-11,WEALTHX ADVISORS,WEALTHX ADVISORS LLC
iapd,iapd_state_compilation,337630,AZ,APPROVED,2025-09-24,THIRD STANZA GROUP,THIRD STANZA GROUP LLC
iapd,iapd_state_compilation,337830,AZ,APPROVED,2026-08-13,"MPI INFINITE INVESTORS, LLC","MPI INFINITE INVESTORS, LLC"
iapd,iapd_state_compilation,337862,AZ,APPROVED,2025-10-08,"ELEVATE INVESTMENT MANAGEMENT, LLC","ELEVATE INVESTMENT MANAGEMENT, LLC"
iapd,iapd_state_compilation,337930,AZ,APPROVED,2025-08-13,GOLDEN ACRE WEALTH MANAGEMENT,GOLDEN ACRE LLC
iapd,iapd_state_compilation,338008,AZ,APPROVED,2025-08-27,STYRA WEALTH MANAGEMENT,STYRA WEALTH MANAGEMENT LLC
iapd,iapd_state_compilation,338071,AZ,APPROVED,2025-08-27,ARIZONA WEALTH STRATEGIES LLC,ARIZONA WEALTH STRATEGIES LLC
iapd,iapd_state_compilation,338145,AZ,APPROVED,2026-01-01,SAGE ADVICE FINANCIAL LLC,SAGE ADVICE FINANCIAL LLC
iapd,iapd_state_compilation,338264,AZ,APPROVED,2025-10-28,CLEARVIEW PRIVATE WEALTH,CLEARVIEW PRIVATE WEALTH LLC
iapd,iapd_state_compilation,338356,AZ,APPROVED,2025-11-04,MAKARIOS INVESTMENTS INC,MAKARIOS INVESTMENTS INC
iapd,iapd_state_compilation,338475,AZ,APPROVED,2026-06-10,"KINGSLEY WEALTH PARTNERS, INC.","KINGSLEY WEALTH PARTNERS, INC."
iapd,iapd_state_compilation,338561,AZ,APPROVED,2026-02-18,"JARIWALA FINANCIAL WELLNESS, LLC","JARIWALA FINANCIAL WELLNESS, LLC"
iapd,iapd_state_compilation,338724,AZ,APPROVED,2026-05-14,"BRIGHTWORK WEALTH MANAGEMENT, LLC","BRIGHTWORK WEALTH MANAGEMENT, LLC"
iapd,iapd_state_compilation,338795,AZ,APPROVED,2026-01-01,MOLINAR & CO FINANCIAL ADVOCATES,MOLINAR & CO FINANCIAL ADVOCATES
iapd,iapd_state_compilation,338849,AZ,APPROVED,2026-03-25,"ALT ALPHA CAPITAL, LLC","ALT ALPHA CAPITAL, LLC"
iapd,iapd_state_compilation,339110,AZ,APPROVED,2026-01-01,LEGES WEALTH MANAGEMENT LLC,LEGES WEALTH MANAGEMENT LLC
iapd,iapd_state_compilation,339155,AZ,APPROVED,2026-01-07,BRIGHTGUIDE FINANCIAL,"BRIGHTGUIDE INVESTMENT ADVISORS, LLC"
iapd,iapd_state_compilation,339306,AZ,APPROVED,2026-01-01,HARPER WEALTH MANAGEMENT LLC,HARPER WEALTH MANAGEMENT LLC
iapd,iapd_state_compilation,339432,AZ,APPROVED,2025-12-04,JAIN WEALTHONOMICS,"JAIN WEALTHONOMICS, LLC"
iapd,iapd_state_compilation,339527,AZ,APPROVED,2026-01-07,READ FINANCIAL SERVICES LLC,READ FINANCIAL SERVICES LLC
iapd,iapd_state_compilation,339717,AZ,APPROVED,2026-05-01,"BEACON FREEDOM ADVISORY, LLC","BEACON FREEDOM ADVISORY, LLC"
iapd,iapd_state_compilation,339725,AZ,APPROVED,2026-04-08,AWAKEN FINANCIAL DESIGNS LLC,AWAKEN FINANCIAL DESIGNS LLC
iapd,iapd_state_compilation,339968,AZ,APPROVED,2026-02-27,CURRENTS WEALTH STRATEGIES LLC,CURRENTS WEALTH STRATEGIES LLC
iapd,iapd_state_compilation,340171,AZ,APPROVED,2026-04-22,THE MONEY AND VALUES GROUP,FOR THE SCOTT GIRLS LLC
iapd,iapd_state_compilation,340234,AZ,APPROVED,2026-03-27,SUNBURST FINANCIAL MANAGEMENT LLC,SUNBURST FINANCIAL MANAGEMENT LLC
iapd,iapd_state_compilation,340407,AZ,APPROVED,2026-02-12,KERNS LEGACY PLANNING,KERNS LEGACY PLANNING LLC
iapd,iapd_state_compilation,340435,AZ,APPROVED,2026-03-10,GROUNDWORK FINANCIAL PARTNERS,"GROUNDWORK FINANCIAL PARTNERS, PLLC"
iapd,iapd_state_compilation,340753,AZ,APPROVED,2026-08-03,FJAKA WEALTH MANAGEMENT LLC,FJAKA WEALTH MANAGEMENT LLC
iapd,iapd_state_compilation,341019,AZ,APPROVED,2026-06-17,WORTHWHILE WEALTH,WORTHWHILE WEALTH LLC
iapd,iapd_state_compilation,341038,AZ,APPROVED,2026-05-08,HORIZON RIDGE ADVISORS L.L.C.,HORIZON RIDGE ADVISORS L.L.C.
iapd,iapd_state_compilation,341048,AZ,APPROVED,2026-03-25,ASPEN & PINE ASSET MANAGEMENT,ASPEN & PINE ASSET MANAGEMENT LLC
iapd,iapd_state_compilation,341225,AZ,APPROVED,2026-05-07,LUCAS RETIREMENT GROUP LLC,LUCAS RETIREMENT GROUP LLC
iapd,iapd_state_compilation,341240,AZ,APPROVED,2026-04-10,MACALLEN CAPITAL,MACALLEN CAPITAL LLC
iapd,iapd_state_compilation,341446,AZ,APPROVED,2026-04-22,DEBORAH WEALTH ADVISORY LLC,DEBORAH WEALTH ADVISORY LLC
iapd,iapd_state_compilation,341892,AZ,APPROVED,2026-05-01,VIRTUE WEALTH MANAGEMENT,LAXMI RAJ PRIVATE WEALTH LLC
iapd,iapd_state_compilation,341908,AZ,APPROVED,2026-05-11,BLUEPRINT WEALTH GROUP,"BLUEPRINT WEALTH GROUP, LLC"
iapd,iapd_state_compilation,342038,AZ,APPROVED,2026-05-13,VECTOR DYNAMICS WEALTH MANAGEMENT P.L.L.C,VECTOR DYNAMICS WEALTH MANAGEMENT P.L.L.C
iapd,iapd_state_compilation,342405,AZ,APPROVED,2026-05-22,DYNAMIC LIFESTYLE PLANNING GROUP,DYNAMIC LIFESTYLE PLANNING GROUP LLC
iapd,iapd_state_compilation,342519,AZ,APPROVED,2026-06-17,GILBERT PRIVATE WEALTH LLC,GILBERT PRIVATE WEALTH LLC
iapd,iapd_state_compilation,342657,AZ,APPROVED,2026-06-04,WELCH PRIVATE WEALTH,WELCH PRIVATE WEALTH
iapd,iapd_state_compilation,342660,AZ,APPROVED,2026-06-17,REVEL WEALTH PARTNERS,REVEL WEALTH PARTNERS LLC
iapd,iapd_state_compilation,342705,AZ,APPROVED,2026-07-30,BUILD WEALTH PARTNERS,BUILD WEALTH PARTNERS LLC
iapd,iapd_state_compilation,342821,AZ,APPROVED,2026-07-29,QUINTESSENCE WEALTH COLLECTIVE LLC,QUINTESSENCE WEALTH COLLECTIVE LLC
iapd,iapd_state_compilation,342828,AZ,APPROVED,2026-06-29,YOCUM WEALTH,"YOCUM WEALTH, LLC"
iapd,iapd_state_compilation,342921,AZ,APPROVED,2026-09-17,MAVERICK THOMAS CAPITAL,MAVERICK THOMAS CAPITAL LLC
iapd,iapd_state_compilation,343126,AZ,APPROVED,2026-06-26,VALENCE WEALTH,"VALENCE WEALTH, LLC"
iapd,iapd_state_compilation,343487,AZ,APPROVED,2026-08-10,BUGLE VALLEY,BUGLE VALLEY LLC
iapd,iapd_state_compilation,343508,AZ,APPROVED,2026-08-07,ADAM ADVISORY,ADAM ADVISORY LLC
iapd,iapd_state_compilation,343510,AZ,APPROVED,2026-07-31,MEASURED HORIZON WEALTH,MEASURED HORIZON WEALTH LLC
iapd,iapd_state_compilation,343653,AZ,APPROVED,2026-09-09,SYNCHRAVEST LLC,SYNCHRAVEST LLC
iapd,iapd_state_compilation,343678,AZ,APPROVED,2026-08-27,DARING GREATLY WEALTH,DARING GREATLY WEALTH LLC
iapd,iapd_state_compilation,343763,AZ,APPROVED,2026-08-25,"SEQUEL CAPITAL MANAGEMENT, LLC","SEQUEL CAPITAL MANAGEMENT, LLC"
iapd,iapd_state_compilation,343892,AZ,APPROVED,2026-09-02,SAGE SAGUARO FINANCIAL PLANNING,SAGE SAGUARO LLC
iapd,iapd_state_compilation,344050,AZ,APPROVED,2026-09-08,NUAKH FINANCIAL,NUAKH FINANCIAL LLC
iapd,iapd_state_compilation,344258,AZ,APPROVED,2026-09-17,"RUBICON FINANCIAL GROUP, LLC","RUBICON FINANCIAL GROUP, LLC"
iapd,iapd_state_compilation,8052,CA,APPROVED,2021-03-24,"CREWS & ASSOCIATES, INC.","CREWS & ASSOCIATES, INC."
iapd,iapd_state_compilation,8250,CA,APPROVED,2001-12-20,NEWPORT SECURITIES CORPORATION,NEWPORT SECURITIES CORPORATION
iapd,iapd_state_compilation,15407,CA,APPROVED,2001-05-07,"ROTH CAPITAL PARTNERS, LLC","ROTH CAPITAL PARTNERS, LLC"
iapd,iapd_state_compilation,16798,CA,APPROVED,2001-12-11,MCCLURG CAPITAL CORPORATION,MCCLURG CAPITAL CORPORATION
iapd,iapd_state_compilation,18126,CA,APPROVED,2004-03-30,"OAK TREE SECURITIES, INC.","OAK TREE SECURITIES, INC."
iapd,iapd_state_compilation,19537,CA,APPROVED,2012-04-04,"FIRST WESTERN SECURITIES, INC.","FIRST WESTERN SECURITIES, INC."
iapd,iapd_state_compilation,23551,CA,APPROVED,2013-08-30,CWS INVESTMENTS,"CLAYTON, WILLIAMS & SHERWOOD INVESTMENTS"
iapd,iapd_state_compilation,29037,CA,APPROVED,2009-06-18,"SYNDICATED CAPITAL, INC.","SYNDICATED CAPITAL, INC."
iapd,iapd_state_compilation,29474,CA,APPROVED,1991-10-28,"ONYX PARTNERS, INCORPORATED","ONYX PARTNERS, INCORPORATED"
iapd,iapd_state_compilation,34786,CA,APPROVED,2012-01-18,"AMERIVET SECURITIES, INC.","AMERIVET SECURITIES, INC."
iapd,iapd_state_compilation,36644,CA,APPROVED,2012-04-03,PRIVATE PORTFOLIO OF SAN DIEGO,"PRIVATE PORTFOLIO, INC."
iapd,iapd_state_compilation,37711,CA,APPROVED,2009-03-27,STOCK TRADERS,"JOSLIN, JEFFREY ALEX"
iapd,iapd_state_compilation,39283,CA,APPROVED,2007-07-30,KUN-LUN DEVELOPMENT CORPORATION,KUN-LUN DEVELOPMENT CORPORATION
iapd,iapd_state_compilation,39985,CA,APPROVED,2002-01-03,"HIGGINS CAPITAL MANAGEMENT, INC.","HIGGINS CAPITAL MANAGEMENT, INC."
iapd,iapd_state_compilation,40259,CA,APPROVED,2002-01-29,THE LOGAN GROUP SECURITIES,"LOGAN, KEVIN CHRISTOPHER"
iapd,iapd_state_compilation,43242,CA,APPROVED,2012-06-18,SILICON VALLEY CAPITAL MANAGEMENT,SILICON VALLEY CAPITAL MANAGEMENT
iapd,iapd_state_compilation,102800,CA,APPROVED,2017-01-24,INTERNET SECURITIES,"INTERNET SECURITIES, INCORPORATED"
iapd,iapd_state_compilation,104343,CA,APPROVED,2013-07-30,COLORADO FINANCIAL SERVICE CORPORATION,COLORADO FINANCIAL SERVICE CORPORATION
iapd,iapd_state_compilation,104709,CA,APPROVED,2018-01-22,BORRIS NII & COMPANY,"HOWARD M. BORRIS & COMPANY, INC."
iapd,iapd_state_compilation,104835,CA,APPROVED,2012-05-15,MARATHON FINANCIAL ADVISORS,JOHNSON LYNDA ANN
iapd,iapd_state_compilation,104923,CA,APPROVED,2012-05-24,"MILLER, FLEMING & ASSOCIATES",MILLER FLEMING & ASSOCIATES
iapd,iapd_state_compilation,105296,CA,APPROVED,2012-04-04,PROFESSIONAL FINANCIAL ADVISORS INC,PROFESSIONAL FINANCIAL ADVISORS INC
iapd,iapd_state_compilation,105359,CA,APPROVED,2020-05-19,THE PORTOLA GROUP INC,THE PORTOLA GROUP INC
iapd,iapd_state_compilation,105473,CA,APPROVED,2011-05-17,WESTLAKE CAPITAL INC,WESTLAKE CAPITAL INC
iapd,iapd_state_compilation,105548,CA,APPROVED,2023-06-27,ALPHA & OMEGA,"ALPHA & OMEGA FINANCIAL MANAGEMENT CONSULTANTS, INC."
iapd,iapd_state_compilation,105592,CA,APPROVED,2018-02-02,MCKINNEY ASSET MANAGEMENT INC.,MCKINNEY ASSET MANAGEMENT INC.
iapd,iapd_state_compilation,105607,CA,APPROVED,2019-11-07,"KAREL CAPITAL, INC.",KAREL CAPITAL INC
iapd,iapd_state_compilation,105632,CA,APPROVED,2004-05-24,EQUITY MANAGEMENT GROUP,"EQUITY MANAGEMENT GROUP, LLC"
iapd,iapd_state_compilation,105703,CA,APPROVED,2012-07-17,CLBI INVESTMENTS INC,CLBI INVESTMENTS INC
iapd,iapd_state_compilation,106041,CA,APPROVED,2011-03-09,"STAMPER CAPITAL & INVESTMENTS, INC.","STAMPER CAPITAL & INVESTMENTS, INC."
iapd,iapd_state_compilation,106056,CA,APPROVED,2023-03-30,"VALUE MONITORING, INC","VALUE MONITORING, INC"
iapd,iapd_state_compilation,106121,CA,APPROVED,2021-05-27,"HAMMER ASSET MANAGEMENT, LLC",HAMMER ASSET MANAGEMENT LLC
iapd,iapd_state_compilation,106296,CA,APPROVED,2012-08-27,TAYLOR K A ASSOCIATES INC,TAYLOR K A ASSOCIATES INC
iapd,iapd_state_compilation,106364,CA,APPROVED,2011-06-14,PROTECTED CAPITAL MANAGEMENT,SMITH RICHARD DELOY
iapd,iapd_state_compilation,106624,CA,APPROVED,2012-06-28,PACIFIC MANAGEMENT LTD,PACIFIC MANAGEMENT LTD
iapd,iapd_state_compilation,106719,CA,APPROVED,2024-04-29,RUNNYMEDE CAPITAL MANAGEMENT INC,RUNNYMEDE CAPITAL MANAGEMENT INC
iapd,iapd_state_compilation,106894,CA,APPROVED,2012-05-29,SEIDMAN INVESTMENT PORTFOLIOS,SEIDMAN DANIEL JAY
iapd,iapd_state_compilation,106897,CA,APPROVED,2012-07-31,FORTUNA ASSET MANAGEMENT LLC,FORTUNA ASSET MANAGEMENT LLC
iapd,iapd_state_compilation,106962,CA,APPROVED,2026-07-30,PACIFIC GLOBAL INVESTMENT MANAGEMENT COMPANY,PACIFIC GLOBAL INVESTMENT MANAGEMENT COMPANY
iapd,iapd_state_compilation,107082,CA,APPROVED,2005-06-20,DE MAYO FINANCIAL,HEIDI BARBER
iapd,iapd_state_compilation,107112,CA,APPROVED,2012-05-01,"WALSTAD INVESTMENT COUNSEL, INC.",WALSTAD INVESTMENT COUNSEL INC
iapd,iapd_state_compilation,107216,CA,APPROVED,2015-02-09,WHELAN CAPITAL MANGEMENT,"WHELAN CAPITAL MANAGEMENT, INC."
iapd,iapd_state_compilation,107456,CA,APPROVED,2003-07-02,FIRST FINANCIAL CONSULTING,FINANCIAL RESOURCES CONSULTING GROUP
iapd,iapd_state_compilation,107474,CA,APPROVED,2012-06-18,RITTER WEALTH COUNSEL,RITTER BRUCE CHARLES
iapd,iapd_state_compilation,107586,CA,APPROVED,2003-07-29,TRIVEST CAPITAL MANAGEMENT INC,TRIVEST CAPITAL MANAGEMENT INC
iapd,iapd_state_compilation,107602,CA,APPROVED,2012-08-22,"ALTOS FINANCIAL MANAGEMENT, LLC",ALTOS FINANCIAL MANAGEMENT LLC
iapd,iapd_state_compilation,107778,CA,APPROVED,2007-12-04,SMART INVESTMENTS ADVISORY INCORPORATED,SMART INVESTMENTS ADVISORY INCORPORATED
iapd,iapd_state_compilation,108013,CA,APPROVED,2012-05-18,ANDREWS CAPITAL MANAGEMENT INC,ANDREWS CAPITAL MANAGEMENT INC
iapd,iapd_state_compilation,108134,CA,APPROVED,2012-07-13,STAFFORD CAPITAL MANAGEMENT LLC,STAFFORD CAPITAL MANAGEMENT LLC
iapd,iapd_state_compilation,108137,CA,APPROVED,2001-04-27,"VOMUND INVESTMENT MANAGEMENT, LLC","VOMUND INVESTMENT MANAGEMENT, LLC"
iapd,iapd_state_compilation,108335,CA,APPROVED,2021-02-24,THE COLERIDGE GROUP LLC,THE COLERIDGE GROUP LLC
iapd,iapd_state_compilation,108368,CA,APPROVED,2006-03-28,CALEB LAWRENCE REGISTERED INVESTMENT ADVISER INC.,CALEB LAWRENCE REGISTERED INVESTMENT ADVISER INC.
iapd,iapd_state_compilation,108603,CA,APPROVED,2017-09-13,DUNVEGAN ASSOCIATES INC,DUNVEGAN ASSOCIATES INC
iapd,iapd_state_compilation,108753,CA,APPROVED,1998-01-02,"CHIEF CAPITAL MANAGEMENT, INC","CHIEF CAPITAL MANAGEMENT, INC"
iapd,iapd_state_compilation,108854,CA,APPROVED,2012-08-02,GLOBAL TRENDS INVESTMENTS,LYDON ASSET MANAGEMENT INC
iapd,iapd_state_compilation,108889,CA,APPROVED,2025-02-24,"THE COOK COMPANY, LLC","THE COOK COMPANY, LLC"
iapd,iapd_state_compilation,109075,CA,APPROVED,2012-05-21,"RICHARD NEY & ASSOCIATES ASSET MANAGEMENT, INC.","RICHARD NEY & ASSOCIATES ASSET MANAGEMENT, INC."
iapd,iapd_state_compilation,109195,CA,APPROVED,2003-04-10,"ATTIVO LEGACY ADVISORS, LLC","ATTIVO LEGACY ADVISORS, LLC"
iapd,iapd_state_compilation,109340,CA,APPROVED,2012-02-23,LA JOLLA INSTITUTE FOR WEALTH MANAGEMENT,"PROFESSIONAL PLANNING COUNSEL, INC."
iapd,iapd_state_compilation,109695,CA,APPROVED,2017-04-18,"GREEN INVESTMENT MANAGEMENT, INC.","GREEN INVESTMENT MANAGEMENT, INC."
iapd,iapd_state_compilation,109737,CA,APPROVED,2016-05-20,"NORTHWEST INVESTMENT ADVISORS, INC","NORTHWEST INVESTMENT ADVISORS, INC"
iapd,iapd_state_compilation,110083,CA,APPROVED,2020-03-12,CENTURION COUNSEL INC,"CENTURION COUNSEL,INC."
iapd,iapd_state_compilation,110155,CA,APPROVED,2001-10-30,ADVISORY FINANCIAL SERVICES LLC,ADVISORY FINANCIAL SERVICES LLC
iapd,iapd_state_compilation,110182,CA,APPROVED,2012-06-14,MOK CAPITAL MANAGEMENT,MOK STANLEY QUION
iapd,iapd_state_compilation,110188,CA,APPROVED,2020-04-15,"SUMMIT INVESTMENT MANAGEMENT, LTD.","SUMMIT INVESTMENT MANAGEMENT, LTD."
iapd,iapd_state_compilation,110463,CA,APPROVED,2012-06-27,CORE ASSET MANAGEMENT COMPANY,CORE ASSET MANAGEMENT COMPANY
iapd,iapd_state_compilation,110484,CA,APPROVED,2024-08-30,CREATIVE RESOURCES INVESTMENT ADVISORS LLC,"CREATIVE RESOURCES INVESTMENT ADVISORS, LLC"
iapd,iapd_state_compilation,110660,CA,APPROVED,2012-06-22,"PAMPEL & ASSOCIATES, INC.","PAMPEL & ASSOCIATES, INC."
iapd,iapd_state_compilation,110925,CA,APPROVED,2012-08-23,"GOLD COAST SECURITIES, INC.","GOLD COAST SECURITIES, INC."
iapd,iapd_state_compilation,111192,CA,APPROVED,2000-02-23,"ROYAL AMERICAN FINANCIAL ADVISORS, LLC","ROYAL AMERICAN FINANCIAL ADVISORS, LLC"
iapd,iapd_state_compilation,111203,CA,APPROVED,2012-05-21,DBA GENERATIONAL WEALTH STRATEGIES,"ADVANTAGE ASSET MANAGEMENT, INC."
iapd,iapd_state_compilation,111233,CA,APPROVED,2001-02-08,"MARKETFORCE, LLC","MARKETFORCE, LLC"
iapd,iapd_state_compilation,111238,CA,APPROVED,2014-10-02,SIMPSON CAPITAL MANAGEMENT,"SIMPSON CAPITAL MANAGMENT, INC"
iapd,iapd_state_compilation,111239,CA,APPROVED,1998-11-17,OPTIMUS ADVISORY GROUP,"OPTIMUS ADVISORY GROUP, LLC"
iapd,iapd_state_compilation,111249,CA,APPROVED,2012-06-28,VAUGHN INVESTMENT ADVISORS INC,VAUGHN INVESTMENT ADVISORS INC
iapd,iapd_state_compilation,111316,CA,APPROVED,1991-07-10,MCFARLAND ASSOCIATES,LANDSWORTH CORPORATION
iapd,iapd_state_compilation,111341,CA,APPROVED,1994-09-12,FINANCIAL STRATEGIES,"RUDD, FRED LYNN"
iapd,iapd_state_compilation,111367,CA,APPROVED,1987-04-27,O.V. DAVI,ORAZIO VINCENT DAVI
iapd,iapd_state_compilation,111396,CA,APPROVED,1995-01-09,BRIAN SLY AND COMPANY,BRIAN SLY AND COMPANY
iapd,iapd_state_compilation,111417,CA,APPROVED,1999-03-17,VERONA CAPITAL MANAGEMENT LLC,VERONA CAPITAL MANAGEMENT LLC
iapd,iapd_state_compilation,111548,CA,APPROVED,1997-03-21,BK CHIN,BRYAN K. CHIN & CO. ASSET MANAGEMENT INC.
iapd,iapd_state_compilation,111580,CA,APPROVED,2006-03-15,"LPR CAPITAL, INC.","LPR CAPITAL, INC."
iapd,iapd_state_compilation,111627,CA,APPROVED,1999-01-21,"OLESKY CAPITAL MANAGEMENT, LLC","OLESKY CAPITAL MANAGEMENT, LLC"
iapd,iapd_state_compilation,111653,CA,APPROVED,2003-03-28,"DON SCHOLL & ASSOCIATES, INC.","DON SCHOLL & ASSOCIATES, INC."
iapd,iapd_state_compilation,111716,CA,APPROVED,2011-08-22,"CYPRESS PRAXIS, LLC","CYPRESS PRAXIS, LLC"
iapd,iapd_state_compilation,111780,CA,APPROVED,1997-10-07,PAUL R. WILLIAMS INVESTMENT ADVISOR,"WILLIAMS, PAUL RUDY"
iapd,iapd_state_compilation,111785,CA,APPROVED,1996-08-15,RICHARD LEES CAPITAL MANAGEMENT,RICHARD LEES CAPITAL MANAGEMENT
iapd,iapd_state_compilation,111801,CA,APPROVED,2012-06-20,ANCHOR FINANCIAL GROUP,ANCHOR FINANCIAL GROUP
iapd,iapd_state_compilation,111852,CA,APPROVED,2021-01-27,THE DELTA GROUP,DELTA ADVISORS
iapd,iapd_state_compilation,111892,CA,APPROVED,1998-03-30,"SOUND PLANNING AND INVESTMENTS, LLC","SOUND PLANNING AND INVESTMENTS, LLC"
iapd,iapd_state_compilation,111937,CA,APPROVED,1998-07-02,CAPSTAN LLC,CAPSTAN L.L.C.
iapd,iapd_state_compilation,111947,CA,APPROVED,1992-05-28,HEARTH CAPITAL MANAGEMENT,HEARTH CAPITAL MANAGEMENT
iapd,iapd_state_compilation,111954,CA,APPROVED,1998-04-13,RCV FINANCIAL SERVICES,RONALD CHRISTOPHER VERBECK
iapd,iapd_state_compilation,111971,CA,APPROVED,1987-02-27,"KENNETH E. BOONE WEALTH MANAGEMENT, LLC","KENNETH E. BOONE WEALTH MANAGEMENT, LLC"
iapd,iapd_state_compilation,112001,CA,APPROVED,1998-07-16,KOBATA FINANCIAL,"KOBATA, NELSON M."
iapd,iapd_state_compilation,112015,CA,APPROVED,1988-03-01,GERALD BUTRIMOVITZ WEALTH ADVISORY,"BUTRIMOVITZ, GERALD PAUL"
iapd,iapd_state_compilation,112052,CA,APPROVED,1996-10-28,"JACKSON ASSET MANAGEMENT, INC","JACKSON ASSET MANAGEMENT, INC"
iapd,iapd_state_compilation,112055,CA,APPROVED,1999-09-13,SIERRA CAPITAL MANAGEMENT,"GARRISON, STANLEY SCOTT"
iapd,iapd_state_compilation,112135,CA,APPROVED,1985-01-17,DBA STEIN INVESTMENT SERVICES,"JOHN PICARD STEIN , PH.D."
iapd,iapd_state_compilation,112229,CA,APPROVED,2005-04-27,"DIVERSIFIED PLANNING CONCEPTS, INC.","DIVERSIFIED PLANNING CONCEPTS, INC."
iapd,iapd_state_compilation,112327,CA,APPROVED,2012-05-30,"LA JOLLA ASSET MANAGEMENT, INC.","LA JOLLA ASSET MANAGEMENT, INC."
iapd,iapd_state_compilation,112365,CA,APPROVED,2011-07-19,SULLIVAN CAPITAL MANAGEMENT,SULLIVAN JOHN LAWRENCE
iapd,iapd_state_compilation,112473,CA,APPROVED,1997-08-08,"LINDA A. WALKER, CFP","WALKER, LINDA ANN"
iapd,iapd_state_compilation,112502,CA,APPROVED,1998-09-24,ACCUMULATION STRATEGIES,"KAHN, RONNIE ALAN"
iapd,iapd_state_compilation,112537,CA,APPROVED,2012-05-21,GREGORY ADVISORS INC.,GREGORY ADVISORS INCORPORATED
iapd,iapd_state_compilation,112616,CA,APPROVED,1994-05-12,"WEIL ASSOCIATES, INC.","WEIL ASSOCIATES, INC."
iapd,iapd_state_compilation,112804,CA,APPROVED,1999-02-17,FINANCIAL TELESIS COMPANY,FINANCIAL TELESIS COMPANY
iapd,iapd_state_compilation,112845,CA,APPROVED,2005-07-11,"MERIDIAN WEALTH MANAGEMENT, INC","MERIDIAN WEALTH MANAGEMENT, INC"
iapd,iapd_state_compilation,112862,CA,APPROVED,1992-05-05,"DOUGLAS W. JONES ASSOCIATES FINANCIAL & INSURANCE SERVICES, INC.","DOUGLAS W. JONES ASSOCIATES FINANCIAL & INSURANCE SERVICES, INC."
iapd,iapd_state_compilation,112877,CA,APPROVED,2002-07-01,"BFF WEALTH MANAGEMENT, INC.","BFF WEALTH MANAGEMENT, INC."
iapd,iapd_state_compilation,112929,CA,APPROVED,1999-01-01,"ROSLUND, JOHN CABELL","ROSLUND, JOHN CABELL"
iapd,iapd_state_compilation,112946,CA,APPROVED,2001-08-20,"MARELLO INVESTMENT ADVISORS, INC.","MARELLO INVESTMENT ADVISORS, INC."
iapd,iapd_state_compilation,112954,CA,APPROVED,2005-04-06,"FERNANDEZ FINANCIAL ADVISORY, LLC","FERNANDEZ FINANCIAL ADVISORY, L.L.C."
iapd,iapd_state_compilation,112976,CA,APPROVED,2001-04-17,"PROFIT STRATEGIES, INC.","PROFIT STRATEGIES, INCORPORATED"
iapd,iapd_state_compilation,112978,CA,APPROVED,1998-01-01,"CLIFFORD FINANCIAL PLANNING, INC.","CLIFFORD FINANCIAL PLANNING, INC."
iapd,iapd_state_compilation,113080,CA,APPROVED,1995-12-18,"DAVID DE KOEKKOEK, CFP, EA","DE KOEKKOEK, DAVID GLENN"
iapd,iapd_state_compilation,113095,CA,APPROVED,1998-12-02,DOUGLAS BRIAN NEYLAND,DOUGLAS BRIAN NEYLAND
iapd,iapd_state_compilation,113127,CA,APPROVED,2005-01-05,JIM MCKEEVER,"MCKEEVER, JAMES, LOUIS"
iapd,iapd_state_compilation,113249,CA,APPROVED,1999-06-09,"HAYKIN, MICHAEL","HAYKIN, MICHAEL"
iapd,iapd_state_compilation,113273,CA,APPROVED,2000-04-10,"ASCEND FINANCIAL ADVISERS, INC","ASCEND FINANCIAL ADVISERS, INC"
iapd,iapd_state_compilation,113329,CA,APPROVED,1990-04-24,THE FINANCIAL ADVISORY GROUP,JAMES O. DAVIS
iapd,iapd_state_compilation,113338,CA,APPROVED,2001-01-10,PUBLIC RESOURCES ADVISORY GROUP,"PUBLIC RESOURCES ADVISORY GROUP, INC."
iapd,iapd_state_compilation,113351,CA,APPROVED,2006-07-27,"DOTY EQUITY ADVISORS, INC.","DOTY EQUITY ADVISORS, INC."
iapd,iapd_state_compilation,113421,CA,APPROVED,2001-08-06,ROCKY MOUNTAIN HUMANE INVESTING LLC,ROCKY MOUNTAIN HUMANE INVESTING LLC
iapd,iapd_state_compilation,113450,CA,APPROVED,1996-01-09,OAKVALE INVESTMENTS INC.,OAKVALE INVESTMENTS INC.
iapd,iapd_state_compilation,113505,CA,APPROVED,2003-01-01,"BRASCIA INVESTMENT MANAGEMENT, INC.","BRASCIA INVESTMENT MANAGEMENT, INC."
iapd,iapd_state_compilation,113719,CA,APPROVED,2012-06-20,BACHE CAPITAL MANAGEMENT,"BACHE CAPITAL MANAGEMENT, INC."
iapd,iapd_state_compilation,113726,CA,APPROVED,2003-01-15,FITCH FINANCIAL ADVISORS LLC,FITCH FINANCIAL ADVISORS LLC
iapd,iapd_state_compilation,113822,CA,APPROVED,2010-02-24,INSIGHT FINANCIAL ADVISORS,"DELGADO, WANDA LEE"
iapd,iapd_state_compilation,114022,CA,APPROVED,2012-08-17,BACON & COMPANY,BACON & COMPANY
iapd,iapd_state_compilation,114047,CA,APPROVED,1994-07-19,RICHARD VEERMAN,RICHARD VEERMAN
iapd,iapd_state_compilation,114076,CA,APPROVED,2012-06-28,"WRIGHT FINANCIAL, LLC","WRIGHT FINANCIAL, LLC"
iapd,iapd_state_compilation,114091,CA,APPROVED,1995-03-17,NIX WEALTH MANAGEMENT,"NIX, JOSEPH B."
iapd,iapd_state_compilation,114124,CA,APPROVED,2001-10-15,THE ASTRAEA CORPORATION,THE ASTRAEA CORPORATION
iapd,iapd_state_compilation,114127,CA,APPROVED,2012-07-06,"HAMILTON-BATES INVESTMENT RESEARCH, INC.","HAMILTON-BATES INVESTMENT RESEARCH, INC."
iapd,iapd_state_compilation,114131,CA,APPROVED,1991-01-14,"WILLIAM C. HOEFFER, JR. INC.","WILLIAM C. HOEFFER, JR. INC."
iapd,iapd_state_compilation,114136,CA,APPROVED,2002-02-21,"EDGEMONT INVESTMENT MANAGEMENT, LLC","EDGEMONT INVESTMENT MANAGEMENT, LLC"
iapd,iapd_state_compilation,114170,CA,APPROVED,2021-06-07,"CPA ADVISORY SERVICES, P.C.","CPA ADVISORY SERVICES, P.C."
iapd,iapd_state_compilation,114519,CA,APPROVED,2001-09-26,"MFAC FINANCIAL ADVISORS, INC.","MFAC FINANCIAL ADVISORS, INC."
iapd,iapd_state_compilation,114996,CA,APPROVED,2010-04-20,KENTOR FINANCIAL,THE MICHAEL KENTOR COMPANY
iapd,iapd_state_compilation,115038,CA,APPROVED,1998-01-01,FJP PORTFOLIO MANAGEMENT,"PANTOJA, FRANCISCO JAVIER"
iapd,iapd_state_compilation,115058,CA,APPROVED,2012-04-20,CHILDRESS INVESTMENT MANAGEMENT,FRANK ALEXANDER CHILDRESS
iapd,iapd_state_compilation,115086,CA,APPROVED,2012-07-12,"BAKER JENSEN INVESTMENT ADVISORS, LLC","BAKER JENSEN INVESTMENT ADVISORS, LLC"
iapd,iapd_state_compilation,115115,CA,APPROVED,2001-08-30,WESTERN GROWERS FINANCIAL SERVICES,"WESTERN GROWERS FINANCIAL SERVICES, INC."
iapd,iapd_state_compilation,115310,CA,APPROVED,2001-10-04,MISSION STREET WEALTH PLANNING,"PIA, GARY ERNEST"
iapd,iapd_state_compilation,115336,CA,APPROVED,2000-08-15,"ENCORE WEALTH ADVISORS, LLC","ENCORE WEALTH ADVISORS, LLC"
iapd,iapd_state_compilation,115378,CA,APPROVED,2026-02-23,"57 WEST CAPITAL ADVISORS, INC.","57 WEST CAPITAL ADVISORS, INC."
iapd,iapd_state_compilation,115416,CA,APPROVED,2014-08-19,PURSUIT WEALTH MANAGEMENT,FINANCIAL INVESTMENTS RESEARCH & MANAGEMENT LLC
iapd,iapd_state_compilation,115537,CA,APPROVED,2022-05-19,"MENTOR FINANCIAL ADVISORY GROUP, LTD.","MENTOR FINANCIAL ADVISORY GROUP, LTD."
iapd,iapd_state_compilation,115545,CA,APPROVED,1991-01-08,STEINMETZ FINANCIAL PLANNING,"STEINMETZ, BARBARA LYNN"
iapd,iapd_state_compilation,115592,CA,APPROVED,2012-08-10,SATORI FINANCIAL LLC,SATORI FINANCIAL LLC
iapd,iapd_state_compilation,115826,CA,APPROVED,2001-11-13,MEDCENTRIC FINANCIAL NETWORK,MEDCENTRIC FINANCIAL NETWORK
iapd,iapd_state_compilation,115838,CA,APPROVED,2000-06-06,PREMIER ADVISORY GROUP,WBM MANAGEMENT CORP.
iapd,iapd_state_compilation,115901,CA,APPROVED,2020-05-29,LEGACY FINANCIAL GROUP,"LEGACY FINANCIAL GROUP, LLC"
iapd,iapd_state_compilation,115903,CA,APPROVED,2000-06-13,BRUCE JAMES THOMAS JR,"THOMAS,BRUCE JAMES JR."
iapd,iapd_state_compilation,115906,CA,APPROVED,2000-04-13,GOLDSTRAND PLANNING GROUP,"GOLDSTRAND, DENNIS JOSEPH"
iapd,iapd_state_compilation,116174,CA,APPROVED,2008-04-16,"PERCY E. BOLTON ASSOCIATES, INC.","PERCY E. BOLTON ASSOCIATES, INC."
iapd,iapd_state_compilation,116276,CA,APPROVED,2007-06-07,"BERNTSON PORTER WEALTH MANAGEMENT, LLC","BERNTSON PORTER WEALTH MANAGEMENT, LLC"
iapd,iapd_state_compilation,116281,CA,APPROVED,2002-01-14,E. DEMMLER AND ASSOCIATES,EUGENE C. DEMMLER
iapd,iapd_state_compilation,116413,CA,APPROVED,1996-08-09,"ALL WEATHER PORTFOLIO MANAGEMENT, INC.","ALL WEATHER PORTFOLIO MANAGEMENT, INC."
iapd,iapd_state_compilation,116857,CA,APPROVED,2022-03-02,R.M. DUNCAN CAPITAL MANAGEMENT CORPORATION,R.M. DUNCAN CAPITAL MANAGEMENT CORPORATION
iapd,iapd_state_compilation,117136,CA,APPROVED,2001-12-18,MARK HARRIS SERVICES,"HARRIS, MARK"
iapd,iapd_state_compilation,117401,CA,APPROVED,2017-01-18,"U.S. ADVISORS, INC.","U.S. ADVISORS, INC."
iapd,iapd_state_compilation,117423,CA,APPROVED,2024-05-28,"LEGACY INVESTMENT STRATEGIES, LLC","LEGACY INVESTMENT STRATEGIES, LLC"
iapd,iapd_state_compilation,117491,CA,APPROVED,2012-07-10,KCPAG FINANCIAL ADVISORS LLC,KCPAG FINANCIAL ADVISORS LLC
iapd,iapd_state_compilation,117551,CA,APPROVED,1996-08-05,LAGOS WEALTH ADVISORS,"LAGOS FINANCIAL & INSURANCE SERVICES, INC."
iapd,iapd_state_compilation,117598,CA,APPROVED,2016-11-17,"JR SNELL CAPITAL MANAGEMENT, LLC","JR SNELL CAPITAL MANAGEMENT, LLC"
iapd,iapd_state_compilation,117872,CA,APPROVED,2006-06-27,"NEW WEST INVESTMENT MANAGEMENT, INC.","NEW WEST INVESTMENT MANAGEMENT, INC."
iapd,iapd_state_compilation,117889,CA,APPROVED,1999-12-15,WAYNE GILBERT & COMPANY,"GILBERT, WAYNE EUGENE"
iapd,iapd_state_compilation,117992,CA,APPROVED,2018-02-21,WHITE PINE INVESTMENTS,"KUSTAS, ANDREW LOUIS"
iapd,iapd_state_compilation,118081,CA,APPROVED,2016-04-08,"WOMACK INVESTMENT ADVISERS, INC","WOMACK INVESTMENT ADVISERS, INC"
iapd,iapd_state_compilation,118178,CA,APPROVED,2002-02-27,THE INVESTMENT AND PHILANTHROPY CORPORATION,THE INVESTMENT AND PHILANTHROPY CORPORATION
iapd,iapd_state_compilation,118324,CA,APPROVED,2003-01-01,ASPEN WEALTH PLANNERS LLC,ASPEN WEALTH PLANNERS LLC
iapd,iapd_state_compilation,118358,CA,APPROVED,2012-06-26,IQ TRENDS PRIVATE CLIENT ASSET MANAGEMENT,"KELLEY WRIGHT & COMPANY, INC."
iapd,iapd_state_compilation,118383,CA,APPROVED,1997-04-10,"WESTERLY INVESTMENTS, INC.","WESTERLY INVESTMENTS, INC."
iapd,iapd_state_compilation,118391,CA,APPROVED,2012-05-07,"FRIED ASSET MANAGEMENT, INC.","FRIED ASSET MANAGEMENT, INC."
iapd,iapd_state_compilation,118417,CA,APPROVED,2000-05-15,"LIVE OAK ADVISORS, LLC","LIVE OAK ADVISORS, LLC"
iapd,iapd_state_compilation,118440,CA,APPROVED,2004-06-17,"WBB SECURITIES, LLC","WBB SECURITIES, LLC"
iapd,iapd_state_compilation,118512,CA,APPROVED,1992-09-04,"LEE, KIMUN","LEE, KIMUN"
iapd,iapd_state_compilation,118547,CA,APPROVED,2017-05-31,"FINANCIAL PLANNING CONSULTANTS, LLC","FINANCIAL PLANNING CONSULTANTS, LLC"
iapd,iapd_state_compilation,118767,CA,APPROVED,2001-10-16,"EPIC WEALTH ADVISORS, INC.","EPIC WEALTH ADVISORS, INC."
iapd,iapd_state_compilation,118786,CA,APPROVED,2015-04-06,SCOTTSDALE CAPITAL ADVISORS CORPORATION,SCOTTSDALE CAPITAL ADVISORS CORPORATION
iapd,iapd_state_compilation,118805,CA,APPROVED,2001-08-29,"AFH ASSET MANAGEMENT, INC.","AFH ASSET MANAGEMENT, INC."
iapd,iapd_state_compilation,118857,CA,APPROVED,2023-04-07,HARRIS INVESTMENT ADVISORS LLC,HARRIS INVESTMENT ADVISORS LLC
iapd,iapd_state_compilation,118900,CA,APPROVED,2001-01-01,KLEIN FINANCIAL ADVISORS,JOHN HENRY MANAGEMENT COMPANY
iapd,iapd_state_compilation,118914,CA,APPROVED,2011-09-13,"SUN VALLEY ADVISORS, INC.","SUN VALLEY ADVISORS, INC."
iapd,iapd_state_compilation,119168,CA,APPROVED,1997-07-14,"FINANCIAL PLANNING CONCEPTS, INC.","FINANCIAL PLANNING CONCEPTS, INC."
iapd,iapd_state_compilation,119180,CA,APPROVED,2002-09-16,G. ALLEN FINANCIAL INC.,G. ALLEN FINANCIAL INC.
iapd,iapd_state_compilation,119181,CA,APPROVED,1985-01-16,CONSOLIDATED FINANCIAL MANAGEMENT CORP.,CONSOLIDATED FINANCIAL MANAGEMENT CORP.
iapd,iapd_state_compilation,119226,CA,APPROVED,2002-05-08,"NORTH COAST ASSET MANAGEMENT, INC.","NORTH COAST ASSET MANAGEMENT, INC."
iapd,iapd_state_compilation,119350,CA,APPROVED,1980-01-10,"LAWRENCE J. CHAZEN, INC.","LAWRENCE J. CHAZEN, INC."
iapd,iapd_state_compilation,119554,CA,APPROVED,2002-09-20,HANCOCK WEALTH ADVISORY,"HANCOCK, STEPHANIE RENAE"
iapd,iapd_state_compilation,119567,CA,APPROVED,1997-09-15,"AB HHELIO ASSOCIATES, INC.","AB HHELIO ASSOCIATES, INC."
iapd,iapd_state_compilation,119584,CA,APPROVED,2025-06-20,"HILLTOP ADVISORS, LLC","HILLTOP ADVISORS, LLC"
iapd,iapd_state_compilation,119628,CA,APPROVED,2019-01-16,"GLATT AND ASSOCIATES, LLC","GLATT AND ASSOCIATES, LLC"
iapd,iapd_state_compilation,119667,CA,APPROVED,2001-05-02,MAINLAND FINANCIAL,MAINLAND FINANCIAL SERVICES LLC
iapd,iapd_state_compilation,119727,CA,APPROVED,1994-09-15,JAMES P. HANSON ACCOUNTANCY CORPORATION,JAMES P. HANSON ACCOUNTANCY CORPORATION
iapd,iapd_state_compilation,119798,CA,APPROVED,1997-10-09,"REDWOOD FINANCIAL ADVISORS, INC","REDWOOD FINANCIAL ADVISORS, INC"
iapd,iapd_state_compilation,120017,CA,APPROVED,2004-07-01,ASSET SOLUTIONS,"ASSET SOLUTIONS ADVISORY SERVICES, INC"
iapd,iapd_state_compilation,120040,CA,APPROVED,1997-04-15,POWER INVESTING,MICHAEL DAVID POWER
iapd,iapd_state_compilation,120056,CA,APPROVED,2002-06-03,"SOARES FINANCIAL, INC.","SOARES FINANCIAL, INC."
iapd,iapd_state_compilation,120132,CA,APPROVED,1995-07-18,"T.M. MURPHY INVESTMENT MANAGEMENT, INC.","T.M. MURPHY INVESTMENT MANAGEMENT, INC."
iapd,iapd_state_compilation,120177,CA,APPROVED,2012-06-18,"ABUNDA FINANCIAL, LLC","ABUNDA FINANCIAL, LLC"
iapd,iapd_state_compilation,120284,CA,APPROVED,1995-12-21,STELLAR FINANCIAL PLANNING,"STARR, MICHAEL, DBA STELLAR FINANCIAL PLANNING"
iapd,iapd_state_compilation,120343,CA,APPROVED,2007-01-01,INTEGRAL FINANCIAL LLC,INTEGRAL FINANCIAL LLC
iapd,iapd_state_compilation,120651,CA,APPROVED,2010-04-06,"MATHEMATICA CAPITAL MANAGEMENT, LLC","MATHEMATICA CAPITAL MANAGEMENT, LLC"
iapd,iapd_state_compilation,120782,CA,APPROVED,2002-07-18,VIOS ASSET MANAGEMENT LLC,VIOS ASSET MANAGEMENT LLC
iapd,iapd_state_compilation,120866,CA,APPROVED,2002-07-19,CARION DOTY ADVISORS LLC,CARION DOTY ADVISORS LLC
iapd,iapd_state_compilation,121045,CA,APPROVED,2007-07-17,"SENSIBLE PORTFOLIOS, LLC","SENSIBLE PORTFOLIOS, LLC"
iapd,iapd_state_compilation,121196,CA,APPROVED,2009-11-09,MCNALLY FINANCIAL SERVICES CORPORATION,MCNALLY FINANCIAL SERVICES CORPORATION
iapd,iapd_state_compilation,121205,CA,APPROVED,2001-04-23,"MCCLURE INVESTMENT MANAGEMENT, LLC","MCCLURE INVESTMENT MANAGEMENT, LLC"
iapd,iapd_state_compilation,121206,CA,APPROVED,2012-06-05,"SCARSDALE INVESTMENT GROUP, LTD.","SCARSDALE INVESTMENT GROUP, LTD."
iapd,iapd_state_compilation,121223,CA,APPROVED,2002-08-15,BERKELEY INVESTMENT ADVISORS,BERKELEY INVESTMENT ADVISORS
iapd,iapd_state_compilation,121244,CA,APPROVED,2002-08-07,"4LB INVESTMENTS, LLC","4LB INVESTMENTS, LLC"
iapd,iapd_state_compilation,121519,CA,APPROVED,2009-08-31,COHNREZNICK WEALTH MANAGEMENT LLC,COHNREZNICK WEALTH MANAGEMENT LLC
iapd,iapd_state_compilation,121784,CA,APPROVED,1992-02-03,"FIRESIDE FINANCIAL PLANNING, INC.","FIRESIDE FINANCIAL PLANNING, INC."
iapd,iapd_state_compilation,121845,CA,APPROVED,2001-11-28,EASAN KATIR WEALTH MANAGEMENT,"KATIR, EASAN"
iapd,iapd_state_compilation,121920,CA,APPROVED,2001-02-15,RIDGEWOOD CAPITAL MANAGEMENT,"RIDGEWOOD CAPITAL MANAGEMENT, INC."
iapd,iapd_state_compilation,121925,CA,APPROVED,2002-09-20,"WILSON, CLARK ALLEN","WILSON, CLARK ALLEN"
iapd,iapd_state_compilation,122072,CA,APPROVED,2020-09-09,"ELLIOTT FINANCIAL, LLC","ELLIOTT FINANCIAL, LLC"
iapd,iapd_state_compilation,122074,CA,APPROVED,2003-01-01,BWS FINANCIAL,BWS FINANCIAL INC.
iapd,iapd_state_compilation,122181,CA,APPROVED,2018-01-26,"BENEFITS PLUS, LLC","BENEFITS PLUS, LLC"
iapd,iapd_state_compilation,122230,CA,APPROVED,2000-01-13,"MAPLETON CAPITAL MANAGEMENT, LLC","MAPLETON CAPITAL MANAGEMENT, LLC"
iapd,iapd_state_compilation,122236,CA,APPROVED,2006-07-20,"ANWEILER FINANCIAL MANAGEMENT, LLC","ANWEILER FINANCIAL MANAGEMENT, LLC"
iapd,iapd_state_compilation,122278,CA,APPROVED,2003-02-07,"ANSELME CAPITAL, INC.","ANSELME CAPITAL, INC."
iapd,iapd_state_compilation,122345,CA,APPROVED,2017-02-06,"OPUS INVESTMENT ADVISORS, LLC","OPUS INVESTMENT ADVISORS, LLC"
iapd,iapd_state_compilation,122436,CA,APPROVED,2006-07-26,STERLING FUTURES,STERLING FUTURES
iapd,iapd_state_compilation,122443,CA,APPROVED,2012-07-10,STEVEN AYERS & COMPANY,STEVEN AYERS & COMPANY
iapd,iapd_state_compilation,122821,CA,APPROVED,2012-06-22,"AVONDALE CONQUEST, LLC","AVONDALE CONQUEST, LLC"
iapd,iapd_state_compilation,122827,CA,APPROVED,2002-10-17,"FHT, LLC","FHT, LLC"
iapd,iapd_state_compilation,122892,CA,APPROVED,2004-06-18,"WEALTH MANAGEMENT INSTITUTE, INC.","WEALTH MANAGEMENT INSTITUTE, INC."
iapd,iapd_state_compilation,122910,CA,APPROVED,2002-11-26,THE INDEPENDENT FINANCIAL GROUP,"LORENZEN, JAMES MARION"
iapd,iapd_state_compilation,122944,CA,APPROVED,2003-01-01,TAYLOR & ASSOCIATES,"TAYLOR, NIGEL BRIAN"
iapd,iapd_state_compilation,123029,CA,APPROVED,1998-06-03,"GEBHART & ASSOCIATES, INC","GEBHART & ASSOCIATES, INC"
iapd,iapd_state_compilation,123181,CA,APPROVED,2016-07-22,"STONEBROOK CAPITAL MANAGEMENT, INC.","STONEBROOK CAPITAL MANAGEMENT, INC"
iapd,iapd_state_compilation,123189,CA,APPROVED,2003-08-06,"MAINSTREET FINANCIAL PLANNING, INC.","MAINSTREET FINANCIAL PLANNING, INC."
iapd,iapd_state_compilation,123233,CA,APPROVED,2003-01-01,RISING CAPITAL INC.,RISING CAPITAL INC.
iapd,iapd_state_compilation,123237,CA,APPROVED,2026-09-24,MARIN WEALTH ADVISORS LLC,MARIN WEALTH ADVISORS LLC
iapd,iapd_state_compilation,123266,CA,APPROVED,2004-02-17,MONTECITO CAPITAL MANAGEMENT,"LYTEL, KIPLEY J."
iapd,iapd_state_compilation,123470,CA,APPROVED,1997-07-28,GILMAN HARRIS TRAVIOLI SLOVER ACCOUNTANCY CORPORATION,GILMAN HARRIS TRAVIOLI SLOVER ACCOUNTANCY CORPORATION
iapd,iapd_state_compilation,123471,CA,APPROVED,2003-01-22,PARIVEDA INVESTMENT MANAGEMENT,"PARIVEDA, INC."
iapd,iapd_state_compilation,123539,CA,APPROVED,2003-09-29,"GRAHAM & CO. ADVISORY, INC.","GRAHAM & CO. ADVISORY, INC."
iapd,iapd_state_compilation,123610,CA,APPROVED,2021-03-08,W.K. COOPER II ASSET MANAGEMENT CORPORATION,W.K. COOPER II ASSET MANAGEMENT CORPORATION
iapd,iapd_state_compilation,123651,CA,APPROVED,2012-06-07,"THE LEONARD FINANCIAL GROUP, LLC","THE LEONARD FINANCIAL GROUP, LLC"
iapd,iapd_state_compilation,123659,CA,APPROVED,2012-03-14,FINANCIAL VISION LLC,FINANCIAL VISION LLC
iapd,iapd_state_compilation,123688,CA,APPROVED,2012-04-17,VERDANT CAPITAL MANAGEMENT,VERDANT CAPITAL MANAGEMENT INC.
iapd,iapd_state_compilation,123747,CA,APPROVED,2012-01-13,"THE SOCIAL EQUITY GROUP, INC.","THE SOCIAL EQUITY GROUP, INC."
iapd,iapd_state_compilation,123754,CA,APPROVED,2012-02-17,AMERICAN BUSINESS CAPITAL,AMERICAN BUSINESS CAPITAL CORPORATION
iapd,iapd_state_compilation,123900,CA,APPROVED,2002-06-05,"SPAHR FINANCIAL GROUP, LLC","SPAHR FINANCIAL GROUP, LLC"
iapd,iapd_state_compilation,124036,CA,APPROVED,2003-01-01,"WEALTHTARGET INVESTMENT ADVISORS, LLC","WEALTHTARGET INVESTMENT ADVISORS, LLC"
iapd,iapd_state_compilation,124085,CA,APPROVED,2012-05-16,"FINANCIAL SECURITY SOLUTIONS, CORP.","FINANCIAL SECURITY SOLUTIONS, CORP."
iapd,iapd_state_compilation,124124,CA,APPROVED,2003-01-06,DOMANI INVESTMENTS INC.,DOMANI INVESTMENTS INC.
iapd,iapd_state_compilation,124239,CA,APPROVED,1993-01-01,INVESTEK COMPANY,"INVESTEK COMPANY, LLC"
iapd,iapd_state_compilation,124267,CA,APPROVED,2015-06-30,"KAY INVESTMENTS, INC.","KAY INVESTMENTS, INC."
iapd,iapd_state_compilation,124289,CA,APPROVED,1981-06-01,NEW DIMENSIONS INVESTMENT COMPANY,"CHOW, BRIAN GEE-YIN"
iapd,iapd_state_compilation,124299,CA,APPROVED,2004-03-16,"BMA ADVISORS, LLC","BMA ADVISORS, LLC"
iapd,iapd_state_compilation,124302,CA,APPROVED,2001-04-30,"DOCSA CAPITAL MANAGEMENT, INC.","DOCSA CAPITAL MANAGEMENT, INC."
iapd,iapd_state_compilation,124363,CA,APPROVED,2003-01-29,HERRINGTON INVESTMENT SOLUTIONS,"HERRINGTON INVESTMENT SOLUTIONS, INC."
iapd,iapd_state_compilation,124368,CA,APPROVED,2003-01-10,"WEALTH ENHANCEMENT & PRESERVATION, INC.","WEALTH ENHANCEMENT & PRESERVATION, INC."
iapd,iapd_state_compilation,124568,CA,APPROVED,1995-01-20,PETERSEN AND HICKS,PETERSEN AND HICKS
iapd,iapd_state_compilation,124694,CA,APPROVED,1999-08-12,"RIBERA INVESTMENT MANAGEMENT, LLC","RIBERA INVESTMENT MANAGEMENT, LLC"
iapd,iapd_state_compilation,124751,CA,APPROVED,2003-07-11,HALEAKALA INVESTMENT ADVISORS,"GILREATH, MARK EDWARD"
iapd,iapd_state_compilation,124844,CA,APPROVED,1994-06-09,QEX CAPITAL MANAGEMENT INC,QEX CAPITAL MANAGEMENT INC
iapd,iapd_state_compilation,124965,CA,APPROVED,2003-05-23,SEMAPHORE INVESTMENTS,"SEMAPHORE INVESTMENTS,INC"
iapd,iapd_state_compilation,125071,CA,APPROVED,2012-06-05,CIOVACCO CAPITAL MANAGEMENT,CIOVACCO CAPITAL MANAGEMENT LLC
iapd,iapd_state_compilation,125134,CA,APPROVED,1995-11-21,"SMITH, BLAIR","SMITH, BLAIR DAVID"
iapd,iapd_state_compilation,125163,CA,APPROVED,2017-01-10,COGENT CAPITAL GROUP,"MIND SPAN, INC."
iapd,iapd_state_compilation,125306,CA,APPROVED,2003-03-27,TOWNE INVESTMENTS LLC,TOWNE INVESTMENTS LLC
iapd,iapd_state_compilation,125451,CA,APPROVED,2003-04-11,SIERRA FINANCIAL PLANNING & ASSET MANAGEMENT,"JOHNSON, JACK IRVING"
iapd,iapd_state_compilation,125488,CA,APPROVED,2003-06-24,SMITH COMPANY FINANCIAL ADVISORS / FUSION FUNDS,FUSION ADVISOR
iapd,iapd_state_compilation,125676,CA,APPROVED,2008-01-14,RJ PACE FINANCIAL,"RJ PACE FINANCIAL, LLC"
iapd,iapd_state_compilation,125899,CA,APPROVED,1996-08-29,DE LUCHI INVESTMENT MANAGEMENT,"DE LUCHI, STEPHEN FRANK"
iapd,iapd_state_compilation,126725,CA,APPROVED,2003-06-05,APPLIED ADVISOR,APPLIED ADVISOR LLC
iapd,iapd_state_compilation,126791,CA,APPROVED,2018-01-24,"STEVE GARRETT AND ASSOCIATES,INC.","STEVE GARRETT AND ASSOCIATES,INC."
iapd,iapd_state_compilation,126811,CA,APPROVED,2003-06-18,SIERRA SHORE FINANCIAL,"HOLLETT,EDWARD ALAN"
iapd,iapd_state_compilation,126834,CA,APPROVED,1997-01-30,CONTEMPORARY PLANNING ALTERNATIVES,"DEAN, RICHARD WAYNE"
iapd,iapd_state_compilation,126837,CA,APPROVED,2005-03-21,"OPULENT STRATEGIES, LLC","OPULENT STRATEGIES, LLC"
iapd,iapd_state_compilation,126934,CA,APPROVED,2003-12-09,"FISCALIS ADVISORY, INC.","FISCALIS ADVISORY, INC."
iapd,iapd_state_compilation,126981,CA,APPROVED,2009-07-08,"MICHAEL J.D. MCCALL, LLC","MICHAEL J.D. MCCALL, LLC"
iapd,iapd_state_compilation,126990,CA,APPROVED,2004-01-01,JERSIN FINANCIAL SERVICES,"JERSIN FINANCIAL SERVICES, INC."
iapd,iapd_state_compilation,127016,CA,APPROVED,2003-07-31,WILLIAM HENRY YARNALL III,"YARNALL III, WILLIAM HENRY"
iapd,iapd_state_compilation,127023,CA,APPROVED,2004-03-03,"CAPITAL INTELLIGENCE ADVISORS, INC.","CAPITAL INTELLIGENCE ADVISORS, INC."
iapd,iapd_state_compilation,127066,CA,APPROVED,2024-02-07,"JASMIJN CAPITAL MANAGEMENT, LLC","JASMIJN CAPITAL MANAGEMENT, LLC"
iapd,iapd_state_compilation,127100,CA,APPROVED,2003-07-14,"SILBERMAN WEALTH STRATEGIES, INC.","SILBERMAN WEALTH STRATEGIES, INC."
iapd,iapd_state_compilation,127104,CA,APPROVED,2003-09-23,MUHR ADVISORY GROUP,"MUHR, JEFFREY, LOUIS"
iapd,iapd_state_compilation,127126,CA,APPROVED,2003-06-23,SYNERGIST WEALTH ADVISORS,SYNERGIST WEALTH ADVISORS LLC
iapd,iapd_state_compilation,127350,CA,APPROVED,2001-10-03,"KELMAR CAPITAL MANAGEMENT, LLC","KELMAR CAPITAL MANAGEMENT, LLC"
iapd,iapd_state_compilation,127409,CA,APPROVED,2003-08-19,WINSHIP WEALTH PARTNERS,"WINSHIP PARK ASSET MANAGEMENT, LLC"
iapd,iapd_state_compilation,127450,CA,APPROVED,2003-08-11,BEN-DAVID FINANCIAL PLANNING,"BEN-DAVID, DORETE"
iapd,iapd_state_compilation,127508,CA,APPROVED,1999-05-26,MENON/BROWN ADVISORY GROUP,"MENON, SASHI"
iapd,iapd_state_compilation,127564,CA,APPROVED,2003-07-30,"HERMITAGE ADVISORS, LTD.","HERMITAGE ADVISORS, LTD."
iapd,iapd_state_compilation,127591,CA,APPROVED,2017-05-11,"LODESTAR ADVISORY GROUP, LLC","LODESTAR ADVISORY GROUP, LLC"
iapd,iapd_state_compilation,127608,CA,APPROVED,2003-09-19,MK CAPITAL GROUP,"KONRAD, MARA , KATHLEEN"
iapd,iapd_state_compilation,127615,CA,APPROVED,2009-08-11,"PACIFIC INVESTMENT ADVISORS, LLC","PACIFIC INVESTMENT ADVISORS, LLC"
iapd,iapd_state_compilation,127634,CA,APPROVED,2003-09-19,CARTER & BALSAM ADVISERS,CARTER & BALSAM ADVISERS
iapd,iapd_state_compilation,127666,CA,APPROVED,2012-04-30,"CLASSIC FINANCIAL & INVESTMENT SERVICES, INC.","CLASSIC FINANCIAL & INVESTMENT SERVICES, INC."
iapd,iapd_state_compilation,127726,CA,APPROVED,2005-08-01,"BERMAN, GIL","BERMAN, YAGIL"
iapd,iapd_state_compilation,127800,CA,APPROVED,2003-10-23,ROBERT HOROWITZ WEALTH MANAGEMENT,"ROBERT V. HOROWITZ, LLC"
iapd,iapd_state_compilation,127822,CA,APPROVED,2019-01-23,LAMBERT CAPITAL MANAGEMENT,"LAMBERT, JOSEPH NEIL"
iapd,iapd_state_compilation,127904,CA,APPROVED,2004-03-16,"VEROS CAPITAL MANAGEMENT, INC.","VEROS CAPITAL MANAGEMENT, INC."
iapd,iapd_state_compilation,127922,CA,APPROVED,2003-11-25,"C & T FINANCIAL SERVICES GROUP, INC.","C & T FINANCIAL SERVICES GROUP, INC."
iapd,iapd_state_compilation,127924,CA,APPROVED,2012-07-12,STRATEGIC FINANCIAL,"KEN GROSS FINANCIAL, INC."
iapd,iapd_state_compilation,128064,CA,APPROVED,2003-09-29,"FORT ROSS CAPITAL MANAGEMENT, LLC","FORTROSS CAPITAL MANAGEMENT, LLC"
iapd,iapd_state_compilation,128077,CA,APPROVED,2003-10-16,"ROCKET CAPITAL MANAGEMENT, L.L.C.","ROCKET CAPITAL MANAGEMENT, L.L.C."
iapd,iapd_state_compilation,128363,CA,APPROVED,2003-10-16,PINNACLE CAPITAL MANAGEMENT,"ELFONT, JEFFREY MICHAEL"
iapd,iapd_state_compilation,128433,CA,APPROVED,2003-10-21,BARBARA S. GAULT,"GAULT, BARBARA STEWART"
iapd,iapd_state_compilation,128462,CA,APPROVED,2003-03-20,LAI CAPITAL MANAGEMENT LLC,LAI CAPITAL MANAGEMENT LLC
iapd,iapd_state_compilation,128494,CA,APPROVED,2012-06-25,"FAMILY WEALTH CONSULTANTS, INC.","FAMILY WEALTH CONSULTANTS, INC."
iapd,iapd_state_compilation,128566,CA,APPROVED,2014-02-24,GROSSMAN FINANCIAL MANAGEMENT,"GROSSMAN, LAWRENCE I"
iapd,iapd_state_compilation,128576,CA,APPROVED,2004-03-30,"BSIAS ADVISORS, LLC","BSIAS ADVISORS, LLC"
iapd,iapd_state_compilation,128617,CA,APPROVED,2004-04-20,CM FIRST CAPITAL CORP.,CM FIRST CAPITAL CORP.
iapd,iapd_state_compilation,128659,CA,APPROVED,2011-03-28,"PENDRAGON CAPITAL MANAGEMENT, INC.","PENDRAGON CAPITAL MANAGEMENT, INC."
iapd,iapd_state_compilation,128702,CA,APPROVED,2004-06-03,TRINITY ASSET MANAGEMENT CO.,TRINITY ASSET MANAGEMENT CORPORATION
iapd,iapd_state_compilation,128714,CA,APPROVED,2012-07-19,"REDFIELD, BLONSKY & STARINSKY, LLC","REDFIELD, BLONSKY & STARINSKY, LLC"
iapd,iapd_state_compilation,128747,CA,APPROVED,2004-07-15,"BREAKWATER INVESTMENT GROUP, LLC","BREAKWATER INVESTMENT GROUP, LLC"
iapd,iapd_state_compilation,128781,CA,APPROVED,2020-01-29,"AI FINANCIAL, INC.","AI FINANCIAL, INC."
iapd,iapd_state_compilation,128852,CA,APPROVED,2022-05-26,"ROBERT WILLIAM SHOEMAKER,III","SHOEMAKER III, ROBERT, WILLIAM"
iapd,iapd_state_compilation,128855,CA,APPROVED,2003-11-18,"FAIRLEAD FINANCIAL ADVISORS, LLC","FAIRLEAD FINANCIAL ADVISORS, LLC"
iapd,iapd_state_compilation,128903,CA,APPROVED,2003-12-05,"RANDOLPH ELDER, CFP","ELDER,RANDOLPH,ALAN"
iapd,iapd_state_compilation,128920,CA,APPROVED,2014-01-28,MCMILLAN ANALYSIS CORPORATION,MCMILLAN ANALYSIS CORPORATION
iapd,iapd_state_compilation,128926,CA,APPROVED,2004-02-03,INSIGHT ASSET MANAGEMENT,INSIGHT ASSET MANAGEMENT LLC
iapd,iapd_state_compilation,128940,CA,APPROVED,1991-09-30,G&F FINANCIAL SERVICES,"DELMAN, GLENN FOSTER"
iapd,iapd_state_compilation,128976,CA,APPROVED,2004-01-02,JOHN FRIEDMAN FINANCIAL,FRIEDMAN JOHN RICHARD
iapd,iapd_state_compilation,129090,CA,APPROVED,2019-01-29,"COAST WEALTH MANAGEMENT, INC.","COAST WEALTH MANAGEMENT, INC."
iapd,iapd_state_compilation,129128,CA,APPROVED,2004-02-19,"OSBORNE GLOBAL INVESTORS, INC.","OSBORNE GLOBAL INVESTMENTS, INC."
iapd,iapd_state_compilation,129214,CA,APPROVED,2004-03-04,NORTHBAY ADVISORS,"NORTHBAY FINANCIAL GROUP, INC."
iapd,iapd_state_compilation,129348,CA,APPROVED,2006-01-03,K. D. CLEWLEY CAPITAL MANAGEMENT,K. D. CLEWLEY CAPITAL MANAGEMENT
iapd,iapd_state_compilation,129367,CA,APPROVED,2021-09-14,S&F INVESTMENT ADVISORS,"FOX, ROGER BENNETT"
iapd,iapd_state_compilation,129504,CA,APPROVED,1998-04-24,CHERYL MORHAUSER & ASSOCIATES,"MORHAUSER, CHERYL ANN"
iapd,iapd_state_compilation,129534,CA,APPROVED,2011-10-31,TEPPER CAPITAL MANAGEMENT,"TEPPER, DAVID LOUIS"
iapd,iapd_state_compilation,129695,CA,APPROVED,2026-03-20,"MW INVESTMENT ADVISOR, LLC","MW INVESTMENT ADVISOR, LLC"
iapd,iapd_state_compilation,129823,CA,APPROVED,2017-09-15,YH&C INVESTMENTS INC.,YH&C INVESTMENTS INC.
iapd,iapd_state_compilation,129828,CA,APPROVED,1997-11-06,ASPIRE ADVISORY SERVICES,"WORCESTER JR, DAVID A"
iapd,iapd_state_compilation,129834,CA,APPROVED,2004-01-26,JOHN SCHOOLER JONES LLC,JOHN SCHOOLER JONES LLC
iapd,iapd_state_compilation,130161,CA,APPROVED,1999-10-18,"MAXIM CAPITAL ADVISORS, INC.","MAXIM CAPITAL ADVISORS, INC."
iapd,iapd_state_compilation,130185,CA,APPROVED,1991-04-08,PORTA INVESTMENT MANAGEMENT,"PORTA, THOMAS KABRICK"
iapd,iapd_state_compilation,130255,CA,APPROVED,1999-06-22,"AMPORN W. LEININGER, SUMMIT FINANCIAL SERVICES","AMPORN W. LEININGER, SUMMIT FINANCIAL SERVICES"
iapd,iapd_state_compilation,130291,CA,APPROVED,2004-06-29,"HILLBERG CAPITAL MANAGEMENT, LLC","HILLBERG CAPITAL MANAGEMENT, LLC"
iapd,iapd_state_compilation,130299,CA,APPROVED,2012-08-22,HARRY LICURSI TAX & RETIREMENT PLANNING,"LICURSI, HARRY EUGENE"
iapd,iapd_state_compilation,130351,CA,APPROVED,1998-05-15,BAKOS INVESTMENT MANAGEMENT,BAKOS INVESTMENT MANAGEMENT LLC
iapd,iapd_state_compilation,130444,CA,APPROVED,2003-07-25,"J.D. GAGNON, INC.","JD GAGNON, INC"
iapd,iapd_state_compilation,130494,CA,APPROVED,2012-10-08,"BROMAN & GREIG ASSET MANAGEMENT, LLC","BROMAN & GREIG ASSET MANAGEMENT, LLC"
iapd,iapd_state_compilation,130565,CA,APPROVED,2016-04-14,SCINTO GROUP LLP,SCINTO GROUP LLP
iapd,iapd_state_compilation,130573,CA,APPROVED,1998-04-28,"GIRTON CAPITAL MANAGEMENT, INC.","GIRTON CAPITAL MANAGEMENT, INC."
iapd,iapd_state_compilation,130582,CA,APPROVED,1999-11-10,"FINANCIAL PLANNING FOR GENERATIONS, INC.","FINANCIAL PLANNING FOR GENERATIONS, INC."
iapd,iapd_state_compilation,130591,CA,APPROVED,2004-04-02,GUSTAFSON FINANCIAL SOLUTIONS,TERRENCE DUANE GUSTAFSON
iapd,iapd_state_compilation,130636,CA,APPROVED,1997-07-21,"GERRY DRANSFELDT RIA, INC","DRANSFELDT, GERRY BRUCE"
iapd,iapd_state_compilation,130733,CA,APPROVED,2004-04-15,"BKB FINANCIAL ADVISORS, LLC","BKB FINANCIAL ADVISORS, LLC"
iapd,iapd_state_compilation,130785,CA,APPROVED,2019-01-29,SPORL & COMPANY,SPORL & COMPANY
iapd,iapd_state_compilation,130806,CA,APPROVED,2005-06-09,"HAMILTON INVESTMENT ADVISORS, LLC","HAMILTON INVESTMENT ADVISORS, LLC"
iapd,iapd_state_compilation,130841,CA,APPROVED,2012-06-05,CAPITAL FINANCIAL MANAGEMENT,"SHELDON, KIRK ROY"
iapd,iapd_state_compilation,130856,CA,APPROVED,2000-10-24,PACIFIC WEALTH CARE INC.,PACIFIC WEALTH CARE INC.
iapd,iapd_state_compilation,130864,CA,APPROVED,1999-05-03,"NORTHBROOK FINANCIAL GROUP, LLC","NORTHBROOK FINANCIAL GROUP, LLC"
iapd,iapd_state_compilation,130886,CA,APPROVED,2004-05-25,EXCELSUS CAPITAL MANAGEMENT,"EXCELSUS CAPITAL MANAGEMENT, INC."
iapd,iapd_state_compilation,130887,CA,APPROVED,2021-08-31,VALIDEA CAPITAL MANAGEMENT LLC,"SIGNALBRIDGE WEALTH, LLC"
iapd,iapd_state_compilation,130911,CA,APPROVED,2004-08-31,"FOCUSED FINANCES, LLC","FOCUSED FINANCES, LLC"
iapd,iapd_state_compilation,130946,CA,APPROVED,2017-01-18,"USA ASSET MANAGEMENT, LLC","USA ASSET MANAGEMENT, LLC"
iapd,iapd_state_compilation,130996,CA,APPROVED,2012-09-12,"DUNLAP EQUITY MANAGEMENT, LLC.","DUNLAP EQUITY MANAGEMENT, LLC."
iapd,iapd_state_compilation,130999,CA,APPROVED,2004-05-13,"WINTERS & CO. ADVISORS, LLC","WINTERS & CO. ADVISORS, LLC"
iapd,iapd_state_compilation,131014,CA,APPROVED,2004-07-19,"INDEX GURUS, INC.","INDEX GURUS, INC."
iapd,iapd_state_compilation,131040,CA,APPROVED,2004-05-12,BAINBRIDGE INVESTMENT ADVISORS LLC,BAINBRIDGE INVESTMENT ADVISORS LLC
iapd,iapd_state_compilation,131112,CA,APPROVED,1989-07-27,THE CORNISH GROUP LLC DBA CORNISH FINANCIAL SERVICES GROUP,LINDA SUSAN CORNISH DBA CALHOUN FINANCIAL SERVICES COMPANY
iapd,iapd_state_compilation,131158,CA,APPROVED,2004-05-04,"QUALITY ASSET MANAGEMENT, LLC","QUALITY ASSET MANAGEMENT, LLC"
iapd,iapd_state_compilation,131172,CA,APPROVED,2004-05-11,YOUR MONEY COACH FINANCIAL SERVICES,"FAIR, DOUGLAS MARTIN"
iapd,iapd_state_compilation,131174,CA,APPROVED,1999-02-16,HFM ADVISORS,"HUYBRECHTS, DIRK JOSEPH"
iapd,iapd_state_compilation,131185,CA,APPROVED,1997-09-08,"PHINGERS AND TOZE INVESTMENTS, LLC","PHINGERS AND TOZE INVESTMENTS, LLC"
iapd,iapd_state_compilation,131188,CA,APPROVED,2004-06-24,"MCINTOSH CAPITAL ADVISORS, INC.","MCINTOSH CAPITAL ADVISORS, INC."
iapd,iapd_state_compilation,131238,CA,APPROVED,2010-02-24,"CHIEN, JOSEPHINE","CHIEN, JOSEPHINE"
iapd,iapd_state_compilation,131258,CA,APPROVED,2012-06-15,GRIDLEY ASSOCIATES INC,GRIDLEY ASSOCIATES INC.
iapd,iapd_state_compilation,131379,CA,APPROVED,2012-04-13,QURIUM CAPITAL LLC,QURIUM CAPITAL LLC
iapd,iapd_state_compilation,131584,CA,APPROVED,2010-03-16,MONETARY MANAGEMENT CORPORATION,MONETARY MANAGEMENT CORPORATION
iapd,iapd_state_compilation,131588,CA,APPROVED,2004-06-04,ALLEN WEALTH MANAGEMENT,"C.D. ALLEN WEALTH MANAGEMENT, LLC"
iapd,iapd_state_compilation,131632,CA,APPROVED,2004-07-13,FINANCIAL SOLUTIONS,"BOULTON, MICHAEL DORN"
iapd,iapd_state_compilation,131689,CA,APPROVED,2012-01-05,WASI,"WESTERN ANNUITY SERVICES, INC."
iapd,iapd_state_compilation,131890,CA,APPROVED,1997-09-24,"MARK SMITH FINANCIAL SERVICES, INC.","MARK SMITH FINANCIAL SERVICES, INC."
iapd,iapd_state_compilation,131944,CA,APPROVED,2001-08-15,"CLEARVIEW FINANCIAL, INC.","CLEARVIEW FINANCIAL, INC."
iapd,iapd_state_compilation,132040,CA,APPROVED,2004-08-27,VENTURA ADVISORS,VENTURA ADVISORS
iapd,iapd_state_compilation,132063,CA,APPROVED,2012-09-06,PACIFIC INVESTMENT RESEARCH,SCHULTZ FINANCIAL MANAGEMENT CORPORATION
iapd,iapd_state_compilation,132071,CA,APPROVED,2018-01-31,"SUMMIT EQUITY MANAGEMENT, INC.","SUMMIT EQUITY MANAGEMENT, INC."
iapd,iapd_state_compilation,132084,CA,APPROVED,1998-05-11,"SUZICK, CZAR MICHAEL","SUZICK, CZAR MICHAEL"
iapd,iapd_state_compilation,132124,CA,APPROVED,2012-05-24,"BLEECK FINANCIAL MANAGEMENT, INC.","BLEECK FINANCIAL MANAGEMENT, INC."
iapd,iapd_state_compilation,132170,CA,APPROVED,2005-06-29,CHINESE ABRAHAM INVESTMENT ADVISORS LLC,CHINESE ABRAHAM INVESTMENT ADVISORS LLC
iapd,iapd_state_compilation,132234,CA,APPROVED,2004-08-23,DABK FINANCIAL PLANNING SERVICES,"KHALILOLLAHI, DARYOOSH"
iapd,iapd_state_compilation,132251,CA,APPROVED,2005-01-01,BLACKHAWK WEALTH ADVISORS,BLACKHAWK WEALTH ADVISORS
iapd,iapd_state_compilation,132288,CA,APPROVED,2017-01-27,BRADFORDCRANE COMPANY LLC,BRADFORDCRANE COMPANY LLC
iapd,iapd_state_compilation,132290,CA,APPROVED,2004-11-08,MALAKOFF WEALTH,"MASTER WEALTH, LLC"
iapd,iapd_state_compilation,132314,CA,APPROVED,2004-09-23,"PACIFIC FINANCIAL PLANNERS, LLC","PACIFIC FINANCIAL PLANNERS, LLC"
iapd,iapd_state_compilation,132349,CA,APPROVED,2018-02-09,WIEDERMAN & ASSOCIATES,"WIEDERMAN & ASSOCIATES, CERTIFIED PUBLIC ACCOUNTANTS, A PROFESSI"
iapd,iapd_state_compilation,132444,CA,APPROVED,2018-02-16,R.B. FINANCIAL GROUP,"MILLER, MICHAEL JON"
iapd,iapd_state_compilation,132645,CA,APPROVED,2004-10-18,"MARATHON CAPITAL MANAGEMENT, LLC","MARATHON CAPITAL MANAGEMENT, LLC"
iapd,iapd_state_compilation,132722,CA,APPROVED,2004-11-08,"ROGERS INVESTMENT ADVISORS, LLC","ROGERS INVESTMENT ADVISORS, LLC"
iapd,iapd_state_compilation,132727,CA,APPROVED,2005-02-17,CORONADO FINANCIAL GROUP L.L.C.,CORONADO FINANCIAL GROUP L.L.C.
iapd,iapd_state_compilation,132867,CA,APPROVED,2005-01-06,CREW WEALTH MANAGEMENT,CREW WEALTH MANAGEMENT
iapd,iapd_state_compilation,132868,CA,APPROVED,2023-05-15,"PREMIER SOUTHWEST PLANNING GROUP, LLC","PREMIER SOUTHWEST PLANNING GROUP, LLC"
iapd,iapd_state_compilation,132883,CA,APPROVED,2005-01-24,CARNEY PORTFOLIO MANAGEMENT INC.,CARNEY PORTFOLIO MANAGEMENT INC.
iapd,iapd_state_compilation,132894,CA,APPROVED,2012-04-27,"MARKETTREND ADVISORS, LTD.","MTA CAPITAL, LTD."
iapd,iapd_state_compilation,132931,CA,APPROVED,2017-01-25,THE J R BAKER GROUP,THE J R BAKER GROUP LLC
iapd,iapd_state_compilation,132945,CA,APPROVED,2011-12-02,"BERGER ASSET MANAGEMENT, INC.","BERGER ASSET MANAGEMENT, INC."
iapd,iapd_state_compilation,133057,CA,APPROVED,1996-11-01,"GOLDEN GATE ADVISORS, INC","GOLDEN GATE ADVISORS, INC"
iapd,iapd_state_compilation,133067,CA,APPROVED,2006-04-20,"MAJESTIC OAK FINANCIAL, LLC","MAJESTIC OAK FINANCIAL, LLC"
iapd,iapd_state_compilation,133101,CA,APPROVED,2005-01-01,LAWRENCE RUSSELL AND COMPANY,LAWRENCE RUSSELL AND COMPANY
iapd,iapd_state_compilation,133190,CA,APPROVED,2005-08-03,"FIVE STONE CAPITAL, LLC","FIVE STONE CAPITAL, LLC"
iapd,iapd_state_compilation,133193,CA,APPROVED,2004-09-24,"KEVIN KENNEDY, LLC","KEVIN KENNEDY, LLC"
iapd,iapd_state_compilation,133240,CA,APPROVED,2005-02-03,AARON GEOFFREY TURNER,AARON GEOFFREY TURNER
iapd,iapd_state_compilation,133255,CA,APPROVED,2011-09-15,"CHRISTIAN CURRY BATCHELDER, CFP","BATCHELDER, CHRISTIAN CURRY"
iapd,iapd_state_compilation,133270,CA,APPROVED,2005-03-15,"FLETCHER FINANCIAL, LLC","FLETCHER FINANCIAL, LLC"
iapd,iapd_state_compilation,133295,CA,APPROVED,2005-01-13,FMT INVESTMENT ADVISORY,"GREEN PARTNERS, LLC"
iapd,iapd_state_compilation,133335,CA,APPROVED,2002-03-28,"WILLIAMS WEALTH MANAGEMENT, INC.","WILLIAMS WEALTH MANAGEMENT, INC."
iapd,iapd_state_compilation,133336,CA,APPROVED,2009-04-16,"CHEN FINANCIAL GROUP, LLC","CHEN FINANCIAL GROUP, LLC"
iapd,iapd_state_compilation,133375,CA,APPROVED,2005-04-14,"GRANADA CAPITAL MANAGEMENT, LLC","GRANADA CAPITAL MANAGEMENT, LLC"
iapd,iapd_state_compilation,133418,CA,APPROVED,2005-02-04,"EDGEBROOK INVESTMENTS, LLC","EDGEBROOK INVESTMENTS, LLC"
iapd,iapd_state_compilation,133440,CA,APPROVED,2002-11-13,"ENVISION WEALTH MANAGEMENT, INC.","ENVISION WEALTH MANAGEMENT, INC."
iapd,iapd_state_compilation,133537,CA,APPROVED,2000-09-05,"ANTHONY J. MANCINI, I.A.",ANTHONY JOSEPH MANCINI
iapd,iapd_state_compilation,133538,CA,APPROVED,2012-06-20,"PWJOHNSON WEALTH & LEGACY, LLC","PWJOHNSON WEALTH & LEGACY, LLC"
iapd,iapd_state_compilation,133657,CA,APPROVED,2025-08-21,"CAPITAL FINANCIAL CONSULTANTS GROUP, INC.","CAPITAL FINANCIAL CONSULTANTS GROUP, INC."
iapd,iapd_state_compilation,133666,CA,APPROVED,1991-02-21,ULIVI WEALTH MANAGEMENT,"ULIVI, RICARDO MARTIN"
iapd,iapd_state_compilation,133700,CA,APPROVED,2019-01-23,RJR FINANCIAL SERVICES,RJR FINANCIAL SERVICES
iapd,iapd_state_compilation,133776,CA,APPROVED,2012-07-12,"FARAH PRIVATE WEALTH MANAGEMENT, INC","FARAH PRIVATE WEALTH MANAGEMENT, INC"
iapd,iapd_state_compilation,133850,CA,APPROVED,1997-07-01,"GLOBAL INVESTMENT SOLUTIONS, LLC","GLOBAL INVESTMENT SOLUTIONS, LLC"
iapd,iapd_state_compilation,133854,CA,APPROVED,2002-08-02,"THOMAS C. KLEIN AND COMPANY, LLC","THOMAS C. KLEIN AND COMPANY, LLC"
iapd,iapd_state_compilation,133940,CA,APPROVED,2005-03-11,AMIN KHAKIANI,AMIN KHAKIANI LTD
iapd,iapd_state_compilation,133943,CA,APPROVED,2005-03-17,MICHAEL GARBER FINANCIAL PLANNING,"GARBER, MICHAEL JAN"
iapd,iapd_state_compilation,133948,CA,APPROVED,2005-07-11,"INTEGRATED FINANCIAL STRATEGIES, INC.","INTEGRATED FINANCIAL STRATEGIES, INC."
iapd,iapd_state_compilation,133975,CA,APPROVED,2012-04-24,"CYPRESS PATH CAPITAL, LLC","CYPRESS PATH CAPITAL, LLC"
iapd,iapd_state_compilation,133981,CA,APPROVED,1997-01-01,"PRIME SOURCE ENTERPRISES, INC","PRIME SOURCE ENTERPRISES, INC"
iapd,iapd_state_compilation,134022,CA,APPROVED,2005-04-15,"ETZLER FINANCIAL ADVISORS, LLC","ETZLER FINANCIAL ADVISORS, LLC"
iapd,iapd_state_compilation,134043,CA,APPROVED,2012-04-04,STEVEN WILLIAM SHERMAN,STEVEN WILLIAM SHERMAN
iapd,iapd_state_compilation,134049,CA,APPROVED,1992-02-06,"BUTLER FINANCIAL SERVICES, LTD.","BUTLER FINANCIAL SERVICES, LTD."
iapd,iapd_state_compilation,134053,CA,APPROVED,2017-02-10,"LUSSENHEIDE CAPITAL MANAGEMENT, INC","LUSSENHEIDE CAPITAL MANAGEMENT, INC"
iapd,iapd_state_compilation,134066,CA,APPROVED,1997-10-31,HARRIS & ASSOCIATES,"D.L. HARRIS & ASSOCIATES INSURANCE SERVICES, INC."
iapd,iapd_state_compilation,134089,CA,APPROVED,1996-03-05,DOLL CAPITAL ADVISORS INCORPORATED,"DOLL CAPITAL ADVISORS, INCORPORATED"
iapd,iapd_state_compilation,134100,CA,APPROVED,1986-09-30,KILZER WEALTH MANAGEMENT,"KILZER, BARRY MILO"
iapd,iapd_state_compilation,134105,CA,APPROVED,2005-04-13,ARDENT CAPITAL,ARDENT CAPITAL INCORPORATION
iapd,iapd_state_compilation,134128,CA,APPROVED,2018-02-01,ROACH INVESTMENT SERVICES,"ROACH, PAUL, DOUGLAS"
iapd,iapd_state_compilation,134146,CA,APPROVED,2000-01-31,FLEMING FINANCIAL ADVISING,"FLEMING, ANN MURIEL"
iapd,iapd_state_compilation,134150,CA,APPROVED,1999-02-04,D. MATTERSDORFF LLC,D. MATTERSDORFF LLC
iapd,iapd_state_compilation,134164,CA,APPROVED,2005-06-10,BRINKER ASSET MANAGEMENT,"NEW YORK LAS VEGAS, INC."
iapd,iapd_state_compilation,134215,CA,APPROVED,1994-02-18,LAJALA & ASSOCIATES,"LAJALA, STEPHEN EDWARD"
iapd,iapd_state_compilation,134230,CA,APPROVED,2002-05-09,BRICKS & MORTAR CAPITAL,"BRICKS & MORTAR CAPITAL, LLC"
iapd,iapd_state_compilation,134240,CA,APPROVED,1998-03-26,HUSAMI & ASSOCIATES,"HUSAMI, AHMAD BASHIR"
iapd,iapd_state_compilation,134243,CA,APPROVED,2005-05-09,"SCOTT ANDERSON FINANCIAL, INC.","SCOTT ANDERSON FINANCIAL, INC."
iapd,iapd_state_compilation,134276,CA,APPROVED,2001-05-11,"COTTINGHAM MANAGEMENT COMPANY, LLC","COTTINGHAM MANAGEMENT COMPANY, LLC"
iapd,iapd_state_compilation,134286,CA,APPROVED,1994-01-01,"MARSHA LEE & COMPANY,INC.","MARSHA LEE & COMPANY, INC."
iapd,iapd_state_compilation,134297,CA,APPROVED,1999-11-30,"RAMSDELL CAPITAL MANAGEMENT, LLC","RAMSDELL CAPITAL MANAGEMENT, LLC"
iapd,iapd_state_compilation,134334,CA,APPROVED,2005-08-10,ABBOTT CAPITAL MANAGEMENT CORP.,ABBOTT CAPITAL MANAGEMENT CORP.
iapd,iapd_state_compilation,134360,CA,APPROVED,1997-01-01,RICHARD N. SIROTT ACCOUNTANCY CORPORATION,RICHARD N. SIROTT ACCOUNTANCY CORP
iapd,iapd_state_compilation,134388,CA,APPROVED,2001-03-12,"FARRELL FINANCIAL, INC.","FARRELL FINANCIAL, INC."
iapd,iapd_state_compilation,134401,CA,APPROVED,2004-09-03,"EE FUND MANAGEMENT, LLC",EE FUND MANAGEMENT LLC
iapd,iapd_state_compilation,134456,CA,APPROVED,2011-10-04,SEASONAL STRATEGY,"GAVRICH, ROBERT JAN"
iapd,iapd_state_compilation,134458,CA,APPROVED,1988-10-14,"BOLLINGER CAPITAL MANAGEMENT, INC.","BOLLINGER CAPITAL MANAGEMENT, INC."
iapd,iapd_state_compilation,134478,CA,APPROVED,1993-02-18,SOUTHLAND INVESTMENTS,"NIEMANN, ULLI GERHARD"
iapd,iapd_state_compilation,134502,CA,APPROVED,2012-05-23,NI ADVISORS,NI ADVISORS
iapd,iapd_state_compilation,134504,CA,APPROVED,1996-11-18,"WINDY HILL VENTURES, INC.","WINDY HILL VENTURES, INC."
iapd,iapd_state_compilation,134514,CA,APPROVED,1998-11-30,MONEYWELL,"GAVRICH, SUSAN PRICE"
iapd,iapd_state_compilation,134517,CA,APPROVED,1998-06-15,"OCEAN PARK CAPITAL MANAGEMENT, LLC","OCEAN PARK CAPITAL MANAGEMENT, LLC"
iapd,iapd_state_compilation,134550,CA,APPROVED,2006-02-10,"LONGBOARD CAPITAL ADVISORS, LLC","LONGBOARD CAPITAL ADVISORS, LLC"
iapd,iapd_state_compilation,134587,CA,APPROVED,1994-10-31,"PARADIGM ASSET MANAGEMENT,INC.","PARADIGM ASSET MANAGEMENT,INC."
iapd,iapd_state_compilation,134598,CA,APPROVED,2001-08-27,"BENEDETTI FINANCIAL, INC.","BENEDETTI FINANCIAL, INC."
iapd,iapd_state_compilation,134599,CA,APPROVED,2005-05-23,TORREY CAPITAL INVESTMENTS,"JBK INVESTMENTS, INC"
iapd,iapd_state_compilation,134604,CA,APPROVED,2001-09-04,"LARSON, ORLAN BLAINE","LARSON, ORLAN BLAINE"
iapd,iapd_state_compilation,134622,CA,APPROVED,2006-07-27,KARAFILIS INVESTMENTS CORPORATION,KARAFILIS INVESTMENTS CORPORATION
iapd,iapd_state_compilation,134630,CA,APPROVED,2017-01-27,H H FINANCIAL CONSULTANTS,HERMAN HECTOR MONGE
iapd,iapd_state_compilation,134656,CA,APPROVED,2005-06-15,RETIREMENT PLANNERS,"WILLIAMS, VINCENT RAYNARD"
iapd,iapd_state_compilation,134695,CA,APPROVED,1995-09-27,"GEMMER, ROBERT ARDEN","GEMMER, ROBERT ARDEN"
iapd,iapd_state_compilation,134699,CA,APPROVED,2015-04-10,"SITKA PACIFIC CAPITAL MANAGEMENT, LLC","SITKA PACIFIC CAPITAL MANAGEMENT, LLC"
iapd,iapd_state_compilation,134729,CA,APPROVED,2020-09-25,"RG CAPITAL MANAGEMENT, LLC","RG CAPITAL MANAGEMENT, LLC"
iapd,iapd_state_compilation,134752,CA,APPROVED,2000-03-10,SUSAN CARLISLE,"CARLISLE, SUSAN"
iapd,iapd_state_compilation,134760,CA,APPROVED,1995-09-13,"FINANCIAL PLANNING SOLUTIONS, INC.","FINANCIAL PLANNING SOLUTIONS, INC."
iapd,iapd_state_compilation,134775,CA,APPROVED,2012-06-13,POSITIVE DELTA ASSET MANAGEMENT LLC,POSITIVE DELTA ASSET MANAGEMENT LLC
iapd,iapd_state_compilation,134785,CA,APPROVED,1998-04-09,MCMAHON CAPITAL MANAGEMENT,"MCMAHON, EASTON TOMPERS"
iapd,iapd_state_compilation,134836,CA,APPROVED,2016-04-20,"INVESTED INTERESTS, LLC","INVESTED INTERESTS, LLC"
iapd,iapd_state_compilation,134839,CA,APPROVED,1995-02-06,MCFARLANE INVESTMENT ADVISORY SERVICES INC.,MCFARLANE INVESTMENT ADVISORY SERVICES INC.
iapd,iapd_state_compilation,134840,CA,APPROVED,1994-07-22,RUSSELL DOE FINANCIAL SERVICES,"DOE, RUSSELL TUPPER"
iapd,iapd_state_compilation,134844,CA,APPROVED,2017-01-11,BRIGHTON ADVISORY GROUP,"BOSCOE INSURANCE SERVICES, INC."
iapd,iapd_state_compilation,134846,CA,APPROVED,2012-06-25,"PEAK INVESTMENT SOLUTIONS, LLC","PEAK INVESTMENT SOLUTIONS, LLC"
iapd,iapd_state_compilation,134849,CA,APPROVED,2005-06-21,VON ADELUNG WEALTH MANAGEMENT,VON ADELUNG WEALTH MANAGEMENT
iapd,iapd_state_compilation,134853,CA,APPROVED,2004-07-01,BARRY F.T. BOLKER,"BOLKER, BARRY FRANCIS THADDEUS"
iapd,iapd_state_compilation,134964,CA,APPROVED,1993-08-24,"MOORE, RONALD KEITH","MOORE, RONALD KEITH"
iapd,iapd_state_compilation,134992,CA,APPROVED,2002-02-20,"CASTLE GROUP INVESTMENT COUNSEL, INC.","CASTLE GROUP INVESTMENT COUNSEL, INC."
iapd,iapd_state_compilation,135098,CA,APPROVED,2012-04-30,SVL INVESTMENT MANAGEMENT,SVL HOLDING CORPORATION
iapd,iapd_state_compilation,135120,CA,APPROVED,1995-03-02,INTELLIGENT INVESTING,"VANDER HEYDEN, RORY CRAIG"
iapd,iapd_state_compilation,135185,CA,APPROVED,1990-06-01,CARROLL & COMPANY CAPITAL MANAGEMENT,"CARROLL, JONATHAN PITTS"
iapd,iapd_state_compilation,135245,CA,APPROVED,2017-04-18,THOMAS SEAMAN COMPANY,THOMAS SEAMAN COMPANY
iapd,iapd_state_compilation,135248,CA,APPROVED,2012-03-27,"CONTINUUM GLOBAL ASSET MANAGEMENT, LLC","CONTINUUM GLOBAL ASSET MANAGEMENT, LLC"
iapd,iapd_state_compilation,135294,CA,APPROVED,2005-09-01,"THE HOLLAND GROUP, INC.","THE HOLLAND GROUP, INC."
iapd,iapd_state_compilation,135295,CA,APPROVED,1997-02-26,SURETY INVESTMENT SERVICES,"SURETY INVESTMENT SERVICES, INC."
iapd,iapd_state_compilation,135324,CA,APPROVED,2012-02-14,"QUALIFIED PLAN ADVISORY, LLC","QUALIFIED PLAN ADVISORY, LLC"
iapd,iapd_state_compilation,135340,CA,APPROVED,1995-08-08,"MONEYPRO WEALTH MANAGEMENT, LLC","MONEYPRO WEALTH MANAGEMENT, LLC"
iapd,iapd_state_compilation,135364,CA,APPROVED,2005-07-21,TRI-QUEST INVESTMENT ADVISORS,SOLOMON GROUP III INC.
iapd,iapd_state_compilation,135388,CA,APPROVED,1998-05-06,YOUNG FINANCIAL & INSURANCE SERVICES,"YOUNG, GUY CAMERON"
iapd,iapd_state_compilation,135421,CA,APPROVED,2006-01-01,"AUXI ASSET MANAGEMENT, LLC","AUXI ASSET MANAGEMENT, LLC"
iapd,iapd_state_compilation,135429,CA,APPROVED,2005-09-30,FORWARD FINANCIAL ADVISORS LLC,FORWARD FINANCIAL ADVISORS LLC
iapd,iapd_state_compilation,135438,CA,APPROVED,2002-02-26,"WB FINANCIAL SERVICES, LLC","WB FINANCIAL SERVICES, LLC"
iapd,iapd_state_compilation,135450,CA,APPROVED,2000-07-24,"ARBOR CAPITAL MANAGEMENT, LLC","ARBOR CAPITAL MANAGEMENT, LLC"
iapd,iapd_state_compilation,135453,CA,APPROVED,2001-01-01,KRS TAX & INVESTMENTS INC.,KRS TAX & INVESTMENTS INC.
iapd,iapd_state_compilation,135454,CA,APPROVED,2017-01-27,COVEY & COVEY,"COVEY, KATHLEEN ANN"
iapd,iapd_state_compilation,135499,CA,APPROVED,1993-11-18,"AKRAM M. OMARI, CPA","OMARI, AKRAM MOTIE"
iapd,iapd_state_compilation,135506,CA,APPROVED,2005-11-22,SCOTT & ASSOCIATES INVESTMENT ADVISORY SERVICES,"SCOTT, PATRICK DOUGLAS"
iapd,iapd_state_compilation,135559,CA,APPROVED,1976-06-04,LAWRENCE LANDIS,LAWRENCE LANDIS
iapd,iapd_state_compilation,135560,CA,APPROVED,1996-01-26,STOKE CAPITAL,STOKE CAPITAL
iapd,iapd_state_compilation,135569,CA,APPROVED,2000-03-27,FINANCIAL SERVICES GROUP,MCGUIRE FINANCIAL SERVICES GROUP
iapd,iapd_state_compilation,135573,CA,APPROVED,2018-01-25,"CLOUD, MINTURN & ASSOCIATES, LLC","CLOUD, MINTURN & ASSOCIATES, LLC"
iapd,iapd_state_compilation,135583,CA,APPROVED,2022-03-09,MODICA FINANCIAL SERVICES,MODICA JR. JOSEPH NICHOLAS
iapd,iapd_state_compilation,135591,CA,APPROVED,2002-03-28,FINANCIAL BRIDGES,MOEHLENPAH GLENDA KRIS
iapd,iapd_state_compilation,135617,CA,APPROVED,1990-11-20,CAPITAL MANAGEMENT SERVICES,"BIEHL, DAVID BERNARD"
iapd,iapd_state_compilation,135618,CA,APPROVED,1992-05-29,JANE C. KELLEY,JANE CAROL KELLEY
iapd,iapd_state_compilation,135621,CA,APPROVED,2000-08-21,BALOPOLE INVESTMENT MANAGEMENT CORPORATION,BALOPOLE INVESTMENT MANAGEMENT CORPORATION
iapd,iapd_state_compilation,135626,CA,APPROVED,2003-05-02,BEACON FINANCIAL PARTNERS,"BEACON FINANCIAL PARTNERS, LLC"
iapd,iapd_state_compilation,135634,CA,APPROVED,1999-05-12,THE FINANCIAL ADVISORS,THE FINANCIAL PLANNING AND IMPLEMENTATION INC.
iapd,iapd_state_compilation,135642,CA,APPROVED,2005-08-24,CLIENT FIRST FINANCE LLC,CLIENT FIRST FINANCE LLC
iapd,iapd_state_compilation,135655,CA,APPROVED,2005-09-20,"BCN FINANCIAL, INC.","BCN FINANCIAL, INC."
iapd,iapd_state_compilation,135659,CA,APPROVED,1994-08-01,HOLT INVESTMENT ADVISORS,KEITH RUSSELL WHITING HOLT DBA HOLT INVESTMENT ADVISORS
iapd,iapd_state_compilation,135663,CA,APPROVED,1989-02-02,"ROYAL & ASSOCIATES, INC.","DAVID A. ROYAL & ASSOCIATES, INC."
iapd,iapd_state_compilation,135679,CA,APPROVED,2016-05-18,"CLINE FINANCIAL CONCEPTS, LLC","CLINE FINANCIAL CONCEPTS, LLC"
iapd,iapd_state_compilation,135681,CA,APPROVED,1999-12-14,"CARL W. LARGE, AN ACCOUNTANCY CORPORATION","CARL W. LARGE, AN ACCOUNTANCY CORPORATION"
iapd,iapd_state_compilation,135685,CA,APPROVED,2002-07-29,"JBB FINANCIAL, LLC","JBB FINANCIAL, LLC"
iapd,iapd_state_compilation,135700,CA,APPROVED,2001-04-25,"GAINES, JOHN ANDREW",JOHN ANDREW GAINES
iapd,iapd_state_compilation,135728,CA,APPROVED,2001-11-27,J. DYHR CAPITAL,"KIRKGARD, JOHN DYHR"
iapd,iapd_state_compilation,135737,CA,APPROVED,2003-08-04,"NANCY K WEEKS ASSOCIATES, LLC","NANCY K WEEKS ASSOCIATES, LLC"
iapd,iapd_state_compilation,135753,CA,APPROVED,1999-07-23,"MARK C. HUFFMAN, CPA/RIA","HUFFMAN, MARK C."
iapd,iapd_state_compilation,135755,CA,APPROVED,1990-05-18,"INVESTMENT GROWTH MANAGEMENT, INC","INVESTMENT GROWTH MANAGEMENT, INC"
iapd,iapd_state_compilation,135765,CA,APPROVED,2002-05-10,FATA FINANCIAL,FATA PATRICIA
iapd,iapd_state_compilation,135863,CA,APPROVED,2003-01-01,"MY ADVISORS, LLC","MY ADVISORS, LLC"
iapd,iapd_state_compilation,135866,CA,APPROVED,2021-10-29,WINSLOW FINANCIAL LLC,WINSLOW FINANCIAL LLC
iapd,iapd_state_compilation,135877,CA,APPROVED,2003-05-01,"DANIEL M. STERN, LLC","DANIEL M. STERN, LLC"
iapd,iapd_state_compilation,135881,CA,APPROVED,1990-01-11,"ALADINO FINANCIAL SERVICES, INC.","ALADINO FINANCIAL SERVICES, INC."
iapd,iapd_state_compilation,135892,CA,APPROVED,2005-10-24,CADENA FINANCIAL PLANNING & TAX SERVICES,"CADENA, DANIEL, OWEN"
iapd,iapd_state_compilation,135923,CA,APPROVED,2019-01-23,ARSENIO CAPITAL MANAGEMENT LLC,ARSENIO CAPITAL MANAGEMENT LLC
iapd,iapd_state_compilation,135954,CA,APPROVED,1994-01-01,"COMPASS ROSE ADVISORS, INC.","COMPASS ROSE ADVISORS, INC."
iapd,iapd_state_compilation,135967,CA,APPROVED,1990-09-28,KESSLER FINANCIAL SERVICES,KESSLER JOHN INGLE ITALO
iapd,iapd_state_compilation,135984,CA,APPROVED,2001-04-10,FILICE RETIREMENT SERVICES,"JENSEN FINANCIAL SERVICES, INC."
iapd,iapd_state_compilation,135994,CA,APPROVED,2001-03-19,L.G. SMITH FINANCIAL SERVICES,L.G.SMITH FINANCIAL SERVICES
iapd,iapd_state_compilation,135995,CA,APPROVED,2005-09-26,"PUTMAN CAPITAL MANAGEMENT, INC.","PUTMAN CAPITAL MANAGEMENT, INC."
iapd,iapd_state_compilation,136001,CA,APPROVED,1980-01-01,"FINANCIAL ANALYTICAL SERVICES, INC.","FINANCIAL ANALYTICAL SERVICES, INC."
iapd,iapd_state_compilation,136007,CA,APPROVED,2005-09-12,COVEXIC LLC,COVEXIC LLC
iapd,iapd_state_compilation,136051,CA,APPROVED,2012-08-22,"WEALTH MANAGEMENT ADVISORS, LLC","WEALTH MANAGEMENT ADVISORS, LLC"
iapd,iapd_state_compilation,136071,CA,APPROVED,2003-08-12,QUALITY WEALTH MANAGEMENT,JAIME ALBERTO HINOJOSA
iapd,iapd_state_compilation,136073,CA,APPROVED,1999-08-02,SPRING CAPITAL MANAGEMENT,"SPRING, TOD MARC"
iapd,iapd_state_compilation,136162,CA,APPROVED,2006-03-14,"PLAN B INVESTMENTS, INC.","PLAN B INVESTMENTS, INC."
iapd,iapd_state_compilation,136169,CA,APPROVED,2000-05-30,"FINANCIAL SECURITY PLANNING SERVICES, INC.","FINANCIAL SECURITY PLANNING SERVICES, INC."
iapd,iapd_state_compilation,136177,CA,APPROVED,1994-07-22,INTERFUNDS,"INTERFUNDS, INC."
iapd,iapd_state_compilation,136200,CA,APPROVED,1997-09-22,JAMES A. JIMENEZ,"JIMENEZ, JAMES ANTHONY"
iapd,iapd_state_compilation,136210,CA,APPROVED,2000-05-05,"MCDONELL, MARK ROBERT","MCDONELL, MARK ROBERT"
iapd,iapd_state_compilation,136227,CA,APPROVED,1999-06-04,ALVARADO MANAGEMENT COMPANY,TALLAC CORPORATION
iapd,iapd_state_compilation,136249,CA,APPROVED,2005-10-24,"GILMORE FINANCIAL SERVICES, LLC","GILMORE FINANCIAL SERVICES, LLC"
iapd,iapd_state_compilation,136256,CA,APPROVED,2012-04-13,"BENNING FINANCIAL GROUP, LLC","BENNING FINANCIAL GROUP, LLC"
iapd,iapd_state_compilation,136282,CA,APPROVED,1987-09-24,"BARTLETT, LAWRENCE E","BARTLETT, LAWRENCE EUGENE"
iapd,iapd_state_compilation,136286,CA,APPROVED,2000-01-12,"MKG CAPITAL MANAGEMENT, LLC","MKG CAPITAL MANAGEMENT, LLC"
iapd,iapd_state_compilation,136290,CA,APPROVED,1995-01-01,BELVILLE FINANCIAL ADVISORS,"BELVILLE, DOROTHY MARGUERITE"
iapd,iapd_state_compilation,136295,CA,APPROVED,1990-03-30,JSW GLOBAL CAPITAL GROUP,"WONG, JIMMY SIU-YAN"
iapd,iapd_state_compilation,136297,CA,APPROVED,1995-09-27,"D & T FINANCIAL ADVISORS, INC.","DOWNS & TSURUDA, INC."
iapd,iapd_state_compilation,136308,CA,APPROVED,1996-10-01,"KS GLOBAL ADVISORS, INC.","KS GLOBAL ADVISORS, INC."
iapd,iapd_state_compilation,136309,CA,APPROVED,1997-07-18,NO-LOAD ASSET MANAGEMENT,"KING, MATTHEW COCHRANE"
iapd,iapd_state_compilation,136312,CA,APPROVED,1990-08-21,"ANTONIO ANDRADE, CFP",ANTONIO STEVEN ANDRADE
iapd,iapd_state_compilation,136319,CA,APPROVED,2001-03-19,"PHARAOH FINANCIAL GROUP, INC.","PHARAOH FINANCIAL GROUP, INC."
iapd,iapd_state_compilation,136331,CA,APPROVED,1998-01-01,PINNACLE RETIREMENT & FINANCIAL PLANNING,"TATTERSALL, NANCY CARROLL"
iapd,iapd_state_compilation,136344,CA,APPROVED,1993-03-01,"JMB FINANCIAL MANAGERS, INC.","JMB FINANCIAL MANAGERS, INC."
iapd,iapd_state_compilation,136387,CA,APPROVED,1998-08-04,EARNINGS INVESTMENT CO.,"MARSELLA, THOMAS CHARLES"
iapd,iapd_state_compilation,136440,CA,APPROVED,2006-01-01,"ATIP, INC","ATIP, INC"
iapd,iapd_state_compilation,136441,CA,APPROVED,1991-08-12,ADVANTAGE FINANCIAL CONSULTANTS,"KUNS, TIMOTHY NEIL"
iapd,iapd_state_compilation,136447,CA,APPROVED,2005-11-02,"JAFFE FINANCIAL SERVICES, LLC","JAFFE FINANCIAL SERVICES, LLC"
iapd,iapd_state_compilation,136450,CA,APPROVED,2003-05-06,WEALTH & TAX PLANNERS LLC,WEALTH & TAX PLANNERS LLC
iapd,iapd_state_compilation,136458,CA,APPROVED,1987-11-04,LEE R. ROBINSON & ASSOCIATES,"ROBINSON, LEE ROBERT"
iapd,iapd_state_compilation,136489,CA,APPROVED,1984-05-24,LEWIS M. WALLENSKY ASSOCIATES,"WALLENSKY, LEWIS MORTON"
iapd,iapd_state_compilation,136517,CA,APPROVED,2005-12-09,"ADES INVESTMENT COUNSEL, INC.","ADES INVESTMENT COUNSEL, INC."
iapd,iapd_state_compilation,136527,CA,APPROVED,2021-01-14,BLUE LAWN ASSET MANAGEMENT LLC,BLUE LAWN ASSET MANAGEMENT LLC
iapd,iapd_state_compilation,136533,CA,APPROVED,2000-08-02,CRAIG V. CASTANOS CPA,"CASTANOS, CRAIG VINCENT"
iapd,iapd_state_compilation,136550,CA,APPROVED,2006-01-18,STEVEN ROBERT JAKOWCHIK,"JAKOWCHIK, STEVEN ROBERT"
iapd,iapd_state_compilation,136569,CA,APPROVED,2002-04-24,ASSET & RETIREMENT MANAGEMENT,"NORTON, DALE FRANKLIN JR"
iapd,iapd_state_compilation,136611,CA,APPROVED,2005-12-15,PICO ASSOCIATES,TONY TADASHI PICO
iapd,iapd_state_compilation,136620,CA,APPROVED,2005-12-08,"FLEMING & ASSOCIATES, LLC","FLEMING & ASSOCIATES, LLC"
iapd,iapd_state_compilation,136624,CA,APPROVED,2006-01-01,MEYERS FINANCIAL SERVICES,MEYERS FINANCIAL SERVICES INC.
iapd,iapd_state_compilation,136680,CA,APPROVED,2025-05-30,WIN TEAM ADVISORY SERVICES,"WIN TEAM INSURANCE SERVICES, INC."
iapd,iapd_state_compilation,136731,CA,APPROVED,2006-03-10,"H.S. FINANCIAL, INC.","H.S. FINANCIAL, INC."
iapd,iapd_state_compilation,136795,CA,APPROVED,1984-01-09,SIERRA FINANCIAL MANAGEMENT CO.,"GOLDEN, KENNETH HAROLD"
iapd,iapd_state_compilation,136806,CA,APPROVED,1994-10-18,"VISION CAPITAL INVESTMENT MANAGEMENT, INC.",VISION CAPITAL INVESTMENT MANAGEMENT INC
iapd,iapd_state_compilation,136813,CA,APPROVED,1987-03-18,"PACIFIC INVESTMENT COUNSEL, INC.","PACIFIC INVESTMENT COUNSEL, INC."
iapd,iapd_state_compilation,136834,CA,APPROVED,2023-01-26,"APPLIED FINANCIAL PLANNING, INC.","APPLIED FINANCIAL PLANNING, INC."
iapd,iapd_state_compilation,136849,CA,APPROVED,2000-11-03,RSG FINANCIAL GROUP INC,RSG FINANCIAL GROUP INC
iapd,iapd_state_compilation,136869,CA,APPROVED,2003-01-01,"KIRZ, PAUL H","KIRZ, PAUL H"
iapd,iapd_state_compilation,136880,CA,APPROVED,1999-03-09,"FINANCIAL CONCEPTS UNLIMITED, INC.","FINANCIAL CONCEPTS UNLIMITED, INC."
iapd,iapd_state_compilation,136882,CA,APPROVED,2001-11-28,DW FINANCIAL INC,DW FINANCIAL INC
iapd,iapd_state_compilation,136903,CA,APPROVED,1994-02-28,CYPRESS COAST INVESTMENTS,"SPOWART, SEAN STEVEN"
iapd,iapd_state_compilation,136914,CA,APPROVED,2012-06-15,BROXTON CAPITAL ADVISORS,BROXTON CAPITAL ADVISORS LLC
iapd,iapd_state_compilation,136947,CA,APPROVED,2006-08-15,"EVERGREEN WEALTH ADVISORS, INC.","EVERGREEN WEALTH ADVISORS, INC."
iapd,iapd_state_compilation,136953,CA,APPROVED,2018-02-14,G.C. STEELE & COMPANY,STEELE GREGORY CHARLES
iapd,iapd_state_compilation,136969,CA,APPROVED,2016-05-04,TRINITY FINANCIAL PARTNERS,"CLOVER FINANCIAL & INSURANCE SERVICES, INC."
iapd,iapd_state_compilation,137001,CA,APPROVED,2010-07-07,"VIRJI INVESTMENTS, INC.","VIRJI INVESTMENTS, INC."
iapd,iapd_state_compilation,137013,CA,APPROVED,1994-01-01,"JOHANNSEN & ASSOCIATES, INC.","JOHANNSEN & ASSOCIATES, INC."
iapd,iapd_state_compilation,137019,CA,APPROVED,2001-04-09,"ORANGE CAPITAL MANAGEMENT, INC.","ORANGE CAPITAL MANAGEMENT, INC."
iapd,iapd_state_compilation,137159,CA,APPROVED,2018-01-09,"NEWPORT WEALTH ADVISORS, INC.","NEWPORT WEALTH ADVISORS, INC."
iapd,iapd_state_compilation,137205,CA,APPROVED,2006-01-26,"THOMPSON WEALTH MANAGEMENT, INC.","THOMPSON WEALTH MANAGEMENT, INC."
iapd,iapd_state_compilation,137248,CA,APPROVED,2001-03-01,"SHELTON FINANCIAL ADVISORS, LLC","SHELTON FINANCIAL ADVISORS, LLC"
iapd,iapd_state_compilation,137253,CA,APPROVED,2017-01-19,TRUSTED FINANCIAL ADVISORS,MILLER GARY EDGAR
iapd,iapd_state_compilation,137261,CA,APPROVED,1988-05-03,AMES FINANCIAL SERVICES,"AMES FINANCIAL SERVICES, INC."
iapd,iapd_state_compilation,137276,CA,APPROVED,2012-04-23,"MICHAEL W. DURAN, CPA, APC","MICHAEL W. DURAN, CPA, A PROFESSIONAL CORPORATION"
iapd,iapd_state_compilation,137293,CA,APPROVED,2015-02-17,"CALLAHAN & CALLAHAN ASSET MANAGEMENT, INC.","CALLAHAN & CALLAHAN ASSET MANAGEMENT, INC."
iapd,iapd_state_compilation,137331,CA,APPROVED,1984-06-07,DOUBLE EAGLE FINANCIAL,"ROOT, CHARLES J. JR."
iapd,iapd_state_compilation,137373,CA,APPROVED,1995-07-03,"RONALD A. LEDERKRAMER, CPA, CFP",RONALD ALAN LEDERKRAMER
iapd,iapd_state_compilation,137405,CA,APPROVED,2006-02-10,ASTI FINANCIAL MANAGEMENT,ASTI FINANCIAL MANAGEMENT
iapd,iapd_state_compilation,137470,CA,APPROVED,2012-07-12,INVESTMENT COUNSELORS OF REDLANDS LLC,INVESTMENT COUNSELORS OF REDLANDS LLC
iapd,iapd_state_compilation,137496,CA,APPROVED,2012-07-25,NIGHTINGALE FINANCIAL ADVISORY,"NIGHTINGALE, JERRY"
iapd,iapd_state_compilation,137502,CA,APPROVED,1977-04-18,FINANCIAL PLANNING CONSULTANTS,"FINANCIAL PLANNING COUNSELORS, INC"
iapd,iapd_state_compilation,137527,CA,APPROVED,2003-04-03,"HARVEST FINANCIAL ADVISORS, INC.","HARVEST FINANCIAL ADVISORS, INC."
iapd,iapd_state_compilation,137543,CA,APPROVED,2016-01-19,TCM INVESTMENT ADVISERS,"BARRACLOUGH, TADD MICHAEL"
iapd,iapd_state_compilation,137573,CA,APPROVED,1999-10-15,GAMBLE CAPITAL STRATEGIES,"GAMBLE, ARTHUR RAY JR"
iapd,iapd_state_compilation,137579,CA,APPROVED,1994-05-12,"IAMMARINO, NICHOLAS J.","IAMMARINO, NICHOLAS J."
iapd,iapd_state_compilation,137602,CA,APPROVED,2006-04-11,AEGIS FINANCIAL ADVISORY,"AEGIS FINANCIAL ADVISORY, LLC"
iapd,iapd_state_compilation,137638,CA,APPROVED,1999-02-03,"BEVERLY HILLS FINANCIAL PLANNERS, LLC","BEVERLY HILLS FINANCIAL PLANNERS, LLC"
iapd,iapd_state_compilation,137718,CA,APPROVED,2006-01-26,"LUCEY INVESTMENT MANAGEMENT, LLC","LUCEY INVESTMENT MANAGEMENT, LLC"
iapd,iapd_state_compilation,137732,CA,APPROVED,2006-01-27,CALLIDUS CAPITAL PARTNERS LLC,CALLIDUS CAPITAL PARTNERS LLC
iapd,iapd_state_compilation,137780,CA,APPROVED,2000-10-18,WEALTH ONE ADVISORS,"ALVARADO, RICK"
iapd,iapd_state_compilation,138089,CA,APPROVED,2007-06-20,ERIKSEN CAPITAL MANAGEMENT,ERIKSEN CAPITAL MANAGEMENT LLC
iapd,iapd_state_compilation,138125,CA,APPROVED,2006-02-24,"CRONE WEALTH MANAGEMENT, PLLC","CRONE WEALTH MANAGEMENT, PLLC"
iapd,iapd_state_compilation,138144,CA,APPROVED,1994-04-21,AMERICAN STRATEGIC CAPITAL,"AMERICAN STRATEGIC CAPITAL, INC."
iapd,iapd_state_compilation,138152,CA,APPROVED,1997-01-10,"WHITE, DUNKIRK $ PRICE INVESTMENT ADVISORY INC.","WHITE, DUNKIRK & PRICE INVESTMENT ADVISORY INC."
iapd,iapd_state_compilation,138161,CA,APPROVED,1994-05-17,"JOHN H. LILES, CFP",LILES JOHN HARMON
iapd,iapd_state_compilation,138174,CA,APPROVED,1992-01-14,SPURGEON FINANCIAL GROUP,"SPURGEON, STEVEN L."
iapd,iapd_state_compilation,138186,CA,APPROVED,1996-09-26,"W. C. BUCKINGHAM, CPA","BUCKINGHAM, WILLIAM CLEAR"
iapd,iapd_state_compilation,138204,CA,APPROVED,1996-09-09,"FREDERICK, MARK D.","FREDERICK, MARK D."
iapd,iapd_state_compilation,138256,CA,APPROVED,2006-03-14,"FREEDOM CAPITAL MANAGEMENT, INC.","FREEDOM CAPITAL MANAGEMENT, INC."
iapd,iapd_state_compilation,138372,CA,APPROVED,1997-07-25,WHITCRAFT CAPITAL MANAGEMENT,JONATHAN W. WHITCRAFT
iapd,iapd_state_compilation,138418,CA,APPROVED,1986-10-03,LIFETIME FINANCIAL ADVISORS INC,LIFETIME FINANCIAL ADVISORS INC
iapd,iapd_state_compilation,138738,CA,APPROVED,2021-01-13,ROBERT GUJRAL CPA,PAMINDER SINGH  GUJRAL
iapd,iapd_state_compilation,138820,CA,APPROVED,1984-06-14,"DEJARNATT, PAUL E","DEJARNATT, PAUL EDWARD"
iapd,iapd_state_compilation,139058,CA,APPROVED,2006-03-27,"NICKEL INVESTMENT ADVISORS, INC.","NICKEL INVESTMENT ADVISORS, INC"
iapd,iapd_state_compilation,139264,CA,APPROVED,2024-07-23,IMPASSIONED WEALTH MANAGEMENT LTD,IMPASSIONED WEALTH MANAGEMENT LTD
iapd,iapd_state_compilation,139335,CA,APPROVED,1999-06-16,HAWLEY ADVISORS,"HAWLEY ADVISORS, LLC"
iapd,iapd_state_compilation,139492,CA,APPROVED,2025-04-23,"ROUND TABLE INVESTMENT STRATEGIES, LLC","ROUND TABLE INVESTMENT STRATEGIES, LLC"
iapd,iapd_state_compilation,139679,CA,APPROVED,2006-04-26,PATHFINDER  FINANCE AND INSURANCE SOLUTIONS,"REP CAL, INC."
iapd,iapd_state_compilation,139707,CA,APPROVED,2018-01-22,THALASSA CAPITAL LLC,THALASSA CAPITAL LLC
iapd,iapd_state_compilation,139727,CA,APPROVED,2006-12-07,"LONG VIEW FINANCIAL SERVICES, INC","LONG VIEW FINANCIAL SERVICES, INC"
iapd,iapd_state_compilation,139870,CA,APPROVED,2006-06-07,"OLHOEFT FINANCIAL, LLC","OLHOEFT FINANCIAL, LLC"
iapd,iapd_state_compilation,139892,CA,APPROVED,2006-06-06,REGENCY FINANCIAL GROUP,"YEDGARIAN, VAHICK, ARAM"
iapd,iapd_state_compilation,139951,CA,APPROVED,2006-05-04,"HATHER, ROBERT K","HATHER, ROBERT KEVIN"
iapd,iapd_state_compilation,139954,CA,APPROVED,2012-05-25,"BELL STRATEGIC INVESTMENTS, INC.","BELL STRATEGIC INVESTMENTS, INC."
iapd,iapd_state_compilation,139958,CA,APPROVED,2006-09-28,"GOODRICH FINANCIAL GROUP, LLC","GOODRICH FINANCIAL GROUP, LLC"
iapd,iapd_state_compilation,139984,CA,APPROVED,2006-07-06,SUMMA CAPITAL MANAGEMENT LLC,SUMMA CAPITAL MANAGEMENT LLC
iapd,iapd_state_compilation,140015,CA,APPROVED,2006-04-07,"PF WEALTH MANAGEMENT GROUP, LLC","PF WEALTH MANAGEMENT GROUP, LLC"
iapd,iapd_state_compilation,140034,CA,APPROVED,2006-06-05,"ADVOWEALTH ADVISORS, LLC","ADVOWEALTH ADVISORS, LLC"
iapd,iapd_state_compilation,140128,CA,APPROVED,2007-07-11,FEARLESS WEALTH,"PECK WEALTH MANAGEMENT, LLC"
iapd,iapd_state_compilation,140153,CA,APPROVED,2011-10-04,INVESTUS FINANCIAL,"INVESTUS FINANCIAL PLANNING, INC."
iapd,iapd_state_compilation,140223,CA,APPROVED,2010-02-18,FARRAR FINANCIALS,"FARRAR, RHONDA SCHERBER"
iapd,iapd_state_compilation,140247,CA,APPROVED,2008-05-20,DRACH ADVISORS LLC,DRACH ADVISORS LLC
iapd,iapd_state_compilation,140379,CA,APPROVED,2018-06-25,CORNERSTONE SECURITIES LLC,CORNERSTONE SECURITIES LLC
iapd,iapd_state_compilation,140630,CA,APPROVED,2006-08-28,"WEALTH ALLIANCE, LLC","WEALTH ALLIANCE, LLC"
iapd,iapd_state_compilation,140805,CA,APPROVED,2006-08-15,ASAGE FINANCIAL LLC,ASAGE FINANCIAL LLC
iapd,iapd_state_compilation,140810,CA,APPROVED,2008-10-31,SANTA FE' WEALTH MANAGEMENT,"SANTA FE' WEALTH MANAGEMENT, INC."
iapd,iapd_state_compilation,140864,CA,APPROVED,2020-05-14,"TAYAN CAPITAL MANAGEMENT, LLC","TAYAN CAPITAL MANAGEMENT, LLC"
iapd,iapd_state_compilation,140922,CA,APPROVED,2006-09-19,"JOSEPH C. LONGO, ATTORNEY AT LAW","LONGO, JOSEPH COSMO"
iapd,iapd_state_compilation,141274,CA,APPROVED,2006-10-11,FOREST HILL FINANCIAL ADVISORY GROUP LLC,FOREST HILL FINANCIAL ADVISORY GROUP LLC
iapd,iapd_state_compilation,141287,CA,APPROVED,2006-11-20,ROYALE INVESTMENT ADVISOR LLC,ROYALE INVESTMENT ADVISOR LLC
iapd,iapd_state_compilation,141333,CA,APPROVED,2025-08-21,YORKVILLE CAPITAL MANAGEMENT LLC,YORKVILLE CAPITAL MANAGEMENT LLC
iapd,iapd_state_compilation,141355,CA,APPROVED,2006-12-07,"THE FINANCIAL TEAM, INC.","THE FINANCIAL TEAM, INC."
iapd,iapd_state_compilation,141372,CA,APPROVED,2007-01-01,SPIRITUS FINANCIAL PLANNING,"TALENT ACQUISITION GROUP, INC. DBA SPIRITUS FINANCIAL PLANNING"
iapd,iapd_state_compilation,141405,CA,APPROVED,2006-10-23,"ROCKROSE CAPITAL MANAGEMENT, LLC","ROCKROSE CAPITAL MANAGEMENT, LLC"
iapd,iapd_state_compilation,141440,CA,APPROVED,2026-09-25,"SOUND INVESTMENT STRATEGIES, INC.","SOUND INVESTMENT STRATEGIES, INC."
iapd,iapd_state_compilation,141456,CA,APPROVED,2020-11-20,"MARIAN FINANCIAL SERVICES, INC.","MARIAN FINANCIAL SERVICES, INC."
iapd,iapd_state_compilation,141468,CA,APPROVED,2006-11-08,"ANTONE ASSET MANAGEMENT, INC","ANTONE ASSET MANAGEMENT, INC"
iapd,iapd_state_compilation,141513,CA,APPROVED,2006-11-22,"BULLBEAR INVESTMENT MANAGEMENT, LLC","BULLBEAR INVESTMENT MANAGEMENT, LLC"
iapd,iapd_state_compilation,141537,CA,APPROVED,2007-05-08,"THE TILTED FUNDS GROUP, LLC","THE TILTED FUNDS GROUP, LLC"
iapd,iapd_state_compilation,141606,CA,APPROVED,2007-02-07,"LEEDOM ASSET MANAGEMENT, INC.","LEEDOM ASSET MANAGEMENT, INC."
iapd,iapd_state_compilation,141634,CA,APPROVED,2025-11-17,TWEDDELL GOLDBERG INVESTMENT MANAGEMENT,"TWEDDELL GOLDBERG, LLC"
iapd,iapd_state_compilation,141648,CA,APPROVED,2018-06-22,PACIFIC EMPIRE FINANCIAL,"PACIFIC EMPIRE FINANCIAL GROUP, LLC"
iapd,iapd_state_compilation,141786,CA,APPROVED,2007-10-18,"ASIA GLOBAL ASSET MANAGEMENT, INC","ASIA GLOBAL ASSET MANAGEMENT, INC"
iapd,iapd_state_compilation,141789,CA,APPROVED,2006-12-12,O'REILLY WEALTH ADVISORS,O'REILLY WEALTH ADVISORS LLC
iapd,iapd_state_compilation,141851,CA,APPROVED,2013-07-24,MUNRO ASSET MANAGEMENT L.L.C.,MUNRO ASSET MANAGEMENT L.L.C.
iapd,iapd_state_compilation,141981,CA,APPROVED,2015-01-22,"WEST COAST CAPITAL MANAGEMENT, LLC","WEST COAST CAPITAL MANAGEMENT, LLC"
iapd,iapd_state_compilation,142038,CA,APPROVED,2007-01-09,"FAIRWAY ASSET MANAGEMENT, INC.","FAIRWAY ASSET MANAGEMENT, INC."
iapd,iapd_state_compilation,142085,CA,APPROVED,2008-10-23,JOHN H. BECKER,"BECKER, JOHN HOWARD"
iapd,iapd_state_compilation,142098,CA,APPROVED,2026-01-29,"HOLLY DONALDSON FINANCIAL PLANNING, LLC","HOLLY DONALDSON FINANCIAL PLANNING, LLC"
iapd,iapd_state_compilation,142122,CA,APPROVED,2007-07-10,HARTMAN FINANCIAL PLANNING,"OPTIONS TRADING & EDUCATION, LLC"
iapd,iapd_state_compilation,142144,CA,APPROVED,2018-05-25,TIBURON RESEARCH GROUP,"TIBURON RESEARCH GROUP, INC."
iapd,iapd_state_compilation,142207,CA,APPROVED,2013-05-16,BEACON BAY ASSET MANAGEMENT LLC,BEACON BAY ASSET MANAGEMENT LLC
iapd,iapd_state_compilation,142270,CA,APPROVED,2008-01-07,"ARBOR FAMILY WEALTH ADVISORS, INC.","ARBOR FAMILY WEALTH ADVISORS, INC."
iapd,iapd_state_compilation,142323,CA,APPROVED,2023-09-25,"PARAKLETE FINANCIAL, INC.","PARAKLETE FINANCIAL, INC."
iapd,iapd_state_compilation,142335,CA,APPROVED,2007-02-06,"ROYAL PALM INVESTMENT ADVISORS, INC","ROYAL PALM INVESTMENT ADVISORS, INC"
iapd,iapd_state_compilation,142382,CA,APPROVED,2007-02-26,"HERMOSA CAPITAL MANAGEMENT, LLC","HERMOSA CAPITAL MANAGEMENT, LLC"
iapd,iapd_state_compilation,142387,CA,APPROVED,2007-03-19,"ALC CAPITAL MANAGEMENT, LLC","ALC CAPITAL MANAGEMENT, LLC"
iapd,iapd_state_compilation,142446,CA,APPROVED,2007-01-10,EVLA HILLS EQUITY SERVICES LLC,EVLA HILLS EQUITY SERVICES LLC
iapd,iapd_state_compilation,142460,CA,APPROVED,2007-02-21,MONTEREY BAY ASSET MANAGEMENT LLC,MONTEREY BAY ASSET MANAGEMENT LLC
iapd,iapd_state_compilation,142510,CA,APPROVED,2018-10-25,SOHO FINANCIAL SERVICES LLC,SOHO FINANCIAL SERVICES LLC
iapd,iapd_state_compilation,142577,CA,APPROVED,2009-06-29,"INTERLAKE CAPITAL MANAGEMENT, LLC","INTERLAKE CAPITAL MANAGEMENT, LLC"
iapd,iapd_state_compilation,142586,CA,APPROVED,2007-02-22,"GALILEO PLANNING GROUP, INC","GALILEO PLANNING GROUP, INC"
iapd,iapd_state_compilation,142703,CA,APPROVED,2007-03-20,"JC FINANCIAL PLANNING & INVESTMENTS, LLC","JC FINANCIAL PLANNING & INVESTMENTS, LLC"
iapd,iapd_state_compilation,142729,CA,APPROVED,2012-01-01,RANDALL STONE FINANCIAL,RANDALL CARLTON STONE
iapd,iapd_state_compilation,142745,CA,APPROVED,2007-01-24,"PARK PLACE WEALTH ADVISORS, INC","PARK PLACE WEALTH ADVISORS, INC"
iapd,iapd_state_compilation,142792,CA,APPROVED,2007-04-16,"RESOLVE FINANCIAL, LLC","RESOLVE FINANCIAL, LLC"
iapd,iapd_state_compilation,142864,CA,APPROVED,2007-03-15,POLESTAR CAPITAL LLC,POLESTAR CAPITAL LLC
iapd,iapd_state_compilation,142969,CA,APPROVED,2011-11-03,INTEGRATED RETIREMENT STRATEGIES,"PETERSON, DAVID WALTER"
iapd,iapd_state_compilation,142974,CA,APPROVED,2007-04-13,"JPS GLOBAL INVESTMENTS, LLC","JPS GLOBAL INVESTMENTS, LLC"
iapd,iapd_state_compilation,142992,CA,APPROVED,2007-05-07,SIMPLE LIFE FINANCIAL,K183 ENTERPRISES LLC
iapd,iapd_state_compilation,143054,CA,APPROVED,2007-04-30,"TRACHTENBERG CAPITAL MANAGEMENT, LLC","TRACHTENBERG CAPITAL MANAGEMENT, LLC"
iapd,iapd_state_compilation,143092,CA,APPROVED,2007-04-23,"JEFFERY C. WELCH AND ASSOCIATES, INC.","JEFFERY C. WELCH AND ASSOCIATES, INC."
iapd,iapd_state_compilation,143182,CA,APPROVED,2007-04-17,QUINN CAPITAL LLC,QUINN CAPITAL LLC
iapd,iapd_state_compilation,143222,CA,APPROVED,2007-04-18,"WEALTH PLANNING GROUP, INC.","WEALTH PLANNING GROUP, INC."
iapd,iapd_state_compilation,143223,CA,APPROVED,2012-04-30,"MCBEE ADVISORS, INC.","MCBEE ADVISORS, INC."
iapd,iapd_state_compilation,143275,CA,APPROVED,2007-07-25,"JW FINANCIAL ADVISORS, LLC","JW FINANCIAL ADVISORS, LLC"
iapd,iapd_state_compilation,143285,CA,APPROVED,2023-06-30,MACC IV GROUP,RODNEY MCKINNIS
iapd,iapd_state_compilation,143334,CA,APPROVED,2007-04-30,CASTELLAN FINANCIAL ADVISORS,"CASTELLAN WEALTH MANAGEMENT, INC."
iapd,iapd_state_compilation,143470,CA,APPROVED,2007-06-21,"SECTOR LOGIC, LP","SECTOR LOGIC, LP"
iapd,iapd_state_compilation,143501,CA,APPROVED,2007-06-06,"CORE CAPITAL MANAGEMENT, LLC","CORE CAPITAL MANAGEMENT, LLC"
iapd,iapd_state_compilation,143536,CA,APPROVED,2017-01-18,GASKIN WEALTH MANAGEMENT,"GASKIN WEALTH MANAGEMENT, LLC"
iapd,iapd_state_compilation,143585,CA,APPROVED,2007-07-09,"DOUGLAS CAPITAL MANAGEMENT, LLC","DOUGLAS CAPITAL MANAGEMENT, LLC"
iapd,iapd_state_compilation,143632,CA,APPROVED,2025-02-07,IFMGROUP,INVESTMENT & FINANCIAL MANAGEMENT GROUP LLC
iapd,iapd_state_compilation,143634,CA,APPROVED,2007-07-05,"WADA CAPITAL MANAGEMENT, LLC","WADA CAPITAL MANAGEMENT, LLC"
iapd,iapd_state_compilation,143639,CA,APPROVED,2007-06-26,HIGH VALLEY CAPITAL,"HIGH VALLEY CAPITAL, LLC"
iapd,iapd_state_compilation,143757,CA,APPROVED,2007-07-31,NEW ECONOMY CAPITAL MANAGEMENT LLC,NEW ECONOMY CAPITAL MANAGEMENT LLC
iapd,iapd_state_compilation,143766,CA,APPROVED,2024-10-14,SPITFIRE CAPITAL LLC,SPITFIRE CAPITAL LLC
iapd,iapd_state_compilation,143775,CA,APPROVED,2007-10-04,"SPM ADVISORS, LLC","SPM ADVISORS, LLC"
iapd,iapd_state_compilation,143801,CA,APPROVED,2007-04-26,"KELLY JONES INVESTMENT SERVICES, INC.","KELLY JONES INVESTMENT SERVICES, INC."
iapd,iapd_state_compilation,143807,CA,APPROVED,2010-08-18,ANVIK ADVISERS LLC,ANVIK ADVISERS LLC
iapd,iapd_state_compilation,143819,CA,APPROVED,2007-07-25,PROBITAS FINANCIAL,PROBITAS FINANCIAL
iapd,iapd_state_compilation,143978,CA,APPROVED,2010-08-13,"BURDICK WEALTH MANAGEMENT, LLC","BURDICK WEALTH MANAGEMENT, LLC"
iapd,iapd_state_compilation,143984,CA,APPROVED,2007-06-14,BURGESS FINANCIAL PLANNING,"BURGESS FINANCIAL PLANNING, LLC"
iapd,iapd_state_compilation,143990,CA,APPROVED,2008-01-01,"RADNORWOOD CAPITAL, LLC","RADNORWOOD CAPITAL, LLC"
iapd,iapd_state_compilation,144089,CA,APPROVED,2007-07-20,"HARRISON LAZARUS ADVISORS, INC.","HARRISON LAZARUS ADVISORS, INC."
iapd,iapd_state_compilation,144105,CA,APPROVED,2011-04-06,"MOORE FINANCIAL STRATEGIES, LLC","MOORE FINANCIAL STRATEGIES, LLC"
iapd,iapd_state_compilation,144127,CA,APPROVED,2008-02-29,"LEGACY INVESTMENT SERVICES, LLC","LEGACY INVESTMENT SERVICES, LLC"
iapd,iapd_state_compilation,144340,CA,APPROVED,2012-05-09,ARM FINANCIAL LLC,ARM FINANCIAL LLC
iapd,iapd_state_compilation,144352,CA,APPROVED,2007-08-16,"JANIS FINANCIAL, LLC","JANIS FINANCIAL, LLC"
iapd,iapd_state_compilation,144392,CA,APPROVED,2008-04-03,DBA TANA INVESTMENT ADVISORS,AZEB CLARK
iapd,iapd_state_compilation,144394,CA,APPROVED,2007-10-12,OSBORNE CAPITAL MANAGEMENT,"OSBORNE, GARDNER, CLARK"
iapd,iapd_state_compilation,144440,CA,APPROVED,2007-08-28,"WILSON ADVISORS, LLC","WILSON ADVISORS, LLC"
iapd,iapd_state_compilation,144506,CA,APPROVED,2021-01-25,"ALL SEASONS INVESTMENT ADVISORS, INC","ALL SEASONS INVESTMENT ADVISORS, INC"
iapd,iapd_state_compilation,144514,CA,APPROVED,2007-09-20,"KELLOGG WEALTH ADVISORS, INC.","KELLOGG WEALTH ADVISORS, INC."
iapd,iapd_state_compilation,144517,CA,APPROVED,2007-10-02,AIKAPA,"ALVAREZ, EDI"
iapd,iapd_state_compilation,144564,CA,APPROVED,2007-07-26,"CARTY FINANCIAL, INC.","CARTY FINANCIAL, INC."
iapd,iapd_state_compilation,144566,CA,APPROVED,2007-09-19,COMPASS ROSE FINANCIAL PLANNING & INVESTMENT MANAGEMENT,"COMPASS ROSE FINANCIAL PLANNING, INC."
iapd,iapd_state_compilation,144590,CA,APPROVED,2007-09-27,BARNETT FINANCIAL PLANNING,"BARNETT, DAVID IRA"
iapd,iapd_state_compilation,144648,CA,APPROVED,2019-01-24,DIVERSIFIED CAPITAL GROUP,"DIVERSIFIED CAPITAL MANAGEMENT, LLC"
iapd,iapd_state_compilation,144711,CA,APPROVED,2011-05-16,"MOGUL WEALTH MANAGEMENT, INC.","MOGUL WEALTH MANAGEMENT, INC."
iapd,iapd_state_compilation,144735,CA,APPROVED,2011-10-03,"RIDLEY ASSET MANAGEMENT, LLC","RIDLEY ASSET MANAGEMENT, LLC"
iapd,iapd_state_compilation,144741,CA,APPROVED,2022-10-24,"GATEWAY FINANCIAL & ESTATE PLANNING, INC.","GATEWAY FINANCIAL & ESTATE PLANNING, INC."
iapd,iapd_state_compilation,144752,CA,APPROVED,2007-10-10,ANALYTIC INVESTMENT MANAGEMENT LLC,ANALYTIC INVESTMENT MANAGEMENT LLC
iapd,iapd_state_compilation,144793,CA,APPROVED,2007-09-20,"MAHALO ADVISORY SERVICES, LLC","MAHALO ADVISORY SERVICES, LLC"
iapd,iapd_state_compilation,144821,CA,APPROVED,2007-09-19,"RMC FINANCIAL ADVISORS, LLC","RMC FINANCIAL ADVISORS, LLC"
iapd,iapd_state_compilation,144836,CA,APPROVED,2007-09-20,JAIN CAPITAL MANAGEMENT LLC,JAIN CAPITAL MANAGEMENT LLC
iapd,iapd_state_compilation,144858,CA,APPROVED,2012-05-18,"PENSION MAXIMA INVESTMENT ADVISORY, INC.","PENSION MAXIMA INVESTMENT ADVISORY, INC."
iapd,iapd_state_compilation,144893,CA,APPROVED,2008-01-09,MEM INVESTMENTS,"M.E. MILLER INVESTORS, LLC"
iapd,iapd_state_compilation,144894,CA,APPROVED,2021-06-17,"DOMO CAPITAL MANAGEMENT, LLC","DOMO CAPITAL MANAGEMENT, LLC"
iapd,iapd_state_compilation,144913,CA,APPROVED,2008-02-19,ZELLER KERN BUSINESS ADVISORS,"ZELLER KERN PRIVATE WEALTH MANAGEMENT, INC."
iapd,iapd_state_compilation,144916,CA,APPROVED,2007-10-15,"LANE FLORENCE, LLC","LANE FLORENCE, LLC"
iapd,iapd_state_compilation,145001,CA,APPROVED,2008-03-12,ALTA FINANCIAL GROUP,STAR LLC
iapd,iapd_state_compilation,145117,CA,APPROVED,2008-04-25,FINANCIAL STRATEGIES FOR TODAY AND TOMORROW--WEALTH MGMT GROUP,FINANCIAL STRATEGIES FOR TODAY AND TOMORROW--WEALTH MGMT GROUP
iapd,iapd_state_compilation,145231,CA,APPROVED,2008-04-11,TRIDENT ADVISORS LLC,TRIDENT ADVISORS LLC
iapd,iapd_state_compilation,145239,CA,APPROVED,2009-05-20,S.H. CAPITAL MANAGEMENT CORP.,S.H. CAPITAL MANAGEMENT CORP.
iapd,iapd_state_compilation,145259,CA,APPROVED,2007-11-27,ALTUS WEALTH SOLUTIONS,"ALTUS, INC"
iapd,iapd_state_compilation,145304,CA,APPROVED,2021-07-19,"SIERRA NEVADA WEALTH MANAGEMENT, LLC","SIERRA NEVADA WEALTH MANAGEMENT, LLC"
iapd,iapd_state_compilation,145321,CA,APPROVED,2007-11-07,KRUSE FINANCIAL STRATEGY,"KRUSE, AUTUMN RAIN"
iapd,iapd_state_compilation,145419,CA,APPROVED,2007-11-06,MAVEN GROUP LLC,MAVEN GROUP LLC
iapd,iapd_state_compilation,145449,CA,APPROVED,2008-01-28,"ELITE CAPITAL SERVICES, LLC","ELITE CAPITAL SERVICES, LLC"
iapd,iapd_state_compilation,145451,CA,APPROVED,2017-01-27,THE GARRETT GROUP,TGG MANAGEMENT COMPANY INC.
iapd,iapd_state_compilation,145453,CA,APPROVED,2007-11-26,"KENSINGTON SECURITIES, LLC","KENSINGTON SECURITIES, LLC"
iapd,iapd_state_compilation,145461,CA,APPROVED,2008-03-03,"IVY ADVISORS, LLC","IVY ADVISORS, LLC"
iapd,iapd_state_compilation,145500,CA,APPROVED,2008-01-01,"GLENMORE FINANCIAL, INC, LIFESIGHTED","GLENMORE FINANCIAL, INC."
iapd,iapd_state_compilation,145524,CA,APPROVED,2008-01-29,"GH&J INVESTMENT ADVISORY SERVICES, LLC","GH&J INVESTMENT ADVISORY SERVICES, LLC"
iapd,iapd_state_compilation,145561,CA,APPROVED,2016-06-20,CENTRICITY FINANCIAL LLC,CENTRICITY FINANCIAL LLC
iapd,iapd_state_compilation,145602,CA,APPROVED,2008-01-30,"CHANEY FINANCIAL SERVICES, INC.","CHANEY FINANCIAL SERVICES, INC."
iapd,iapd_state_compilation,145674,CA,APPROVED,2009-01-01,VERE CHAPPELL,"CHAPPELL, VERE CHAMBERS"
iapd,iapd_state_compilation,145698,CA,APPROVED,2007-11-29,ETF PORTFOLIO MANAGEMENT LLC,ETF PORTFOLIO MANAGEMENT LLC
iapd,iapd_state_compilation,145705,CA,APPROVED,2008-02-19,"WEALTH LEGACY GROUP, INC.","WEALTH LEGACY GROUP, INC."
iapd,iapd_state_compilation,145725,CA,APPROVED,2009-01-07,GSP FINANCIAL STRATEGIES,"DLLH, LLC"
iapd,iapd_state_compilation,145834,CA,APPROVED,2008-03-20,"ECONOMIC RESEARCH AND INSURANCE SOLUTIONS, LLC","ECONOMIC RESEARCH AND INSURANCE SOLUTIONS, LLC"
iapd,iapd_state_compilation,145855,CA,APPROVED,2008-01-15,"CPR FINANCIAL & INSURANCE SERVICES, INC.","CPR FINANCIAL & INSURANCE SERVICES, INC."
iapd,iapd_state_compilation,145873,CA,APPROVED,2008-03-27,10 STAR ASSET MANAGEMENT,10 STAR ASSET MANAGEMENT LLC
iapd,iapd_state_compilation,145880,CA,APPROVED,2008-02-07,"THE R.L. BROWN ADVISORY GROUP, LLC","THE R.L. BROWN ADVISORY GROUP, LLC"
iapd,iapd_state_compilation,145897,CA,APPROVED,2012-02-29,"PREMIER FINANCIAL PLANNING, INC.","PREMIER FINANCIAL PLANNING, INC."
iapd,iapd_state_compilation,145898,CA,APPROVED,2011-04-28,"KENSINGTON AMI, LLC","KENSINGTON AMI, LLC"
iapd,iapd_state_compilation,145960,CA,APPROVED,2008-02-05,IMHAUS INVESTMENT ADVISORS,IMHAUS INVESTMENT ADVISORS
iapd,iapd_state_compilation,145996,CA,APPROVED,2008-01-18,"MATURE MONEY MANAGEMENT, INC","MATURE MONEY MANAGEMENT, INC"
iapd,iapd_state_compilation,146046,CA,APPROVED,2008-05-27,FHWV FINANCIAL LLC,FHWV FINANCIAL LLC
iapd,iapd_state_compilation,146071,CA,APPROVED,2019-01-11,Q4 STRATEGIC EQUITY ADVISORS INC.,Q4 STRATEGIC EQUITY ADVISORS INC
iapd,iapd_state_compilation,146227,CA,APPROVED,2010-01-19,"ULTIMATE RETIREMENT PRODUCTS, INC.","ULTIMATE RETIREMENT PRODUCTS, INC."
iapd,iapd_state_compilation,146267,CA,APPROVED,2008-07-18,PACIFIC WEALTH ADVISORS,PACIFIC WEALTH ADVISORS LLC
iapd,iapd_state_compilation,146273,CA,APPROVED,2026-07-03,STRYKER FINANCIAL,"KHOSHNOODI , FARZAD"
iapd,iapd_state_compilation,146442,CA,APPROVED,2008-05-22,LAGUNA INVESTMENT SERVICES,"SWEEZEY, LAURA JEAN"
iapd,iapd_state_compilation,146541,CA,APPROVED,2008-05-07,"R-TECH ADVISORS, INC.","R-TECH ADVISORS, INC."
iapd,iapd_state_compilation,146676,CA,APPROVED,2019-01-31,"PREMIER WEALTH ADVISORS, INC.","PREMIER WEALTH ADVISORS, INC."
iapd,iapd_state_compilation,146933,CA,APPROVED,2008-06-03,"JRS INVESTMENTS AND WEALTH PRESERVATION, LLC","JRS INVESTMENTS AND WEALTH PRESERVATION, LLC"
iapd,iapd_state_compilation,146944,CA,APPROVED,2008-05-15,PRIME OPPORTUNITIES INVESTMENT GROUP LLC,PRIME OPPORTUNITIES INVESTMENT GROUP LLC
iapd,iapd_state_compilation,146965,CA,APPROVED,2012-10-03,"WEALTH RESCUE STRATEGIES, INC.","WEALTH RESCUE STRATEGIES, INC."
iapd,iapd_state_compilation,147097,CA,APPROVED,2008-08-25,AVALON FINANCIAL ADVISORS,"MCVAY, ANDREW PHILLIP"
iapd,iapd_state_compilation,147194,CA,APPROVED,2016-01-22,"STRATEGIC PORTFOLIO ADVISORS, INC.","STRATEGIC PORTFOLIO ADVISORS, INC."
iapd,iapd_state_compilation,147225,CA,APPROVED,2008-06-20,"MARTIN WEALTH MANAGEMENT, LLC","MARTIN WEALTH MANAGEMENT, LLC"
iapd,iapd_state_compilation,147260,CA,APPROVED,2008-06-04,"FINANCIAL COMPASS INVESTMENT SERVICES, INC","FINANCIAL COMPASS INVESTMENT SERVICES, INC"
iapd,iapd_state_compilation,147310,CA,APPROVED,2008-06-10,RUGH FINANCIAL,"RUGH FINANCIAL, LLC"
iapd,iapd_state_compilation,147392,CA,APPROVED,2009-03-13,"STONEBRIDGE CAPITAL MANAGEMENT NW, LLC","STONEBRIDGE CAPITAL MANAGEMENT NW, LLC"
iapd,iapd_state_compilation,147450,CA,APPROVED,2009-01-26,"MICHAEL P LYNCH WEALTH MANAGEMENT, LLC","MICHAEL P LYNCH WEALTH MANAGEMENT, LLC"
iapd,iapd_state_compilation,147475,CA,APPROVED,2008-08-06,"GOLDEN STATE ADVISORS, LLC","GOLDEN STATE ADVISORS, LLC"
iapd,iapd_state_compilation,147552,CA,APPROVED,2008-08-20,"LEGION CAPITAL MANAGEMENT, LLC","LEGION CAPITAL MANAGEMENT, LLC"
iapd,iapd_state_compilation,147573,CA,APPROVED,2008-10-14,"KENNEDY WEALTH MANAGEMENT, LLC","KENNEDY WEALTH MANAGEMENT, LLC"
iapd,iapd_state_compilation,147604,CA,APPROVED,2008-08-18,"FREQUENCY CAPITAL ADVISORS, LLC","FREQUENCY CAPITAL ADVISORS, LLC"
iapd,iapd_state_compilation,147624,CA,APPROVED,2008-12-15,"CASTLEWOOD FINANCIAL ADVISORS, LLC","CASTLEWOOD FINANCIAL ADVISORS, LLC"
iapd,iapd_state_compilation,147627,CA,APPROVED,2008-10-10,"BDC INVESTMENT ADVISORS, LLC","BDC INVESTMENT ADVISORS, LLC"
iapd,iapd_state_compilation,147672,CA,APPROVED,2014-02-14,PACIFIC TRUST WEALTH MANAGEMENT,"ESSO VENTURES, LLC"
iapd,iapd_state_compilation,147675,CA,APPROVED,2009-01-01,DAVENPORT ADVISORS 14 LLC,DAVENPORT ADVISORS 14 LLC
iapd,iapd_state_compilation,147705,CA,APPROVED,2008-08-20,ZRCOR INC.,ZRCOR INC.
iapd,iapd_state_compilation,147801,CA,APPROVED,2008-08-13,HARNETT INVESTMENT ADVISERS LLC,HARNETT INVESTMENT ADVISERS LLC
iapd,iapd_state_compilation,147954,CA,APPROVED,2019-01-22,"BBN MANAGEMENT, LLC","BBN MANAGEMENT, LLC"
iapd,iapd_state_compilation,147962,CA,APPROVED,2008-10-21,"JOINER FINANCIAL, LLC","JOINER FINANCIAL, LLC"
iapd,iapd_state_compilation,147969,CA,APPROVED,2009-01-06,"MERITAGE WEALTH ADVISORY, LLC","MERITAGE WEALTH ADVISORY, LLC"
iapd,iapd_state_compilation,148139,CA,APPROVED,2009-05-12,"DIABLO INVESTMENT ADVISORS, LLC","DIABLO INVESTMENT ADVISORS, LLC"
iapd,iapd_state_compilation,148154,CA,APPROVED,2008-10-06,"PACIFIC ROCK CAPITAL, LLC","PACIFIC ROCK CAPITAL, LLC"
iapd,iapd_state_compilation,148163,CA,APPROVED,2008-10-20,"JS ALAN, LLC","JS ALAN, LLC"
iapd,iapd_state_compilation,148225,CA,APPROVED,2016-03-28,"A.T. LLOYD'S, INC","A.T. LLOYD'S, INC"
iapd,iapd_state_compilation,148263,CA,APPROVED,2021-03-11,"SIMPLE PORTFOLIO MANAGEMENT, INC.","SIMPLE PORTFOLIO MANAGEMENT, INC."
iapd,iapd_state_compilation,148353,CA,APPROVED,2009-09-29,"PARAH CAPITAL MANAGEMENT, LLC","PARAH CAPITAL MANAGEMENT, LLC"
iapd,iapd_state_compilation,148481,CA,APPROVED,2018-03-29,"RELIANCE INVESTING, INC.","RELIANCE INVESTING, INC."
iapd,iapd_state_compilation,148528,CA,APPROVED,2008-10-28,NARDENE WEALTH MANAGEMENT INC,NARDENE WEALTH MANAGEMENT INC
iapd,iapd_state_compilation,148547,CA,APPROVED,2009-05-14,"AGILE FINANCIAL PLANNING, LLC","AGILE FINANCIAL PLANNING, LLC"
iapd,iapd_state_compilation,148575,CA,APPROVED,2008-11-12,KOCH CAPITAL MANAGEMENT LLC,KOCH CAPITAL MANAGEMENT LLC
iapd,iapd_state_compilation,148649,CA,APPROVED,2012-04-30,BAUGHMAN FINANCIAL GROUP,BAUGHMAN WEALTH ADVISORS INC.
iapd,iapd_state_compilation,148733,CA,APPROVED,2011-05-23,CAPITAL SYNERGY PARTNERS,"CAPITAL SYNERGY PARTNERS, INC."
iapd,iapd_state_compilation,148734,CA,APPROVED,2009-11-12,MEYERS WEALTH MANAGEMENT,"MEYERS, DAVID SETH"
iapd,iapd_state_compilation,148755,CA,APPROVED,2017-08-16,CONKLIN FINANCIAL PLANNING,"CONKLIN FINANCIAL PLANNING, LLC"
iapd,iapd_state_compilation,148800,CA,APPROVED,2009-01-01,KANAKA STRATEGIES,GODBOLE ANIL VASANT
iapd,iapd_state_compilation,148846,CA,APPROVED,2009-02-02,MEGAN ROUSE FINANCIAL PLANNING,"ROUSE, MEGAN CHAMPAGNE"
iapd,iapd_state_compilation,148911,CA,APPROVED,2009-01-07,PLATLER CAPITAL MANAGEMENT LLC,PLATLER CAPITAL MANAGEMENT LLC
iapd,iapd_state_compilation,149028,CA,APPROVED,2025-03-06,"HUTCHISON ROAD PARTNERS, LLC","HUTCHISON ROAD PARTNERS, LLC"
iapd,iapd_state_compilation,149069,CA,APPROVED,2009-10-07,"WHITESPACE FINANCIAL, LLC","WHITESPACE FINANCIAL, LLC"
iapd,iapd_state_compilation,149082,CA,APPROVED,2009-01-16,"ESI FINANCIAL SERVICES, INC.","ESI FINANCIAL SERVICES, INC."
iapd,iapd_state_compilation,149137,CA,APPROVED,2009-02-24,SERVICE ONE FINANCIAL,"GAP FINANCIAL, INC."
iapd,iapd_state_compilation,149158,CA,APPROVED,2019-05-31,DIAMOND HEAD FINANCIAL ADVISORS LLC,DIAMOND HEAD FINANCIAL ADVISORS LLC
iapd,iapd_state_compilation,149196,CA,APPROVED,2009-09-14,"VERAISON ASSET MANAGEMENT, LLC","VERAISON ASSET MANAGEMENT, LLC"
iapd,iapd_state_compilation,149221,CA,APPROVED,2009-12-24,"MDC FINANCIAL RESEARCH, LLC","MDC FINANCIAL RESEARCH, LLC"
iapd,iapd_state_compilation,149434,CA,APPROVED,2009-04-29,BROOMFIELD ADVISORY & MANAGEMENT,"BROOMFIELD, THEODORE SAMUEL"
iapd,iapd_state_compilation,149450,CA,APPROVED,2009-04-24,PINEDO FINANCIAL SERVICES,PINEDO FINANCIAL SERVICES
iapd,iapd_state_compilation,149503,CA,APPROVED,2019-11-01,"HARVEST FINANCIAL GROUP, LLC","HARVEST FINANCIAL GROUP, LLC"
iapd,iapd_state_compilation,149627,CA,APPROVED,2022-01-01,"THIRD EYE ASSOCIATES, LTD","THIRD EYE ASSOCIATES, LTD."
iapd,iapd_state_compilation,149628,CA,APPROVED,2009-07-08,"RN WEALTH ADVISORS, LLC","RN WEALTH ADVISORS, LLC"
iapd,iapd_state_compilation,149633,CA,APPROVED,2009-05-11,"SCUNDI INVESTMENT MANAGEMENT, LLC","SCUNDI INVESTMENT MANAGEMENT, LLC"
iapd,iapd_state_compilation,149710,CA,APPROVED,2017-07-25,PACIFIC SHORES INVESTMENT ADVISORS,"COHEN, JONATHON DANIEL"
iapd,iapd_state_compilation,149725,CA,APPROVED,2011-01-01,"RIVERFLOW WEALTH MANAGEMENT, LLC","RIVERFLOW WEALTH MANAGEMENT, LLC"
iapd,iapd_state_compilation,149757,CA,APPROVED,2011-11-15,LAGUNA FINANCIAL ADVISORY,DOLLARDOC INC.
iapd,iapd_state_compilation,149825,CA,APPROVED,2009-06-09,"HIP INVESTOR, INC.","HIP INVESTOR, INC."
iapd,iapd_state_compilation,149878,CA,APPROVED,2009-08-17,"RETIREMENT WEALTH GROUP, INC","RETIREMENT WEALTH GROUP, INC"
iapd,iapd_state_compilation,149891,CA,APPROVED,2012-04-20,GORDON CARLSON & ASSOCIATES,ELM MONEY MANAGEMENT LLC
iapd,iapd_state_compilation,149922,CA,APPROVED,2009-11-17,"PEAK WEALTH ADVISORS, INC.","PEAK WEALTH ADVISORS, INC."
iapd,iapd_state_compilation,149925,CA,APPROVED,2009-07-20,HWONG,"HWONG, HSIANG HSEAU"
iapd,iapd_state_compilation,150038,CA,APPROVED,2011-01-04,"ASPEN GROVE INVESTMENT MANAGEMENT, LLC","ASPEN GROVE INVESTMENT MANAGEMENT, LLC"
iapd,iapd_state_compilation,150066,CA,APPROVED,2012-07-11,THE BLAKELEY GROUP INC,"THE BLAKELEY GROUP, INC."
iapd,iapd_state_compilation,150168,CA,APPROVED,2011-02-03,RAILROAD CANYON INSURANCE AND FINANCIAL SERVICES,"KORTE,DENNIS, ALFRED"
iapd,iapd_state_compilation,150174,CA,APPROVED,2009-07-21,D.R. HARRIS & CO.,"HARRIS, DANIEL, ROYER"
iapd,iapd_state_compilation,150179,CA,APPROVED,2009-09-23,THE MCBRIDE GROUP,"THE MCBRIDE GROUP, LLC"
iapd,iapd_state_compilation,150212,CA,APPROVED,2019-05-22,CROSSPOINT CAPITAL MANAGEMENT,"CROSSPOINT CAPITAL STRATEGIES, LLC"
iapd,iapd_state_compilation,150267,CA,APPROVED,2022-01-18,"SOUTH AVENUE INVESTMENT PARTNERS, LLC","SOUTH AVENUE INVESTMENT PARTNERS, LLC"
iapd,iapd_state_compilation,150278,CA,APPROVED,2009-09-22,DEVIL MOUNTAIN INVESTMENT MANAGEMENT,DEVIL MOUNTAIN INVESTMENT MANAGEMENT
iapd,iapd_state_compilation,150314,CA,APPROVED,2009-06-24,"THE JONES STEWARDSHIP GROUP, LLC","THE JONES STEWARDSHIP GROUP, LLC"
iapd,iapd_state_compilation,150356,CA,APPROVED,2009-09-23,"MUCH WEALTH MANAGEMENT, INC.","MUCH WEALTH MANAGEMENT, INC."
iapd,iapd_state_compilation,150371,CA,APPROVED,2009-06-30,"THE FINANCIAL COACHING GROUP, INC.","THE FINANCIAL COACHING GROUP, INC."
iapd,iapd_state_compilation,150372,CA,APPROVED,2009-07-02,"FAUST CAPITAL MANAGEMENT, LLC","FAUST CAPITAL MANAGEMENT, LLC"
iapd,iapd_state_compilation,150401,CA,APPROVED,2013-02-22,LAURENCE FINANCIAL PLANNING LLC,LAURENCE FINANCIAL PLANNING LLC
iapd,iapd_state_compilation,150420,CA,APPROVED,2009-08-03,RGB CAPITAL GROUP,"RGB CAPITAL GROUP, LLC"
iapd,iapd_state_compilation,150501,CA,APPROVED,2009-07-15,"ALIGN INVESTMENT ADVISORS, LLC","ALIGN INVESTMENT ADVISORS, LLC"
iapd,iapd_state_compilation,150517,CA,APPROVED,2026-05-20,EDWARDS FINANCIAL SERVICES,EDWARDS FINANCIAL SERVICES INC.
iapd,iapd_state_compilation,150527,CA,APPROVED,2009-09-08,"ANDORRA INVESTMENT MANAGEMENT, INC.","ANDORRA INVESTMENT MANAGEMENT, INC."
iapd,iapd_state_compilation,150657,CA,APPROVED,2012-07-12,"KEEFER PENSION CONSULTING, INC.","KEEFER PENSION CONSULTING, INC."
iapd,iapd_state_compilation,150705,CA,APPROVED,2014-04-16,THE SULLIVAN GROUP,"CAPITAL INVESTMENT MANAGEMENT, LLC"
iapd,iapd_state_compilation,150710,CA,APPROVED,2010-02-26,LANNING FINANCIAL INC.,LANNING FINANCIAL INC.
iapd,iapd_state_compilation,150717,CA,APPROVED,2013-04-19,DPCM,DECADE PERSPECTIVE CAPITAL MANAGEMENT LLC
iapd,iapd_state_compilation,150760,CA,APPROVED,2009-10-06,"SILA VALUE ADVISORS, LLC","SILA VALUE ADVISORS, LLC"
iapd,iapd_state_compilation,150870,CA,APPROVED,2020-01-31,"MARIPOSA CAPITAL MANAGEMENT, LLC","MARIPOSA CAPITAL MANAGEMENT, LLC"
iapd,iapd_state_compilation,150876,CA,APPROVED,2009-09-24,"HENDERSON ASSET MANAGEMENT, LLC","HENDERSON ASSET MANAGEMENT, LLC"
iapd,iapd_state_compilation,150880,CA,APPROVED,2009-09-01,COBB PLANNING GROUP,"COBB, ROBERT DOUGLAS"
iapd,iapd_state_compilation,151123,CA,APPROVED,2010-01-01,THE RETIREMENT READINESS INSTITUTE,"401(K) CERTIFIED INDEPENDENT INVESTMENT ADVISORS, LLC"
iapd,iapd_state_compilation,151204,CA,APPROVED,2020-03-25,LORINTINE CAPITAL,"LORINTINE CAPITAL, LP"
iapd,iapd_state_compilation,151247,CA,APPROVED,2018-01-19,STACK ASSET MANAGEMENT,STACK ASSET MANAGEMENT INC.
iapd,iapd_state_compilation,151307,CA,APPROVED,2012-03-23,LEWIS ADVISORY GROUP,"LEWIS, MICHAEL, ANDREW"
iapd,iapd_state_compilation,151309,CA,APPROVED,2015-04-10,WATERROCK GLOBAL ASSET MANAGEMENT,WATERROCK GLOBAL ASSET MANAGEMENT
iapd,iapd_state_compilation,151333,CA,APPROVED,2010-10-12,"PERSONAL ECONOMIC PLANNING, LLC","PERSONAL ECONOMIC PLANNING, LLC"
iapd,iapd_state_compilation,151373,CA,APPROVED,2024-07-18,"PGP WEALTH SERVICES, LLC","PGP WEALTH SERVICES, LLC"
iapd,iapd_state_compilation,151389,CA,APPROVED,2013-04-15,"CUNNINGHAM INVESTMENT MANAGEMENT, LLC","CUNNINGHAM INVESTMENT MANAGEMENT, LLC"
iapd,iapd_state_compilation,151436,CA,APPROVED,2010-05-06,"MYERS, WALTER L","MYERS,WALTER LOVING"
iapd,iapd_state_compilation,151566,CA,APPROVED,2010-06-03,"BLUE ROCK FINANCIAL SERVICES, INC.","BLUE ROCK FINANCIAL SERVICES, INC."
iapd,iapd_state_compilation,151580,CA,APPROVED,2025-03-12,"MAIN AVENUE FINANCIAL SERVICES, LLC","MAIN AVENUE FINANCIAL SERVICES, LLC"
iapd,iapd_state_compilation,151602,CA,APPROVED,2025-06-20,"MONEY MANAGERS, INC.","MONEY MANAGERS, INC."
iapd,iapd_state_compilation,151742,CA,APPROVED,2010-03-18,"PJ SCAVUZZO, INC.","PJ SCAVUZZO, INC."
iapd,iapd_state_compilation,151782,CA,APPROVED,2010-03-10,ALPHA STRATEGIES INVESTMENT CONSULTING,ALPHA STRATEGIES INVESTMENT CONSULTING INC.
iapd,iapd_state_compilation,151846,CA,APPROVED,2017-09-29,FUHRMANN CAPITAL,FUHRMANN CAPITAL LLC
iapd,iapd_state_compilation,151921,CA,APPROVED,2010-05-27,SILICON VALLEY TREASURY CONSULTING GROUP,"FISHER, LAURA, LEIGH"
iapd,iapd_state_compilation,151928,CA,APPROVED,2010-01-01,TSAI WEALTH MANAGEMENT,TSAI WEALTH MANAGEMENT
iapd,iapd_state_compilation,152008,CA,APPROVED,2010-01-05,"INTEGRITAS SEMPER, LLC","INTEGRITAS SEMPER, LLC"
iapd,iapd_state_compilation,152013,CA,APPROVED,2010-03-23,FIDERE,"FIDERE, INC."
iapd,iapd_state_compilation,152068,CA,APPROVED,2010-01-12,INTEGRATIVE FINANCIAL STRATEGIES,"HABIB, AMIR MOHAMMED"
iapd,iapd_state_compilation,152081,CA,APPROVED,2010-02-08,MAGNUM FINANCIAL,MAGNUM FINANCIAL LLC
iapd,iapd_state_compilation,152178,CA,APPROVED,2018-04-05,BOURBON FINANCIAL MANAGEMENT,"BOURBON FINANCIAL MANAGEMENT, LLC"
iapd,iapd_state_compilation,152181,CA,APPROVED,2010-08-10,"PEARSON, FREDERICK, NORMAN JR.","PEARSON, FREDERICK, NORMAN JR."
iapd,iapd_state_compilation,152210,CA,APPROVED,2010-02-09,"CANTU TACTICAL WEALTH MANAGEMENT, INC.","CANTU TACTICAL WEALTH MANAGEMENT, INC."
iapd,iapd_state_compilation,152221,CA,APPROVED,2012-05-17,"VICTORY WEALTH MANAGEMENT, LLC","VICTORY WEALTH MANAGEMENT, LLC"
iapd,iapd_state_compilation,152255,CA,APPROVED,2009-12-15,EDGAR INVESTMENT MANAGEMENT LLC,EDGAR INVESTMENT MANAGEMENT LLC
iapd,iapd_state_compilation,152262,CA,APPROVED,2010-02-22,"KILIMANJARO CAPITAL, LLC","KILIMANJARO CAPITAL, LLC"
iapd,iapd_state_compilation,152268,CA,APPROVED,2016-02-04,GOSHO FINANCIAL GROUP,"GOSHO, CAROL, JEANNE"
iapd,iapd_state_compilation,152281,CA,APPROVED,2010-03-03,RICHNER CAPITAL LLC,RICHNER CAPITAL LLC
iapd,iapd_state_compilation,152286,CA,APPROVED,2024-05-15,PALMETTO ADVISORY,PALMETTO ADVISORY LLC
iapd,iapd_state_compilation,152306,CA,APPROVED,2010-01-29,FINANCIAL COACHING PARTNERS LLC,FINANCIAL COACHING PARTNERS LLC
iapd,iapd_state_compilation,152317,CA,APPROVED,2010-04-12,DOLAN PARTNERS LLC,DOLAN PARTNERS LLC
iapd,iapd_state_compilation,152439,CA,APPROVED,2018-05-25,"ASESORIA FINANCIERA INDEPENDIENTE, INC.","ASESORIA FINANCIERA INDEPENDIENTE, INC."
iapd,iapd_state_compilation,152440,CA,APPROVED,2010-02-25,LA LOMA CAPITAL,ALEXANDER LEE HENDERSON
iapd,iapd_state_compilation,152456,CA,APPROVED,2010-02-18,"JAC WEALTH MANAGEMENT SERVICES, LLC","JAC WEALTH MANAGEMENT SERVICES, LLC"
iapd,iapd_state_compilation,152493,CA,APPROVED,2017-01-18,"SECOND MOUNTAIN FINANCIAL, INC.","SECOND MOUNTAIN FINANCIAL, INC."
iapd,iapd_state_compilation,152495,CA,APPROVED,2010-01-25,XITRIGHT,"LUTKUS, DOUGLAS JOHN"
iapd,iapd_state_compilation,152558,CA,APPROVED,2010-02-17,"COMPASS FINANCIAL, LLC","COMPASS FINANCIAL, LLC"
iapd,iapd_state_compilation,152570,CA,APPROVED,2010-02-22,"CHAOS SOLVED, INC.","CHAOS SOLVED, INC."
iapd,iapd_state_compilation,152691,CA,APPROVED,2018-02-21,"ANDREW ARROYO INVESTMENTS, LLC","ANDREW ARROYO INVESTMENTS, LLC"
iapd,iapd_state_compilation,152713,CA,APPROVED,2010-03-10,IFL FINANCIAL ADVISORS,"GRINSELL, GARY ANDREW"
iapd,iapd_state_compilation,152801,CA,APPROVED,2012-09-12,RLC CAPITAL MANAGEMENT,RICHARD LARSEN CULLEN
iapd,iapd_state_compilation,152819,CA,APPROVED,2016-09-02,"ZH WEALTH MANAGEMENT, LLC","ZH WEALTH MANAGEMENT, LLC"
iapd,iapd_state_compilation,152865,CA,APPROVED,2026-07-27,SIMPLE WEALTH LLC,SIMPLE WEALTH LLC
iapd,iapd_state_compilation,152947,CA,APPROVED,2010-03-17,"RIC KOMAREK, CFP",RICHARD BENJAMIN KOMAREK
iapd,iapd_state_compilation,152991,CA,APPROVED,2010-04-05,SIMPLYSMART ASSET MANAGEMENT,SYLVIA SHIU HAN KWAN
iapd,iapd_state_compilation,153043,CA,APPROVED,2010-12-22,GESAR CAPITAL MANAGEMENT,GESAR CAPITAL MANAGEMENT LLC
iapd,iapd_state_compilation,153124,CA,APPROVED,2019-01-30,"QUANTS CAPITAL MANAGEMENT, INC","QUANTS PARTNERS, INC."
iapd,iapd_state_compilation,153182,CA,APPROVED,2010-04-19,OAKLEAF ASSET ADVISORS,"HICKMAN, JAMES, BRIAN"
iapd,iapd_state_compilation,153185,CA,APPROVED,2011-06-03,FIRMO INVESTMENT CONSULTING SERVICES,"JIMENEZ, JAVIER RIVERA"
iapd,iapd_state_compilation,153242,CA,APPROVED,2010-08-24,"EDMD FINANCIAL STRATEGIES, LLC","EDMD FINANCIAL STRATEGIES, LLC"
iapd,iapd_state_compilation,153249,CA,APPROVED,2016-01-25,IN TOUCH FINANCIAL SERVICES,IN TOUCH FINANCIAL SERVICES
iapd,iapd_state_compilation,153360,CA,APPROVED,2022-07-12,FLETCHER CAPITAL MANAGEMENT,"FLETCHER CAPITAL MANAGEMENT, LLC"
iapd,iapd_state_compilation,153369,CA,APPROVED,2018-02-05,CATOOSA FUND MANAGEMENT LLC,CATOOSA FUND MANAGEMENT LLC
iapd,iapd_state_compilation,153416,CA,APPROVED,2010-04-29,SML CAPITAL LLC,SML CAPITAL LLC
iapd,iapd_state_compilation,153427,CA,APPROVED,2010-11-12,CRENSHAW CAPITAL MANAGEMENT,CRENSHAW CAPITAL MANAGEMENT
iapd,iapd_state_compilation,153444,CA,APPROVED,2011-03-08,"ACELA CAPITAL MANAGEMENT, LLC","ACELA CAPITAL MANAGEMENT, LLC"
iapd,iapd_state_compilation,153500,CA,APPROVED,2010-07-09,CRYSTAL INVESTMENT MANAGEMENT,"ZHU, JUN"
iapd,iapd_state_compilation,153530,CA,APPROVED,2011-01-04,"ARKENSTONE FINANCIAL, LLC","ARKENSTONE FINANCIAL, LLC"
iapd,iapd_state_compilation,153540,CA,APPROVED,2011-03-07,AMS CAPITAL MANAGEMENT LLC,AMS CAPITAL MANAGEMENT LLC
iapd,iapd_state_compilation,153609,CA,APPROVED,2023-05-26,"STEWARD FINANCIAL SERVICES, LLC","STEWARD FINANCIAL SERVICES, LLC"
iapd,iapd_state_compilation,153633,CA,APPROVED,2011-01-26,BELLWETHER CAPITAL MANAGEMENT LLC,BELLWETHER CAPITAL MANAGEMENT LLC
iapd,iapd_state_compilation,153779,CA,APPROVED,2011-05-11,"BLOM LEVY & CO., LLC","BLOM LEVY & CO., LLC"
iapd,iapd_state_compilation,153855,CA,APPROVED,2020-01-29,AVAARI FINANCIAL,"SHAH, JITESH ASHOKKUMAR"
iapd,iapd_state_compilation,153888,CA,APPROVED,2012-07-02,"MASTER STRUCTURED ALTERNATIVE ASSET RELATED STRATEGIES, LLC","MASTER STRUCTURED ALTERNATIVE ASSET RELATED STRATEGIES, LLC"
iapd,iapd_state_compilation,153913,CA,APPROVED,2026-09-24,"MAZE INVESTMENTS, LLC","MAZE INVESTMENTS, LLC"
iapd,iapd_state_compilation,153919,CA,APPROVED,2010-09-29,EPISTEME ADVISORS,EPISTEME ADVISORS
iapd,iapd_state_compilation,153963,CA,APPROVED,2022-02-15,"MB INMAN INVESTMENT ADVISORS, LLC","MB INMAN INVESTMENT ADVISORS, LLC"
iapd,iapd_state_compilation,153965,CA,APPROVED,2010-10-06,"ALLIED VALUE, LLC","ALLIED VALUE, LLC"
iapd,iapd_state_compilation,154001,CA,APPROVED,2010-09-09,"ATLANTIC INVESTMENTS A REGISTERED INVESTMENT ADVISOR, INC","ATLANTIC INVESTMENTS A REGISTERED INVESTMENT ADVISOR, INC"
iapd,iapd_state_compilation,154013,CA,APPROVED,2011-01-01,"THREE SIGMA CAPITAL, LLC","THREE SIGMA CAPITAL, LLC"
iapd,iapd_state_compilation,154025,CA,APPROVED,2024-01-23,"DERDERIAN WEALTH MANAGEMENT, LLC","DERDERIAN WEALTH MANAGEMENT, LLC"
iapd,iapd_state_compilation,154028,CA,APPROVED,2010-08-25,KULEANA WEALTH ADVISORS,"KULEANA WEALTH ADVISORS, LLC"
iapd,iapd_state_compilation,154034,CA,APPROVED,2011-01-06,WOLFSON WEALTH MANAGEMENT,"WOLFSON, LESLIE JAY"
iapd,iapd_state_compilation,154095,CA,APPROVED,2010-07-20,"EMERALD WAVES INVESTMENTS, LLC","EMERALD WAVES INVESTMENTS, LLC"
iapd,iapd_state_compilation,154097,CA,APPROVED,2010-07-22,"PILLAR6 ADVISORS, LLC","PILLAR6 ADVISORS, LLC"
iapd,iapd_state_compilation,154120,CA,APPROVED,2016-01-13,PURE WEALTH MANAGEMENT,"PURE WEALTH MANAGEMENT, INC."
iapd,iapd_state_compilation,154129,CA,APPROVED,2019-07-16,JADE & COWRY LLC,JADE & COWRY LLC
iapd,iapd_state_compilation,154142,CA,APPROVED,2010-09-02,FIVE TALENTS WEALTH MANAGEMENT,FIVE TALENTS WEALTH MANAGEMENT
iapd,iapd_state_compilation,154188,CA,APPROVED,2010-08-11,"BAHR FINANCIAL PLANNING NETWORK, INC.","BAHR FINANCIAL PLANNING NETWORK, INC."
iapd,iapd_state_compilation,154210,CA,APPROVED,2010-08-12,RODEL CORRIENTE (SY) LLC,RODEL CORRIENTE (SY)LLC
iapd,iapd_state_compilation,154243,CA,APPROVED,2010-12-03,RHODES CONSULTING GROUP LLC,RHODES CONSULTING GROUP LLC
iapd,iapd_state_compilation,154280,CA,APPROVED,2010-07-26,VENTURA COAST WEALTH MANAGEMENT,"MICHIE, DOUGLAS CHARLES"
iapd,iapd_state_compilation,154349,CA,APPROVED,2013-07-10,"MINISTRY PARTNERS SECURITIES, LLC","MINISTRY PARTNERS SECURITIES, LLC"
iapd,iapd_state_compilation,154366,CA,APPROVED,2010-08-09,ALPINE PEAKS CONSULTING,"SALKE, EVAN JAY"
iapd,iapd_state_compilation,154529,CA,APPROVED,2011-01-24,AVANT GARDE CAPITAL,"AVANT GARDE CAPITAL, LLC"
iapd,iapd_state_compilation,154597,CA,APPROVED,2011-01-11,"FDP WEALTH MANAGEMENT, LLC","FDP WEALTH MANAGEMENT, LLC"
iapd,iapd_state_compilation,154642,CA,APPROVED,2010-10-28,RETIREMENT LIFESTYLES ADVISORY GROUP,"RETIREMENT LIFESTYLES ADVISORS, LLC"
iapd,iapd_state_compilation,154655,CA,APPROVED,2010-08-31,OCEAN AVENUE WEALTH MANAGEMENT,OCEAN AVENUE FINANCIAL SERVICES LLC
iapd,iapd_state_compilation,154656,CA,APPROVED,2026-09-25,"PAUL D. SIPPIL & ASSOCIATES, LLC","PAUL D. SIPPIL & ASSOCIATES, LLC"
iapd,iapd_state_compilation,154778,CA,APPROVED,2012-06-22,ROCKRIDGE MONEY MANAGEMENT LLC,ROCKRIDGE MONEY MANAGEMENT LLC
iapd,iapd_state_compilation,154791,CA,APPROVED,2010-10-27,"BELTRAMO FINANCIAL SERVICES, INC.","BELTRAMO FINANCIAL SERVICES, INC."
iapd,iapd_state_compilation,154797,CA,APPROVED,2010-10-12,"ROWEN CAPITAL MANAGEMENT, LLC","ROWEN CAPITAL MANAGEMENT, LLC"
iapd,iapd_state_compilation,154819,CA,APPROVED,2010-11-18,CAPSTONE PACIFIC INVESTMENT STRATEGIES,"CAPSTONE PACIFIC INVESTMENT STRATEGIES, INC."
iapd,iapd_state_compilation,154824,CA,APPROVED,2012-08-07,HENNEY WEALTH MANAGEMENT,HENNEY WEALTH MANAGEMENT INC.
iapd,iapd_state_compilation,154841,CA,APPROVED,2010-10-20,FRANK ELMER INVESTMENT STRATEGIES LLC,FRANK ELMER INVESTMENT STRATEGIES LLC
iapd,iapd_state_compilation,154846,CA,APPROVED,2011-03-08,"AGG ASSET MANAGEMENT, LLC","AGG ASSET MANAGEMENT, LLC"
iapd,iapd_state_compilation,154853,CA,APPROVED,2010-11-17,"MONT BLANC ASSET, INC.","MONT BLANC ASSET, INC."
iapd,iapd_state_compilation,154870,CA,APPROVED,2018-01-11,EQUITY LOGIC,"EQUITY LOGIC, LLC"
iapd,iapd_state_compilation,154896,CA,APPROVED,2011-01-04,SYZYGY FINANCIAL LLC,SYZYGY FINANCIAL LLC
iapd,iapd_state_compilation,154953,CA,APPROVED,2026-06-24,VERTICAL WEALTH MANAGEMENT,"VERTICAL INVESTMENTS, LLC"
iapd,iapd_state_compilation,154971,CA,APPROVED,2010-11-29,"HEYMAN WEALTH MANAGEMENT, LLC","HEYMAN WEALTH MANAGEMENT, LLC"
iapd,iapd_state_compilation,155066,CA,APPROVED,2011-01-04,LAMPLIGHTER CAPITAL MANAGEMENT,LAMPLIGHTER CAPITAL MANAGEMENT LLC
iapd,iapd_state_compilation,155229,CA,APPROVED,2011-03-10,"RHM CAPITAL MANAGEMENT, INC.","RHM CAPITAL MANAGEMENT, INC."
iapd,iapd_state_compilation,155250,CA,APPROVED,2026-07-23,SETTLEMENT CAPITAL ADVISORS,"SETTLEMENT CAPITAL ADVISORS, LLC"
iapd,iapd_state_compilation,155294,CA,APPROVED,2011-03-02,TOURMALINE CAPITAL MANAGEMENT LLC,TOURMALINE CAPITAL MANAGEMENT LLC
iapd,iapd_state_compilation,155323,CA,APPROVED,2011-01-12,HOWARD FINANCIAL,"HOWARD FINANCIAL & WEALTH MANAGEMENT, INC."
iapd,iapd_state_compilation,155385,CA,APPROVED,2011-05-31,"CORE ASSET MANAGEMENT, LLC","CORE ASSET MANAGEMENT, LLC"
iapd,iapd_state_compilation,155391,CA,APPROVED,2021-02-11,ONEMONEY,"WHITING, VAN ROBERT"
iapd,iapd_state_compilation,155404,CA,APPROVED,2014-11-06,"ALEPH INVESTMENTS, LLC","ALEPH INVESTMENTS, LLC"
iapd,iapd_state_compilation,155455,CA,APPROVED,2024-11-05,SPRINGREEF LLC,SPRINGREEF LLC
iapd,iapd_state_compilation,155475,CA,APPROVED,2011-07-07,"HURLEY WEALTH MANAGEMENT GROUP, INC","HURLEY WEALTH MANAGEMENT GROUP, INC"
iapd,iapd_state_compilation,155494,CA,APPROVED,2013-03-15,ACI WEALTH ADVISORS,"ACI WEALTH ADVISORS, LLC"
iapd,iapd_state_compilation,155501,CA,APPROVED,2011-01-26,"WILLIS FINANCIAL SERVICES, INC.","WILLIS FINANCIAL SERVICES, INC."
iapd,iapd_state_compilation,155519,CA,APPROVED,2011-07-26,BEHAGE FINANCIAL,LARRY NEIL BEHAGE
iapd,iapd_state_compilation,155610,CA,APPROVED,2011-04-12,"HEINZ GLOBAL ASSET MANAGEMENT, INC.","HEINZ GLOBAL ASSET MANAGEMENT, INC."
iapd,iapd_state_compilation,155611,CA,APPROVED,2023-05-03,"ROWE CONSULTING GROUP, LLC","ROWE CONSULTING GROUP, LLC"
iapd,iapd_state_compilation,155632,CA,APPROVED,2023-02-03,"CANDOR FINANCIAL, LLC","CANDOR FINANCIAL, LLC"
iapd,iapd_state_compilation,155640,CA,APPROVED,2011-02-14,OBEL FINANCIAL ADVISORS,"OBEL, EMMANUEL"
iapd,iapd_state_compilation,155651,CA,APPROVED,2011-01-13,TAMARIND FINANCIAL PLANNING,"TAMARIND FINANCIAL PLANNING, LLC"
iapd,iapd_state_compilation,155673,CA,APPROVED,2017-01-25,"KFICO, LLC REGISTERED INVESTMENT ADVISOR","KFICO, LLC"
iapd,iapd_state_compilation,155690,CA,APPROVED,2011-02-11,FOCUSYOU,"FOCUS YOUNIVERSITY, LLC"
iapd,iapd_state_compilation,155700,CA,APPROVED,2014-05-30,"DAVID, ALAN R.","DAVID, ALAN RUSSELL"
iapd,iapd_state_compilation,155774,CA,APPROVED,2011-01-27,"PACIFIC CREST FINANCIAL ADVISORS, LLC","PACIFIC CREST FINANCIAL ADVISORS, LLC"
iapd,iapd_state_compilation,155819,CA,APPROVED,2022-12-05,FOCUS POINT CAPITAL LLC,FOCUS POINT CAPITAL LLC
iapd,iapd_state_compilation,155821,CA,APPROVED,2013-06-26,"MARRAM INVESTMENT MANAGEMENT, LLC","MARRAM INVESTMENT MANAGEMENT, LLC"
iapd,iapd_state_compilation,155830,CA,APPROVED,2011-01-21,"DIABLO VISTA CAPITAL, LLC","DIABLO VISTA CAPITAL, LLC"
iapd,iapd_state_compilation,155883,CA,APPROVED,2015-01-15,EL CAMINO REAL FINANCIAL ADVISORS,CARPENTER KRAIG LEE
iapd,iapd_state_compilation,155916,CA,APPROVED,2011-02-08,PINYON PINE CAPITAL LLC,PINYON PINE CAPITAL LLC
iapd,iapd_state_compilation,155944,CA,APPROVED,2020-08-10,"FD BALL INVESTMENT ADVISORS, LLC","FD BALL INVESTMENT ADVISORS, LLC"
iapd,iapd_state_compilation,155948,CA,APPROVED,2012-06-26,GOTO FINANCIAL,GOTO FINANCIAL
iapd,iapd_state_compilation,156022,CA,APPROVED,2011-03-18,"FINANCIALLY HEALTHY, LLC","FINANCIALLY HEALTHY, LLC"
iapd,iapd_state_compilation,156068,CA,APPROVED,2011-02-25,"ALPHA RUSH, LLC","ALPHA RUSH, LLC"
iapd,iapd_state_compilation,156071,CA,APPROVED,2011-02-16,AGF ADVISORS,"MARTINEZ, CARLA LUCIA"
iapd,iapd_state_compilation,156144,CA,APPROVED,2011-02-23,"MILTONIAN CAPITAL MANAGEMENT, LLC","MILTONIAN CAPITAL MANAGEMENT, LLC"
iapd,iapd_state_compilation,156160,CA,APPROVED,2015-05-07,"KLOCKE CAPITAL GROUP, LLC","KLOCKE CAPITAL GROUP, LLC"
iapd,iapd_state_compilation,156189,CA,APPROVED,2011-03-15,INTEGROUS,INTEGROUS
iapd,iapd_state_compilation,156192,CA,APPROVED,2011-05-24,"LPM ADVISORS, LLC","LPM ADVISORS, LLC"
iapd,iapd_state_compilation,156279,CA,APPROVED,2011-05-12,BURLINGAME INVESTMENT GROUP LLC,BURLINGAME INVESTMENT GROUP LLC
iapd,iapd_state_compilation,156292,CA,APPROVED,2012-02-29,"DIVERSIFIED FINANCIAL MANAGEMENT GROUP, LLC","DIVERSIFIED FINANCIAL MANAGEMENT GROUP, LLC"
iapd,iapd_state_compilation,156328,CA,APPROVED,2011-07-18,LEPPLA CAPITAL MANAGEMENT LLC,LEPPLA CAPITAL MANAGEMENT LLC
iapd,iapd_state_compilation,156404,CA,APPROVED,2011-03-18,"MARKI FINANCIAL SERVICES, LLC","MARKI FINANCIAL SERVICES, LLC"
iapd,iapd_state_compilation,156420,CA,APPROVED,2011-05-10,RIGHT BRAIN MONEY,"MURPHIS, LLC"
iapd,iapd_state_compilation,156428,CA,APPROVED,2011-03-11,"HIGHLANDS WEALTH ADVISORS, LLC","HIGHLANDS WEALTH ADVISORS, LLC"
iapd,iapd_state_compilation,156520,CA,APPROVED,2011-04-19,LODESTONE CAPITAL SOLUTIONS LLC,LODESTONE CAPITAL SOLUTIONS LLC
iapd,iapd_state_compilation,156523,CA,APPROVED,2011-04-19,INVESTMENT MANAGEMENT,"KAISER, DONALD JAY"
iapd,iapd_state_compilation,156541,CA,APPROVED,2011-04-28,ALPHA SOLUTIONS INVESTMENT ADVISORS,"ALPHA SOLUTIONS INVESTMENT ADVISORS, LLC"
iapd,iapd_state_compilation,156554,CA,APPROVED,2023-10-31,"CARRINGTON FINANCIAL PLANNING, LLC","CARRINGTON FINANCIAL PLANNING, LLC"
iapd,iapd_state_compilation,156614,CA,APPROVED,2011-05-04,"PIERPONT INVESTMENT GROUP, LLC","PIERPONT INVESTMENT GROUP, LLC"
iapd,iapd_state_compilation,156830,CA,APPROVED,2016-12-27,"ZOR CAPITAL, LLC","ZOR CAPITAL, LLC"
iapd,iapd_state_compilation,157100,CA,APPROVED,2017-02-02,"THE PROCESS MANAGEMENT GROUP, LLC","THE PROCESS MANAGEMENT GROUP, LLC"
iapd,iapd_state_compilation,157173,CA,APPROVED,2014-08-18,NEW RIVER INVESTMENTS,NEW RIVER INVESTMENTS INC.
iapd,iapd_state_compilation,157219,CA,APPROVED,2018-02-20,"INVESTMENT ADVISOR ASSOCIATES, INC.","INVESTMENT ADVISOR ASSOCIATES, INC."
iapd,iapd_state_compilation,157232,CA,APPROVED,2021-04-02,"KALO CAPITAL MANAGEMENT, LLC","KALO CAPITAL MANAGEMENT, LLC"
iapd,iapd_state_compilation,157305,CA,APPROVED,2011-07-13,JLB CAPITAL MANAGEMENT LLC,"BERNSTEIN, JEFFREY, LEWIS"
iapd,iapd_state_compilation,157319,CA,APPROVED,2012-10-10,"NIDHI CAPITAL, LLC","NIDHI CAPITAL, LLC"
iapd,iapd_state_compilation,157326,CA,APPROVED,2013-01-08,GLOBAL DIVERSIFIED INVESTMENTS,GLOBAL DIVERSIFIED INVESTMENTS
iapd,iapd_state_compilation,157388,CA,APPROVED,2012-01-11,"COMPASS TECHNOLOGY GROUP, INC.","COMPASS TECHNOLOGY GROUP, INC."
iapd,iapd_state_compilation,157411,CA,APPROVED,2011-08-10,PRIME CAPITAL EQUITIES LLC,PRIME CAPITAL EQUITIES LLC
iapd,iapd_state_compilation,157446,CA,APPROVED,2011-08-15,MONEYWISE FINANCIAL ADVISORS,"NOWAK, JOANNA T."
iapd,iapd_state_compilation,157454,CA,APPROVED,2011-07-06,BEACON FINANCIAL MANAGEMENT LLC,BEACON FINANCIAL MANAGEMENT LLC
iapd,iapd_state_compilation,157459,CA,APPROVED,2012-07-30,KAITZ INVESTMENTS INC.,KAITZ INVESTMENTS INCORPORATED
iapd,iapd_state_compilation,157547,CA,APPROVED,2012-04-27,AC3 CAPITAL,"AC3 CAPITAL, LLC"
iapd,iapd_state_compilation,157627,CA,APPROVED,2011-06-30,ROSS FINANCIAL GROUP,"ROSS, DAVID LLOYD"
iapd,iapd_state_compilation,157708,CA,APPROVED,2011-10-25,COMMUNITAS FINANCIAL PLANNING PBC,COMMUNITAS FINANCIAL PLANNING PBC
iapd,iapd_state_compilation,157843,CA,APPROVED,2011-10-07,STRATEGIC INCOME ADVISORS,"MILLS, MARVIN LEROY"
iapd,iapd_state_compilation,157960,CA,APPROVED,2015-05-21,"OLSON, CROSS & ALAMO ADVISORS LLC","OLSON, CROSS & ALAMO ADVISORS LLC"
iapd,iapd_state_compilation,158056,CA,APPROVED,2019-02-21,"TAOS INVESTMENT ADVISORS, LLC","TAOS INVESTMENT ADVISORS, LLC"
iapd,iapd_state_compilation,158127,CA,APPROVED,2011-09-13,DAVID ETTL FINANCIAL,DAVID JOHN ETTL
iapd,iapd_state_compilation,158251,CA,APPROVED,2011-09-02,LANCE PARKER WEALTH MANAGEMENT,"ADVISOR LANCE, LLC"
iapd,iapd_state_compilation,158275,CA,APPROVED,2013-04-24,"LDL CAPITAL MANAGEMENT, LLC","LDL CAPITAL MANAGEMENT, LLC"
iapd,iapd_state_compilation,158288,CA,APPROVED,2011-08-11,"KATY SONG FINANCIAL PLANNING, INC.","SONG, KATHRYN DAVIS"
iapd,iapd_state_compilation,158300,CA,APPROVED,2013-06-12,"TUSKER CAPITAL, LLC","TUSKER CAPITAL, LLC"
iapd,iapd_state_compilation,158308,CA,APPROVED,2011-11-03,TRANSPARENT 401K,"TRANSPARENT 401K, LLC"
iapd,iapd_state_compilation,158357,CA,APPROVED,2012-01-26,JMN INVESTMENT MANAGEMENT LLC,JMN INVESTMENT MANAGEMENT LLC
iapd,iapd_state_compilation,158372,CA,APPROVED,2012-01-01,"WESTON WEALTH ADVISORS, LLC","WESTON WEALTH ADVISORS, LLC"
iapd,iapd_state_compilation,158373,CA,APPROVED,2012-04-13,"BEACH CITIES WEALTH MANAGEMENT, LLC","BEACH CITIES WEALTH MANAGEMENT, LLC"
iapd,iapd_state_compilation,158410,CA,APPROVED,2011-09-21,ALUPKA ASSET MANAGEMENT,"BADGER CAPITAL ADVISORS, LLC"
iapd,iapd_state_compilation,158525,CA,APPROVED,2011-09-07,"COVERED EDGE ASSET MANAGEMENT, LLC","COVERED EDGE ASSET MANAGEMENT, LLC"
iapd,iapd_state_compilation,158583,CA,APPROVED,2012-05-31,"RMH ADVISORS, LLC","RMH ADVISORS, LLC"
iapd,iapd_state_compilation,158608,CA,APPROVED,2012-06-19,"ALPHA WEALTH MANAGEMENT, LLC","ALPHA WEALTH MANAGEMENT, LLC"
iapd,iapd_state_compilation,158630,CA,APPROVED,2012-05-10,"GREEN HARVEST, GREEN HARVEST CAPITAL MANAGEMENT","KADMIRI, GABRIEL LLOYD"
iapd,iapd_state_compilation,158631,CA,APPROVED,2012-02-23,ALIGN WEALTH ADVISORS,"NY&A, LLC"
iapd,iapd_state_compilation,158644,CA,APPROVED,2011-09-19,"WEST COAST FINANCIAL WEALTH MANAGEMENT, INC","WEST COAST FINANCIAL WEALTH MANAGEMENT, INC"
iapd,iapd_state_compilation,158687,CA,APPROVED,2011-09-15,JST INVESTMENT CONSULTING,JST INVESTMENT CONSULTING
iapd,iapd_state_compilation,158695,CA,APPROVED,2021-01-25,PALISADE FINANCIAL,DAVID JOHN CARROLL
iapd,iapd_state_compilation,158752,CA,APPROVED,2011-11-01,"DORSEY WEALTH MANAGEMENT, LLC","DORSEY WEALTH MANAGEMENT, LLC"
iapd,iapd_state_compilation,158755,CA,APPROVED,2018-05-18,"BETTERMAN DIGITAL WEALTH, INC.","BETTERMAN DIGITAL WEALTH, INC."
iapd,iapd_state_compilation,159126,CA,APPROVED,2017-01-20,PAMELA PLICK WEALTH MANAGEMENT LLC,PAMELA PLICK WEALTH MANAGEMENT LLC
iapd,iapd_state_compilation,159131,CA,APPROVED,2012-01-25,"MD WEALTH PARTNERS, INC",MD WEALTH PARTNERS INC.
iapd,iapd_state_compilation,159242,CA,APPROVED,2014-03-05,BALANCED WEALTH MANAGEMENT,"ROWAN, CHARLES HAROLD"
iapd,iapd_state_compilation,159314,CA,APPROVED,2016-02-26,WORDHOUSE WEALTH COACHING,"WORDHOUSE WEALTH COACHING, INC"
iapd,iapd_state_compilation,159324,CA,APPROVED,2012-01-04,GC ASSET MANAGEMENT,"REALIZE ENTERPRISES, LLC"
iapd,iapd_state_compilation,159395,CA,APPROVED,2012-02-07,"ATTUNE FINANCIAL PLANNING, LLC","ATTUNE FINANCIAL PLANNING, LLC"
iapd,iapd_state_compilation,159463,CA,APPROVED,2012-01-30,ALTERNITY INVESTMENT ADVISORS,"ALTERNITY INVESTMENT ADVISORS, LLC"
iapd,iapd_state_compilation,159482,CA,APPROVED,2012-05-23,"GREENWORTH INVESTMENT ADVISORS, LLC","GREENWORTH INVESTMENT ADVISORS, LLC"
iapd,iapd_state_compilation,159557,CA,APPROVED,2012-01-01,"THE $ COACH, LLC","THE $ COACH, LLC"
iapd,iapd_state_compilation,159664,CA,APPROVED,2017-02-09,"P. WORLDWIDE, LLC","P. WORLDWIDE, LLC"
iapd,iapd_state_compilation,159670,CA,APPROVED,2012-03-12,"EMERALD HILLS CAPITAL, LLC","EMERALD HILLS CAPITAL, LLC"
iapd,iapd_state_compilation,159702,CA,APPROVED,2018-02-12,"SILICON VALLEY WEALTH MANAGEMENT SOLUTIONS, INC.","SILICON VALLEY WEALTH MANAGEMENT SOLUTIONS, INC."
iapd,iapd_state_compilation,159719,CA,APPROVED,2012-01-31,CORLEY INVESTMENT MANAGEMENT,"CORLEY, WILLIAM, THOMAS"
iapd,iapd_state_compilation,159742,CA,APPROVED,2012-02-16,"PEELLE WEALTH MANAGEMENT, LLC","PEELLE WEALTH MANAGEMENT, LLC"
iapd,iapd_state_compilation,159785,CA,APPROVED,2016-03-18,"DAVENPORT CAPITAL MANAGEMENT, LLC","DAVENPORT CAPITAL MANAGEMENT, LLC"
iapd,iapd_state_compilation,159799,CA,APPROVED,2012-05-11,DI BELLO FINANCIAL,"ANNETTE DI BELLO, CPA, CFP, PROFESSIONAL CORPORATION"
iapd,iapd_state_compilation,159809,CA,APPROVED,2014-07-07,"LIFETYME FINANCIAL ADVISORS, LLC","LIFETYME FINANCIAL ADVISORS, LLC"
iapd,iapd_state_compilation,159858,CA,APPROVED,2012-03-28,"COLLABRIA CAPITAL, INC","COLLABRIA CAPITAL, INC"
iapd,iapd_state_compilation,159934,CA,APPROVED,2015-06-17,"ECKMAN WEALTH MANAGEMENT, LLC","ECKMAN WEALTH MANAGEMENT, LLC"
iapd,iapd_state_compilation,159969,CA,APPROVED,2012-03-07,GORIAN INVESTMENTS,PHILLIP K GORIAN
iapd,iapd_state_compilation,160134,CA,APPROVED,2012-03-12,"PERCENSION WEALTH ADVISORS, LLC","PERCENSION WEALTH ADVISORS, LLC"
iapd,iapd_state_compilation,160169,CA,APPROVED,2012-03-14,"IRVING ADVISORY GROUP, LLC","IRVING ADVISORY GROUP, LLC"
iapd,iapd_state_compilation,160243,CA,APPROVED,2012-03-19,BRIGHT LIGHT CAPITAL ADVISOR,"BRIGHT LIGHT CAPITAL ADVISOR, INC."
iapd,iapd_state_compilation,160412,CA,APPROVED,2012-03-08,GARDENA FINANCIAL RETIREMENT ADVISORS,TAEVESTMENT LLC
iapd,iapd_state_compilation,160649,CA,APPROVED,2021-02-03,"ASPEN CREEK WEALTH MANAGEMENT, LLC","ASPEN CREEK WEALTH MANAGEMENT, LLC"
iapd,iapd_state_compilation,160840,CA,APPROVED,2012-03-22,"KRAMER INVESTMENT ADVISORS, INC.","KRAMER INVESTMENT ADVISORS, INC."
iapd,iapd_state_compilation,161105,CA,APPROVED,2012-04-23,"SURYA CAPITAL, LLC","SURYA CAPITAL, LLC"
iapd,iapd_state_compilation,161124,CA,APPROVED,2012-04-25,"LIFETIME FINANCIAL, INC.","LIFETIME FINANCIAL, INC."
iapd,iapd_state_compilation,161151,CA,APPROVED,2012-03-30,GINSBERG FINANCIAL STRATEGIES,"GINSBERG FINANCIAL STRATEGIES, INC."
iapd,iapd_state_compilation,161174,CA,APPROVED,2012-06-13,"JSB CAPITAL MANAGEMENT, LLC","JSB CAPITAL MANAGEMENT, LLC"
iapd,iapd_state_compilation,161190,CA,APPROVED,2019-01-08,HOLDEN WEALTH MANAGEMENT LLC,HOLDEN WEALTH MANAGEMENT LLC
iapd,iapd_state_compilation,161309,CA,APPROVED,2016-06-17,MDX WEALTH MANAGEMENT,TAMARIND ADVISORS LLC
iapd,iapd_state_compilation,161355,CA,APPROVED,2016-10-05,FREEDOM CAPITAL ADVISORS INC,FREEDOM CAPITAL ADVISORS INC
iapd,iapd_state_compilation,161364,CA,APPROVED,2012-05-02,HARBOR ROAD CAPITAL MANAGEMENT LLC,HARBOR ROAD CAPITAL MANAGEMENT LLC
iapd,iapd_state_compilation,161389,CA,APPROVED,2012-04-18,QUBERA WEALTH MANAGEMENT,QUBERA WEALTH MANAGEMENT INC
iapd,iapd_state_compilation,161418,CA,APPROVED,2012-06-12,HASTIE FINANCIAL GROUP,"HASTIE FINANCIAL GROUP, LLC"
iapd,iapd_state_compilation,162016,CA,APPROVED,2012-10-10,"LEONARD JR., GARY A.","LEONARD, JR., GARY ALLAN"
iapd,iapd_state_compilation,162162,CA,APPROVED,2013-08-02,CORCORAN WEALTH MANAGEMENT LLC,CORCORAN WEALTH MANAGEMENT LLC
iapd,iapd_state_compilation,162326,CA,APPROVED,2021-04-26,"WRIGHT WEALTH MANAGEMENT, LLC","WRIGHT WEALTH MANAGEMENT, LLC"
iapd,iapd_state_compilation,162919,CA,APPROVED,2012-05-29,ACCRESCENT CAPITAL MANAGEMENT LLC,ACCRESCENT CAPITAL MANAGEMENT LLC
iapd,iapd_state_compilation,162967,CA,APPROVED,2012-06-12,SKYSPHERE LLC,SKYSPHERE LLC
iapd,iapd_state_compilation,163134,CA,APPROVED,2013-05-07,"JOHNSON, MARSHALL, LEE","JOHNSON, MARSHALL, LEE"
iapd,iapd_state_compilation,163442,CA,APPROVED,2012-06-21,"GP WEALTH MANAGEMENT, LLC","GP WEALTH MANAGEMENT, LLC"
iapd,iapd_state_compilation,163567,CA,APPROVED,2018-03-22,QCI PARTNERS LLC,QCI PARTNERS MANAGEMENT LLC
iapd,iapd_state_compilation,163928,CA,APPROVED,2012-07-17,AFS INVESTMENTS,"ANDRADE FINANCIAL SERVICES, INC."
iapd,iapd_state_compilation,163931,CA,APPROVED,2013-01-01,THE GUARDINO FINANCIAL GROUP,"GUARDINO, SALVATORE JOSEPH"
iapd,iapd_state_compilation,164010,CA,APPROVED,2012-05-16,HAWLEY PERSONAL FINANCE,HAWLEY PERSONAL FINANCE INC.
iapd,iapd_state_compilation,164047,CA,APPROVED,2012-05-25,"SAGEVEST  FINANCIAL ADVISORS, LLC","SAGEVEST  FINANCIAL ADVISORS, LLC"
iapd,iapd_state_compilation,164065,CA,APPROVED,2012-05-30,LBG ADVISOR,"LIBERTY BENEFITS GROUP, LLC"
iapd,iapd_state_compilation,164096,CA,APPROVED,2012-05-10,ROSSI FINANCIAL GROUP,"ROSSI, PAUL RICHARD"
iapd,iapd_state_compilation,164119,CA,APPROVED,2020-12-21,"JARROD ADAMS INVESTING, LLC","JARROD ADAMS INVESTING, LLC"
iapd,iapd_state_compilation,164142,CA,APPROVED,2012-06-13,BEVERLY HILLS CAPITAL MANAGEMENT LLC,BEVERLY HILLS CAPITAL MANAGEMENT LLC
iapd,iapd_state_compilation,164151,CA,APPROVED,2025-11-14,"DANA WHITING FINANCIAL, LLC","DANA WHITING FINANCIAL, LLC"
iapd,iapd_state_compilation,164291,CA,APPROVED,2012-07-30,COUNTERPOINT ASSET MANAGEMENT LLC,COUNTERPOINT ASSET MANAGEMENT LLC
iapd,iapd_state_compilation,164497,CA,APPROVED,2012-08-02,"STS WEALTH MANAGEMENT, INC.","STS WEALTH MANAGEMENT, INC."
iapd,iapd_state_compilation,164534,CA,APPROVED,2012-06-22,HAWKINS CAPITAL ADVISORS,"HAWKINS, CRAIG ALVIN"
iapd,iapd_state_compilation,164597,CA,APPROVED,2017-01-30,MONEY INTELLIGENCE,DENARIUS CAPITAL ADVISORS INC.
iapd,iapd_state_compilation,164647,CA,APPROVED,2012-11-14,"NEW SPRING FINANCIAL PLANNING, LLC","NEW SPRING FINANCIAL PLANNING, LLC"
iapd,iapd_state_compilation,164682,CA,APPROVED,2014-03-28,"RJ HILL'S FINANCIAL SERVICES, LLC","RJ HILL'S FINANCIAL SERVICES, LLC"
iapd,iapd_state_compilation,164690,CA,APPROVED,2018-02-02,"VICTORWEALTH, LLC","VICTORWEALTH, LLC"
iapd,iapd_state_compilation,164701,CA,APPROVED,2012-07-13,"WEN CAPITAL ADVISORY GROUP, INC.","WEN FINANCIAL GROUP, INC."
iapd,iapd_state_compilation,164776,CA,APPROVED,2025-07-30,"SPRINGTRU, LLC","SPRINGTRU, LLC"
iapd,iapd_state_compilation,164807,CA,APPROVED,2021-07-20,"JANIAN INVESTMENT ADVISERS, LLC","JANIAN INVESTMENT ADVISERS, LLC"
iapd,iapd_state_compilation,164869,CA,APPROVED,2012-08-28,THE SWANSON FINANCIAL GROUP,"SWANSON, KURT EDWARD"
iapd,iapd_state_compilation,164901,CA,APPROVED,2024-03-21,"GALLATIN FINANCIAL ADVISORS, LLC","GALLATIN FINANCIAL ADVISORS, LLC"
iapd,iapd_state_compilation,164906,CA,APPROVED,2018-01-23,PACRIM ADVISORY SERVICES,"YANG, JOHN CHAOPIN"
iapd,iapd_state_compilation,164912,CA,APPROVED,2026-01-01,"OBERLIN WEALTH PARTNERS, LLC","OBERLIN WEALTH PARTNERS, LLC"
iapd,iapd_state_compilation,164983,CA,APPROVED,2021-04-23,"HURON INVESTMENT MANAGEMENT, INC.","HURON INVESTMENT MANAGEMENT, INC."
iapd,iapd_state_compilation,165061,CA,APPROVED,2012-09-11,"SHANNAH L. COMPTON, CFP®, MBA","GAME, SHANNAH LEANNE"
iapd,iapd_state_compilation,165177,CA,APPROVED,2012-12-11,"ONESTA WEALTH MANAGEMENT, LLC","ONESTA WEALTH MANAGEMENT, LLC"
iapd,iapd_state_compilation,165317,CA,APPROVED,2016-01-20,CDFINANCIAL,CD FINANCIAL LLC
iapd,iapd_state_compilation,165340,CA,APPROVED,2013-02-22,NANDI PATHEFINDER & FLOURISH FINANCIAL GROUP,"PATHEFINDER, NANDI, DEAN"
iapd,iapd_state_compilation,165348,CA,APPROVED,2013-05-30,ADVENT CAPITAL LLC,ADVENT CAPITAL LLC
iapd,iapd_state_compilation,165383,CA,APPROVED,2013-01-01,"PLANNING WITHIN REACH, LLC","PLANNING WITHIN REACH, LLC"
iapd,iapd_state_compilation,165415,CA,APPROVED,2019-08-26,"JADIM WEALTH MANAGEMENT, LLC","JADIM WEALTH MANAGEMENT, LLC"
iapd,iapd_state_compilation,165426,CA,APPROVED,2013-01-03,KAM AWRABI CAPITAL INVESTMENT COMPANY,"AWRABI,  KAMAL ROJAY"
iapd,iapd_state_compilation,165439,CA,APPROVED,2012-11-20,HYPO FINANCIAL SERVICES AND INVESTMENT ADVISER,HYPO FINANCIAL SERVICES AND INVESTMENT ADVISER
iapd,iapd_state_compilation,165451,CA,APPROVED,2026-06-12,NOLLENBERGER MCCULLOUGH INVESTMENT ADVISORS LLC,NOLLENBERGER MCCULLOUGH INVESTMENT ADVISORS LLC
iapd,iapd_state_compilation,165454,CA,APPROVED,2013-01-03,"CANDENT CAPITAL, LLC","CANDENT CAPITAL, LLC"
iapd,iapd_state_compilation,165532,CA,APPROVED,2013-05-02,POPLAR GLOBAL WEALTH MANAGEMENT LLC,POPLAR GLOBAL WEALTH MANAGEMENT LLC
iapd,iapd_state_compilation,165533,CA,APPROVED,2019-01-01,"CLSA AMERICAS, LLC","CLSA AMERICAS, LLC"
iapd,iapd_state_compilation,165536,CA,APPROVED,2019-06-25,"LAVA CREEK CAPITAL MANAGEMENT, LLC","LAVA CREEK CAPITAL MANAGEMENT, LLC"
iapd,iapd_state_compilation,165547,CA,APPROVED,2019-04-30,"THE EVERGREEN ADVANTAGE MANAGEMENT, INC.","THE EVERGREEN ADVANTAGE MANAGEMENT, INC."
iapd,iapd_state_compilation,165583,CA,APPROVED,2016-01-14,"CENTRIPLAN, LLC","CENTRIPLAN, LLC"
iapd,iapd_state_compilation,165595,CA,APPROVED,2013-01-18,PROMINENCE CAPITAL,PROMINENCE CAPITAL GP LLC.
iapd,iapd_state_compilation,165625,CA,APPROVED,2012-11-19,"RHB CAPITAL, INC.","RHB CAPITAL, INC."
iapd,iapd_state_compilation,165694,CA,APPROVED,2013-02-06,"CONTINUUM FINANCIAL PARTNERS, LLC","CONTINUUM FINANCIAL PARTNERS, LLC"
iapd,iapd_state_compilation,165749,CA,APPROVED,2013-01-01,COMPASS WEALTH ADVISORS,"COMPASS WEALTH ADVISORS, LLC"
iapd,iapd_state_compilation,165785,CA,APPROVED,2014-08-05,"WAITS INVESTMENTS, LLC","WAITS INVESTMENTS, LLC"
iapd,iapd_state_compilation,165874,CA,APPROVED,2014-07-21,"T.H. RAPKO & COMPANY, LLC","T.H. RAPKO & COMPANY, LLC"
iapd,iapd_state_compilation,165884,CA,APPROVED,2013-01-14,"PARK CAPITAL GROUP, INC.","PARK CAPITAL GROUP, INC."
iapd,iapd_state_compilation,165932,CA,APPROVED,2013-05-17,MONVIA FINANCIAL L.P.,MONVIA FINANCIAL L.P.
iapd,iapd_state_compilation,165943,CA,APPROVED,2013-03-07,FILIPPINI INVESTMENT ADVISORY,MONTECITO WEALTH MANAGEMENT LLC
iapd,iapd_state_compilation,166000,CA,APPROVED,2013-01-03,C 3 FINANCIAL STRATEGIES,BRENDA JEAN COYLE
iapd,iapd_state_compilation,166010,CA,APPROVED,2014-10-31,"MERIWETHER FAMILY OFFICE, LLC","MERIWETHER FAMILY OFFICE, LLC"
iapd,iapd_state_compilation,166026,CA,APPROVED,2017-01-18,FUSION FINANCIAL,"KAYYAL, AMIRREZA"
iapd,iapd_state_compilation,166034,CA,APPROVED,2020-02-12,"HASLET ADVISORS, LLC","HASLET ADVISORS, LLC"
iapd,iapd_state_compilation,166106,CA,APPROVED,2013-04-05,"OPES CAPITAL GROUP, LLC","OPES CAPITAL GROUP, LLC"
iapd,iapd_state_compilation,166113,CA,APPROVED,2013-02-04,EMERALD BLUE ADVISORS,EMERALD BLUE ADVISORS INC.
iapd,iapd_state_compilation,166134,CA,APPROVED,2022-01-13,BARDI CO. LLC,BARDI CO. LLC
iapd,iapd_state_compilation,166163,CA,APPROVED,2013-04-19,"FINANCES FOR LIFE, LLC","FINANCES FOR LIFE, LLC"
iapd,iapd_state_compilation,166187,CA,APPROVED,2013-01-15,SEFTON FINANCIAL PLANNING,"SEFTON, DAVID SCOTT"
iapd,iapd_state_compilation,166218,CA,APPROVED,2013-02-21,ALPHAGLIDER LLC,ALPHAGLIDER LLC
iapd,iapd_state_compilation,166260,CA,APPROVED,2013-03-11,"PISMO PACIFIC FINANCIAL SERVICES, LLC","PISMO PACIFIC FINANCIAL SERVICES, LLC"
iapd,iapd_state_compilation,166266,CA,APPROVED,2013-01-09,PIONEER ADVISORY,BIRD RYAN SHARP
iapd,iapd_state_compilation,166337,CA,APPROVED,2013-01-30,"FAULKNER FINANCIAL PLANNING, LLC","FAULKNER FINANCIAL PLANNING, LLC"
iapd,iapd_state_compilation,166340,CA,APPROVED,2013-02-04,"CORE INVESTMENT MANAGEMENT, LLC","CORE INVESTMENT MANAGEMENT, LLC"
iapd,iapd_state_compilation,166433,CA,APPROVED,2013-02-22,"KARL SCHORR WEALTH MANAGEMENT, LLC","KARL SCHORR WEALTH MANAGEMENT, LLC"
iapd,iapd_state_compilation,166456,CA,APPROVED,2013-03-12,HEYMAN INVESTMENT COUNSELING LLC,HEYMAN INVESTMENT COUNSELING LLC
iapd,iapd_state_compilation,166461,CA,APPROVED,2024-01-11,MONEY & CLARITY,"CUPRILL WEALTH COACHING, LLC"
iapd,iapd_state_compilation,166470,CA,APPROVED,2021-02-09,TRENDSCAST FINANCIAL LLC,TRENDSCAST FINANCIAL LLC
iapd,iapd_state_compilation,166494,CA,APPROVED,2013-02-08,"WEALTHMARK ADVISORY GROUP, LLC","WEALTHMARK ADVISORY GROUP, LLC"
iapd,iapd_state_compilation,166546,CA,APPROVED,2013-07-23,"VALLEY INVESTMENT MANAGEMENT, LLC","VALLEY INVESTMENT MANAGEMENT, LLC"
iapd,iapd_state_compilation,166642,CA,APPROVED,2013-06-11,HANEY CAPITAL MANAGEMENT,"HANEY, ERIC T"
iapd,iapd_state_compilation,166712,CA,APPROVED,2013-04-12,"HOLZBERG WEALTH MANAGEMENT, INC.","HOLZBERG WEALTH MANAGEMENT, INC."
iapd,iapd_state_compilation,166720,CA,APPROVED,2013-03-13,"RIVETTI INVESTMENT SERVICES, LLC","RIVETTI INVESTMENT SERVICES, LLC"
iapd,iapd_state_compilation,166774,CA,APPROVED,2023-08-11,OPPOQUEST,"OPPOQUEST, LLC"
iapd,iapd_state_compilation,166825,CA,APPROVED,2013-05-17,PANTHEON WEALTH PLANNING,PANTHEON WEALTH PLANNING
iapd,iapd_state_compilation,166837,CA,APPROVED,2013-11-18,CLEMENSEN CAPITAL COMPANY LLC,CLEMENSEN CAPITAL COMPANY LLC
iapd,iapd_state_compilation,166867,CA,APPROVED,2013-04-22,"PIH INVESTMENTS, LLC","PIH INVESTMENTS, LLC"
iapd,iapd_state_compilation,166901,CA,APPROVED,2023-08-23,LENS INVESTMENTS,LENS INVESTMENTS LLC
iapd,iapd_state_compilation,167022,CA,APPROVED,2013-06-06,FRUITION ADVISORS LLC,FRUITION ADVISORS LLC
iapd,iapd_state_compilation,167025,CA,APPROVED,2013-04-03,GLOBAL WEALTH MANAGEMENT,GLOBAL WEALTH MANAGEMENT
iapd,iapd_state_compilation,167060,CA,APPROVED,2013-05-23,GLADSTONE FINANCIAL LLC,GLADSTONE FINANCIAL LLC
iapd,iapd_state_compilation,167064,CA,APPROVED,2013-05-15,"AMBASSADOR WEALTH MANAGEMENT, LLC","AMBASSADOR WEALTH MANAGEMENT, LLC"
iapd,iapd_state_compilation,167171,CA,APPROVED,2020-01-09,"JLE WEALTH MANAGEMENT, LLC","JLE WEALTH MANAGEMENT, LLC"
iapd,iapd_state_compilation,167216,CA,APPROVED,2013-05-16,"DAEHAN SECURITIES,INC","DAEHAN SECURITIES, INC."
iapd,iapd_state_compilation,167286,CA,APPROVED,2016-02-04,OAK GROVE MANAGEMENT LLC,OAK GROVE MANAGEMENT LLC
iapd,iapd_state_compilation,167301,CA,APPROVED,2013-10-04,"YAZDANYAR, MEHRNOUSH","YAZDANYAR, MEHRNOUSH"
iapd,iapd_state_compilation,167317,CA,APPROVED,2014-06-09,"DISTRICT CAPITAL MANAGEMENT, LLC","DISTRICT CAPITAL MANAGEMENT, LLC"
iapd,iapd_state_compilation,167338,CA,APPROVED,2017-04-05,"NORTHWOOD INVESTMENT PARTNERS, LLC","NORTHWOOD INVESTMENT PARTNERS, LLC"
iapd,iapd_state_compilation,167341,CA,APPROVED,2013-05-07,NEW ASSETS INVESTMENT ADVISORS LLC,NEW ASSETS INVESTMENT ADVISORS LLC
iapd,iapd_state_compilation,167388,CA,APPROVED,2013-06-24,OAKTREE WEALTH GROUP INC.,OAKTREE WEALTH GROUP INC.
iapd,iapd_state_compilation,167464,CA,APPROVED,2023-03-28,"FINANCIAL SECURITY SERVICES GROUP, INC.","FINANCIAL SECURITY SERVICES GROUP, INC."
iapd,iapd_state_compilation,167516,CA,APPROVED,2024-01-29,ORION CAPITAL,ORION CAPITAL
iapd,iapd_state_compilation,167564,CA,APPROVED,2016-01-08,"PRIVATE WEALTH MANAGEMENT SOLUTIONS, LLC","PRIVATE WEALTH MANAGEMENT SOLUTIONS, LLC"
iapd,iapd_state_compilation,167570,CA,APPROVED,2021-08-11,"WANG FINANCIAL, LLC","WANG FINANCIAL, LLC"
iapd,iapd_state_compilation,167592,CA,APPROVED,2025-08-22,LAVISH FINANCIAL PLANNING,"LEGACY CARE WEALTH, LLC"
iapd,iapd_state_compilation,167630,CA,APPROVED,2013-08-07,MEAHAN FINANCIAL SERVICES,"TAX REDUCTION AND INVESTMENT STRATEGIES,INC"
iapd,iapd_state_compilation,167656,CA,APPROVED,2015-04-28,GEN Y PLANNING,GEN Y PLANNING LLC
iapd,iapd_state_compilation,167663,CA,APPROVED,2022-10-13,"SOVEREIGN GLOBAL ADVISORS, LLC","SOVEREIGN GLOBAL ADVISORS, LLC"
iapd,iapd_state_compilation,167809,CA,APPROVED,2013-10-16,"UNITED GLOBAL ADVISORS, LLC","UNITED GLOBAL ADVISORS, LLC"
iapd,iapd_state_compilation,167863,CA,APPROVED,2013-08-05,"MAXWELL FINANCIAL GROUP, INC","MAXWELL FINANCIAL GROUP, INC"
iapd,iapd_state_compilation,167964,CA,APPROVED,2013-06-11,"ARROWHEAD INVESTMENT ADVISORS, LLC","ARROWHEAD INVESTMENT ADVISORS, LLC"
iapd,iapd_state_compilation,167973,CA,APPROVED,2013-07-17,"SHLECTER WEALTH MANAGEMENT, LLC","SHLECTER WEALTH MANAGEMENT, LLC"
iapd,iapd_state_compilation,167976,CA,APPROVED,2021-03-22,ARRIVITY FINANCIAL PLANNING,"603 FINANCIAL, INC."
iapd,iapd_state_compilation,167996,CA,APPROVED,2023-10-31,MATTERHORN FINANCIAL PLANNING,MATTERHORN FINANCIAL PLANNING LLC
iapd,iapd_state_compilation,168084,CA,APPROVED,2013-09-04,"COMPOUND VALUE ADVISERS, LLC","COMPOUND VALUE ADVISERS, LLC"
iapd,iapd_state_compilation,168102,CA,APPROVED,2013-08-20,TULA INVESTMENT GROUP LLC,TULA INVESTMENT GROUP LLC
iapd,iapd_state_compilation,168117,CA,APPROVED,2019-03-28,DT INVESTMENTS I LLC,DT INVESTMENTS I LLC
iapd,iapd_state_compilation,168190,CA,APPROVED,2013-11-05,INPLAY GLOBAL ADVISORS,"TICKEL, GARY ARNOLD"
iapd,iapd_state_compilation,168232,CA,APPROVED,2013-08-30,WOVEN PROSPERITY,"EDDINGER, NATHAN CHARLES"
iapd,iapd_state_compilation,168249,CA,APPROVED,2013-07-25,ACORN FINANCIAL PLANNING,"PEARL, AMY"
iapd,iapd_state_compilation,168305,CA,APPROVED,2014-06-26,WALSH FINANCIAL CONSULTING,"WALSH FINANCIAL, PC"
iapd,iapd_state_compilation,168353,CA,APPROVED,2022-03-16,GREENWAY FINANCIAL ADVISORS LLC,GREENWAY FINANCIAL ADVISORS LLC
iapd,iapd_state_compilation,168392,CA,APPROVED,2013-10-31,"MT RYAN, INC.","MT RYAN, INC."
iapd,iapd_state_compilation,168393,CA,APPROVED,2013-09-16,STONEHAVEN PRIVATE WEALTH MANAGEMENT LLC,STONEHAVEN PRIVATE WEALTH MANAGEMENT LLC
iapd,iapd_state_compilation,168482,CA,APPROVED,2013-12-10,WAYUP WEALTH BUILDING GROUP,"WEI,ED"
iapd,iapd_state_compilation,168510,CA,APPROVED,2013-10-08,MURAPA INVESTMENTS,MURAPA INVESTMENTS INC.
iapd,iapd_state_compilation,168521,CA,APPROVED,2013-09-10,CWS ASSET MANAGEMENT,"SCHIEFERLE, COLE"
iapd,iapd_state_compilation,168549,CA,APPROVED,2014-05-16,RAMPART ASSET MANAGEMENT LLC,RAMPART ASSET MANAGEMENT LLC
iapd,iapd_state_compilation,168568,CA,APPROVED,2013-09-18,CRUSE INVESTMENTS,"CRUSE, JOHN MICHAEL"
iapd,iapd_state_compilation,168574,CA,APPROVED,2014-01-01,KEYSTONE ADVISORY GROUP,"THE MONROE TEAM, INC"
iapd,iapd_state_compilation,168580,CA,APPROVED,2013-09-25,EXCITEN CAPITAL LLC,EXCITEN CAPITAL LLC
iapd,iapd_state_compilation,168632,CA,APPROVED,2013-09-18,"IWD CAPITAL MANAGEMENT, LLC","IWD CAPITAL MANAGEMENT, LLC"
iapd,iapd_state_compilation,168689,CA,APPROVED,2013-11-30,"SAPIENT ROAD WEALTH MANAGEMENT, LLC","SAPIENT ROAD WEALTH MANAGEMENT, LLC"
iapd,iapd_state_compilation,168699,CA,APPROVED,2013-09-26,CYCLUS WEALTH MANAGEMENT,"CYCLUS WEALTH MANAGEMENT, INC."
iapd,iapd_state_compilation,168702,CA,APPROVED,2013-09-24,"GAYLORD WEALTH MANAGEMENT, LLC","GAYLORD WEALTH MANAGEMENT, LLC"
iapd,iapd_state_compilation,168711,CA,APPROVED,2013-10-04,NAVIGATE FINANCIAL LLC,NAVIGATE FINANCIAL LLC
iapd,iapd_state_compilation,168725,CA,APPROVED,2019-01-30,"CLIVEDEN CAPITAL MANAGEMENT, LLC","CLIVEDEN CAPITAL MANAGEMENT, LLC"
iapd,iapd_state_compilation,168783,CA,APPROVED,2013-10-10,NATIVE FINANCE INVESTMENT ADVISORY,"TAM, CYNTHIA JACQUELINE"
iapd,iapd_state_compilation,168857,CA,APPROVED,2016-03-08,CLEMENTS INVESTMENT MANAGEMENT,"CLEMENTS INVESTMENT MANAGEMENT, INC."
iapd,iapd_state_compilation,168953,CA,APPROVED,2013-10-29,"SHUYI KONG WEALTH MANAGEMENT, INC.","SHUYI KONG WEALTH MANAGEMENT, INC."
iapd,iapd_state_compilation,168959,CA,APPROVED,2014-01-01,WESTFACE FINANCIAL ADVISORY,PACELINE LLC
iapd,iapd_state_compilation,169050,CA,APPROVED,2020-11-18,OXFORD CHASE ADVISORS LLC,OXFORD CHASE ADVISORS LLC
iapd,iapd_state_compilation,169136,CA,APPROVED,2014-05-12,"NEWLEAF WEALTH MANAGEMENT, LLC","NEWLEAF WEALTH MANAGEMENT, LLC"
iapd,iapd_state_compilation,169148,CA,APPROVED,2016-07-25,"BAPCD, INC.","BAY AREA & PACIFIC COAST DEVELOPMENT, INC."
iapd,iapd_state_compilation,169170,CA,APPROVED,2016-01-14,MARK T. HARVEY INVESTMENTS,"HARVEY, MARK T."
iapd,iapd_state_compilation,169190,CA,APPROVED,2014-05-21,ALTA PACIFIC WEALTH MANAGEMENT LLC,"ALTA PACIFIC WEALTH MANAGEMENT, LLC"
iapd,iapd_state_compilation,169250,CA,APPROVED,2014-04-02,"SUMMER FIELDS INVESTMENTS, LLC","SUMMER FIELDS INVESTMENTS, LLC"
iapd,iapd_state_compilation,169270,CA,APPROVED,2014-01-01,LUMINARY FINANCIAL PLANNING,SEGHETTI HOLDINGS LLC
iapd,iapd_state_compilation,169271,CA,APPROVED,2026-05-27,BROWNING CAPITAL MANAGEMENT LLC,BROWNING CAPITAL MANAGEMENT LLC
iapd,iapd_state_compilation,169324,CA,APPROVED,2013-12-12,"CONTINUUM WEALTH STRATEGIES, LLC","CONTINUUM WEALTH STRATEGIES, LLC"
iapd,iapd_state_compilation,169375,CA,APPROVED,2019-02-19,MARGO PARK FINANCIAL,MARGO PARK LLC
iapd,iapd_state_compilation,169376,CA,APPROVED,2014-03-26,CYPRESS POINT FINANCIAL ADVISORS,CYPRESS POINT FINANCIAL ADVISORS
iapd,iapd_state_compilation,169383,CA,APPROVED,2025-10-08,"STKEROS FINANCIAL PLANNING, LLC","STKEROS FINANCIAL PLANNING, LLC"
iapd,iapd_state_compilation,169389,CA,APPROVED,2024-05-30,"EMPOWERED RETIREMENT, INC.","EMPOWERED RETIREMENT, INC."
iapd,iapd_state_compilation,169427,CA,APPROVED,2014-05-29,OAKLEY CAPITAL GROUP,"OAKLEY IV, FANNING TUCKER"
iapd,iapd_state_compilation,169437,CA,APPROVED,2013-11-25,"CSJ WEALTH MANAGEMENT, LLC","CSJ WEALTH MANAGEMENT, LLC"
iapd,iapd_state_compilation,169442,CA,APPROVED,2017-01-27,"SPIRIT GLOBAL INVESTMENT ADVISORS, LLC","SPIRIT GLOBAL INVESTMENT ADVISORS, LLC"
iapd,iapd_state_compilation,169461,CA,APPROVED,2015-10-20,"M3 ASSET MANAGEMENT, INC.","M3 ASSET MANAGEMENT, INC."
iapd,iapd_state_compilation,169468,CA,APPROVED,2016-03-28,BCD ADVISORS,BEACON CAPITAL DISTRIBUTORS ADVISORS
iapd,iapd_state_compilation,169518,CA,APPROVED,2014-01-01,VIRTUOSO WEALTH MANAGEMENT,RAYMOND R. RUSSO
iapd,iapd_state_compilation,169637,CA,APPROVED,2024-02-23,INTEGRITY ADVISORS LLC,INTEGRITY ADVISORS LLC
iapd,iapd_state_compilation,169643,CA,APPROVED,2014-05-29,JAMES CURTIS FINANCIAL AND INSURANCE SERVICES,"JAMES CURTIS ENTERPRISES, INC."
iapd,iapd_state_compilation,169648,CA,APPROVED,2016-07-06,"ATLAS PEAK ADVISORS, INC.","ATLAS PEAK ADVISORS, INC."
iapd,iapd_state_compilation,169664,CA,APPROVED,2014-01-01,"THE LYND GROUP ADVISORS, LLC","THE LYND GROUP ADVISORS, LLC"
iapd,iapd_state_compilation,169692,CA,APPROVED,2014-02-19,WESTERN STATES INVESTMENTS,"WEYHGANDT II, JOHN WESLEY"
iapd,iapd_state_compilation,169810,CA,APPROVED,2014-06-19,HARRIS WEALTH MANAGEMENT,BRIAN HARRIS INC.
iapd,iapd_state_compilation,169827,CA,APPROVED,2014-02-05,"STERLING ADVISORY SERVICES, LLC","STERLING ADVISORY SERVICES, LLC"
iapd,iapd_state_compilation,169869,CA,APPROVED,2017-08-16,PNR FINANCIAL SERVICES LLC,PNR FINANCIAL SERVICES LLC
iapd,iapd_state_compilation,169905,CA,APPROVED,2022-02-22,"ZERO GRAVITY FINANCIAL, LLC","ZERO GRAVITY FINANCIAL, LLC"
iapd,iapd_state_compilation,169941,CA,APPROVED,2014-07-11,"HATFIELD INSURANCE & FINANCIAL SERVICES, INC.","HATFIELD INSURANCE & FINANCIAL SERVICES, INC."
iapd,iapd_state_compilation,169966,CA,APPROVED,2014-06-09,THE FINANCIAL GROUP,"TFG INVESTMENT MANAGEMENT, LLC"
iapd,iapd_state_compilation,170014,CA,APPROVED,2014-10-06,"SDM ADVISORS, LLC","SDM ADVISORS, LLC"
iapd,iapd_state_compilation,170170,CA,APPROVED,2018-07-26,"MARKET STREET ADVISORS, LLC","MARKET STREET ADVISORS, LLC"
iapd,iapd_state_compilation,170190,CA,APPROVED,2014-07-24,"CHENG WEALTH MANAGEMENT, LLC",CHENG WEALTH MANAGEMENT LLC
iapd,iapd_state_compilation,170213,CA,APPROVED,2021-06-08,"SOMERSET WEALTH MANAGEMENT, LLC","SOMERSET WEALTH MANAGEMENT, LLC"
iapd,iapd_state_compilation,170239,CA,APPROVED,2014-04-25,"BALANCE FINANCIAL PLANNING, LLC","BALANCE FINANCIAL PLANNING, LLC"
iapd,iapd_state_compilation,170269,CA,APPROVED,2014-07-10,GLOBAL KEY ADVISORS,GLOBAL KEY MANAGEMENT LLC
iapd,iapd_state_compilation,170281,CA,APPROVED,2014-05-20,FAMILY INVESTMENT MANAGEMENT L.P.,FAMILY INVESTMENT MANAGEMENT L.P.
iapd,iapd_state_compilation,170285,CA,APPROVED,2014-08-21,FM CAPITAL GROUP,FM CAPITAL GROUP LLC
iapd,iapd_state_compilation,170327,CA,APPROVED,2014-05-12,"DIVERSIFIED WEALTH MANAGEMENT SOLUTIONS, LLC","DIVERSIFIED WEALTH MANAGEMENT SOLUTIONS, LLC"
iapd,iapd_state_compilation,170360,CA,APPROVED,2014-03-18,"STANTUM, LLC","STANTUM, LLC"
iapd,iapd_state_compilation,170400,CA,APPROVED,2014-03-18,WARD CAPITAL MANAGEMENT LLC,WARD CAPITAL MANAGEMENT LLC
iapd,iapd_state_compilation,170424,CA,APPROVED,2014-03-28,"PATHWAY FINANCIAL SERVICES, LLC","PATHWAY FINANCIAL SERVICES, LLC"
iapd,iapd_state_compilation,170453,CA,APPROVED,2014-03-07,C FINANCIAL AND TAX ASSOCIATES,TAX & INSURANCE SERVICES INCORPORATED
iapd,iapd_state_compilation,170463,CA,APPROVED,2015-01-01,"RCX CAPITAL GROUP ADVISORS, LLC","RCX CAPITAL GROUP ADVISORS, LLC"
iapd,iapd_state_compilation,170468,CA,APPROVED,2014-03-07,L SQUARED WEALTH MANAGEMENT,L SQUARED WEALTH MANAGEMENT LLC
iapd,iapd_state_compilation,170523,CA,APPROVED,2015-02-23,BRUNGER FINANCIAL,BRUNGER FINANCIAL LLC
iapd,iapd_state_compilation,170585,CA,APPROVED,2014-04-08,"BIRD CAPITAL GROUP, INC.","BIRD CAPITAL GROUP, INC."
iapd,iapd_state_compilation,170601,CA,APPROVED,2014-03-21,"WEALTHARCH INVESTMENT SERVICES, LLC","WEALTHARCH INVESTMENT SERVICES, LLC"
iapd,iapd_state_compilation,170647,CA,APPROVED,2019-09-03,"METHOD FINANCE, LLC","METHOD FINANCE, LLC"
iapd,iapd_state_compilation,170734,CA,APPROVED,2022-09-21,GUIDE FINANCIAL PLANNING,"GUIDE FINANCIAL PLANNING, LLC"
iapd,iapd_state_compilation,170742,CA,APPROVED,2014-07-21,QUEST INVESTMENT FIRM,QUEST INVESTMENT FIRM
iapd,iapd_state_compilation,170789,CA,APPROVED,2022-06-10,PROCESS DESIGN CAPITAL MANAGEMENT LLC,PROCESS DESIGN CAPITAL MANAGEMENT LLC
iapd,iapd_state_compilation,170863,CA,APPROVED,2014-05-07,ORANGE COUNTY ASSET MANAGEMENT,"AIDEKMAN, ALAN"
iapd,iapd_state_compilation,170904,CA,APPROVED,2014-05-08,"ROSHELEN, INC.","ROSHELEN, INC."
iapd,iapd_state_compilation,170929,CA,APPROVED,2014-10-06,"INNOVATIVE WEALTH PARTNERS, LLC","INNOVATIVE WEALTH PARTNERS, LLC"
iapd,iapd_state_compilation,170951,CA,APPROVED,2017-01-11,"BAKER & ASSOCIATES REGISTERED INVESTMENT ADVISORS, LLC","BAKER & ASSOCIATES REGISTERED INVESTMENT ADVISORS, LLC"
iapd,iapd_state_compilation,171066,CA,APPROVED,2014-05-22,JLA INVESTMENT MANAGEMENT,JOSEPH L. ALDRIDGE
iapd,iapd_state_compilation,171145,CA,APPROVED,2022-11-07,CHAIM INVESTMENT ADVISORS LLC,CHAIM INVESTMENT ADVISORS LLC
iapd,iapd_state_compilation,171162,CA,APPROVED,2014-06-20,"REED CAPITAL MANAGEMENT, LLC","REED CAPITAL MANAGEMENT, LLC"
iapd,iapd_state_compilation,171169,CA,APPROVED,2014-05-21,ARROWHEAD WEALTH MANAGEMENT CORP.,ARROWHEAD WEALTH MANAGEMENT CORP.
iapd,iapd_state_compilation,171206,CA,APPROVED,2014-06-06,PARABOLIC ASSET MANAGEMENT LLC,PARABOLIC ASSET MANAGEMENT LLC
iapd,iapd_state_compilation,171285,CA,APPROVED,2026-06-29,"BLUE WATER FINANCIAL INVESTOR COACHING, LLC","BLUE WATER FINANCIAL INVESTOR COACHING, LLC"
iapd,iapd_state_compilation,171307,CA,APPROVED,2014-08-29,GARABEDIAN WEALTH MANAGEMENT GROUP,"GARABEDIAN WEALTH MANAGEMENT GROUP, INC."
iapd,iapd_state_compilation,171312,CA,APPROVED,2014-06-25,SDMI INSURANCE AND FINANCIAL SERVICES,"MOELLER, STEVEN DIETER"
iapd,iapd_state_compilation,171327,CA,APPROVED,2014-07-23,"KMR WEALTH ADVISORY, LLC","KMR WEALTH ADVISORY, LLC"
iapd,iapd_state_compilation,171381,CA,APPROVED,2014-08-08,BURTON WEALTH MANAGEMENT,"DONALD E. BURTON, LLC"
iapd,iapd_state_compilation,171407,CA,APPROVED,2014-07-07,"SPEIRO INVESTMENTS, LLC","SPEIRO INVESTMENTS, LLC"
iapd,iapd_state_compilation,171409,CA,APPROVED,2014-10-09,"7SUMMIT ADVISORS, LLC","7SUMMIT ADVISORS, LLC"
iapd,iapd_state_compilation,171464,CA,APPROVED,2014-06-10,DOGPATCH WEALTH,DOGPATCH CAPITAL LLC
iapd,iapd_state_compilation,171531,CA,APPROVED,2014-07-11,CONAGHAN FINANCIAL SERVICES,"CONAGHAN, ALEXANDER CHRISTOPHER"
iapd,iapd_state_compilation,171540,CA,APPROVED,2014-10-02,"WOVEN CAPITAL, LLC","WOVEN CAPITAL, LLC"
iapd,iapd_state_compilation,171614,CA,APPROVED,2014-07-03,"INNOVATIVE FINANCIAL ADVISORS, LLC","INNOVATIVE FINANCIAL ADVISORS, LLC"
iapd,iapd_state_compilation,171641,CA,APPROVED,2015-06-18,LW PACIFIC INVESTMENTS LLC,LW PACIFIC INVESTMENTS LLC
iapd,iapd_state_compilation,171644,CA,APPROVED,2024-06-25,"LONG LAKE CAPITAL MANAGEMENT, LLC","LONG LAKE CAPITAL MANAGEMENT, LLC"
iapd,iapd_state_compilation,171681,CA,APPROVED,2014-08-05,HEMISPHERES INVESTMENT MANAGEMENT,"HEMISPHERES INVESTMENT MANAGEMENT, INC."
iapd,iapd_state_compilation,171754,CA,APPROVED,2014-06-20,SIERRA MADRE PARTNERS LLC,SIERRA MADRE PARTNERS LLC
iapd,iapd_state_compilation,171780,CA,APPROVED,2015-01-15,"QUANTUMVEST, INC.","QUANTUMVEST, INC."
iapd,iapd_state_compilation,171788,CA,APPROVED,2015-10-09,"FC360 WEALTH MANAGEMENT, INC.","FC360 WEALTH MANAGEMENT, INC."
iapd,iapd_state_compilation,171840,CA,APPROVED,2014-09-23,"KNIGHT AND COMPANY WEALTH ADVISORS, LLC","KNIGHT AND COMPANY WEALTH ADVISORS, LLC"
iapd,iapd_state_compilation,171895,CA,APPROVED,2014-09-05,"ENDURANCE CAPITAL PARTNERS, LLC","ENDURANCE CAPITAL PARTNERS, LLC"
iapd,iapd_state_compilation,171913,CA,APPROVED,2014-07-22,"EMERALD WEALTH MANAGEMENT, INC.","EMERALD WEALTH MANAGEMENT, INC."
iapd,iapd_state_compilation,171939,CA,APPROVED,2014-10-20,"BANGERTER FINANCIAL SERVICES, INC.","BANGERTER FINANCIAL SERVICES, INC."
iapd,iapd_state_compilation,171944,CA,APPROVED,2019-01-09,MFA GLOBAL CONSULTING GROUP LLC,MFA GLOBAL CONSULTING GROUP LLC
iapd,iapd_state_compilation,171985,CA,APPROVED,2014-07-22,RIDGEVIEW FINANCIAL PLANNING,"RIDGEVIEW FINANCIAL PLANNING, INC."
iapd,iapd_state_compilation,172023,CA,APPROVED,2026-01-23,"WILSON, MARK HENRY","WILSON, MARK HENRY"
iapd,iapd_state_compilation,172040,CA,APPROVED,2021-02-22,"CAPSTONE WEALTH MANAGEMENT, INC","CAPSTONE WEALTH MANAGEMENT, INC"
iapd,iapd_state_compilation,172101,CA,APPROVED,2019-01-29,360DIVIDENDS,"LIRA, MARCOS HUGO"
iapd,iapd_state_compilation,172102,CA,APPROVED,2014-08-20,MANAGED ASSET WEALTH MANAGEMENT LLC,MANAGED ASSET WEALTH MANAGEMENT LLC
iapd,iapd_state_compilation,172209,CA,APPROVED,2025-05-22,CLEAR CAPITAL MANAGEMENT LP,CLEAR CAPITAL MANAGEMENT LP
iapd,iapd_state_compilation,172218,CA,APPROVED,2014-08-12,MONTECITO INVESTMENT STRATEGIES,"STRANDBERG, DAVE WILLIAM"
iapd,iapd_state_compilation,172378,CA,APPROVED,2022-02-28,GREEN STREET,"GREEN STREET ADVISORS, LLC"
iapd,iapd_state_compilation,172396,CA,APPROVED,2014-08-07,PANORAMIC FINANCIAL,PANORAMIC FINANCIAL ADVICE INC.
iapd,iapd_state_compilation,172429,CA,APPROVED,2019-03-21,PNW ASSET MANAGEMENT,"PACIFIC NORTHWEST ASSET MANAGEMENT, LLC"
iapd,iapd_state_compilation,172485,CA,APPROVED,2014-09-04,A. TO Z. FINANCIAL CONSULTING AND WEALTH MANAGEMENT,"ZUBAN, ANATOLY TONY"
iapd,iapd_state_compilation,172528,CA,APPROVED,2021-01-29,"KANSAS CITY PRIVATE WEALTH MANAGEMENT, LLC","KANSAS CITY PRIVATE WEALTH MANAGEMENT, LLC"
iapd,iapd_state_compilation,172552,CA,APPROVED,2014-11-12,BURGE FINANCIAL,"BURGE FINANCIAL, INC."
iapd,iapd_state_compilation,172558,CA,APPROVED,2014-09-23,THRIVE FINANCIAL PLANNING,FRUITFUL FINANCIAL PLANNING INC.
iapd,iapd_state_compilation,172613,CA,APPROVED,2019-04-11,"PRIVATE CLIENT WEALTH ADVISORS, LLC","PRIVATE CLIENT WEALTH ADVISORS, LLC"
iapd,iapd_state_compilation,172639,CA,APPROVED,2014-09-18,"NOMAD CAPITAL GROUP, LLC","NOMAD CAPITAL GROUP, LLC"
iapd,iapd_state_compilation,172657,CA,APPROVED,2014-10-31,"ADVISORS WEALTH MANAGEMENT, INC","ADVISORS WEALTH MANAGEMENT, INC"
iapd,iapd_state_compilation,172692,CA,APPROVED,2019-01-23,BUSINE WEALTH,BUSINE LLC
iapd,iapd_state_compilation,172695,CA,APPROVED,2021-09-15,P/E CAPITAL INVESTMENTS,P/E CAPITAL INVESTMENT MANAGEMENT PARTNERS
iapd,iapd_state_compilation,172701,CA,APPROVED,2014-10-15,WALLER FINANCIAL COACHING,"WALLER FINANCIAL COACHING, INC."
iapd,iapd_state_compilation,172724,CA,APPROVED,2015-04-03,ALPHA PRIVATE WEALTH ADVISORS LLC,ALPHA PRIVATE WEALTH ADVISORS LLC
iapd,iapd_state_compilation,172750,CA,APPROVED,2014-10-14,"ACCEL ADVISORS, INC.","ACCEL ADVISORS, INC."
iapd,iapd_state_compilation,172755,CA,APPROVED,2016-01-28,CRANE INVESTMENTS INC,CRANE INVESTMENTS INC
iapd,iapd_state_compilation,172856,CA,APPROVED,2014-09-22,"ARGENT WEALTH ADVISORS, LLC","ARGENT WEALTH ADVISORS, LLC"
iapd,iapd_state_compilation,172985,CA,APPROVED,2014-10-07,"MAVERICK VALUE, LLC","MAVERICK VALUE, LLC"
iapd,iapd_state_compilation,172999,CA,APPROVED,2025-09-29,"PEMBROKE ASSET ADVISORS, LLC","PEMBROKE ASSET ADVISORS, LLC"
iapd,iapd_state_compilation,173062,CA,APPROVED,2015-08-19,"SOCAL PLANNERS, INC","SOCAL PLANNERS, INC"
iapd,iapd_state_compilation,173139,CA,APPROVED,2015-01-01,"ROTHMAN INVESTMENT MANAGEMENT, LLC","ROTHMAN INVESTMENT MANAGEMENT, LLC"
iapd,iapd_state_compilation,173205,CA,APPROVED,2014-10-06,PAKHA INVESTMENT ADVISORY,PAKHA INVESTMENT ADVISORY
iapd,iapd_state_compilation,173224,CA,APPROVED,2014-10-10,NEW WAVE FINANCIAL SERVICES,"NEW WAVE FINANCIAL SERVICES, LLC"
iapd,iapd_state_compilation,173286,CA,APPROVED,2014-10-08,HEDGEWISE,"HEDGEWISE, INC."
iapd,iapd_state_compilation,173395,CA,APPROVED,2015-01-01,"EVIDENCE BASED INVESTING, LLC","EVIDENCE BASED INVESTING, LLC"
iapd,iapd_state_compilation,173448,CA,APPROVED,2015-02-19,VEDA FINANCIAL INVESTMENT ADVISORY,VEDA FINANCIAL
iapd,iapd_state_compilation,173456,CA,APPROVED,2015-05-05,"NORFIELD CAPITAL, LLC","NORFIELD CAPITAL, LLC"
iapd,iapd_state_compilation,173457,CA,APPROVED,2015-03-23,"PACIFIC HAVEN FINANCIAL, LLC","PACIFIC HAVEN FINANCIAL, LLC"
iapd,iapd_state_compilation,173526,CA,APPROVED,2015-07-15,BONNEMA WEALTH MANAGEMENT LLC,BONNEMA WEALTH MANAGEMENT LLC
iapd,iapd_state_compilation,173541,CA,APPROVED,2015-01-01,"ROSASHARN INVESTMENT MANAGEMENT, LLC","ROSASHARN INVESTMENT MANAGEMENT, LLC"
iapd,iapd_state_compilation,173628,CA,APPROVED,2015-04-10,MASON FINANCIAL SERVICES,MASON FINANCIAL SERVICES INC
iapd,iapd_state_compilation,173633,CA,APPROVED,2015-01-08,CANNON WEALTH GROUP LLC,CANNON WEALTH GROUP LLC
iapd,iapd_state_compilation,173642,CA,APPROVED,2016-06-30,FIRST SIGMA CAPITAL LLC,FIRST SIGMA CAPITAL LLC
iapd,iapd_state_compilation,173660,CA,APPROVED,2015-01-08,ZEBRA CROSSING ASSET MANAGEMENT LLC,ZEBRA CROSSING ASSET MANAGEMENT LLC
iapd,iapd_state_compilation,173796,CA,APPROVED,2022-05-25,ALIGNED ADVISORS,ALIGNED ADVISORS
iapd,iapd_state_compilation,173809,CA,APPROVED,2024-06-10,SAMATVA WEALTH MANAGEMENT LLC,SAMATVA WEALTH MANAGEMENT LLC
iapd,iapd_state_compilation,173846,CA,APPROVED,2015-05-12,"STEWARD FAMILY OFFICE, INC.","STEWARD FAMILY OFFICE, INC."
iapd,iapd_state_compilation,173854,CA,APPROVED,2015-01-01,"QUBED CAPITAL, LLC","QUBED CAPITAL, LLC"
iapd,iapd_state_compilation,173864,CA,APPROVED,2015-02-13,"STEP FINANCIAL SERVICES, LLC","STEP FINANCIAL SERVICES, LLC"
iapd,iapd_state_compilation,173953,CA,APPROVED,2014-12-11,GD INVESTMENT ADVISERS LLC,GD INVESTMENT ADVISERS LLC
iapd,iapd_state_compilation,174067,CA,APPROVED,2016-11-10,TARTAN CAPITAL ADVISORS LLC,TARTAN CAPITAL ADVISORS LLC
iapd,iapd_state_compilation,174160,CA,APPROVED,2026-08-07,EPI FINANCIAL GROUP,EPI FINANCIAL GROUP LLC
iapd,iapd_state_compilation,174198,CA,APPROVED,2015-01-28,REDMOUNT CAPITAL PARTNERS LLC,REDMOUNT CAPITAL PARTNERS LLC
iapd,iapd_state_compilation,174293,CA,APPROVED,2016-05-24,"BIRD ROCK MANAGEMENT, LLC","BIRD ROCK MANAGEMENT, LLC"
iapd,iapd_state_compilation,174315,CA,APPROVED,2015-04-16,"PROBERT INVESTMENT ADVISERS, LLC","PROBERT INVESTMENT ADVISERS, LLC"
iapd,iapd_state_compilation,174383,CA,APPROVED,2015-03-27,"GSR CAPITAL MANAGEMENT, INC.","GSR CAPITAL MANAGEMENT, INC."
iapd,iapd_state_compilation,174385,CA,APPROVED,2021-01-28,FINANCIAL FREEDOM CAPITAL MANAGEMENT,FINANCIAL FREEDOM CAPITAL MANAGEMENT LLP
iapd,iapd_state_compilation,174421,CA,APPROVED,2015-09-03,"DES FINANCIAL GROUP, LLC","DES FINANCIAL GROUP, LLC"
iapd,iapd_state_compilation,174569,CA,APPROVED,2026-05-12,11 FINANCIAL,K-WM LLC
iapd,iapd_state_compilation,174637,CA,APPROVED,2015-03-24,BRENNAN ASSET MANAGEMENT,"BRENNAN ASSET MANAGEMENT, LLC"
iapd,iapd_state_compilation,174674,CA,APPROVED,2015-05-06,"CAMPBELL ADVISORY SERVICES, LLC","CAMPBELL ADVISORY SERVICES, LLC"
iapd,iapd_state_compilation,174703,CA,APPROVED,2015-10-22,ALPINE ASSET MANAGEMENT,ALPINE ASSET MANAGEMENT LLC
iapd,iapd_state_compilation,174813,CA,APPROVED,2026-07-31,"KROZEL CAPITAL MANAGEMENT, LLC","KROZEL CAPITAL MANAGEMENT, LLC"
iapd,iapd_state_compilation,174819,CA,APPROVED,2018-02-26,KODIAK CAPITAL ADVISORS LLC,KODIAK CAPITAL ADVISORS LLC
iapd,iapd_state_compilation,174860,CA,APPROVED,2015-05-26,R.E.A.L. COACH,"WILSON, JAN DALY"
iapd,iapd_state_compilation,174871,CA,APPROVED,2015-03-10,FENGCAPITAL LLC,FENGCAPITAL LLC
iapd,iapd_state_compilation,174928,CA,APPROVED,2015-02-19,"MORGAN STEVENS ASSET MANAGEMENT, LLC","MORGAN STEVENS ASSET MANAGEMENT, LLC"
iapd,iapd_state_compilation,174967,CA,APPROVED,2019-01-31,CUBED SYSTEMS,BAFFA JR. ROBERT PATRICK
iapd,iapd_state_compilation,174994,CA,APPROVED,2015-05-05,HINDE GROUP LLC,HINDE GROUP LLC
iapd,iapd_state_compilation,175023,CA,APPROVED,2016-07-07,FIT ADVISORS LLC,FIT ADVISORS LLC
iapd,iapd_state_compilation,175055,CA,APPROVED,2021-07-28,"ABUNDANCE FINANCIAL COACHING, LLC","ABUNDANCE FINANCIAL COACHING, LLC"
iapd,iapd_state_compilation,175072,CA,APPROVED,2021-10-18,FORTUNA INVESTORS LLC,FORTUNA INVESTORS LLC
iapd,iapd_state_compilation,175086,CA,APPROVED,2015-04-24,JMO FINANCIAL,"JAMES M. O'BRIEN, INC."
iapd,iapd_state_compilation,175099,CA,APPROVED,2023-10-16,"CAPITAL BENCHMARK PARTNERS, LLC","CAPITAL BENCHMARK PARTNERS, LLC"
iapd,iapd_state_compilation,175152,CA,APPROVED,2016-01-12,"OPEN SQUARE CAPITAL, LLC","OPEN SQUARE CAPITAL, LLC"
iapd,iapd_state_compilation,175155,CA,APPROVED,2015-06-11,IMPACTADVISOR LLC,IMPACTADVISOR LLC
iapd,iapd_state_compilation,175181,CA,APPROVED,2023-08-28,"GLOBAL ADVISERS, LLC","GLOBAL ADVISERS, LLC"
iapd,iapd_state_compilation,175189,CA,APPROVED,2015-04-29,"IAPETUS CAPITAL, INC.","IAPETUS CAPITAL, INC."
iapd,iapd_state_compilation,175197,CA,APPROVED,2018-01-26,"LEGACY WEALTH CAPITAL, LLC.","LEGACY WEALTH CAPITAL, LLC."
iapd,iapd_state_compilation,175210,CA,APPROVED,2015-05-27,SILVERLAKE PORTFOLIO ADVISORS LLC,SILVERLAKE PORTFOLIO ADVISORS LLC
iapd,iapd_state_compilation,175242,CA,APPROVED,2024-03-08,"GUIDING WEALTH MANAGEMENT, LLC","GUIDING WEALTH MANAGEMENT, LLC"
iapd,iapd_state_compilation,175315,CA,APPROVED,2015-06-03,SOFTWEALTH,SOFTWEALTH LLC
iapd,iapd_state_compilation,175324,CA,APPROVED,2015-05-26,INNOVATIVE WEALTH ADVISORS LLC,INNOVATIVE WEALTH ADVISORS LLC
iapd,iapd_state_compilation,175355,CA,APPROVED,2015-06-25,"ELDRIDGE STREET ASSET MANAGEMENT, LLC","ELDRIDGE STREET ASSET MANAGEMENT, LLC"
iapd,iapd_state_compilation,175408,CA,APPROVED,2015-11-24,ELLS FINANCIAL SERVICES LLC,ELLS FINANCIAL SERVICES LLC
iapd,iapd_state_compilation,175416,CA,APPROVED,2015-06-04,"PRUDENT PROSPERA PLANNING, INC.","PRUDENT PROSPERA PLANNING, INC."
iapd,iapd_state_compilation,175424,CA,APPROVED,2015-05-13,"OPTURA ADVISORS, INC.","OPTURA ADVISORS, INC."
iapd,iapd_state_compilation,178515,CA,APPROVED,2015-05-15,"STANFORD PACIFIC FUND MANAGEMENT, LLC","STANFORD PACIFIC FUND MANAGEMENT, LLC"
iapd,iapd_state_compilation,179529,CA,APPROVED,2015-05-05,VINEYARD WEALTH ADVISORY LLC,VINEYARD WEALTH ADVISORY LLC
iapd,iapd_state_compilation,179534,CA,APPROVED,2015-06-26,SCOPE WEALTH MANAGEMENT,"SCOPE WEALTH MANAGEMENT, LLC"
iapd,iapd_state_compilation,179535,CA,APPROVED,2024-01-16,VANTAGE WEALTH MANAGEMENT LLC,VANTAGE WEALTH MANAGEMENT LLC
iapd,iapd_state_compilation,183518,CA,APPROVED,2015-05-08,ACCLARO WEALTH MANAGEMENT,"ACCLARO WEALTH MANAGEMENT, LLC"
iapd,iapd_state_compilation,184512,CA,APPROVED,2015-05-19,"PHASE TWO CAPITAL, LLC","PHASE TWO CAPITAL, LLC"
iapd,iapd_state_compilation,188513,CA,APPROVED,2021-06-02,SAMPATTI FINANCIAL LLC,SAMPATTI FINANCIAL LLC
iapd,iapd_state_compilation,192517,CA,APPROVED,2019-04-23,"YU FINANCIAL ADVICE, LLC","YU FINANCIAL ADVICE, LLC"
iapd,iapd_state_compilation,194517,CA,APPROVED,2024-11-18,MARKET GAUGE ASSET MANAGEMENT,"MARKET GAUGE ASSET MANAGEMENT, LLC"
iapd,iapd_state_compilation,215513,CA,APPROVED,2015-06-05,ASCENDANT CAPITAL MANAGEMENT,ASCENDANT CAPITAL MANAGEMENT
iapd,iapd_state_compilation,217513,CA,APPROVED,2021-02-09,"KINGSLEY ADVISORS, LLC","KINGSLEY ADVISORS, LLC"
iapd,iapd_state_compilation,218518,CA,APPROVED,2020-01-07,MONEY POSITIVE,MONEY POSITIVE COOPERATIVE
iapd,iapd_state_compilation,219513,CA,APPROVED,2015-09-16,DAVENPORT WEALTH ADVISORS,"DAVENPORT, GLEN JARED"
iapd,iapd_state_compilation,219515,CA,APPROVED,2015-06-02,"GLACIER POINT ADVISORS, LLC","GLACIER POINT ADVISORS, LLC"
iapd,iapd_state_compilation,221521,CA,APPROVED,2019-03-05,CUMULUS ADVISORS LLC,CUMULUS ADVISORS LLC
iapd,iapd_state_compilation,221526,CA,APPROVED,2015-05-21,BEST FINANCIAL LIFE,"JWM WEALTH MANAGEMENT, LLC"
iapd,iapd_state_compilation,226560,CA,APPROVED,2015-08-05,REDWOOD COAST FINANCIAL PARTNERS,REDWOOD COAST FINANCIAL PARTNERS
iapd,iapd_state_compilation,226609,CA,APPROVED,2024-02-20,JENSEN CAPITAL ASSET MANAGEMENT,"JENSEN CAPITAL ASSET MANAGEMENT, LLC"
iapd,iapd_state_compilation,226649,CA,APPROVED,2015-06-24,PACIFIC OAK FINANCIAL PLANNING LLC,PACIFIC OAK FINANCIAL PLANNING LLC
iapd,iapd_state_compilation,226668,CA,APPROVED,2015-07-21,OAK PEAK FINANCIAL,"MARTIN, KEVIN BAYARD"
iapd,iapd_state_compilation,230786,CA,APPROVED,2015-07-31,CAMBYSES FINANCIAL ADVISORS,CAMBYSES FINANCIAL ADVISORS
iapd,iapd_state_compilation,235790,CA,APPROVED,2015-08-18,"PECKHAM, DAVID A","PECKHAM, DAVID ARTHUR"
iapd,iapd_state_compilation,238789,CA,APPROVED,2015-07-17,"LAKESIDE NORTH CAPITAL ADVISORS, LLC","LAKESIDE NORTH CAPITAL ADVISORS, LLC"
iapd,iapd_state_compilation,241793,CA,APPROVED,2017-04-06,BFA WEALTH MANAGEMENT,"BFA WEALTH MANAGEMENT, LLC"
iapd,iapd_state_compilation,254786,CA,APPROVED,2015-11-09,TREVERI CAPITAL,TREVERI CAPITAL LLC
iapd,iapd_state_compilation,257787,CA,APPROVED,2026-07-28,"DIPSEA CAPITAL, LLC","DIPSEA CAPITAL, LLC"
iapd,iapd_state_compilation,268800,CA,APPROVED,2015-07-28,JOHN MCANDREW FINANCIAL ADVISORS LLC,JOHN MCANDREW FINANCIAL ADVISORS LLC
iapd,iapd_state_compilation,268808,CA,APPROVED,2015-10-30,FORTIS WEALTH MANAGEMENT,FORTIS WEALTH MANAGEMENT LLC
iapd,iapd_state_compilation,268825,CA,APPROVED,2016-01-01,DELPHI WEALTH PARTNERS,WEST SLOPE ADVISORY SERVICES LLC
iapd,iapd_state_compilation,269824,CA,APPROVED,2015-07-22,REMEDIOS FINANCIAL PLANNING,"REMEDIOS, CHRISTINE GARCEAU"
iapd,iapd_state_compilation,269826,CA,APPROVED,2016-02-22,KEEP IT SIMPLE FINANCIAL PLANNING,"KIS FINANCIAL PLANNING, LLC"
iapd,iapd_state_compilation,269867,CA,APPROVED,2016-02-25,"ENDURANCE INVESTMENT STRATEGIES, INC.","ENDURANCE INVESTMENT STRATEGIES, INC."
iapd,iapd_state_compilation,269869,CA,APPROVED,2015-08-28,"LAGUNA CAPITAL MANAGEMENT, INC.","LAGUNA CAPITAL MANAGEMENT, INC."
iapd,iapd_state_compilation,269911,CA,APPROVED,2015-11-10,"ERNST & CO. WEALTH MANAGEMENT, LLC","ERNST & CO. WEALTH MANAGEMENT, LLC"
iapd,iapd_state_compilation,269929,CA,APPROVED,2016-01-01,SERENE GROWTH PARTNERS LLC,SERENE GROWTH PARTNERS LLC
iapd,iapd_state_compilation,269960,CA,APPROVED,2018-10-24,GROW FUNDS LLC,GROW FUNDS LLC
iapd,iapd_state_compilation,269970,CA,APPROVED,2016-03-09,OM PACIFIC CAPITAL LLC,OM PACIFIC CAPITAL LLC
iapd,iapd_state_compilation,269975,CA,APPROVED,2015-07-24,"EUREKA FINANCIAL PLANNERS, LLC","EUREKA FINANCIAL PLANNERS, LLC"
iapd,iapd_state_compilation,270010,CA,APPROVED,2015-09-03,MADDEN CREEK ADVISORS,"MADDEN CREEK ADVISORS, LLC"
iapd,iapd_state_compilation,270019,CA,APPROVED,2015-09-29,ABK MANAGEMENT LLC,ABK MANAGEMENT LLC
iapd,iapd_state_compilation,274031,CA,APPROVED,2020-11-16,STEWARDSHIP WEALTH MANAGEMENT LLC,STEWARDSHIP WEALTH MANAGEMENT LLC
iapd,iapd_state_compilation,275028,CA,APPROVED,2015-08-26,SML ADVISORY,SML ADVISORY LLC
iapd,iapd_state_compilation,277043,CA,APPROVED,2015-08-14,"AKTIVE CAPITAL MANAGEMENT, LLC","AKTIVE CAPITAL MANAGEMENT, LLC"
iapd,iapd_state_compilation,277059,CA,APPROVED,2015-10-07,"FRONTLINE CAPITAL, LLC.","FRONTLINE CAPITAL, LLC."
iapd,iapd_state_compilation,277124,CA,APPROVED,2015-08-17,QMULATE,"QMULATE CAPITAL, LLC"
iapd,iapd_state_compilation,277127,CA,APPROVED,2018-01-23,CROSSROADS PLANNING,"CROSSROADS PLANNING, LLC"
iapd,iapd_state_compilation,277163,CA,APPROVED,2015-11-23,MEARS MONEY MANAGEMENT,MEARS MONEY MANAGEMENT
iapd,iapd_state_compilation,277173,CA,APPROVED,2016-06-29,R. L. RIGARD & ASSOCIATES LTD.,R. L. RIGARD & ASSOCIATES LTD.
iapd,iapd_state_compilation,280027,CA,APPROVED,2015-11-10,"COHEN, STEVEN J CFA",SJC CAPITAL LLC
iapd,iapd_state_compilation,281027,CA,APPROVED,2026-07-13,LEGACY CORNERSTONE WEALTH LLC,LEGACY CORNERSTONE WEALTH LLC
iapd,iapd_state_compilation,281058,CA,APPROVED,2015-10-08,"CALABAZAS CREEK ADVISORS, LLC","CALABAZAS CREEK ADVISORS, LLC"
iapd,iapd_state_compilation,281078,CA,APPROVED,2020-04-09,BONA FIDE FINANCE,"BONA FIDE FINANCE, LLC"
iapd,iapd_state_compilation,281087,CA,APPROVED,2020-05-29,TWENTY FIFTY CAPITAL,"TWENTY FIFTY CAPITAL, LLC"
iapd,iapd_state_compilation,281202,CA,APPROVED,2015-10-26,FIELD FREEDOM ADVISORS,FIELD FREEDOM ADVISORS INC.
iapd,iapd_state_compilation,281206,CA,APPROVED,2015-11-06,ATTAINABLE WEALTH,TC & K PARTNERS LLC
iapd,iapd_state_compilation,281216,CA,APPROVED,2015-10-30,INDEPENDENT WEALTH SOLUTIONS,"WITTENBERG FINANCIAL, LP"
iapd,iapd_state_compilation,281218,CA,APPROVED,2015-10-21,APTOS CAPITAL LLC,APTOS CAPITAL LLC
iapd,iapd_state_compilation,281237,CA,APPROVED,2015-10-16,ALE LLC,ALE LLC
iapd,iapd_state_compilation,281300,CA,APPROVED,2016-04-07,RC WEALTH MANAGEMENT,RC WEALTH MANAGEMENT LLC
iapd,iapd_state_compilation,281316,CA,APPROVED,2016-12-12,GLOBAL INVESTMENT COMPANY,"JACKSON-GENT, CATHY, IRENE"
iapd,iapd_state_compilation,281340,CA,APPROVED,2015-11-06,GUANILL WEALTH MANAGEMENT,"GUANILL WEALTH MANAGEMENT, INC."
iapd,iapd_state_compilation,281343,CA,APPROVED,2015-10-07,CARR WEALTH MANAGEMENT LLC,CARR WEALTH MANAGEMENT LLC
iapd,iapd_state_compilation,281386,CA,APPROVED,2018-09-04,STEWARDSHIP FINANCIAL,"THE ILLUMINATE GROUP, LLC"
iapd,iapd_state_compilation,281529,CA,APPROVED,2022-10-26,INDIE FINANCIAL PLANNING,"INDIE FINANCIAL PLANNING, LLC"
iapd,iapd_state_compilation,281543,CA,APPROVED,2015-11-17,"1ST FINANCIAL PLANNING GROUP, INC.","1ST FINANCIAL PLANNING GROUP, INC."
iapd,iapd_state_compilation,281588,CA,APPROVED,2016-01-01,"ARTIFEX ADVISORY GROUP, INC.","ARTIFEX ADVISORY GROUP, INC."
iapd,iapd_state_compilation,281606,CA,APPROVED,2015-12-18,"SOLOMON INVESTMENT CONSULTING, INC.","SOLOMON INVESTMENT CONSULTING, INC."
iapd,iapd_state_compilation,281663,CA,APPROVED,2016-01-12,SMITH ADVISORY,"SMITH ADVISORY, LLC"
iapd,iapd_state_compilation,281707,CA,APPROVED,2017-03-03,NBC PARDNERS,"BENDINELLI, STEVEN PAUL"
iapd,iapd_state_compilation,281786,CA,APPROVED,2016-01-01,"ALPHA RETIREMENT WEALTH, LLC","ALPHA RETIREMENT WEALTH, LLC"
iapd,iapd_state_compilation,281795,CA,APPROVED,2017-09-07,NORTH FINANCIAL ADVISORS,"NORTH FINANCIAL ADVISORS, LLC"
iapd,iapd_state_compilation,281798,CA,APPROVED,2015-11-24,"KING WEALTH ADVISORS, LLC","KING WEALTH ADVISORS, LLC"
iapd,iapd_state_compilation,281801,CA,APPROVED,2016-01-19,"PETERSON GARRETT, LLC","PETERSON GARRETT, LLC"
iapd,iapd_state_compilation,281834,CA,APPROVED,2015-12-17,"INTEGRITY ASSET MANAGEMENT, LLC","INTEGRITY ASSET MANAGEMENT, LLC"
iapd,iapd_state_compilation,281865,CA,APPROVED,2015-12-08,CORNERSTONE ASSET ADVISORS INC.,CORNERSTONE ASSET ADVISORS INC.
iapd,iapd_state_compilation,281930,CA,APPROVED,2016-01-13,ANDREW MARSHALL FINANCIAL LLC,ANDREW MARSHALL FINANCIAL LLC
iapd,iapd_state_compilation,281934,CA,APPROVED,2016-10-14,"FLOW FINANCIAL PLANNING, L.L.C.","FLOW FINANCIAL PLANNING, L.L.C."
iapd,iapd_state_compilation,281987,CA,APPROVED,2016-02-26,PAIR LENDING LLC,PAIR LENDING LLC
iapd,iapd_state_compilation,282019,CA,APPROVED,2016-02-29,FAMCO,FUNSTEN ASSET MANAGEMENT COMPANY
iapd,iapd_state_compilation,282050,CA,APPROVED,2016-02-25,THE STEWARDSHIP SOLUTION,"THE STEWARDSHIP SOLUTION, LLC"
iapd,iapd_state_compilation,282062,CA,APPROVED,2016-02-10,"DEAN PETERSON CAPITAL MANAGEMENT, LLC","DEAN PETERSON CAPITAL MANAGEMENT, LLC"
iapd,iapd_state_compilation,282066,CA,APPROVED,2016-01-01,NET INCOME LLC,NET INCOME LLC
iapd,iapd_state_compilation,282087,CA,APPROVED,2024-05-09,ADVISE FINANCIAL,ADVISE FINANCIAL LLC
iapd,iapd_state_compilation,282090,CA,APPROVED,2018-12-04,CRAFTED WEALTH MANAGEMENT,"CRAFTED WEALTH MANAGEMENT, LLC"
iapd,iapd_state_compilation,282136,CA,APPROVED,2016-04-06,"BARNES & COMPANY INVESTMENT COUNSEL, LLC","BARNES & COMPANY INVESTMENT COUNSEL, LLC"
iapd,iapd_state_compilation,282151,CA,APPROVED,2016-04-14,"MANDALA WEALTH MANAGEMENT, LLC","MANDALA WEALTH MANAGEMENT, LLC"
iapd,iapd_state_compilation,282172,CA,APPROVED,2016-05-11,KELLY FINANCIAL GROUP LLC,KELLY FINANCIAL GROUP LLC
iapd,iapd_state_compilation,282209,CA,APPROVED,2018-06-26,"REBELLION ASSET MANAGEMENT, LLC","REBELLION ASSET MANAGEMENT, LLC"
iapd,iapd_state_compilation,282367,CA,APPROVED,2016-02-09,INFLUX CAPITAL MANAGEMENT,"COSTA, JOHN STEVEN"
iapd,iapd_state_compilation,282404,CA,APPROVED,2017-01-12,MORNINGVIEW CAPITAL,"MORNINGVIEW CAPITAL, INC."
iapd,iapd_state_compilation,282424,CA,APPROVED,2016-01-14,LANYON ADVISORY SERVICES,"VIEWPOINT FINANCIAL PARTNERS, LLC"
iapd,iapd_state_compilation,282458,CA,APPROVED,2016-03-21,DE NOVO CAPITAL LLC,DE NOVO CAPITAL LLC
iapd,iapd_state_compilation,282462,CA,APPROVED,2016-03-07,MCDONNELL FINANCIAL SERVICES,MCDONNELL FINANCIAL SERVICES
iapd,iapd_state_compilation,282471,CA,APPROVED,2016-02-12,CME STRATEGIC WEALTH MANAGEMENT,"EMEZIEM, CLETUS, ENYINIA"
iapd,iapd_state_compilation,282474,CA,APPROVED,2016-07-08,"TAX PLANNING PROFESSIONALS, INC","TAX PLANNING PROFESSIONALS, INC."
iapd,iapd_state_compilation,282490,CA,APPROVED,2016-04-15,"REBAR & ASSOCIATES STRATEGIC SERVICES, LLC","REBAR & ASSOCIATES STRATEGIC SERVICES, LLC"
iapd,iapd_state_compilation,282498,CA,APPROVED,2016-05-20,"CRIMSON INVESTMENT MANAGERS, LLC","CRIMSON INVESTMENT MANAGERS, LLC"
iapd,iapd_state_compilation,282530,CA,APPROVED,2016-03-02,"RELION ASSETS MANAGEMENT, LLC","RELION ASSETS MANAGEMENT, LLC"
iapd,iapd_state_compilation,282554,CA,APPROVED,2021-03-02,"TRE API WEALTH MANAGEMENT, LLC","TRE API WEALTH MANAGEMENT, LLC"
iapd,iapd_state_compilation,282555,CA,APPROVED,2020-07-28,ASKELADDEN CAPITAL,ASKELADDEN CAPITAL MANAGEMENT LLC
iapd,iapd_state_compilation,282591,CA,APPROVED,2016-02-19,"SEAL ROCK WEALTH MANAGEMENT, LLC","SEAL ROCK WEALTH MANAGEMENT, LLC"
iapd,iapd_state_compilation,282634,CA,APPROVED,2016-03-02,SUSTAINED WEALTH MANAGEMENT,"BROWN, TERRI ROBIN"
iapd,iapd_state_compilation,282687,CA,APPROVED,2018-05-11,"MONOCOT WEALTH MANAGEMENT, LLC","MONOCOT WEALTH MANAGEMENT, LLC"
iapd,iapd_state_compilation,282691,CA,APPROVED,2020-06-05,EMPIRIKAL PARTNERS LLC,EMPIRIKAL PARTNERS LLC
iapd,iapd_state_compilation,282696,CA,APPROVED,2019-01-29,"WELLINGTON CAPITAL ADVISORS, LLC","WELLINGTON CAPITAL ADVISORS, LLC"
iapd,iapd_state_compilation,282725,CA,APPROVED,2016-07-07,GAN PRIVATE WEALTH MANAGEMENT LLC,GAN PRIVATE WEALTH MANAGEMENT LLC
iapd,iapd_state_compilation,282765,CA,APPROVED,2024-04-30,NAUTICA ASSET MANAGEMENT LLC,NAUTICA ASSET MANAGEMENT LLC
iapd,iapd_state_compilation,282818,CA,APPROVED,2016-03-30,"CAPITAL WEALTH STRATEGIES, LLC","CAPITAL WEALTH STRATEGIES, LLC"
iapd,iapd_state_compilation,282853,CA,APPROVED,2016-03-10,CAIRN INVESTOR SERVICES,"VASSAS JR., JAMES W"
iapd,iapd_state_compilation,282886,CA,APPROVED,2020-08-13,LINDEN ROSE INVESTMENT LLC,LINDEN ROSE INVESTMENT LLC
iapd,iapd_state_compilation,282887,CA,APPROVED,2016-03-16,"OLIVER REGAN ADVISORS, LLC","OLIVER REGAN ADVISORS, LLC"
iapd,iapd_state_compilation,282898,CA,APPROVED,2016-03-17,"TRESSES CAPITAL MANAGEMENT, LLC","TRESSES CAPITAL MANAGEMENT,LLC"
iapd,iapd_state_compilation,282976,CA,APPROVED,2016-03-22,MITCHELL FINANCIAL PLANNING,"BLAKE, MITCHELL ERIC"
iapd,iapd_state_compilation,283020,CA,APPROVED,2016-04-14,"SMART PATH WEALTH MANAGEMENT, LLC","SMART PATH WEALTH MANAGEMENT, LLC"
iapd,iapd_state_compilation,283061,CA,APPROVED,2016-04-20,GUTTMAN FINANCIAL PLANNING,"GUTTMAN FINANCIAL PLANNING, INC."
iapd,iapd_state_compilation,283067,CA,APPROVED,2016-07-29,"MIGH FINANCIAL PLANNER, LLC","MIGH FINANCIAL PLANNER, LLC"
iapd,iapd_state_compilation,283082,CA,APPROVED,2017-03-17,CSLA FINANCIAL INC,CSLA FINANCIAL INC
iapd,iapd_state_compilation,283091,CA,APPROVED,2016-04-04,"PACIFIC UNITED PLANNING, INC.","PACIFIC UNITED PLANNING, INC."
iapd,iapd_state_compilation,283096,CA,APPROVED,2022-04-15,EAGLE GROVE ADVISORS LLC,EAGLE GROVE ADVISORS LLC
iapd,iapd_state_compilation,283119,CA,APPROVED,2016-05-27,"SCHAUER INVESTMENT MANAGEMENT, INC.","SCHAUER INVESTMENT MANAGEMENT, INC."
iapd,iapd_state_compilation,283137,CA,APPROVED,2016-04-12,PROPRIETOR WEALTH MANAGEMENT INC.,PROPRIETOR WEALTH MANAGEMENT INC.
iapd,iapd_state_compilation,283181,CA,APPROVED,2016-05-20,PLECTRUM ADVISERS LLC,PLECTRUM ADVISERS LLC
iapd,iapd_state_compilation,283201,CA,APPROVED,2025-04-02,HAYDEN CAPITAL,HAYDEN CAPITAL LLC
iapd,iapd_state_compilation,283207,CA,APPROVED,2016-09-21,TIAN CAPITAL LLC,TIAN CAPITAL LLC
iapd,iapd_state_compilation,283273,CA,APPROVED,2016-09-14,"O'NEILL FINANCIAL MANAGEMENT, INC.","O'NEILL FINANCIAL MANAGEMENT, INC."
iapd,iapd_state_compilation,283309,CA,APPROVED,2016-05-06,BABYLON WEALTH MANAGEMENT LLC,BABYLON WEALTH MANAGEMENT LLC
iapd,iapd_state_compilation,283352,CA,APPROVED,2017-10-17,FRUITAGE FINANCIAL LLC,FRUITAGE FINANCIAL LLC
iapd,iapd_state_compilation,283357,CA,APPROVED,2016-05-24,RATIO CAPITAL,RATIO FINANCIAL HOLDINGS
iapd,iapd_state_compilation,283370,CA,APPROVED,2016-06-20,VELEV ADVISORS,"VELEV, JIVKO STOYANOV"
iapd,iapd_state_compilation,283413,CA,APPROVED,2017-01-18,"BASSIN, BRUCE","BASSIN, BRUCE"
iapd,iapd_state_compilation,283420,CA,APPROVED,2016-04-27,"CORONADO INVESTMENT ADVISORS, LLC","CORONADO INVESTMENT ADVISORS, LLC"
iapd,iapd_state_compilation,283444,CA,APPROVED,2016-06-28,"OAK STREET ADVISORY GROUP, LLC","OAK STREET ADVISORY GROUP, LLC"
iapd,iapd_state_compilation,283467,CA,APPROVED,2016-05-23,"CONFLUENCE CAPITAL ADVISORS, LLC","CONFLUENCE CAPITAL ADVISORS, LLC"
iapd,iapd_state_compilation,283522,CA,APPROVED,2016-05-25,"SKYLARK WEALTH, LLC","SKYLARK WEALTH, LLC"
iapd,iapd_state_compilation,283542,CA,APPROVED,2017-04-05,MOORE MONEY ADVISORY,MOORE MONEY ADVISORY LLC
iapd,iapd_state_compilation,283581,CA,APPROVED,2016-08-17,"361 FINANCIAL PLANNING, INC.","361 FINANCIAL PLANNING, INC."
iapd,iapd_state_compilation,283587,CA,APPROVED,2016-05-25,CRATTY & SWANSON ADVISORS L.L.C.,CRATTY & SWANSON ADVISORS L.L.C.
iapd,iapd_state_compilation,283634,CA,APPROVED,2023-03-27,"INDY WEALTH SOLUTIONS, LLC","INDY WEALTH SOLUTIONS, LLC"
iapd,iapd_state_compilation,283645,CA,APPROVED,2017-03-15,DIEGELMAN CAPITAL ADVISORS,DIEGELMAN CAPITAL ADVISORS
iapd,iapd_state_compilation,283663,CA,APPROVED,2016-06-30,"BRIDGE CAPITAL CONSULTING, LLC","BRIDGE CAPITAL CONSULTING, LLC"
iapd,iapd_state_compilation,283691,CA,APPROVED,2016-07-07,ALESIA INVESTMENT MANAGEMENT LLC,ALESIA INVESTMENT MANAGEMENT LLC
iapd,iapd_state_compilation,283734,CA,APPROVED,2016-06-09,OWL AND ORE WEALTH PLANNING,OWL AND ORE LLC
iapd,iapd_state_compilation,283756,CA,APPROVED,2017-11-16,"RIDGE CAPITAL ADVISORS, LLC","RIDGE CAPITAL ADVISORS, LLC"
iapd,iapd_state_compilation,283789,CA,APPROVED,2017-01-13,"GOLD STAR ASSET MANAGEMENT, LLC","GOLD STAR ASSET MANAGEMENT, LLC"
iapd,iapd_state_compilation,283814,CA,APPROVED,2017-01-01,"RHUBARB INVESTMENTS, LLC","RHUBARB INVESTMENTS, LLC"
iapd,iapd_state_compilation,283837,CA,APPROVED,2016-07-29,"LAGUNA NIGUEL SUMMIT WEALTH MANAGEMENT, LLC","LAGUNA NIGUEL SUMMIT WEALTH MANAGEMENT, LLC"
iapd,iapd_state_compilation,283898,CA,APPROVED,2016-06-29,"EXECUTIVE SERVICES, LLC","EXECUTIVE SERVICES, LLC"
iapd,iapd_state_compilation,283906,CA,APPROVED,2016-07-08,TEIXEIRA WEALTH MANAGEMENT LLC,TEIXEIRA WEALTH MANAGEMENT LLC
iapd,iapd_state_compilation,283911,CA,APPROVED,2016-06-15,FUTURE WEALTH LLC,FUTURE WEALTH LLC
iapd,iapd_state_compilation,283960,CA,APPROVED,2016-07-26,MILES BROWN ASSET MANAGEMENT,"MILES BROWN ASSET MANAGEMENT, LLC"
iapd,iapd_state_compilation,284104,CA,APPROVED,2022-01-19,BROOKLYN PLANS LLC,BROOKLYN PLANS LLC
iapd,iapd_state_compilation,284136,CA,APPROVED,2025-11-05,WEALTH MODE,"WEALTH MODE FINANCIAL PLANNING, LLC"
iapd,iapd_state_compilation,284143,CA,APPROVED,2016-09-22,PRIMA WEALTH,PRIMA WEALTH
iapd,iapd_state_compilation,284201,CA,APPROVED,2017-01-01,HERITAGE INC,HERITAGE INC
iapd,iapd_state_compilation,284215,CA,APPROVED,2016-07-08,"CHUGG WEALTH STRATEGIES, LLC","CHUGG WEALTH STRATEGIES, LLC"
iapd,iapd_state_compilation,284257,CA,APPROVED,2024-02-20,"OSAGE PACIFIC ADVISORS, INC.","OSAGE PACIFIC ADVISORS, INC."
iapd,iapd_state_compilation,284268,CA,APPROVED,2025-05-19,FOXSTONE FINANCIAL,"RAVSTEN WEALTH MANAGEMENT, LLC"
iapd,iapd_state_compilation,284277,CA,APPROVED,2016-07-25,SARANAP WEALTH ADVISORS,"SARANAP WEALTH ADVISORS, LLC"
iapd,iapd_state_compilation,284357,CA,APPROVED,2022-07-22,CREATIVE MONEY LLC,CREATIVE MONEY LLC
iapd,iapd_state_compilation,284360,CA,APPROVED,2019-03-06,BAYWORTH CAPITAL,"XCEED CAPITAL MANAGEMENT, LLC"
iapd,iapd_state_compilation,284398,CA,APPROVED,2016-08-26,KNIGHT OF CALIFORNIA LLC,KNIGHT OF CALIFORNIA LLC
iapd,iapd_state_compilation,284432,CA,APPROVED,2016-08-15,LEGACY & WEALTH FINANCIAL ADVISORS,LEGACY & WEALTH FINANCIAL ADVISORS LLC
iapd,iapd_state_compilation,284458,CA,APPROVED,2016-07-28,CHURCH ORGANIZERS FOUNDATION,CHURCH ORGANIZERS FOUNDATION
iapd,iapd_state_compilation,284489,CA,APPROVED,2016-08-12,"GEORGE HILL ASSET MANAGEMENT, LLC","GEORGE HILL ASSET MANAGEMENT, LLC"
iapd,iapd_state_compilation,284512,CA,APPROVED,2016-07-29,"BARLOW, PAUL DAVID","BARLOW, PAUL DAVID"
iapd,iapd_state_compilation,284540,CA,APPROVED,2016-08-22,ROWLAND FINANCIAL SERVICES,"ROWLAND, DANIEL LEE"
iapd,iapd_state_compilation,284575,CA,APPROVED,2016-11-18,BURKART & STEVENS WEALTH MANAGEMENT,"STEVENS, COLE ANDREW"
iapd,iapd_state_compilation,284650,CA,APPROVED,2023-08-15,"WEALTHCARE FINANCIAL GROUP, INC.","WEALTHCARE FINANCIAL GROUP, INC."
iapd,iapd_state_compilation,284652,CA,APPROVED,2023-05-15,FINANCIAL STAPLES,"FINANCIAL STAPLES, LLC"
iapd,iapd_state_compilation,284683,CA,APPROVED,2018-02-08,"PAIR CAPITAL WEALTH MANAGEMENT, LLC","PAIR CAPITAL WEALTH MANAGEMENT, LLC"
iapd,iapd_state_compilation,284692,CA,APPROVED,2016-09-26,MARANANTHA FINANCIAL,"ANDERSON, MICHAEL"
iapd,iapd_state_compilation,284702,CA,APPROVED,2016-10-03,JC FINANCIAL SERVICES,JC FINANCIAL SERVICES
iapd,iapd_state_compilation,284719,CA,APPROVED,2023-05-31,WATCH GUARD CAPITAL LLC,WATCH GUARD CAPITAL LLC
iapd,iapd_state_compilation,284721,CA,APPROVED,2023-03-14,"KYUR, INC.","KYUR, INC."
iapd,iapd_state_compilation,284725,CA,APPROVED,2016-09-09,"MERUS ADVISORS, LLC","MERUS ADVISORS, LLC"
iapd,iapd_state_compilation,284735,CA,APPROVED,2016-08-18,HONEST WEALTH LLC,HONEST WEALTH LLC
iapd,iapd_state_compilation,284746,CA,APPROVED,2023-08-11,"MILLENNIAL WEALTH MANAGEMENT, LLC","MILLENNIAL WEALTH MANAGEMENT, LLC"
iapd,iapd_state_compilation,284754,CA,APPROVED,2016-09-06,THINKPLANSAVE,"THINKPLANSAVE, LLC"
iapd,iapd_state_compilation,284756,CA,APPROVED,2017-01-01,"REGAN FINANCIAL GROUP, LLC","REGAN FINANCIAL GROUP, LLC"
iapd,iapd_state_compilation,284763,CA,APPROVED,2016-08-23,"ACHIEVABLE WEALTH, LLC","ACHIEVABLE WEALTH, LLC"
iapd,iapd_state_compilation,284777,CA,APPROVED,2019-01-23,CARITAS INVESTMENT ADVISORS LLC,CARITAS INVESTMENT ADVISORS LLC
iapd,iapd_state_compilation,284815,CA,APPROVED,2024-01-25,IHP WEALTH MANAGEMENT,INDIAN HEAD PARTNERS LLC
iapd,iapd_state_compilation,284892,CA,APPROVED,2016-09-28,"BATES WEALTH MANAGEMENT, LLC","BATES WEALTH MANAGEMENT, LLC"
iapd,iapd_state_compilation,284931,CA,APPROVED,2016-11-04,"CRUX AND COMPANY, LLC","CRUX AND COMPANY, LLC"
iapd,iapd_state_compilation,284941,CA,APPROVED,2016-09-28,GLOBAL VANTAGE WEALTH MANAGEMENT,SHU LABEAUX INC DBA GLOBAL VANTAGE WEALTH MANAGEMENT
iapd,iapd_state_compilation,284949,CA,APPROVED,2017-01-01,"SISTO INVESTMENT ADVISORY, LLC","SISTO INVESTMENT ADVISORY, LLC"
iapd,iapd_state_compilation,284965,CA,APPROVED,2016-10-17,"STINSON CAPITAL MANAGEMENT, LLC","STINSON CAPITAL MANAGEMENT, LLC"
iapd,iapd_state_compilation,284975,CA,APPROVED,2016-11-18,"D'ARCY WEALTH MANAGEMENT, INC. - A CALIFORNIA  CORPORATION","D'ARCY WEALTH MANAGEMENT, INC."
iapd,iapd_state_compilation,285018,CA,APPROVED,2022-04-13,LIBERTON FINANCIAL LLC,LIBERTON FINANCIAL LLC
iapd,iapd_state_compilation,285027,CA,APPROVED,2016-10-26,CONSONANCE WEALTH MANAGEMENT,"CONSONANCE WEALTH MANAGEMENT, LLC"
iapd,iapd_state_compilation,285049,CA,APPROVED,2016-10-27,ENRIQUE VILLALOBOS & ASSOCIATES,"VILLALOBOS, ENRIQUE"
iapd,iapd_state_compilation,285088,CA,APPROVED,2016-10-25,"HILBAR CAPITAL, LLC","HILBAR CAPITAL, LLC"
iapd,iapd_state_compilation,285147,CA,APPROVED,2024-08-13,ADAIR WEALTH MANAGEMENT,ADAIR WEALTH MANAGEMENT LLC
iapd,iapd_state_compilation,285162,CA,APPROVED,2016-12-14,"ZUMA CAPITAL MANAGEMENT, LLC","ZUMA CAPITAL MANAGEMENT, LLC"
iapd,iapd_state_compilation,285163,CA,APPROVED,2017-01-01,SAFE MONEY INC.,"ANOMALOUS BUSINESS SYSTEMS, INC"
iapd,iapd_state_compilation,285168,CA,APPROVED,2020-07-14,PACESETTER PLANNING LLC,PACESETTER PLANNING LLC
iapd,iapd_state_compilation,285173,CA,APPROVED,2016-11-02,"OTIUM ADVISORY GROUP, LLC","OTIUM ADVISORY GROUP, LLC"
iapd,iapd_state_compilation,285221,CA,APPROVED,2016-10-13,BROWNSBORO FINANCIAL,"BROWNSBORO FINANCIAL, LLC"
iapd,iapd_state_compilation,285260,CA,APPROVED,2017-01-01,"INVISION CAPITAL ADVISOR, LLC","INVISION CAPITAL ADVISOR, LLC"
iapd,iapd_state_compilation,285269,CA,APPROVED,2019-10-09,"MODERN ASSETS, LLC","MODERN ASSETS, LLC"
iapd,iapd_state_compilation,285273,CA,APPROVED,2016-12-27,"WEALTHBOOST ADVISORS, LLC","WEALTHBOOST ADVISORS, LLC"
iapd,iapd_state_compilation,285284,CA,APPROVED,2016-11-02,HUAYU TSU INVESTMENT MANAGEMENT,"TSU, HUAYU"
iapd,iapd_state_compilation,285331,CA,APPROVED,2017-04-27,AETERNUM ADVISORS,"AETERNUM INVESTMENT ADVISORS, LLC"
iapd,iapd_state_compilation,285358,CA,APPROVED,2017-01-01,PALOMAR ADVISORS INC.,PALOMAR ADVISORS INC.
iapd,iapd_state_compilation,285365,CA,APPROVED,2016-10-13,MINORKEY MANAGEMENT,MINORKEY MANAGEMENT LLC
iapd,iapd_state_compilation,285369,CA,APPROVED,2016-11-16,"DIGITAL WEALTH, LLC","DIGITAL WEALTH, LLC"
iapd,iapd_state_compilation,285405,CA,APPROVED,2017-02-07,"AMY T. SHARP, CFP, LLC","AMY T. SHARP, CFP, LLC"
iapd,iapd_state_compilation,285447,CA,APPROVED,2017-05-03,EAST WEST ADVISERS,"EAST WEST ADVISERS, LLC"
iapd,iapd_state_compilation,285497,CA,APPROVED,2017-01-13,"DIRIGO INVESTMENT ADVISORS, LLC","DIRIGO INVESTMENT ADVISORS, LLC"
iapd,iapd_state_compilation,285517,CA,APPROVED,2017-01-01,TREASURE CHEST FINANCIAL,"FIRME III, CONSTANTE POI"
iapd,iapd_state_compilation,285527,CA,APPROVED,2016-12-06,"AVINA FINANCIAL GROUP, INC.","AVINA FINANCIAL GROUP, INC."
iapd,iapd_state_compilation,285532,CA,APPROVED,2017-01-01,VISTA PARTNERS LLC,VISTA PARTNERS LLC
iapd,iapd_state_compilation,285593,CA,APPROVED,2016-11-04,"ASHBY WEALTH MANAGEMENT, LLC","ASHBY WEALTH MANAGEMENT, LLC"
iapd,iapd_state_compilation,285613,CA,APPROVED,2017-02-14,QST CAPITAL LLC,QST CAPITAL LLC
iapd,iapd_state_compilation,285636,CA,APPROVED,2016-11-23,HAVAPLAN FINANCIAL,HAVAPLAN LLC
iapd,iapd_state_compilation,285665,CA,APPROVED,2016-12-09,PAULA TRABER FINANCIAL SERVICES LLC,PAULA WILBUR TRABER
iapd,iapd_state_compilation,285676,CA,APPROVED,2016-11-29,"BARENTSEN ADVISORY SERVICES, LLC","BARENTSEN ADVISORY SERVICES, LLC"
iapd,iapd_state_compilation,285715,CA,APPROVED,2019-01-24,DTCARSON ASSET MANAGEMENT,DTCARSON ASSET MANAGEMENT
iapd,iapd_state_compilation,285730,CA,APPROVED,2017-05-03,TDIRECTION ASSET MANAGEMENT,TDIRECTION ASSET MANAGEMENT
iapd,iapd_state_compilation,285762,CA,APPROVED,2017-01-01,PIXEL FINANCIAL PLANNING,"PIXEL FINANCIAL PLANNING, LLC"
iapd,iapd_state_compilation,285805,CA,APPROVED,2016-12-05,"HARBORLIGHT INVESTMENTS, LLC","HARBORLIGHT INVESTMENTS, LLC"
iapd,iapd_state_compilation,285806,CA,APPROVED,2018-08-17,"EAGLE EQUITY HOLDINGS, LLC","EAGLE EQUITY HOLDINGS, LLC"
iapd,iapd_state_compilation,285828,CA,APPROVED,2017-12-12,TECHNOVISION MANAGEMENT LLC,TECHNOVISION MANAGEMENT LLC
iapd,iapd_state_compilation,285858,CA,APPROVED,2017-02-28,"NEXT ALPHA CAPITAL, LLC","NEXT ALPHA CAPITAL, LLC"
iapd,iapd_state_compilation,285860,CA,APPROVED,2017-01-06,"THE SIMPLE INVESTOR'S GUIDE, LLC","THE SIMPLE INVESTOR'S GUIDE, LLC"
iapd,iapd_state_compilation,285861,CA,APPROVED,2017-01-05,MESA WEALTH MANAGEMENT,MESA WEALTH MANAGEMENT INC.
iapd,iapd_state_compilation,285908,CA,APPROVED,2017-03-06,"TRES WEALTH MANAGEMENT GROUP, LLC","TRES WEALTH MANAGEMENT GROUP, LLC"
iapd,iapd_state_compilation,285918,CA,APPROVED,2017-05-02,"KINGSGROVE MANAGEMENT, LLC","KINGSGROVE MANAGEMENT, LLC"
iapd,iapd_state_compilation,286134,CA,APPROVED,2017-01-12,"MONEY SCRIPT WEALTH MANAGEMENT, PLLC","MONEY SCRIPT WEALTH MANAGEMENT, PLLC"
iapd,iapd_state_compilation,286157,CA,APPROVED,2020-06-18,INTENTIONAL WEALTH PARTNERS,"GREAT LAKES INVESTMENT MANAGEMENT, LLC"
iapd,iapd_state_compilation,286241,CA,APPROVED,2017-03-17,BENT CREEK CAPITAL LLC,BENT CREEK CAPITAL LLC
iapd,iapd_state_compilation,286259,CA,APPROVED,2017-04-07,"DAN EDWARDS INVESTMENT ADVISORY SERVICES, LLC","EDWARDS, DANIEL LEE"
iapd,iapd_state_compilation,286280,CA,APPROVED,2017-10-31,JT WEALTH MANAGEMENT,"THOMAS, JASON HOWARD"
iapd,iapd_state_compilation,286308,CA,APPROVED,2017-01-19,"RAPPORT FINANCIAL, LLC","RAPPORT FINANCIAL, LLC"
iapd,iapd_state_compilation,286348,CA,APPROVED,2017-02-08,"WEALTHBUILDERS, LLC","WEALTHBUILDERS, LLC"
iapd,iapd_state_compilation,286354,CA,APPROVED,2021-01-15,ACE WEALTH MANAGEMENT LLC,ACE WEALTH MANAGEMENT LLC
iapd,iapd_state_compilation,286416,CA,APPROVED,2026-04-08,TACTICAL WEALTH PARTNERS,"TACTICAL WEALTH PARTNERS, LLC"
iapd,iapd_state_compilation,286421,CA,APPROVED,2017-02-24,ABERLE INVESTMENT MANAGEMENT LLC,ABERLE INVESTMENT MANAGEMENT LLC
iapd,iapd_state_compilation,286497,CA,APPROVED,2018-09-10,INSIGHT INVESTMENT ADVISERS LLC,INSIGHT INVESTMENT ADVISERS LLC
iapd,iapd_state_compilation,286527,CA,APPROVED,2017-03-17,PARALLEL WEALTH MANAGEMENT,"PARALLEL WEALTH, LLC"
iapd,iapd_state_compilation,286562,CA,APPROVED,2025-11-20,"MARTORELL CAPITAL PARTNERS, LLC","MARTORELL CAPITAL PARTNERS, LLC"
iapd,iapd_state_compilation,286625,CA,APPROVED,2017-03-14,VANDENBURG CAPITAL MANAGEMENT,VANDENBURG CAPITAL MANAGEMENT INC.
iapd,iapd_state_compilation,286638,CA,APPROVED,2018-01-16,"WINSLOW DRAKE, INC.","WINSLOW DRAKE, INC."
iapd,iapd_state_compilation,286651,CA,APPROVED,2017-09-11,"JG WEALTH MANAGEMENT, LLC","JG WEALTH MANAGEMENT, LLC"
iapd,iapd_state_compilation,286691,CA,APPROVED,2017-02-21,"INTELLIGENT INVESTOR FINANCIAL PLANNING, LLC","INTELLIGENT INVESTOR FINANCIAL PLANNING, LLC"
iapd,iapd_state_compilation,287459,CA,APPROVED,2018-08-31,OMEGA ADVISORY LLC,OMEGA ADVISORY LLC
iapd,iapd_state_compilation,287511,CA,APPROVED,2017-05-03,"ELEVATE WEALTH MANAGEMENT, L.L.C.","ELEVATE WEALTH MANAGEMENT, L.L.C."
iapd,iapd_state_compilation,287539,CA,APPROVED,2017-03-08,"MK INVESTMENT ADVISORS, LLC","MK INVESTMENT ADVISORS, LLC"
iapd,iapd_state_compilation,287551,CA,APPROVED,2017-04-18,"ADVISER ALLIANCE, LLC","ADVISER ALLIANCE, LLC"
iapd,iapd_state_compilation,287561,CA,APPROVED,2017-04-07,CS TOMASI WEALTH MANAGEMENT,CS TOMASI WEALTH MANAGEMENT
iapd,iapd_state_compilation,287572,CA,APPROVED,2017-03-03,SRS WEALTH MANGEMENT,SRS WEALTH MANAGEMENT LLC
iapd,iapd_state_compilation,287580,CA,APPROVED,2017-03-07,"VG FINANCIAL CONSULTING, LLC","VG FINANCIAL CONSULTING, LLC"
iapd,iapd_state_compilation,287583,CA,APPROVED,2017-06-30,"WEST-EAST WEALTH MANAGEMENT, LLC","WEST-EAST WEALTH MANAGEMENT, LLC"
iapd,iapd_state_compilation,287612,CA,APPROVED,2017-03-10,BARSON FINANCIAL PLANNING,"BARSON FINANCIAL PLANNING, LLC"
iapd,iapd_state_compilation,287615,CA,APPROVED,2017-03-14,ENDEAVOR FINANCIAL PLANNING,"FARRELL, PAIGE DETER"
iapd,iapd_state_compilation,287635,CA,APPROVED,2017-09-15,"ANCHOR WEALTH MANAGEMENT, LLC","ANCHOR WEALTH MANAGEMENT, LLC"
iapd,iapd_state_compilation,287668,CA,APPROVED,2017-05-09,"NORBERG CAPITAL MANAGEMENT, LLC","NORBERG CAPITAL MANAGEMENT, LLC"
iapd,iapd_state_compilation,287669,CA,APPROVED,2017-04-27,"EDM CAPITAL, LLC","EDM CAPITAL, LLC"
iapd,iapd_state_compilation,287715,CA,APPROVED,2017-06-13,"X AND Y ADVISORS, INC.","X AND Y ADVISORS, INC."
iapd,iapd_state_compilation,287722,CA,APPROVED,2017-09-21,"GLOBE & ANCHOR WEALTH MANAGEMENT & FINANCIAL PLANNING, LLC","GLOBE & ANCHOR WEALTH MANAGEMENT & FINANCIAL PLANNING, LLC"
iapd,iapd_state_compilation,287726,CA,APPROVED,2020-02-07,MONTEBELLO AVENUE,MONTEBELLO AVENUE LIMITED COMPANY
iapd,iapd_state_compilation,287767,CA,APPROVED,2017-04-19,BROOKSIDE WEALTH MANAGEMENT LLC,BROOKSIDE WEALTH MANAGEMENT LLC
iapd,iapd_state_compilation,287772,CA,APPROVED,2018-01-03,"K FINANCIAL SERVICES, LLC","K FINANCIAL SERVICES, LLC"
iapd,iapd_state_compilation,287773,CA,APPROVED,2017-03-22,COGENT INVESTMENT ADVISORS LLC,COGENT INVESTMENT ADVISORS LLC
iapd,iapd_state_compilation,287820,CA,APPROVED,2023-08-22,RETIREMENT SOLUTIONS LLC,RETIREMENT SOLUTIONS LLC
iapd,iapd_state_compilation,287827,CA,APPROVED,2025-03-24,"TREW ADVISORS, LLC","TREW ADVISORS, LLC"
iapd,iapd_state_compilation,287874,CA,APPROVED,2018-01-11,"DBA, LEFEVRE CAPITAL MANAGEMENT","LEFEVRE, ALLAN SCOTT"
iapd,iapd_state_compilation,287877,CA,APPROVED,2017-06-06,BORACCHIA WIVIOTT WEALTH PARTNERS LLC,"BWWP, LLC"
iapd,iapd_state_compilation,287918,CA,APPROVED,2020-10-14,POINT LOMA ADVISORS,LYON PARK ADVISORS LLC
iapd,iapd_state_compilation,287967,CA,APPROVED,2018-06-25,AMERICAN LEGACY CAPITAL LLC,AMERICAN LEGACY CAPITAL LLC
iapd,iapd_state_compilation,287979,CA,APPROVED,2017-05-24,"SATORI WEALTH MANAGEMENT, INC.","SATORI WEALTH MANAGEMENT, INC."
iapd,iapd_state_compilation,288000,CA,APPROVED,2017-04-07,SPRING FINANCIAL PLANNING,"SPRING FINANCIAL PLANNING, LLC"
iapd,iapd_state_compilation,288026,CA,APPROVED,2017-04-19,ECHO ADVISORY LLC,ECHO ADVISORY LLC
iapd,iapd_state_compilation,288085,CA,APPROVED,2017-05-03,CAMPTON PRIVATE EQUITY ADVISORS,CAMPTON ADVISORS LLC
iapd,iapd_state_compilation,288094,CA,APPROVED,2017-05-01,STONEBRIDGE ASSET MANAGEMENT LLC,STONEBRIDGE ASSET MANAGEMENT LLC
iapd,iapd_state_compilation,288105,CA,APPROVED,2017-05-19,BUFF YOUR FINANCES,"BUFF YOUR FINANCES, LLC"
iapd,iapd_state_compilation,288112,CA,APPROVED,2017-05-02,FIG TREE CAPITAL,"LORA, JOSEPH B."
iapd,iapd_state_compilation,288119,CA,APPROVED,2019-03-08,PORTOLA CREEK CAPITAL,"GROWTH CAPITAL STRATEGIES, LLC"
iapd,iapd_state_compilation,288128,CA,APPROVED,2017-05-16,"CORVEC INVESTMENT PARTNERS, LLC","CORVEC INVESTMENT PARTNERS, LLC"
iapd,iapd_state_compilation,288151,CA,APPROVED,2017-07-20,"ASPIRE WEALTH ADVISORS, LLC","ASPIRE WEALTH ADVISORS, LLC"
iapd,iapd_state_compilation,288213,CA,APPROVED,2017-06-23,"TORREY PINES FINANCIAL, INC.","TORREY PINES FINANCIAL, INC."
iapd,iapd_state_compilation,288237,CA,APPROVED,2017-08-04,SOBORA CAPITAL,SOBORA LLC
iapd,iapd_state_compilation,288240,CA,APPROVED,2023-07-06,COMPOUND WEALTH ADVISORS,"COMPOUND WEALTH ADVISORS, LLC."
iapd,iapd_state_compilation,288268,CA,APPROVED,2025-09-19,"GATENS FINANCIAL, LLC","GATENS FINANCIAL, LLC"
iapd,iapd_state_compilation,288286,CA,APPROVED,2017-06-26,"COPIA WEALTH MANAGEMENT ADVISORS, INC.","COPIA WEALTH MANAGEMENT ADVISORS, INC."
iapd,iapd_state_compilation,288302,CA,APPROVED,2017-05-03,KEYMARK FINANCIAL,KEYMARK FINANCIAL
iapd,iapd_state_compilation,288345,CA,APPROVED,2017-06-06,IMPACT FIDUCIARY LLC,IMPACT FIDUCIARY LLC
iapd,iapd_state_compilation,288419,CA,APPROVED,2017-05-24,"JANE FINANCIAL, LLC","JANE FINANCIAL, LLC"
iapd,iapd_state_compilation,288421,CA,APPROVED,2017-08-17,OPTIMO CAPITAL,"OPTIMO CAPITAL, LLC"
iapd,iapd_state_compilation,288437,CA,APPROVED,2017-07-07,TAYLOR ADVISORY GROUP,THE TAYLOR ADVISORY GROUP LLC
iapd,iapd_state_compilation,288455,CA,APPROVED,2017-08-11,AZM FINANCIAL,"ZARKOUB, AFSHIN"
iapd,iapd_state_compilation,288489,CA,APPROVED,2017-06-06,DRM WEALTH MANAGEMENT,DRM WEALTH MANAGEMENT LLC
iapd,iapd_state_compilation,288494,CA,APPROVED,2017-06-30,EUREKA WEALTH MANAGEMENT,"DAVIS, MATTHEW DEORAN"
iapd,iapd_state_compilation,288500,CA,APPROVED,2022-02-14,PRUDENT FINANCIAL PLANNING,PRUDENT FINANCIAL PLANNING LLC
iapd,iapd_state_compilation,288518,CA,APPROVED,2017-06-27,"MISSION PEAK INVESTORS, LLC","MISSION PEAK INVESTORS, LLC"
iapd,iapd_state_compilation,288529,CA,APPROVED,2024-08-09,"ALTITUDE WEALTH MANAGEMENT, LLC","ALTITUDE WEALTH MANAGEMENT, LLC"
iapd,iapd_state_compilation,288565,CA,APPROVED,2017-05-31,"ZENITH INVESTMENT MANAGEMENT, LLC","ZENITH INVESTMENT MANAGEMENT, LLC"
iapd,iapd_state_compilation,288579,CA,APPROVED,2020-05-22,"CEDAR RIVER CAPITAL, LLC","CEDAR RIVER CAPITAL, LLC"
iapd,iapd_state_compilation,288583,CA,APPROVED,2017-06-02,"SHOREPINE WEALTH MANAGEMENT, LLC","SHOREPINE WEALTH MANAGEMENT, LLC"
iapd,iapd_state_compilation,288585,CA,APPROVED,2017-06-30,INSIGHT PERSONAL FINANCE,"INSIGHT PERSONAL FINANCE, LLC"
iapd,iapd_state_compilation,288594,CA,APPROVED,2020-02-18,"PERPETUAL CAPITAL ADVISORS, LLC","PERPETUAL CAPITAL ADVISORS, LLC"
iapd,iapd_state_compilation,288595,CA,APPROVED,2025-07-23,STARDUST WEALTH STRATEGIES,EOS FINANCIAL PLANNING LLC
iapd,iapd_state_compilation,288600,CA,APPROVED,2017-09-18,HERGES CAPITAL MANAGEMENT,HERGES CAPITAL MANAGEMENT LLC
iapd,iapd_state_compilation,288602,CA,APPROVED,2017-07-14,INFLECTION ADVISORS,INFLECTION WEALTH LLC
iapd,iapd_state_compilation,288618,CA,APPROVED,2020-02-28,"LONG GAME FINANCIAL, LLC","LONG GAME FINANCIAL, LLC"
iapd,iapd_state_compilation,288682,CA,APPROVED,2017-06-26,MPE CAPITAL,"MPE CAPITAL, LLC"
iapd,iapd_state_compilation,288700,CA,APPROVED,2017-06-23,AKRISH FINANCIAL ADVISORY,"KRISHNAMURTHY, ANANDI"
iapd,iapd_state_compilation,288710,CA,APPROVED,2017-06-23,RENNIE & ASSOCIATES,RENNIE & ASSOCIATES
iapd,iapd_state_compilation,288717,CA,APPROVED,2017-06-13,BOLT WEALTH MANAGEMENT LLC,BOLT WEALTH MANAGEMENT LLC
iapd,iapd_state_compilation,288737,CA,APPROVED,2017-08-31,"AMBROSIA HERB TEA, LLC","AMBROSIA HERB TEA, LLC"
iapd,iapd_state_compilation,288829,CA,APPROVED,2017-06-23,M2 CAPITAL ADVISORS,M2 FINANCIAL LLC
iapd,iapd_state_compilation,288832,CA,APPROVED,2017-07-26,KETWICH CAPITAL LLC,KETWICH CAPITAL LLC
iapd,iapd_state_compilation,288838,CA,APPROVED,2017-08-25,CLEARBRIDGE FINANCIAL,CLEARBRIDGE FINANCIAL LLC
iapd,iapd_state_compilation,288883,CA,APPROVED,2017-07-19,SAGEPOINTE ADVISORS LLC,SAGEPOINTE ADVISORS LLC
iapd,iapd_state_compilation,288940,CA,APPROVED,2017-08-09,"INTEGRATED CAPITAL MANAGEMENT, INC","INTEGRATED CAPITAL MANAGEMENT, INC"
iapd,iapd_state_compilation,288963,CA,APPROVED,2020-07-23,"HOLTON & KOSANKE WEALTH MANAGEMENT, LLC","HOLTON & KOSANKE WEALTH MANAGEMENT, LLC"
iapd,iapd_state_compilation,288964,CA,APPROVED,2017-07-19,RETIREMENT WEALTH CENTER INC,RETIREMENT WEALTH CENTER INC
iapd,iapd_state_compilation,288965,CA,APPROVED,2026-06-02,BABYLON CAPITAL,BABYLON CAPITAL LLC
iapd,iapd_state_compilation,288980,CA,APPROVED,2017-08-02,CULTIVATE FINANCIAL GROUP LLC,CULTIVATE FINANCIAL GROUP LLC
iapd,iapd_state_compilation,289013,CA,APPROVED,2017-10-03,GUIDE MY FINANCES,RUZAM LLC
iapd,iapd_state_compilation,289019,CA,APPROVED,2017-09-15,"CORLETT FINANCIAL, INC.","CORLETT FINANCIAL, INC."
iapd,iapd_state_compilation,289066,CA,APPROVED,2017-07-18,DOWNIE FINANCIAL GROUP,DOWNIE FINANCIAL GROUP LLC
iapd,iapd_state_compilation,289085,CA,APPROVED,2018-01-09,DL WEALTH MANAGEMENT GROUP,"DANIEL P. LAFRAMBOISE, INC."
iapd,iapd_state_compilation,289096,CA,APPROVED,2021-02-23,ADAPTFIRST INVESTMENTS LLC,ADAPTFIRST INVESTMENTS LLC
iapd,iapd_state_compilation,289105,CA,APPROVED,2017-08-18,"STONE OAK CAPITAL, LLC","STONE OAK CAPITAL, LLC"
iapd,iapd_state_compilation,289149,CA,APPROVED,2017-09-07,WHITE STORK ASSET MANAGEMENT LLC,WHITE STORK ASSET MANAGEMENT LLC
iapd,iapd_state_compilation,289156,CA,APPROVED,2026-01-20,BUOYANT FINANCIAL,"BUOYANT FINANCIAL, LLC"
iapd,iapd_state_compilation,289213,CA,APPROVED,2017-10-18,"DUNHILL & COMPANY, LLC","DUNHILL & COMPANY, LLC"
iapd,iapd_state_compilation,289221,CA,APPROVED,2023-01-26,HOMEWOOD CAPITAL MANAGEMENT EAST LLC,HOMEWOOD CAPITAL MANAGEMENT EAST LLC
iapd,iapd_state_compilation,289240,CA,APPROVED,2017-08-09,SELLECK FINANCIAL GROUP,"SELLECK, JODI ANNE"
iapd,iapd_state_compilation,289280,CA,APPROVED,2017-09-28,DEIMARK CORP,DEIMARK CORP
iapd,iapd_state_compilation,289288,CA,APPROVED,2017-08-11,WILDFLOWER FINANCIAL LLC,WILDFLOWER FINANCIAL LLC
iapd,iapd_state_compilation,289303,CA,APPROVED,2023-10-11,SUSTAIN FINANCIAL INC.,SUSTAIN FINANCIAL INC.
iapd,iapd_state_compilation,289324,CA,APPROVED,2017-11-14,ARBOR WEALTH MANAGEMENT,"AGUIAR, STEPHEN, JOHN"
iapd,iapd_state_compilation,289340,CA,APPROVED,2023-09-13,APM WEALTH,"APM WEALTH, LLC"
iapd,iapd_state_compilation,289347,CA,APPROVED,2018-04-20,PROSSIMO ADVISORS LLC,PROSSIMO ADVISORS LLC
iapd,iapd_state_compilation,289348,CA,APPROVED,2017-08-23,LLG WEALTH MANAGEMENT,"LIVE, LEARN, GROW WEALTH MANAGEMENT, LLC"
iapd,iapd_state_compilation,289409,CA,APPROVED,2018-01-12,JOSEPH M. PRESTI INVESTMENTS,"PRESTI, JOSEPH MARTIN"
iapd,iapd_state_compilation,289422,CA,APPROVED,2017-11-30,"ITERO CAPITAL, LLC","ITERO CAPITAL, LLC"
iapd,iapd_state_compilation,289426,CA,APPROVED,2024-03-14,"JACK POINT ADVISORS, LLC","JACK POINT ADVISORS, LLC"
iapd,iapd_state_compilation,289431,CA,APPROVED,2017-09-22,WHALEN FINANCIAL PLANNING,"WHALEN, PATRICK STEVEN"
iapd,iapd_state_compilation,289433,CA,APPROVED,2021-01-20,HILLHURST WEALTH MANAGEMENT LLC,HILLHURST WEALTH MANAGEMENT LLC
iapd,iapd_state_compilation,289498,CA,APPROVED,2017-09-08,REIGATE INVESTORS LLC,REIGATE INVESTORS LLC
iapd,iapd_state_compilation,289514,CA,APPROVED,2018-04-16,"KUBER CAPITAL MANAGEMENT, LLC","KUBER CAPITAL MANAGEMENT, LLC"
iapd,iapd_state_compilation,289524,CA,APPROVED,2018-04-10,"BAKER ASSET MANAGEMENT, LLC","BAKER ASSET MANAGEMENT, LLC"
iapd,iapd_state_compilation,289534,CA,APPROVED,2017-09-19,RF CAPITAL MANAGEMENT,RF CAPITAL MANAGEMENT LLC
iapd,iapd_state_compilation,289562,CA,APPROVED,2017-10-05,"401K ASSIST, LLC","401K ASSIST, LLC"
iapd,iapd_state_compilation,289564,CA,APPROVED,2017-10-09,CBL WEALTH MANAGEMENT,"LINDSAY, CHRISTOPHER BLAIR"
iapd,iapd_state_compilation,289739,CA,APPROVED,2018-02-15,ALTA VIA CAPITAL,ALTA VIA CAPITAL
iapd,iapd_state_compilation,289756,CA,APPROVED,2017-10-23,"GEN NEXT WEALTH, INC.","GEN NEXT WEALTH, INC."
iapd,iapd_state_compilation,289782,CA,APPROVED,2018-07-27,"WILSON FINANCIAL ADVISORS, LLC","WILSON FINANCIAL ADVISORS, LLC"
iapd,iapd_state_compilation,289814,CA,APPROVED,2018-04-27,CENTRAL COAST TAX & FINANCIAL SERVICES,"SABIN, GARRETT LOREN"
iapd,iapd_state_compilation,289830,CA,APPROVED,2018-01-03,"KIM KNOTTS, RIA","KIM KNOTTS RIA, LLC"
iapd,iapd_state_compilation,289865,CA,APPROVED,2018-01-03,"JIE SHEN, CFA","SHEN, JIE"
iapd,iapd_state_compilation,289866,CA,APPROVED,2019-01-10,EMPOWERING FINANCIAL,"BIRNBERG, JAKE"
iapd,iapd_state_compilation,289915,CA,APPROVED,2017-12-08,BOUNDLESS ADVICE LLC,BOUNDLESS ADVICE LLC
iapd,iapd_state_compilation,289952,CA,APPROVED,2022-02-10,VANDA RESEARCH CORP,VANDA RESEARCH CORP
iapd,iapd_state_compilation,289967,CA,APPROVED,2023-06-06,"LEVEL UP FINANCIAL PLANNING, LLC","LEVEL UP FINANCIAL PLANNING, LLC"
iapd,iapd_state_compilation,289985,CA,APPROVED,2025-09-25,DBA SEASIDE FINANCIAL & INSURANCE SERVICES,"SEASIDE ADVISORY SERVICES, INC."
iapd,iapd_state_compilation,289988,CA,APPROVED,2017-10-19,"LEGACY BUILDERS FINANCIAL, LLC","LEGACY BUILDERS FINANCIAL, LLC"
iapd,iapd_state_compilation,289996,CA,APPROVED,2018-01-19,"ENGAGE WEALTH ADVISORS, LLC","ENGAGE WEALTH ADVISORS, LLC"
iapd,iapd_state_compilation,290050,CA,APPROVED,2017-10-20,AZIMUTH WEALTH ADVISORS,"AZIMUTH WEALTH ADVISORS, LLC"
iapd,iapd_state_compilation,290083,CA,APPROVED,2017-10-13,AQUILA WEALTH ADVISORS,AQUILA WEALTH ADVISORS LLC
iapd,iapd_state_compilation,290121,CA,APPROVED,2018-01-10,"SHOREBIRD, LLC","SHOREBIRD, LLC"
iapd,iapd_state_compilation,290159,CA,APPROVED,2017-12-11,FITBUX RIA LLC,FITBUX RIA LLC
iapd,iapd_state_compilation,290201,CA,APPROVED,2018-01-12,EVERYTHINGHR FINANCIAL SERVICES LLC,EVERYTHINGHR FINANCIAL SERVICES LLC
iapd,iapd_state_compilation,290204,CA,APPROVED,2017-11-08,"INVESTAMILY, LLC","INVESTAMILY, LLC"
iapd,iapd_state_compilation,290208,CA,APPROVED,2018-02-15,"EDDY FINANCIAL, LLC","EDDY FINANCIAL, LLC"
iapd,iapd_state_compilation,290238,CA,APPROVED,2017-11-03,PEACEFUL ADVISORS LLC,PEACEFUL ADVISORS LLC
iapd,iapd_state_compilation,290273,CA,APPROVED,2026-01-16,"AG WEALTH MANAGEMENT, PLLC","AG WEALTH MANAGEMENT, PLLC"
iapd,iapd_state_compilation,290342,CA,APPROVED,2018-01-08,BLACK CARD CIRCLE,"BLACK CARD CIRCLE, LLC"
iapd,iapd_state_compilation,290389,CA,APPROVED,2018-01-19,"INSIDEOUT WEALTH STRATEGIES, LLC","INSIDEOUT WEALTH STRATEGIES, LLC"
iapd,iapd_state_compilation,290423,CA,APPROVED,2025-10-06,FAMILY RETIREMENT LLC,FAMILY RETIREMENT LLC
iapd,iapd_state_compilation,290456,CA,APPROVED,2019-01-10,MOUNTAIN VISTA WEALTH MANAGEMENT,"MOUNTAIN VISTA WEALTH MANAGEMENT, LLC"
iapd,iapd_state_compilation,290457,CA,APPROVED,2017-11-30,AMERICAN VISION ADVISORS LLC,AMERICAN VISION ADVISORS LLC
iapd,iapd_state_compilation,290598,CA,APPROVED,2017-11-14,"10 WEST ADVISORS, INC.","10 WEST ADVISORS, INC."
iapd,iapd_state_compilation,290611,CA,APPROVED,2018-01-03,"MURPHY INVESTMENT ADVISORS, INC.","MURPHY INVESTMENT ADVISORS, INC."
iapd,iapd_state_compilation,290620,CA,APPROVED,2017-12-15,FAVRILE FINANCIAL,FAVRILE FINANCIAL LLC
iapd,iapd_state_compilation,290645,CA,APPROVED,2025-08-29,"K.W. ANDERSEN INVESTMENT GROUP, LLC","K.W. ANDERSEN INVESTMENT GROUP, LLC"
iapd,iapd_state_compilation,290747,CA,APPROVED,2018-04-12,"TRAILHEAD PACIFIC, LLC","TRAILHEAD PACIFIC, LLC"
iapd,iapd_state_compilation,290898,CA,APPROVED,2018-01-03,"PORTSEA INVESTMENTS, INC.","PORTSEA INVESTMENTS, INC."
iapd,iapd_state_compilation,290930,CA,APPROVED,2018-02-07,TECHVIEW WEALTH ADVISORS LLC,TECHVIEW WEALTH ADVISORS LLC
iapd,iapd_state_compilation,290935,CA,APPROVED,2024-03-19,"SILVEROAK INVESTMENTS, LLC",SILVEROAK INVESTMENTS LIMITED-LIABILITY COMPANY
iapd,iapd_state_compilation,290938,CA,APPROVED,2022-06-21,"56 CAPITAL PARTNERS, LTD","56 CAPITAL PARTNERS, LTD"
iapd,iapd_state_compilation,290980,CA,APPROVED,2020-03-13,LHA CAPITAL PARTNERS,LHA CAPITAL PARTNERS LLC
iapd,iapd_state_compilation,291000,CA,APPROVED,2020-03-19,TOWNSEND FINANCIAL,"TOWNSEND FINANCIAL, LLC"
iapd,iapd_state_compilation,291012,CA,APPROVED,2022-10-06,BRIGGS FINANCIAL INC.,BRIGGS FINANCIAL INC.
iapd,iapd_state_compilation,291031,CA,APPROVED,2018-02-16,INVESDID,"INVESDID, INC."
iapd,iapd_state_compilation,291053,CA,APPROVED,2018-05-18,JH KAUFMAN LLC,JH KAUFMAN LLC
iapd,iapd_state_compilation,291088,CA,APPROVED,2018-02-06,MOSHER FINANCIAL ADVISORS LLC,MOSHER FINANCIAL ADVISORS LLC
iapd,iapd_state_compilation,291291,CA,APPROVED,2018-03-08,WMS FINANCIAL SERVICES,"WEALTH MANAGEMENT STRATEGIES FINANCIAL SERVICES, LLC"
iapd,iapd_state_compilation,291342,CA,APPROVED,2018-02-08,"KEVIN P. MCGUAN, LLC","KEVIN P. MCGUAN, LLC"
iapd,iapd_state_compilation,291364,CA,APPROVED,2018-02-06,"UPLIFT INVESTING, INC","UPLIFT INVESTING, INC"
iapd,iapd_state_compilation,291372,CA,APPROVED,2019-01-30,HOODOO,"HOODOO FINANCIAL, INC."
iapd,iapd_state_compilation,291373,CA,APPROVED,2018-01-16,"PDE WEALTH ADVISORS, LLC","PDE WEALTH ADVISORS, LLC"
iapd,iapd_state_compilation,291381,CA,APPROVED,2018-01-17,LANES WEALTH MANAGEMENT LLC,LANES WEALTH MANAGEMENT LLC
iapd,iapd_state_compilation,291399,CA,APPROVED,2024-02-13,MEDDENT SOLUTIONS,HIGH SPEED ALLIANCE LLC
iapd,iapd_state_compilation,291404,CA,APPROVED,2023-01-11,CARAPACE FINANCIAL ADVISORS LLC,CARAPACE FINANCIAL ADVISORS LLC
iapd,iapd_state_compilation,291482,CA,APPROVED,2018-03-28,"M STEVENS WEALTH ADVISORS, LLC","M STEVENS WEALTH ADVISORS, LLC"
iapd,iapd_state_compilation,291515,CA,APPROVED,2018-04-30,"IRONTREE WEALTH MANAGEMENT, INC.","IRONTREE WEALTH MANAGEMENT, INC."
iapd,iapd_state_compilation,291522,CA,APPROVED,2018-02-14,KCLLC,KINGSFERRY CAPITAL LLC
iapd,iapd_state_compilation,291545,CA,APPROVED,2018-03-07,ZEN TRADING LLC,ZEN TRADING LLC
iapd,iapd_state_compilation,291568,CA,APPROVED,2025-07-03,T.I.P.S. 4 REPS,"INTEGRATED RETIREMENT INVESTMENT SOLUTIONS, LLC"
iapd,iapd_state_compilation,291591,CA,APPROVED,2018-09-10,BLUEPRINT INVESTMENTS AND TAX PLANNING,"TAHOE INVESTMENTS AND TAX PLANNING, LLC"
iapd,iapd_state_compilation,291611,CA,APPROVED,2025-02-05,WRW WEALTH ADVISORS,WRW WEALTH ADVISORS
iapd,iapd_state_compilation,291629,CA,APPROVED,2018-04-20,"FSG FINANCIAL SERVICES, INC.","FSG FINANCIAL SERVICES, INC."
iapd,iapd_state_compilation,291638,CA,APPROVED,2018-01-19,WEBB FINANCIAL GROUP,WEBB FINANCIAL GROUP LLC
iapd,iapd_state_compilation,291661,CA,APPROVED,2018-07-31,"LIFELONG WEALTH MANAGEMENT GROUP, LLC","LIFELONG WEALTH MANAGEMENT GROUP, LLC"
iapd,iapd_state_compilation,291698,CA,APPROVED,2024-02-05,GREYFIELD CAPITAL MANAGEMENT LLC,GREYFIELD CAPITAL MANAGEMENT LLC
iapd,iapd_state_compilation,291775,CA,APPROVED,2018-01-23,"CONCORDIA INVESTMENT ADVISORS, LLC","CONCORDIA INVESTMENT ADVISORS, LLC"
iapd,iapd_state_compilation,291812,CA,APPROVED,2022-04-08,THE TABLE FINANCIAL PLANNING LLC,THE TABLE FINANCIAL PLANNING LLC
iapd,iapd_state_compilation,291895,CA,APPROVED,2020-05-21,"VECTOR FINANCIAL SOLUTIONS, INC.","VECTOR FINANCIAL SOLUTIONS, INC."
iapd,iapd_state_compilation,291911,CA,APPROVED,2018-08-10,COMPASS CAPITAL INVESTMENTS LLC,COMPASS CAPITAL INVESTMENTS LLC
iapd,iapd_state_compilation,291971,CA,APPROVED,2018-08-20,"LINDSEY FINANCIAL, INC.","LINDSEY FINANCIAL, INC."
iapd,iapd_state_compilation,292023,CA,APPROVED,2019-07-25,OPTIMIST CAPITAL,OPTIMIST CAPITAL LLC
iapd,iapd_state_compilation,292093,CA,APPROVED,2018-04-13,"THE FOUNDATION WEALTH MANAGEMENT, LLC","THE FOUNDATION WEALTH MANAGEMENT, LLC"
iapd,iapd_state_compilation,292154,CA,APPROVED,2020-04-13,"FIREBRAND WEALTH MANAGEMENT, LLC","FIREBRAND WEALTH MANAGEMENT, LLC"
iapd,iapd_state_compilation,292181,CA,APPROVED,2018-06-18,THOMAS FRANCIS O'CONNELL,"O'CONNELL, THOMAS, FRANCIS"
iapd,iapd_state_compilation,292207,CA,APPROVED,2018-03-02,"SLALOM WEALTH MANAGEMENT, LLC","SLALOM WEALTH MANAGEMENT, LLC"
iapd,iapd_state_compilation,292230,CA,APPROVED,2018-05-15,BOW STREAM INVESTMENTS LLC,BOW STREAM INVESTMENTS LLC
iapd,iapd_state_compilation,292255,CA,APPROVED,2018-03-14,"HATHAWAY CAPITAL MANAGEMENT, LLC","HATHAWAY CAPITAL MANAGEMENT, LLC"
iapd,iapd_state_compilation,292295,CA,APPROVED,2022-04-21,ABUNDANT WEALTH STRATEGIES,"ABUNDANT WEALTH CAPITAL MANAGEMENT, LLC"
iapd,iapd_state_compilation,292346,CA,APPROVED,2018-02-16,DEVKOTA CAPITAL ADVISORS,DEVKOTA CAPITAL ADVISORS LLC
iapd,iapd_state_compilation,292350,CA,APPROVED,2018-05-18,"EVOLUTION GLOBAL ADVISORS, LLC","EVOLUTION GLOBAL ADVISORS, LLC"
iapd,iapd_state_compilation,292356,CA,APPROVED,2023-12-11,GCB PRIVATE WEALTH,GCB PRIVATE WEALTH LLC
iapd,iapd_state_compilation,292525,CA,APPROVED,2018-03-06,BLUE CANYON WEALTH,STRATEGIC CHOICES WEALTH ADVISORS INC.
iapd,iapd_state_compilation,292580,CA,APPROVED,2018-03-15,"HALL FINANCIAL SERVICES, INC","HALL FINANCIAL SERVICES, INC"
iapd,iapd_state_compilation,292622,CA,APPROVED,2018-04-06,BRILLIANT FINANCIAL STRATEGIES LLC,BRILLIANT FINANCIAL STRATEGIES LLC
iapd,iapd_state_compilation,292766,CA,APPROVED,2018-03-12,"SENTIENT FINANCIAL, LLC","SENTIENT FINANCIAL, LLC"
iapd,iapd_state_compilation,292777,CA,APPROVED,2018-03-20,CHESS FINANCIAL PLANNING LLC,CHESS FINANCIAL PLANNING LLC
iapd,iapd_state_compilation,292812,CA,APPROVED,2018-03-30,CORRIGIT CAPITAL GROUP,CORRIGIT CAPITAL GROUP
iapd,iapd_state_compilation,292853,CA,APPROVED,2018-03-08,PURPOSEFUL STRATEGIC PARTNERS,"ESCALANTE TROESH, JOSHUA, DANIEL"
iapd,iapd_state_compilation,292900,CA,APPROVED,2018-04-20,"RANDAZZO CAPITAL MANAGEMENT, LLC","RANDAZZO CAPITAL MANAGEMENT, LLC"
iapd,iapd_state_compilation,293134,CA,APPROVED,2020-06-18,"ENVEST ASSET MANAGEMENT, LLC","ENVEST ASSET MANAGEMENT, LLC"
iapd,iapd_state_compilation,293164,CA,APPROVED,2018-10-24,"CALCAGNINI WEALTH MANAGEMENT, LLC","CALCAGNINI WEALTH MANAGEMENT, LLC"
iapd,iapd_state_compilation,293185,CA,APPROVED,2018-03-27,DESERT FINANCIAL PLANNING,DESERT FINANCIAL PLANNING
iapd,iapd_state_compilation,293211,CA,APPROVED,2018-05-08,"ADAP TAX FINANCIAL, INC.","ADAP TAX FINANCIAL, INC."
iapd,iapd_state_compilation,293233,CA,APPROVED,2018-10-25,CHISHOLM FINANCIAL PLANNING & INVESTMENTS,"CHISHOLM PLANNING, LLC"
iapd,iapd_state_compilation,293236,CA,APPROVED,2018-08-16,"THINK WEALTH, LLC","THINK WEALTH, LLC"
iapd,iapd_state_compilation,293331,CA,APPROVED,2020-01-02,"INCLINE INVESTMENT ADVISORS, LLC","INCLINE INVESTMENT ADVISORS, LLC"
iapd,iapd_state_compilation,293353,CA,APPROVED,2018-03-30,"BRUMM FINANCIAL SERVICES, LLC","BRUMM FINANCIAL SERVICES, LLC"
iapd,iapd_state_compilation,293388,CA,APPROVED,2018-05-02,"MEYER FINANCIAL ADVISORS, INC.","MEYER FINANCIAL ADVISORS, INC."
iapd,iapd_state_compilation,293530,CA,APPROVED,2021-07-12,MORTON FINANCIAL ADVICE LLC,"MORTON FINANCIAL ADVICE, LLC"
iapd,iapd_state_compilation,293538,CA,APPROVED,2018-08-10,LULA FINANCIAL,"PACKARD, BENJAMIN"
iapd,iapd_state_compilation,293618,CA,APPROVED,2018-04-30,INVESTCRAFT ADVISORS LLC,INVESTCRAFT ADVISORS LLC
iapd,iapd_state_compilation,293724,CA,APPROVED,2018-06-08,SEEN CONSULTING LLC,SEEN CONSULTING LLC
iapd,iapd_state_compilation,294031,CA,APPROVED,2018-09-11,N/A,"SCEPTER FINANCIAL GROUP, LLC"
iapd,iapd_state_compilation,294098,CA,APPROVED,2018-05-31,DIGITAL ASSET INVESTMENT MANAGEMENT,"DIGITAL ASSET INVESTMENT MANAGEMENT, LLC"
iapd,iapd_state_compilation,294291,CA,APPROVED,2018-04-18,RETEGY LLC,RETEGY LLC
iapd,iapd_state_compilation,294583,CA,APPROVED,2018-05-08,"MARTIN W. ROSENZVEIG & CO., LLC","MARTIN W. ROSENZVEIG & CO., LLC"
iapd,iapd_state_compilation,294708,CA,APPROVED,2018-05-17,"BRUCE MCINDOE & ASSOCIATES, INC.","BRUCE MCINDOE & ASSOCIATES, INC."
iapd,iapd_state_compilation,294789,CA,APPROVED,2018-08-20,"RKS MANAGEMENT, INC.","RKS MANAGEMENT, INC."
iapd,iapd_state_compilation,294889,CA,APPROVED,2020-05-18,CAPITAL PARTNERS INVESTMENT GROUP,CAPITAL PARTNERS INVESTMENT GROUP INC
iapd,iapd_state_compilation,295175,CA,APPROVED,2021-01-12,MILLS FINANCIAL SERVICES LLC,MILLS FINANCIAL SERVICES LLC
iapd,iapd_state_compilation,295558,CA,APPROVED,2018-05-22,DESERT WEALTH MANAGEMENT LLC,DESERT WEALTH MANAGEMENT LLC
iapd,iapd_state_compilation,295662,CA,APPROVED,2019-09-09,"PEACHER, INC.","PEACHER, INC."
iapd,iapd_state_compilation,295679,CA,APPROVED,2023-08-03,"SYMAN-DEGLER GROUP, LLC","SYMAN-DEGLER GROUP, LLC"
iapd,iapd_state_compilation,296071,CA,APPROVED,2018-05-21,SUMMIT GATES CAPITAL,SUMMIT GATES CAPITAL LLC
iapd,iapd_state_compilation,296175,CA,APPROVED,2018-05-23,SIMPLIFY FINANCIAL PLANNING,SIMPLIFY FINANCIAL PLANNING LLC
iapd,iapd_state_compilation,296487,CA,APPROVED,2021-03-23,TRILLIUM SQUARE ADVISORS LLC,TRILLIUM SQUARE ADVISORS LLC
iapd,iapd_state_compilation,296855,CA,APPROVED,2023-09-11,GREEN VISTA ASSET MANAGEMENT LLC,GREEN VISTA ASSET MANAGEMENT LLC
iapd,iapd_state_compilation,296898,CA,APPROVED,2024-01-23,"BASELINE INVESTMENTS, LLC","BASELINE INVESTMENTS, LLC"
iapd,iapd_state_compilation,296927,CA,APPROVED,2018-06-04,DOUBLE SPRINGS CAPITAL LLC,DOUBLE SPRINGS CAPITAL LLC
iapd,iapd_state_compilation,296936,CA,APPROVED,2020-07-01,PLACERA CAPITAL MANAGEMENT LLC,PLACERA CAPITAL MANAGEMENT LLC
iapd,iapd_state_compilation,296982,CA,APPROVED,2018-06-25,"NEXT LEVEL WEALTH MANAGEMENT, LLC","NEXT LEVEL WEALTH MANAGEMENT, LLC"
iapd,iapd_state_compilation,297012,CA,APPROVED,2018-07-05,GUPTA PARTNERSHIP,GUPTA PARTNERSHIP LLC
iapd,iapd_state_compilation,297013,CA,APPROVED,2018-06-06,FORTITUDE WEALTH MANAGEMENT L.L.C.,FORTITUDE WEALTH MANAGEMENT L.L.C.
iapd,iapd_state_compilation,297020,CA,APPROVED,2018-11-14,"CRAWFORD CAPITAL, LLC","CRAWFORD CAPITAL, LLC"
iapd,iapd_state_compilation,297062,CA,APPROVED,2018-06-20,TAN WEALTH MANAGEMENT,"PHAN, TAN, MINH"
iapd,iapd_state_compilation,297117,CA,APPROVED,2018-06-26,BRAY FINANCIAL ADVISORS LLC,BRAY FINANCIAL ADVISORS LLC
iapd,iapd_state_compilation,297118,CA,APPROVED,2018-06-25,ARCHER ROW ADVISORY,"ARCHER ROW FINANCIAL, LLC"
iapd,iapd_state_compilation,297146,CA,APPROVED,2018-07-02,REFRESH INVESTMENTS,REFRESH INVESTMENTS LLC
iapd,iapd_state_compilation,297161,CA,APPROVED,2018-07-13,LIGHT CAPITAL MANAGEMENT LLC,LIGHT CAPITAL MANAGEMENT LLC
iapd,iapd_state_compilation,297190,CA,APPROVED,2018-08-09,SCHULER CAPITAL MANAGEMENT LLC,SCHULER CAPITAL MANAGEMENT LLC
iapd,iapd_state_compilation,297195,CA,APPROVED,2018-08-13,TEN TALENTS FINANCIAL PLANNING LLC,TEN TALENTS FINANCIAL PLANNING LLC
iapd,iapd_state_compilation,297218,CA,APPROVED,2018-07-12,"CORTINA CAPITAL, LLC","CORTINA CAPITAL, LLC"
iapd,iapd_state_compilation,297229,CA,APPROVED,2018-06-26,KUBER INVESTMENTS,GRAY MATRIX INC
iapd,iapd_state_compilation,297231,CA,APPROVED,2018-07-11,"CONSCIOUS INVESTMENT SERVICES, LLC","CONSCIOUS INVESTMENT SERVICES, LLC"
iapd,iapd_state_compilation,297241,CA,APPROVED,2022-09-12,"PETERKIN FINANCIAL, LLC","PETERKIN FINANCIAL, LLC"
iapd,iapd_state_compilation,297266,CA,APPROVED,2019-03-05,CAPITAL V GROUP LLC,CAPITAL V GROUP LLC
iapd,iapd_state_compilation,297277,CA,APPROVED,2018-08-13,REDEFINE FINANCIAL,REDEFINE FINANCIAL LLC
iapd,iapd_state_compilation,297330,CA,APPROVED,2020-11-12,CABILDO CAPITAL LLC,CABILDO CAPITAL LLC
iapd,iapd_state_compilation,297363,CA,APPROVED,2018-06-27,KISIN WEALTH MANAGEMENT LLC,KISIN WEALTH MANAGEMENT LLC
iapd,iapd_state_compilation,297367,CA,APPROVED,2018-09-19,ENCOVER PERSONAL FINANCE,ENCOVER PERSONAL FINANCE LLC
iapd,iapd_state_compilation,297380,CA,APPROVED,2021-01-14,ADVIZE WEALTH MANAGEMENT,ADVIZE WEALTH MANAGEMENT PLLC
iapd,iapd_state_compilation,297393,CA,APPROVED,2018-07-20,"ON THE TRAIL FINANCIAL PLANNING, LLC","ON THE TRAIL FINANCIAL PLANNING, LLC"
iapd,iapd_state_compilation,297416,CA,APPROVED,2021-03-29,JAVA WEALTH PLANNING,JAVA WEALTH PLANNING LLC
iapd,iapd_state_compilation,297423,CA,APPROVED,2024-05-24,"EAGLES COAST WEALTH MANAGEMENT, LLC","EAGLES COAST WEALTH MANAGEMENT, LLC"
iapd,iapd_state_compilation,297447,CA,APPROVED,2018-07-27,"LUCENT WEALTH PLANNING, LLC","LUCENT WEALTH PLANNING, LLC"
iapd,iapd_state_compilation,297452,CA,APPROVED,2018-06-27,MADANAT FINANCIAL SERVICES,MADANAT DAVID ARON
iapd,iapd_state_compilation,297461,CA,APPROVED,2018-06-29,AFC WEALTH MANAGEMENT,"JACOBY AGENCY INSURANCE SERVICES, INC."
iapd,iapd_state_compilation,297504,CA,APPROVED,2018-12-26,"ALPHANEXT, LLC","ALPHANEXT, LLC"
iapd,iapd_state_compilation,297550,CA,APPROVED,2018-11-30,RYLANDER RICHTER,"THE INSPIRED COMPANY, LLC"
iapd,iapd_state_compilation,297568,CA,APPROVED,2021-11-04,"RORA WEALTH, INC.","RORA WEALTH, INC."
iapd,iapd_state_compilation,297601,CA,APPROVED,2019-08-12,THE PACIFIC GROUP,"PACIFIC ADVISORY CAPITAL GROUP, LLC"
iapd,iapd_state_compilation,297602,CA,APPROVED,2019-01-01,NEST EGG FINANCIAL ADVISORS,"NEST EGG FINANCIAL ADVISORS, LLC"
iapd,iapd_state_compilation,297652,CA,APPROVED,2022-04-13,"ACT SECURITIES, LLC","ACT SECURITIES, LLC"
iapd,iapd_state_compilation,297835,CA,APPROVED,2021-10-01,SAFE LANDING FINANCIAL,SAFE LANDING FINANCIAL LLC
iapd,iapd_state_compilation,297856,CA,APPROVED,2018-08-06,SUTRO ADVISORS,SUTRO ADVISORS LLC
iapd,iapd_state_compilation,298003,CA,APPROVED,2018-08-15,EVIDENCIAL FINANCIAL CONSULTING,EVIDENCIAL FINANCIAL CONSULTING LLC
iapd,iapd_state_compilation,298012,CA,APPROVED,2018-09-19,"SEAWISE FINANCIAL, INC.","SEAWISE FINANCIAL, INC."
iapd,iapd_state_compilation,298019,CA,APPROVED,2018-10-31,"CONVEXBETA INVESTMENTS, LLC","CONVEXBETA INVESTMENTS, LLC"
iapd,iapd_state_compilation,298095,CA,APPROVED,2019-03-07,WOOD RIVER CONSULTING,"WOOD RIVER CONSULTING, LLC"
iapd,iapd_state_compilation,298119,CA,APPROVED,2018-08-21,LONGHOUSE WEALTH MANAGEMENT,LONGHOUSE INVESTMENTS LLC
iapd,iapd_state_compilation,298263,CA,APPROVED,2021-02-02,"TRIAXIOM CAPITAL, LLC","TRIAXIOM CAPITAL, LLC"
iapd,iapd_state_compilation,298289,CA,APPROVED,2021-04-12,HUNTER VALUE CAPITAL LLC,"HUNTER VALUE CAPITAL, LLC"
iapd,iapd_state_compilation,298320,CA,APPROVED,2019-01-01,"SF VALUE CAPITAL, LLC","SF VALUE CAPITAL, LLC"
iapd,iapd_state_compilation,298339,CA,APPROVED,2018-10-29,YOUR PATH FINANCIAL LLC,YOUR PATH FINANCIAL LLC
iapd,iapd_state_compilation,298350,CA,APPROVED,2022-06-10,ELDERROCK FINANCIAL LLC,ELDERROCK FINANCIAL LLC
iapd,iapd_state_compilation,298362,CA,APPROVED,2018-08-30,JHL INVESTMENT FIRM INC,JHL INVESTMENT FIRM INC
iapd,iapd_state_compilation,298378,CA,APPROVED,2018-09-18,HATHAWAY FINANCIAL LLC,HATHAWAY FINANCIAL LLC
iapd,iapd_state_compilation,298421,CA,APPROVED,2018-10-04,PI WEALTH PLAN LLC,PI WEALTH PLAN LLC
iapd,iapd_state_compilation,298427,CA,APPROVED,2018-09-11,CONTRARIAN LABS INC.,CONTRARIAN LABS INC.
iapd,iapd_state_compilation,298443,CA,APPROVED,2018-10-17,ALTRON CAPITAL MANAGEMENT,"ALTRON CAPITAL MANAGEMENT, LLC"
iapd,iapd_state_compilation,298471,CA,APPROVED,2018-09-04,FROM PLANNING TO LIVING LLC,FROM PLANNING TO LIVING LLC
iapd,iapd_state_compilation,298563,CA,APPROVED,2018-09-19,"BRIDGER FINANCIAL SERVICES, LLC","BRIDGER FINANCIAL SERVICES, LLC"
iapd,iapd_state_compilation,298606,CA,APPROVED,2022-05-23,"MSM FINANCIAL, LLC","MSM FINANCIAL, LLC"
iapd,iapd_state_compilation,298639,CA,APPROVED,2018-10-12,"TRUFINANCIAL REGISTERED INVESTMENT ADVISORY SERVICES, INC","TRUFINANCIAL REGISTERED INVESTMENT ADVISORY SERVICES, INC"
iapd,iapd_state_compilation,298666,CA,APPROVED,2018-11-01,WATA CAPITAL LLC,WATA CAPITAL LLC
iapd,iapd_state_compilation,298713,CA,APPROVED,2020-04-07,RAJS FUNDS,RAJS FUNDS LLC
iapd,iapd_state_compilation,298746,CA,APPROVED,2018-10-31,PRATTES WEALTH PARTNERS,JASON A PRATTES FINANCIAL INC
iapd,iapd_state_compilation,298791,CA,APPROVED,2018-10-23,HEXEUM CAPITAL,HEXEUM CAPITAL LLC
iapd,iapd_state_compilation,298801,CA,APPROVED,2023-01-11,CATRS TEACHERS RETIREMENT SERVICES LLC,CATRS TEACHERS RETIREMENT SERVICES LLC
iapd,iapd_state_compilation,298857,CA,APPROVED,2019-01-14,WEALTHFOLIO ADVISORS LLC,WEALTHFOLIO ADVISORS LLC
iapd,iapd_state_compilation,298887,CA,APPROVED,2019-03-19,"FIRESIDE FINANCES, LLC","FIRESIDE FINANCES, LLC"
iapd,iapd_state_compilation,298898,CA,APPROVED,2018-11-16,"CREATIVE CAPITALISTS, INC","CREATIVE CAPITALISTS, INC"
iapd,iapd_state_compilation,298900,CA,APPROVED,2018-10-11,OWENS INVESTMENT ADVISORS LLC,OWENS INVESTMENT ADVISORS LLC
iapd,iapd_state_compilation,299009,CA,APPROVED,2019-01-25,STRIVENT FINANCIAL,"STRIVENT FINANCIAL, LLC"
iapd,iapd_state_compilation,299015,CA,APPROVED,2020-02-28,PORTAGE CAPITAL MANAGEMENT LLC,PORTAGE CAPITAL MANAGEMENT LLC
iapd,iapd_state_compilation,299027,CA,APPROVED,2019-12-18,"BAKER STREET ASSET MANAGEMENT, LLC","BAKER STREET ASSET MANAGEMENT, LLC"
iapd,iapd_state_compilation,299063,CA,APPROVED,2018-11-02,BRSQUARED L.L.C.,BRSQUARED L.L.C.
iapd,iapd_state_compilation,299091,CA,APPROVED,2018-11-15,BRIDGELANE FINANCIAL,BRIDGELANE FINANCIAL LLC
iapd,iapd_state_compilation,299105,CA,APPROVED,2018-11-13,BELGRAVE SQUARE ADVISORS,BELGRAVE SQUARE ADVISORS LLC
iapd,iapd_state_compilation,299116,CA,APPROVED,2019-01-03,CSUITE INVESTMENT LLC,CSUITE INVESTMENT LLC
iapd,iapd_state_compilation,299123,CA,APPROVED,2019-01-01,PLEASANTON WEALTH,PLEASANTON WEALTH LLC
iapd,iapd_state_compilation,299126,CA,APPROVED,2019-06-05,"TALANTON CAPITAL MANAGEMENT, LLC","TALANTON CAPITAL MANAGEMENT, LLC"
iapd,iapd_state_compilation,299188,CA,APPROVED,2018-11-20,PAUL M. WENDEE & ASSOCIATES,"WENDEE, PAUL MICHAEL"
iapd,iapd_state_compilation,299209,CA,APPROVED,2018-11-29,HIGHLAND MB WEALTH LLC,HIGHLAND MB WEALTH LLC
iapd,iapd_state_compilation,299242,CA,APPROVED,2020-01-27,ALPHA INITIATIVE,"ALPHA INITIATIVE, INC."
iapd,iapd_state_compilation,299293,CA,APPROVED,2019-01-09,NASIRA FINANCIAL,"IQBAL, SYEDA NASIRA"
iapd,iapd_state_compilation,299304,CA,APPROVED,2021-11-23,GROW WITH ME,"GROW WITH ME, LLC"
iapd,iapd_state_compilation,299353,CA,APPROVED,2022-12-02,"JAFAR MANAGEMENT, LLC","JAFAR MANAGEMENT, LLC"
iapd,iapd_state_compilation,299374,CA,APPROVED,2018-11-28,KING FINANCIAL,KING FINANCIAL INCORPORATED
iapd,iapd_state_compilation,299391,CA,APPROVED,2019-01-15,EQUINOX WEALTH MANAGEMENT,EQUINOX WEALTH MANAGEMENT
iapd,iapd_state_compilation,299434,CA,APPROVED,2019-03-20,"BRIGHT WEALTH ADVISORS, LLC","BRIGHT WEALTH ADVISORS, LLC"
iapd,iapd_state_compilation,299438,CA,APPROVED,2026-04-29,"PLATINUM WEALTH MANAGEMENT, LLC","PLATINUM WEALTH MANAGEMENT, LLC"
iapd,iapd_state_compilation,299520,CA,APPROVED,2018-12-26,SILVERBACK FINANCIAL,"SILVERBACK FINANCIAL, LLC"
iapd,iapd_state_compilation,299615,CA,APPROVED,2023-08-30,WEALTHPAVER,WEFEA CAPITAL LLC
iapd,iapd_state_compilation,299715,CA,APPROVED,2019-01-14,DONAHUE FINANCIAL GROUP,DFG INC.
iapd,iapd_state_compilation,299728,CA,APPROVED,2024-07-19,GREALISH INVESTMENT COUNSELING LLC,GREALISH INVESTMENT COUNSELING LLC
iapd,iapd_state_compilation,299731,CA,APPROVED,2019-04-23,PHOENIX INVESTMENT,PI WEALTH MANAGEMENT LLC
iapd,iapd_state_compilation,299797,CA,APPROVED,2025-02-11,"CULTURE CAPITAL PARTNERS, LLC","CULTURE CAPITAL PARTNERS, LLC"
iapd,iapd_state_compilation,299833,CA,APPROVED,2019-01-18,CGR FINANCIAL,"HABSIEGER, CURTIS JERALD"
iapd,iapd_state_compilation,299859,CA,APPROVED,2019-01-18,"SOUND INVESTMENT MANAGEMENT, LLC","SOUND INVESTMENT MANAGEMENT, LLC"
iapd,iapd_state_compilation,299885,CA,APPROVED,2019-03-27,"US CAPITAL GLOBAL WEALTH MANAGEMENT, LLC",US CAPITAL GLOBAL WEALTH MANAGEMENT LLC
iapd,iapd_state_compilation,299891,CA,APPROVED,2019-01-08,SHIDOOSH WEALTH MANAGEMENT LLC,SHIDOOSH WEALTH MANAGEMENT LLC
iapd,iapd_state_compilation,299894,CA,APPROVED,2019-01-11,"CAYMAN CAPITAL MANAGEMENT, INC.","CAYMAN CAPITAL MANAGEMENT, INC."
iapd,iapd_state_compilation,299906,CA,APPROVED,2019-01-16,"MULLANEY FINANCIAL & TAX, INC.","MULLANEY FINANCIAL & TAX, INC."
iapd,iapd_state_compilation,299938,CA,APPROVED,2019-01-18,ENVISION FINANCIAL PLANNING,"MARTINI, DONALD D."
iapd,iapd_state_compilation,300015,CA,APPROVED,2019-01-25,TURNBULL FINANCIAL SERVICES LLC,TURNBULL FINANCIAL SERVICES LLC
iapd,iapd_state_compilation,300030,CA,APPROVED,2019-05-10,"HAYES HART CPA'S WEALTH MANAGEMENT, INC","HAYES HART CPA'S WEALTH MANAGEMENT, INC"
iapd,iapd_state_compilation,300031,CA,APPROVED,2019-02-08,"EQUITY ADVISORS, LLC","EQUITY ADVISORS, LLC"
iapd,iapd_state_compilation,300041,CA,APPROVED,2019-01-25,"BURLINGAME WEALTH MANAGEMENT, LLC","BURLINGAME WEALTH MANAGEMENT, LLC"
iapd,iapd_state_compilation,300055,CA,APPROVED,2019-04-15,WEALTH-SOURCE FINANCIAL,WEALTH-SOURCE FINANCIAL
iapd,iapd_state_compilation,300080,CA,APPROVED,2019-01-16,BRIGHTVIEW FINANCIAL SOLUTIONS,"BRIGHTVIEW FINANCIAL SOLUTIONS, LLC"
iapd,iapd_state_compilation,300087,CA,APPROVED,2019-03-04,SODIUM ADVISORS INC.,SODIUM ADVISORS INC.
iapd,iapd_state_compilation,300092,CA,APPROVED,2019-01-28,"PVB WEALTH MANAGEMENT, LLC","PVB WEALTH MANAGEMENT, LLC"
iapd,iapd_state_compilation,300112,CA,APPROVED,2021-11-30,SIMPLICITY WEALTH MANAGEMENT,SIMPLICITY WEALTH MANAGEMENT LLC
iapd,iapd_state_compilation,300176,CA,APPROVED,2019-02-21,MB BLUE GP LLC,MB BLUE GP LLC
iapd,iapd_state_compilation,300191,CA,APPROVED,2019-07-08,MONEY TRUTH STRATEGIC PLANNING,"MONEY TRUTH STRATEGIC PLANNING, INC."
iapd,iapd_state_compilation,300221,CA,APPROVED,2019-03-21,"LSL FINANCIAL SERVICES, LLC","LSL FINANCIAL SERVICES, LLC"
iapd,iapd_state_compilation,300233,CA,APPROVED,2019-03-07,"BRAZIEL & ASSOCIATES, LLC","BRAZIEL & ASSOCIATES, LLC"
iapd,iapd_state_compilation,300247,CA,APPROVED,2019-02-08,HIGHPOINTE WEALTH,"GRANTHAM, BURTON IRWIN"
iapd,iapd_state_compilation,300261,CA,APPROVED,2019-03-28,OLYMPIA WEALTH MANAGEMENT,OWM INC.
iapd,iapd_state_compilation,300272,CA,APPROVED,2019-02-06,ATTLEE CAPITAL LLC,ATTLEE CAPITAL LLC
iapd,iapd_state_compilation,300291,CA,APPROVED,2019-03-21,DARBY WEALTH PLANNING LLC,DARBY WEALTH PLANNING LLC
iapd,iapd_state_compilation,300294,CA,APPROVED,2019-03-28,AMBASTHA FINANCIAL LLC,AMBASTHA FINANCIAL LLC
iapd,iapd_state_compilation,300370,CA,APPROVED,2020-01-02,HOLISTIC-SOLUTIONS,BINDER TOM ALAN
iapd,iapd_state_compilation,300405,CA,APPROVED,2019-05-24,BLUEREEF CAPITAL,VICON CAPITAL PARTNERS LLC
iapd,iapd_state_compilation,300408,CA,APPROVED,2019-11-14,"HARTFIELD FINANCIAL & INSURANCE SERVICES, INC.","HARTFIELD FINANCIAL & INSURANCE SERVICES, INC."
iapd,iapd_state_compilation,300411,CA,APPROVED,2019-02-22,"INTERVAL CAPITAL MANAGEMENT, LLC","INTERVAL CAPITAL MANAGEMENT, LLC"
iapd,iapd_state_compilation,300445,CA,APPROVED,2025-05-15,OLSON CONSULTING LLC,OLSON CONSULTING LLC
iapd,iapd_state_compilation,300480,CA,APPROVED,2023-02-03,CAPITAL RISK,CAPITAL RISK MANAGEMENT LLC
iapd,iapd_state_compilation,300513,CA,APPROVED,2019-04-11,MONROE WEALTH MANAGEMENT LLC,MONROE WEALTH MANAGEMENT LLC
iapd,iapd_state_compilation,300566,CA,APPROVED,2019-03-27,TEMPUS PECUNIA,4405 LLC
iapd,iapd_state_compilation,300569,CA,APPROVED,2019-03-27,FORTHRIGHT FINANCES LLC,FORTHRIGHT FINANCES LLC
iapd,iapd_state_compilation,300573,CA,APPROVED,2021-12-03,ELEVATION FINANCIAL LLC,ELEVATION FINANCIAL LLC
iapd,iapd_state_compilation,300602,CA,APPROVED,2021-09-21,"OUTPOST ADVISORS, LLC","OUTPOST ADVISORS, LLC"
iapd,iapd_state_compilation,300641,CA,APPROVED,2025-01-31,"MEREDITH DEKKER FINANCIAL SERVICES, LLC","MEREDITH DEKKER FINANCIAL SERVICES, LLC"
iapd,iapd_state_compilation,300671,CA,APPROVED,2020-04-24,WHITESWAN TRADING CORPORATION,WHITESWAN TRADING CORPORATION
iapd,iapd_state_compilation,300694,CA,APPROVED,2019-04-08,LONGVIEW INVESTMENT MANAGEMENT,"LONGVIEW INVESTMENT MANAGEMENT, LLC"
iapd,iapd_state_compilation,300717,CA,APPROVED,2024-01-29,"GWAN GLOBAL SERVICES, CORP.","GWAN GLOBAL SERVICES, CORP."
iapd,iapd_state_compilation,300724,CA,APPROVED,2019-12-02,JC&COMPANY,JC&COMPANY INC.
iapd,iapd_state_compilation,300847,CA,APPROVED,2019-06-03,"ALL ONE WEALTH, LLC","ALL ONE WEALTH, LLC"
iapd,iapd_state_compilation,300850,CA,APPROVED,2019-04-25,"MULHOLLAND & KUPERSTOCK ASSET MANAGEMENT, LLC","MULHOLLAND & KUPERSTOCK ASSET MANAGEMENT, LLC"
iapd,iapd_state_compilation,300867,CA,APPROVED,2019-04-25,DISRUPTIVESECULARGROWTH CORPORATION,DISRUPTIVESECULARGROWTH CORPORATION
iapd,iapd_state_compilation,300894,CA,APPROVED,2019-04-17,"DEL MONTE CAPITAL, INC.","DEL MONTE CAPITAL, INC."
iapd,iapd_state_compilation,300960,CA,APPROVED,2019-07-02,FULL COMPASS INVESTMENT ADVISORS,"HUYSER, RANDALL STEVEN"
iapd,iapd_state_compilation,301002,CA,APPROVED,2019-03-29,CORNELL CAPITAL GROUP LLC,CORNELL CAPITAL GROUP LLC
iapd,iapd_state_compilation,301187,CA,APPROVED,2019-11-07,"DEERINGER WEALTH MANAGEMENT, LLC","DEERINGER WEALTH MANAGEMENT, LLC"
iapd,iapd_state_compilation,301240,CA,APPROVED,2020-01-14,"FOCUS QUANTITATIVE METHODS, INC.","FOCUS QUANTITATIVE METHODS, INC."
iapd,iapd_state_compilation,301318,CA,APPROVED,2019-06-10,"SHUTZER INVESTMENTS, LLC","SHUTZER INVESTMENTS, LLC"
iapd,iapd_state_compilation,301340,CA,APPROVED,2025-08-06,UPHOLDINGS,UPHOLDINGS GROUP LLC
iapd,iapd_state_compilation,301471,CA,APPROVED,2019-06-17,"HOOD FINANCIAL, LLC","HOOD FINANCIAL, LLC"
iapd,iapd_state_compilation,301513,CA,APPROVED,2019-05-09,"R&V PERSONAL FINANCE, LLC","R&V PERSONAL FINANCE, LLC"
iapd,iapd_state_compilation,301517,CA,APPROVED,2019-08-22,"FIGTREE FINANCIAL ADVISORS, LLC","FIGTREE FINANCIAL ADVISORS, LLC"
iapd,iapd_state_compilation,301570,CA,APPROVED,2019-05-16,ABA CAPITAL LLC,ABA CAPITAL LLC
iapd,iapd_state_compilation,301719,CA,APPROVED,2019-07-29,WOLFPACK WEALTH MANAGEMENT,WOLFPACK WEALTH MANAGEMENT LLC
iapd,iapd_state_compilation,301816,CA,APPROVED,2019-05-16,LIFE BY DESIGN INVESTMENT ADVISORY SERVICES,LIFE BY DESIGN INVESTMENT ADVISORY SERVICES
iapd,iapd_state_compilation,301878,CA,APPROVED,2019-06-24,"CAPITAL RESOURCES AND INSURANCE, INC","CAPITAL RESOURCES AND INSURANCE, INC"
iapd,iapd_state_compilation,301920,CA,APPROVED,2019-06-21,"GRAYSTONE ADVISOR, LLC","GRAYSTONE ADVISOR, LLC"
iapd,iapd_state_compilation,301992,CA,APPROVED,2019-06-18,"ELEVATE CAPITAL MANAGEMENT, L.L.C.","ELEVATE CAPITAL MANAGEMENT, L.L.C."
iapd,iapd_state_compilation,302037,CA,APPROVED,2019-06-19,DHAMMA CAPITAL,"DHAMMA CAPITAL, LLC"
iapd,iapd_state_compilation,304017,CA,APPROVED,2019-11-01,ATHENA WEALTH MANAGEMENT,IG ADVISORS LLC
iapd,iapd_state_compilation,304030,CA,APPROVED,2019-07-12,BRAGG CAPITAL MANAGEMENT LLC,BRAGG CAPITAL MANAGEMENT LLC
iapd,iapd_state_compilation,304040,CA,APPROVED,2019-06-14,"KEARNEY-BURCH FINANCIAL SERVICES, INC.","KEARNEY-BURCH FINANCIAL SERVICES, INC."
iapd,iapd_state_compilation,304043,CA,APPROVED,2019-06-19,LIBERTY SOLUTIONS ADVISORS,LIBERTY SOLUTIONS DVBE INC.
iapd,iapd_state_compilation,304072,CA,APPROVED,2020-02-20,"PRINCE, WILLIAM L","PRINCE, WILLIAM L"
iapd,iapd_state_compilation,304085,CA,APPROVED,2019-06-27,"VELA CONSULTING, LLC","VELA CONSULTING, LLC"
iapd,iapd_state_compilation,304113,CA,APPROVED,2021-01-01,EQUAL VOICES WEALTH LLC,EQUAL VOICES WEALTH LLC
iapd,iapd_state_compilation,304115,CA,APPROVED,2019-07-23,OUTFLYERS LLC,OUTFLYERS LLC
iapd,iapd_state_compilation,304118,CA,APPROVED,2024-03-06,CALIBRATION FINANCIAL,"CALIBRATION FINANCIAL, LLC"
iapd,iapd_state_compilation,304187,CA,APPROVED,2019-06-21,TAXABLE WEALTH,TAXABLE LLC
iapd,iapd_state_compilation,304200,CA,APPROVED,2019-07-22,VAN NOSTRAND WEALTH MANAGEMENT LLC,VAN NOSTRAND WEALTH MANAGEMENT LLC
iapd,iapd_state_compilation,304252,CA,APPROVED,2020-02-21,LISKA INVESTMENTS LLC,LISKA INVESTMENTS LLC
iapd,iapd_state_compilation,304259,CA,APPROVED,2019-06-24,JEWELL WEALTH MANAGEMENT INC.,JEWELL WEALTH MANAGEMENT INC.
iapd,iapd_state_compilation,304263,CA,APPROVED,2020-04-09,"STRAVA FINANCIAL, LLC","STRAVA FINANCIAL, LLC"
iapd,iapd_state_compilation,304287,CA,APPROVED,2019-07-08,EDUCATED SOLUTIONS,"EDUCATION BASED SOLUTIONS, LLC"
iapd,iapd_state_compilation,304363,CA,APPROVED,2019-08-28,"TIBURON FINANCIAL ADVISORS, INC.","TIBURON FINANCIAL ADVISORS, INC."
iapd,iapd_state_compilation,304365,CA,APPROVED,2019-09-18,PRUVISE,"PRUVISE, INC"
iapd,iapd_state_compilation,304388,CA,APPROVED,2019-09-18,"TENBROECK WEALTH MANAGEMENT, LLC","TENBROECK WEALTH MANAGEMENT, LLC"
iapd,iapd_state_compilation,304451,CA,APPROVED,2023-01-23,MOST CAPITAL,MOST CAPITAL LLC
iapd,iapd_state_compilation,304535,CA,APPROVED,2019-07-16,CENTERED FINANCIAL,CENTERED FINANCIAL LLC
iapd,iapd_state_compilation,304536,CA,APPROVED,2024-05-22,FIRMAMENT FINANCIAL,"FIRMAMENT FINANCIAL, LLC"
iapd,iapd_state_compilation,304573,CA,APPROVED,2021-07-06,"INTERO FINANCIAL PLANNING, LLC","INTERO FINANCIAL PLANNING, LLC"
iapd,iapd_state_compilation,304599,CA,APPROVED,2019-08-12,"CHAN, ARDEN","CHAN, ARDEN"
iapd,iapd_state_compilation,304611,CA,APPROVED,2021-01-01,BLUEPRINT RETIREMENT ADVISORS LLC,BLUEPRINT RETIREMENT ADVISORS LLC
iapd,iapd_state_compilation,304634,CA,APPROVED,2019-07-25,MB3 CONSULTING LLC,MB3 CONSULTING LLC
iapd,iapd_state_compilation,304695,CA,APPROVED,2021-07-26,REAL LIFE PLANNING,"REAL LIFE PLANNING, LLC"
iapd,iapd_state_compilation,304699,CA,APPROVED,2020-01-02,STOVELL AI SYSTEMS,STOVELL AI SYSTEMS LLC
iapd,iapd_state_compilation,304711,CA,APPROVED,2019-07-19,JD FINANCIAL FITNESS LLC,JD FINANCIAL FITNESS LLC
iapd,iapd_state_compilation,304755,CA,APPROVED,2020-01-07,"GAMA WEALTH MANAGEMENT, LLC","GAMA WEALTH MANAGEMENT, LLC"
iapd,iapd_state_compilation,304788,CA,APPROVED,2019-10-18,QUALIFIED PLANNING,"IRA SOLUTIONS, INC."
iapd,iapd_state_compilation,304802,CA,APPROVED,2019-09-05,TAXDUDE FINANCIAL ADVISOR,"CHAVIRA, MARCOS"
iapd,iapd_state_compilation,304831,CA,APPROVED,2026-01-01,"CONCERT FINANCIAL PLANNING, LLC","CONCERT FINANCIAL PLANNING, LLC"
iapd,iapd_state_compilation,304854,CA,APPROVED,2019-09-06,"ELEMENTAL WEALTH ADVISORS, LLC","ELEMENTAL WEALTH ADVISORS, LLC"
iapd,iapd_state_compilation,304860,CA,APPROVED,2022-06-20,CAMPOS FINANCIAL,CAMPOS FINANCIAL LLC
iapd,iapd_state_compilation,304904,CA,APPROVED,2020-01-02,ANEUVIA CAPITAL,"ANEUVIA, LLC"
iapd,iapd_state_compilation,304909,CA,APPROVED,2019-09-27,MATHEWS CAPITAL MANAGEMENT,MATHEWS CAPITAL MANAGEMENT LLC
iapd,iapd_state_compilation,304955,CA,APPROVED,2026-01-01,ARENA ADVISORS LLC,ARENA ADVISORS LLC
iapd,iapd_state_compilation,305008,CA,APPROVED,2019-10-04,"AEGIS ASSET MANAGEMENT, INC.","AEGIS ASSET MANAGEMENT, INC."
iapd,iapd_state_compilation,305015,CA,APPROVED,2023-06-26,EDGEHELM FINANCIAL,"EDGEHELM, LLC"
iapd,iapd_state_compilation,305073,CA,APPROVED,2019-09-11,BILLFOLD BUDGET COUNSELING,"HATTON, WILLIAM JAMES"
iapd,iapd_state_compilation,305104,CA,APPROVED,2019-09-12,"AFZALI INVESTMENTS, LLC","AFZALI INVESTMENTS, LLC"
iapd,iapd_state_compilation,305116,CA,APPROVED,2022-04-15,"JOSHI CAPITAL MANAGEMENT, LLC","JOSHI CAPITAL MANAGEMENT, LLC"
iapd,iapd_state_compilation,305141,CA,APPROVED,2020-01-27,ALDABRA CAPITAL MANAGEMENT,ALDABRA CAPITAL MANAGEMENT LLC
iapd,iapd_state_compilation,305167,CA,APPROVED,2020-02-06,COLSARA NATIONAL WEALTH MANAGEMENT LLC,COLSARA NATIONAL WEALTH MANAGEMENT LLC
iapd,iapd_state_compilation,305172,CA,APPROVED,2019-11-07,OLD VINE CAPITAL,"OLD VINE CAPITAL, LLC"
iapd,iapd_state_compilation,305179,CA,APPROVED,2020-01-03,GRANITE WEALTH ADVISORS,"GRANITE WEALTH, LLC"
iapd,iapd_state_compilation,305224,CA,APPROVED,2020-03-30,QUIVER FINANCIAL HOLDINGS LLC,QUIVER FINANCIAL HOLDINGS LLC
iapd,iapd_state_compilation,305259,CA,APPROVED,2019-10-10,"MISSION RETIREMENT CONSULTING, INC.","MISSION RETIREMENT CONSULTING, INC."
iapd,iapd_state_compilation,305267,CA,APPROVED,2019-09-19,"FINANCIAL SYNERGISTICS GROUP, INC.","FINANCIAL SYNERGISTICS GROUP, INC."
iapd,iapd_state_compilation,305295,CA,APPROVED,2020-07-02,"FINANCIAL EQUATIONS ADVISORS, INC.","FINANCIAL EQUATIONS ADVISORS, INC."
iapd,iapd_state_compilation,305365,CA,APPROVED,2019-10-28,"ANACAPA FINANCIAL, LLC","ANACAPA FINANCIAL, LLC"
iapd,iapd_state_compilation,305410,CA,APPROVED,2026-01-12,HAPPYRICH CAPITAL,MFA WEALTH INC.
iapd,iapd_state_compilation,305420,CA,APPROVED,2019-11-01,ALTMAN SACKS CORPORATION,ALTMAN SACKS CORPORATION
iapd,iapd_state_compilation,305463,CA,APPROVED,2019-10-14,"CONTRERAS FINANCIAL, INC.","CONTRERAS FINANCIAL, INC."
iapd,iapd_state_compilation,305502,CA,APPROVED,2021-01-07,MOMENTUM PRIVATE WEALTH MANAGEMENT,MOMENTUM PRIVATE WEALTH MANAGEMENT LLC
iapd,iapd_state_compilation,305511,CA,APPROVED,2019-09-17,CARIS INVESTMENT PARTNERS,"CARIS INVESTMENT PARTNERS, INC."
iapd,iapd_state_compilation,305590,CA,APPROVED,2019-10-14,INFINITY FINANCIAL PLANNING,INFINITY FINANCIAL PLANNING LLC
iapd,iapd_state_compilation,305630,CA,APPROVED,2020-10-13,GPWM ADVISORS LLC,GPWM ADVISORS LLC
iapd,iapd_state_compilation,305687,CA,APPROVED,2021-01-01,NEW STREET ADVISORS GROUP LLC,NEW STREET ADVISORS GROUP LLC
iapd,iapd_state_compilation,305719,CA,APPROVED,2019-11-19,"CALIFORNIA BENEFITS AND RETIREMENT GROUP, LLC","CALIFORNIA BENEFITS AND RETIREMENT GROUP, LLC"
iapd,iapd_state_compilation,305720,CA,APPROVED,2019-11-20,MEASURED FINANCIAL,"TAILORED WEALTH MANAGEMENT, LLC"
iapd,iapd_state_compilation,305734,CA,APPROVED,2026-07-29,MORAN TICE CAPITAL MANAGEMENT LLC,MORAN TICE CAPITAL MANAGEMENT LLC
iapd,iapd_state_compilation,305739,CA,APPROVED,2022-03-30,FOUR PEAKS PLANNING AND INVESTMENTS LLC,FOUR PEAKS PLANNING AND INVESTMENTS LLC
iapd,iapd_state_compilation,305740,CA,APPROVED,2019-12-05,"EAGLE WEALTH MANAGEMENT, INC.","EAGLE WEALTH MANAGEMENT, INC."
iapd,iapd_state_compilation,305773,CA,APPROVED,2019-10-11,TWIN RIVERS WEALTH MANAGEMENT,TWIN RIVERS WEALTH MANAGEMENT LLC
iapd,iapd_state_compilation,305794,CA,APPROVED,2019-11-13,LONDON HOUSE CAPITAL,BIRKBECK CAPITAL LLC
iapd,iapd_state_compilation,305796,CA,APPROVED,2019-12-05,KOHR INVESTMENTS,"KOHR INVESTMENTS, LLC"
iapd,iapd_state_compilation,305808,CA,APPROVED,2019-11-08,BALANCING LIFE FINANCIAL PLANNING,"OBER, EDWARD JACOB"
iapd,iapd_state_compilation,305833,CA,APPROVED,2019-12-19,SCIONAI,SCIONAI LLC
iapd,iapd_state_compilation,305886,CA,APPROVED,2019-11-27,FRANK FINANCES LLC,FRANK FINANCES LLC
iapd,iapd_state_compilation,305906,CA,APPROVED,2021-03-04,"BLUE MARLIN ADVISORS, LLC","BLUE MARLIN ADVISORS, LLC"
iapd,iapd_state_compilation,305910,CA,APPROVED,2020-10-12,"PATHFINDER WEALTH ADVISORS, LLC","PATHFINDER WEALTH ADVISORS, LLC"
iapd,iapd_state_compilation,305970,CA,APPROVED,2024-03-08,"S CONWAY CONSULTING, LLC","S CONWAY CONSULTING, LLC"
iapd,iapd_state_compilation,305986,CA,APPROVED,2020-05-12,"GOAL LINE WEALTH MANAGEMENT, INC.","GOAL LINE WEALTH MANAGEMENT, INC."
iapd,iapd_state_compilation,306055,CA,APPROVED,2020-02-25,"DRACO CAPITAL PARTNERS, LLC","DRACO CAPITAL PARTNERS, LLC"
iapd,iapd_state_compilation,306065,CA,APPROVED,2019-12-09,CENTERPOINT FINANCIAL MANAGEMENT LLC,CENTERPOINT FINANCIAL MANAGEMENT LLC
iapd,iapd_state_compilation,306067,CA,APPROVED,2022-03-08,ALPENGLOW ADVISORS LLC,ALPENGLOW ADVISORS LLC
iapd,iapd_state_compilation,306110,CA,APPROVED,2019-12-06,DEVORE FINANCIAL ADVISORS LLC,DEVORE FINANCIAL ADVISORS LLC
iapd,iapd_state_compilation,306117,CA,APPROVED,2020-01-21,"PATHWAY ADVISORS, LLC","PATHWAY ADVISORS, LLC"
iapd,iapd_state_compilation,306204,CA,APPROVED,2021-02-22,"WOO, KENNETH WING KWOK","WOO, KENNETH WING KWOK"
iapd,iapd_state_compilation,306220,CA,APPROVED,2020-01-02,OLMA ADVISORS,OLMA FINANCIAL LLC
iapd,iapd_state_compilation,306251,CA,APPROVED,2019-11-21,"SILVERLIGHT ASSET MANAGEMENT, LLC","SILVERLIGHT ASSET MANAGEMENT, LLC"
iapd,iapd_state_compilation,306258,CA,APPROVED,2019-11-15,"LIGHTHOUSE ADVISORY SERVICES, INC.","LIGHTHOUSE ADVISORY SERVICES, INC."
iapd,iapd_state_compilation,306267,CA,APPROVED,2019-12-13,CAPITAL FLUENCY,"CAPITAL FLUENCY, LLC"
iapd,iapd_state_compilation,306312,CA,APPROVED,2022-01-18,TRUETIDE WEALTH,"TRUETIDE WEALTH, LLC."
iapd,iapd_state_compilation,306315,CA,APPROVED,2022-03-18,"INTIRETY, LLC","INTIRETY, LLC"
iapd,iapd_state_compilation,306330,CA,APPROVED,2020-01-02,HERMOSA ADVISORS,HERMOSA ADVISORS LLC
iapd,iapd_state_compilation,306355,CA,APPROVED,2020-01-03,"GRIFFINEST ASIA ASSET MANAGEMENT, LLC","GRIFFINEST ASIA ASSET MANAGEMENT, LLC"
iapd,iapd_state_compilation,306408,CA,APPROVED,2020-01-03,"THOMPSON & THOMPSON INVESTMENT ADVISORS, INC.","THOMPSON & THOMPSON INVESTMENT ADVISORS, INC."
iapd,iapd_state_compilation,306500,CA,APPROVED,2021-02-12,VALUE ROTATION STRATEGIES LLC,VALUE ROTATION STRATEGIES LLC
iapd,iapd_state_compilation,306511,CA,APPROVED,2020-05-08,ORDERLY FINANCE,"ORDERLY FINANCE, LLC"
iapd,iapd_state_compilation,306521,CA,APPROVED,2020-01-02,KATAM HILL LLC,KATAM HILL LLC
iapd,iapd_state_compilation,306535,CA,APPROVED,2020-01-17,BIGHORN FINANCIAL,"BIGHORN FINANCIAL, INC."
iapd,iapd_state_compilation,306537,CA,APPROVED,2021-04-22,"SPENCER FINANCIAL PLANNING, LLC","SPENCER FINANCIAL PLANNING, LLC"
iapd,iapd_state_compilation,306567,CA,APPROVED,2020-01-16,THE GOODLAND GROUP,"NATALIE TAYLOR CONSULTING SERVICES, LLC"
iapd,iapd_state_compilation,306575,CA,APPROVED,2020-01-30,"IRL FINANCIAL, LLC","IRL FINANCIAL, LLC"
iapd,iapd_state_compilation,306593,CA,APPROVED,2020-01-14,CARUSO FAMILY FINANCIAL ADVISORS (CFFA) LLC,CARUSO FAMILY FINANCIAL ADVISORS (CFFA) LLC
iapd,iapd_state_compilation,306645,CA,APPROVED,2020-06-23,CIF ADVISORS INC.,CIF ADVISORS INC.
iapd,iapd_state_compilation,306699,CA,APPROVED,2020-04-15,WINDMILL CAPITAL ADVISER,WINDMILL CAPITAL ADVISER LLC
iapd,iapd_state_compilation,306763,CA,APPROVED,2024-11-27,BULL RUN INVESTMENT MANAGEMENT LLC,BULL RUN INVESTMENT MANAGEMENT LLC
iapd,iapd_state_compilation,306770,CA,APPROVED,2020-05-19,WELLACRE GLOBAL WEALTH ADVISORS,"WELLACRE WEALTH MANAGEMENT, LLC"
iapd,iapd_state_compilation,306780,CA,APPROVED,2019-12-20,WEALTH MANAGEMENT PARTNERS OF LOS ANGELES,"WEALTH MANAGEMENT PARTNERS OF LOS ANGELES, INC."
iapd,iapd_state_compilation,306836,CA,APPROVED,2020-01-17,GRIFFIN FINANCIAL,"GRIFFIN FINANCIAL, LLC"
iapd,iapd_state_compilation,306871,CA,APPROVED,2022-07-12,"ROMAN RETIREMENT PLANNING, LLC","ROMAN RETIREMENT PLANNING, LLC"
iapd,iapd_state_compilation,306879,CA,APPROVED,2020-03-25,LUKE CAPITAL,"LOBELKARIMI, LUCIAN, MOHSSIN"
iapd,iapd_state_compilation,306964,CA,APPROVED,2020-05-29,"TRUE FIDUCIARY CAPITAL, LLC","TRUE FIDUCIARY CAPITAL, LLC"
iapd,iapd_state_compilation,306983,CA,APPROVED,2020-05-22,MGN AND CO LLC,MGN AND CO LLC
iapd,iapd_state_compilation,307007,CA,APPROVED,2023-12-08,VETWORTH,FIVEPOINTS FINANCIAL PLANNING LLC
iapd,iapd_state_compilation,307039,CA,APPROVED,2021-07-16,ADVENTURE WEALTH ADVISORS,"ADVENTURE WEALTH ADVISORS, LLC"
iapd,iapd_state_compilation,307041,CA,APPROVED,2020-01-24,"BEACON PARK CAPITAL, LLC","BEACON PARK CAPITAL, LLC"
iapd,iapd_state_compilation,307059,CA,APPROVED,2023-02-22,GARRITT FINANCIAL SOLUTIONS LLC,GARRITT FINANCIAL SOLUTIONS LLC
iapd,iapd_state_compilation,307099,CA,APPROVED,2020-02-12,A.E.I. FINANCIAL GROUP,A E I FINANCIAL STRATEGIES INC.
iapd,iapd_state_compilation,307157,CA,APPROVED,2020-02-28,RETIREMENT INVESTMENT ADVISORS INC.,RETIREMENT INVESTMENT ADVISORS INC.
iapd,iapd_state_compilation,307223,CA,APPROVED,2020-03-02,KINGDOM CAPITAL MANAGEMENT,"KINGDOM CAPITAL MANAGEMENT, LLC"
iapd,iapd_state_compilation,307224,CA,APPROVED,2020-02-21,COASTAL CAPITAL ADVISORS,"COASTAL CAPITAL ADVISORS, LLC"
iapd,iapd_state_compilation,307228,CA,APPROVED,2020-06-29,SEA BREEZE ANALYTICS,ASAYESH  ALIREZA
iapd,iapd_state_compilation,307237,CA,APPROVED,2020-04-08,STEBNICKI FINANCIAL PLANNING,STEBNICKI FINANCIAL PLANNING LLC
iapd,iapd_state_compilation,307242,CA,APPROVED,2023-02-03,QUID CAPITAL,QUID CAPITAL LLC
iapd,iapd_state_compilation,307264,CA,APPROVED,2022-03-02,CLARITY FINANCIAL,"REEVES III, JARVIS M."
iapd,iapd_state_compilation,307269,CA,APPROVED,2020-04-02,"SCHMIDT, SCOTLAND","SCHMIDT,SCOTLAND,COTTIER"
iapd,iapd_state_compilation,307303,CA,APPROVED,2020-02-25,OZ WEALTH MANAGEMENT LLC,OZ WEALTH MANAGEMENT LLC
iapd,iapd_state_compilation,307305,CA,APPROVED,2020-04-01,MERTZ CAPITAL,"SOROKO, ADAM MICHAEL"
iapd,iapd_state_compilation,307327,CA,APPROVED,2023-11-09,LAUNCH FINANCIAL PLANNING,"LAUNCH FINANCIAL PLANNING, LLC"
iapd,iapd_state_compilation,307330,CA,APPROVED,2020-04-14,"JW GOLDEN GATE INVESTMENT, LLC","JW GOLDEN GATE INVESTMENT, LLC"
iapd,iapd_state_compilation,307384,CA,APPROVED,2020-02-28,SOESBE FINANCIAL,SOESBE FINANCIAL LLC
iapd,iapd_state_compilation,307413,CA,APPROVED,2020-06-30,ALPHA RISING ADVISORS LLC,ALPHA RISING ADVISORS LLC
iapd,iapd_state_compilation,307439,CA,APPROVED,2020-03-12,PARADOX INVESTMENT PARTNERS LLC,PARADOX INVESTMENT PARTNERS LLC
iapd,iapd_state_compilation,307469,CA,APPROVED,2021-02-24,"SCARECROW ADVISORS, LLC","SCARECROW ADVISORS, LLC"
iapd,iapd_state_compilation,307479,CA,APPROVED,2020-03-05,SAGE PATH SOLUTIONS,"BARBARA J NORMAN, LLC"
iapd,iapd_state_compilation,307497,CA,APPROVED,2025-01-02,ARC ADVISERS LLC,ARC ADVISERS LLC
iapd,iapd_state_compilation,307499,CA,APPROVED,2020-03-10,KEITH MCBRIDE FINANCIAL SERVICES INC.,KEITH MCBRIDE FINANCIAL SERVICES INC.
iapd,iapd_state_compilation,307514,CA,APPROVED,2020-11-03,VENDOME CAPITAL MANAGEMENT LLC,VENDOME CAPITAL MANAGEMENT LLC
iapd,iapd_state_compilation,307530,CA,APPROVED,2026-08-05,369 FINANCIAL LLC,369 FINANCIAL LLC
iapd,iapd_state_compilation,307536,CA,APPROVED,2020-02-21,BRIGHTWAY WEALTH PLANNING,"BILECKYJ, ADAM PETER"
iapd,iapd_state_compilation,307622,CA,APPROVED,2020-04-30,"WEALTH CAIRN, LLC","MU, PETER, SIZHONG"
iapd,iapd_state_compilation,307658,CA,APPROVED,2020-04-30,EUDAIMON WEALTH MANAGEMENT,"DANIELS, STEVEN, RICHARD"
iapd,iapd_state_compilation,307670,CA,APPROVED,2020-04-23,GRANITE CAPITAL WEALTH MANAGEMENT LLC,GRANITE CAPITAL WEALTH MANAGEMENT LLC
iapd,iapd_state_compilation,307733,CA,APPROVED,2020-05-21,"86 REPUBLIC, LLC","86 REPUBLIC, LLC"
iapd,iapd_state_compilation,307761,CA,APPROVED,2020-06-05,FSAQ CAPITAL MANAGEMENT LLC,FSAQ CAPITAL MANAGEMENT LLC
iapd,iapd_state_compilation,307768,CA,APPROVED,2020-04-22,BAYNES FINANCIAL LLC,BAYNES FINANCIAL LLC
iapd,iapd_state_compilation,307809,CA,APPROVED,2021-01-08,JACUMEN ASSET MANAGEMENT CORP.,JACUMEN ASSET MANAGEMENT CORP.
iapd,iapd_state_compilation,307838,CA,APPROVED,2021-01-20,PURPOSE CAPITAL ADVISORS,COASTAL REDWOOD SPIRITS INC.
iapd,iapd_state_compilation,307916,CA,APPROVED,2020-04-08,YOAKUM WEALTH MANAGEMENT,"YOAKUM, JEFFREY"
iapd,iapd_state_compilation,308029,CA,APPROVED,2020-06-17,"FOCUSED CAPITAL INVESTMENT, LLC","FOCUSED CAPITAL INVESTMENT, LLC"
iapd,iapd_state_compilation,308056,CA,APPROVED,2020-07-23,FIRSTLINE FINANCIAL LLC,FIRSTLINE FINANCIAL LLC
iapd,iapd_state_compilation,308061,CA,APPROVED,2022-03-30,"KTE CAPITAL MANAGEMENT, LLC","KTE CAPITAL MANAGEMENT, LLC"
iapd,iapd_state_compilation,308157,CA,APPROVED,2025-01-16,"AMC WEALTH MANAGEMENT, LLC","AMC WEALTH MANAGEMENT, LLC"
iapd,iapd_state_compilation,308170,CA,APPROVED,2024-11-13,AVANT-GARDE WEALTH,"AVANT-GARDE WEALTH, LLC"
iapd,iapd_state_compilation,308324,CA,APPROVED,2020-09-03,"CLARITY ADVISORS GROUP, INC.","CLARITY ADVISORS GROUP, INC."
iapd,iapd_state_compilation,308370,CA,APPROVED,2020-04-08,WHITE ASPEN CAPITAL LLC,WHITE ASPEN CAPITAL LLC
iapd,iapd_state_compilation,308385,CA,APPROVED,2020-07-01,ALDERS FINANCIAL SOLUTIONS,LOUIS F. BATMALE
iapd,iapd_state_compilation,308520,CA,APPROVED,2020-09-17,LAMARQUE ATLAS,"LAMARQUE ATLAS, LLC"
iapd,iapd_state_compilation,308575,CA,APPROVED,2020-09-03,VIDA PRIVATE WEALTH LLC,VIDA PRIVATE WEALTH LLC
iapd,iapd_state_compilation,308633,CA,APPROVED,2023-04-12,"CULTIVATE FINANCIAL WELLNESS, LLC","CULTIVATE FINANCIAL WELLNESS, LLC"
iapd,iapd_state_compilation,308877,CA,APPROVED,2025-09-12,THEORY PLANNING PARTNERS,"THEORY PLANNING PARTNERS, LLC"
iapd,iapd_state_compilation,308883,CA,APPROVED,2020-08-05,TURKEN INVESTMENTS LLC.,TURKEN INVESTMENTS LLC.
iapd,iapd_state_compilation,308915,CA,APPROVED,2021-09-16,WESTLAKE WEALTH MANAGEMENT LLC,WESTLAKE WEALTH MANAGEMENT LLC
iapd,iapd_state_compilation,308953,CA,APPROVED,2020-05-14,WESTSIDE FINANCIAL ADVISORS LLC,WESTSIDE FINANCIAL ADVISORS LLC
iapd,iapd_state_compilation,308954,CA,APPROVED,2020-05-07,MONTAGE FINANCIAL ADVISORS,MONTAGE FINANCIAL ADVISORS INC.
iapd,iapd_state_compilation,308973,CA,APPROVED,2020-05-07,PAUL EDWARD FRITCH CPA,"FRITCH, PAUL, EDWARD"
iapd,iapd_state_compilation,308998,CA,APPROVED,2020-06-04,ABACUS WEALTH INTERNATIONAL (AWI),"BARRETTO, JOSEPH NIEVERA"
iapd,iapd_state_compilation,309029,CA,APPROVED,2020-05-26,STRAIGHTWAY FINANCIAL LLC,STRAIGHTWAY FINANCIAL LLC
iapd,iapd_state_compilation,309062,CA,APPROVED,2020-06-04,STRATEON INTELLIGENT WEALTH LLC,STRATEON INTELLIGENT WEALTH LLC
iapd,iapd_state_compilation,309092,CA,APPROVED,2020-05-14,CARPE DIEM FINANCIAL LIFE PLANNING,"ARNE, ROBERT COURTLAND"
iapd,iapd_state_compilation,309102,CA,APPROVED,2020-06-05,AYLA CAPITAL,AYLA CAPITAL MANAGEMENT LLC
iapd,iapd_state_compilation,309117,CA,APPROVED,2024-04-05,TAILWIND FINANCIAL PLANNING LLC,TAILWIND FINANCIAL PLANNING LLC
iapd,iapd_state_compilation,309118,CA,APPROVED,2020-07-01,PINNACLE CAPITAL ADVISORS,"PINNACLE CAPITAL ADVISORS, LLC"
iapd,iapd_state_compilation,309129,CA,APPROVED,2025-02-28,401K ENGINEERS INC.,401K ENGINEERS INC.
iapd,iapd_state_compilation,309208,CA,APPROVED,2020-08-27,KB PRIVATE WEALTH MANAGEMENT GROUP,KB PRIVATE WEALTH MANAGEMENT GROUP LLC
iapd,iapd_state_compilation,309225,CA,APPROVED,2020-06-03,ATHOS CAPITAL ADVISORS,"ATHOS CAPITAL ADVISORS, LLC"
iapd,iapd_state_compilation,309253,CA,APPROVED,2023-07-21,JOHN NUCKEL LLC,JOHN NUCKEL LLC
iapd,iapd_state_compilation,309261,CA,APPROVED,2020-05-14,"WINDFALL ADVISORS, LLC","WINDFALL ADVISORS, LLC"
iapd,iapd_state_compilation,309267,CA,APPROVED,2020-08-03,"SALT CAPITAL WEALTH MANAGEMENT, LLC","SALT CAPITAL WEALTH MANAGEMENT, LLC"
iapd,iapd_state_compilation,309315,CA,APPROVED,2020-10-19,SHALOM GLOBAL CAPITAL GROUP LLC,SHALOM GLOBAL CAPITAL GROUP LLC
iapd,iapd_state_compilation,309356,CA,APPROVED,2020-07-23,RISE PRIVATE WEALTH ADVISORS,RISE PRIVATE WEALTH ADVISORS LLC
iapd,iapd_state_compilation,309396,CA,APPROVED,2021-03-17,"ARK WEALTH ADVISORS, LLC","ARK WEALTH ADVISORS, LLC"
iapd,iapd_state_compilation,309408,CA,APPROVED,2020-07-27,SHIFTING THE CULTURE WEALTH PARTNERS LLC,SHIFTING THE CULTURE WEALTH PARTNERS LLC
iapd,iapd_state_compilation,309433,CA,APPROVED,2023-04-19,SERENE POINT ADVISORS LLC,SERENE POINT ADVISORS LLC
iapd,iapd_state_compilation,309479,CA,APPROVED,2023-05-26,BMMS WEALTH ADVISORY LLC,BMMS WEALTH ADVISORY LLC
iapd,iapd_state_compilation,309523,CA,APPROVED,2020-08-31,"ALLMERITS ASSET, LLC","ALLMERITS ASSET, LLC"
iapd,iapd_state_compilation,309556,CA,APPROVED,2020-07-16,HAWK CAPITAL WEALTH MANAGEMENT LLC,HAWK CAPITAL WEALTH MANAGEMENT LLC
iapd,iapd_state_compilation,309558,CA,APPROVED,2020-06-25,DARKHORSE ADVISOR,"DARKHORSE ADVISOR, LLC."
iapd,iapd_state_compilation,309571,CA,APPROVED,2020-07-27,FIDUCIA WEALTH MANAGEMENT,FIDUCIA WEALTH MANAGEMENT
iapd,iapd_state_compilation,309636,CA,APPROVED,2022-01-01,ANALOG CAPITAL PARTNERS LLC,ANALOG CAPITAL PARTNERS LLC
iapd,iapd_state_compilation,309648,CA,APPROVED,2022-01-13,"CREATE, LLC","CREATE, LLC"
iapd,iapd_state_compilation,309689,CA,APPROVED,2023-09-08,ALLSTREET WEALTH,ALLSTREET WEALTH LLC
iapd,iapd_state_compilation,309690,CA,APPROVED,2023-02-09,"HUMANE INVESTING, LLC.","HUMANE INVESTING, LLC."
iapd,iapd_state_compilation,309694,CA,APPROVED,2022-07-22,"WEALTH MANAGEMENT ADVISORS RIA, INC.","WEALTH MANAGEMENT ADVISORS RIA, INC."
iapd,iapd_state_compilation,309744,CA,APPROVED,2020-07-16,TRUE WORTH FINANCIAL PLANNING LLC,TRUE WORTH FINANCIAL PLANNING LLC
iapd,iapd_state_compilation,309886,CA,APPROVED,2021-12-03,CHANAKYA BUSINESS VENTURES LLC,CHANAKYA BUSINESS VENTURES LLC
iapd,iapd_state_compilation,309888,CA,APPROVED,2021-01-01,QUINLEY STEWARDSHIP LLC,QUINLEY STEWARDSHIP LLC
iapd,iapd_state_compilation,309890,CA,APPROVED,2021-03-04,CROSS BORDER WEALTH ADVISORS,GERSTEN FINANCIAL PLANNING INC
iapd,iapd_state_compilation,309906,CA,APPROVED,2020-09-17,QTR CAPITAL MANAGEMENT LLC,QTR CAPITAL MANAGEMENT LLC
iapd,iapd_state_compilation,309970,CA,APPROVED,2021-01-01,ACTUARIAL DIRECT LLC,ACTUARIAL DIRECT LLC
iapd,iapd_state_compilation,310022,CA,APPROVED,2021-03-12,IRONCREST CAPITAL MANAGEMENT LLC,IRONCREST CAPITAL MANAGEMENT LLC
iapd,iapd_state_compilation,310062,CA,APPROVED,2020-08-13,CREATE YOUR PATH LLC,CREATE YOUR PATH LLC
iapd,iapd_state_compilation,310110,CA,APPROVED,2020-11-12,THE TIDES GROUP,"TOMPKINS, JR. GIFFORD LEON"
iapd,iapd_state_compilation,310170,CA,APPROVED,2020-10-09,"UNIQUE INVESTMENT ADVISORS, LLC","UNIQUE INVESTMENT ADVISORS, LLC"
iapd,iapd_state_compilation,310178,CA,APPROVED,2020-08-21,"REEVES, JAMES, TOWNSEND","REEVES, JAMES, TOWNSEND"
iapd,iapd_state_compilation,310192,CA,APPROVED,2019-09-16,FINANCIAL INTERNATIONAL,"R & R INTERNATIONAL ENTERPRISES, INC"
iapd,iapd_state_compilation,310219,CA,APPROVED,2020-10-01,BIRCHWOOD CAPITAL,BIRCHWOOD CAPITAL LLC
iapd,iapd_state_compilation,310270,CA,APPROVED,2020-09-09,THE RAFFIN GROUP LLC,THE RAFFIN GROUP LLC
iapd,iapd_state_compilation,310280,CA,APPROVED,2020-12-09,RADIANT WEALTH PLANNING,"RADIANT WEALTH PLANNING, LLC"
iapd,iapd_state_compilation,310282,CA,APPROVED,2020-10-09,PINECONE FINANCIAL,"KORMAN, JEREMY, NATHAN"
iapd,iapd_state_compilation,310286,CA,APPROVED,2020-12-16,TEMECULA VALLEY STOCK EXCHANGE,TEMECULA VALLEY STOCK EXCHANGE LLC
iapd,iapd_state_compilation,310315,CA,APPROVED,2020-10-26,"CREATIVE PLANNING SOLUTIONS, INC","CREATIVE PLANNING SOLUTIONS, INC"
iapd,iapd_state_compilation,310318,CA,APPROVED,2020-09-02,KENNETH DEAN & CO FINANCIAL ADVISORY SERVICES,"HINKLE, KENNETH DEAN"
iapd,iapd_state_compilation,310324,CA,APPROVED,2020-08-26,"DARRELL CAPITAL MANAGEMENT, LLC","DARRELL CAPITAL MANAGEMENT, LLC"
iapd,iapd_state_compilation,310389,CA,APPROVED,2021-02-24,"THE WEALTH COLLECTIVE, LLC","THE WEALTH COLLECTIVE, LLC"
iapd,iapd_state_compilation,310395,CA,APPROVED,2020-08-31,RR FINANCIAL MANAGEMENT LLC,RR FINANCIAL MANAGEMENT LLC
iapd,iapd_state_compilation,310412,CA,APPROVED,2020-11-05,MONEY COMPASS ADVISORS,MONEY COMPASS ADVISORS LLC
iapd,iapd_state_compilation,310458,CA,APPROVED,2024-09-19,ELGON FINANCIAL ADVISORS,ELGON FINANCIAL ADVISORS LLC
iapd,iapd_state_compilation,310511,CA,APPROVED,2021-04-27,ROCKSIDE INVESTMENTS LLC,ROCKSIDE INVESTMENTS LLC
iapd,iapd_state_compilation,310524,CA,APPROVED,2022-10-06,STEWARDS ASSET MANAGEMENT,STEWARDS ASSET MANAGEMENT LLC
iapd,iapd_state_compilation,310527,CA,APPROVED,2020-10-07,HOSKIN CAPITAL,"HOSKIN CAPITAL, LLC"
iapd,iapd_state_compilation,310560,CA,APPROVED,2020-10-21,IMAGINE FINANCIAL SERVICES,IMAGINE FINANCIAL SERVICES LLC
iapd,iapd_state_compilation,310586,CA,APPROVED,2020-09-30,CORYELL CAPITAL MANAGEMENT,CORYELL CAPITAL MANAGEMENT. LLC
iapd,iapd_state_compilation,310588,CA,APPROVED,2020-10-06,DYNAMIQUE CAPITAL ADVISORS,"DYNAMIQUE CAPITAL ADVISORS, LLC"
iapd,iapd_state_compilation,310621,CA,APPROVED,2020-10-29,"SHERWOOD OAK KNOLL, LLC","SHERWOOD OAK KNOLL, LLC"
iapd,iapd_state_compilation,310631,CA,APPROVED,2020-10-16,"TOLTON ASSET MANAGEMENT, LLC","TOLTON ASSET MANAGEMENT, LLC"
iapd,iapd_state_compilation,310652,CA,APPROVED,2020-10-20,TRUE ROOT FINANCIAL,TRUE ROOT FINANCIAL LLC
iapd,iapd_state_compilation,310684,CA,APPROVED,2020-09-28,SEAPORT WEALTH MANAGEMENT,"BALL, BRADLEY MAURICE"
iapd,iapd_state_compilation,310689,CA,APPROVED,2020-11-23,MORSE GROUP INVESTMENT ADVISORS,MORSE GROUP INVESTMENT ADVISORS LLC
iapd,iapd_state_compilation,310708,CA,APPROVED,2020-11-13,"BALANCED PLAN FINANCIAL INVESTMENT ADVISORS, INC.","BALANCED PLAN FINANCIAL INVESTMENT ADVISORS, INC."
iapd,iapd_state_compilation,310757,CA,APPROVED,2021-01-20,INTEGRITY ADVISERS LLC,INTEGRITY ADVISERS LLC
iapd,iapd_state_compilation,310763,CA,APPROVED,2020-11-04,"MONEY STRATEGIES, INC.","MONEY STRATEGIES, INC."
iapd,iapd_state_compilation,310771,CA,APPROVED,2020-09-24,HERMOSA WEALTH MANAGEMENT,HERMOSA INC.
iapd,iapd_state_compilation,310772,CA,APPROVED,2020-10-30,AVEC LLC,AVEC LLC
iapd,iapd_state_compilation,310850,CA,APPROVED,2021-02-19,"FINWELL, INC.","FINWELL, INC."
iapd,iapd_state_compilation,310852,CA,APPROVED,2020-10-20,"PETERKOFSKY, ROY","PETERKOFSKY, ROY ISAAC"
iapd,iapd_state_compilation,310857,CA,APPROVED,2020-11-13,GREEN ROOM PARTNERS LLC,GREEN ROOM PARTNERS LLC
iapd,iapd_state_compilation,310887,CA,APPROVED,2021-02-02,ABUNDANCE ADVISERS,ABUNDANCE WEALTH ADVISERS LLC
iapd,iapd_state_compilation,310901,CA,APPROVED,2021-07-20,"EMPOWERING FINANCE, LLC","EMPOWERING FINANCE, LLC"
iapd,iapd_state_compilation,310923,CA,APPROVED,2020-11-06,"STRIDER CAPITAL, LLC","STRIDER CAPITAL, LLC"
iapd,iapd_state_compilation,310957,CA,APPROVED,2026-02-23,DCG WEALTH MANAGEMENT,DCG ADVISORY LLC
iapd,iapd_state_compilation,310993,CA,APPROVED,2020-10-15,"TM WEALTH MANAGEMENT, LLC","TM WEALTH MANAGEMENT, LLC"
iapd,iapd_state_compilation,311022,CA,APPROVED,2022-05-02,ALCHEMY WEALTH MANAGEMENT,ALCHEMY WEALTH MANAGEMENT LLC
iapd,iapd_state_compilation,311040,CA,APPROVED,2024-11-07,"FOCAL  POINT FINANCIAL PLANNING, LLC","FOCAL  POINT FINANCIAL PLANNING, LLC"
iapd,iapd_state_compilation,311049,CA,APPROVED,2020-10-29,WEALTHDEVS,MICHAEL JOHN WUNSCH
iapd,iapd_state_compilation,311062,CA,APPROVED,2020-10-30,"VON HALLE, ALLAN","VON HALLE, ALLAN"
iapd,iapd_state_compilation,311073,CA,APPROVED,2021-05-26,30-40 WEALTH PARTNERS,"30-40 WEALTH PARTNERS, LLC"
iapd,iapd_state_compilation,311148,CA,APPROVED,2021-01-01,NINE GEMS INVESTMENT MANAGEMENT,NINE GEMS INVESTMENT MANAGEMENT
iapd,iapd_state_compilation,311159,CA,APPROVED,2020-11-19,AXIS POINT CAPITAL,"AXIS POINT CAPITAL, LLC"
iapd,iapd_state_compilation,311165,CA,APPROVED,2020-11-20,VALUETECH PRIVATE ADVISORS,VALUETECH PRIVATE ADVISORS LLC
iapd,iapd_state_compilation,311169,CA,APPROVED,2021-04-29,ROTH BUILDER INVESTMENTS,ROTH BUILDER INVESTMENTS LLC
iapd,iapd_state_compilation,311185,CA,APPROVED,2021-01-01,ON KEEL CAPITAL,ON KEEL CAPITAL LLC
iapd,iapd_state_compilation,311199,CA,APPROVED,2025-01-31,TRIUMPH PRIVATE WEALTH,TRIUMPH PRIVATE WEALTH LLC
iapd,iapd_state_compilation,311267,CA,APPROVED,2026-04-30,"TECH WEALTH, LLC","TECH WEALTH, LLC"
iapd,iapd_state_compilation,311270,CA,APPROVED,2021-01-01,ADUNA CAPITAL,ADUNA CAPITAL LLC
iapd,iapd_state_compilation,311307,CA,APPROVED,2020-11-10,MODERN MONEY MANAGEMENT LLC,MODERN MONEY MANAGEMENT LLC
iapd,iapd_state_compilation,311352,CA,APPROVED,2020-12-04,"GREENWOOD WEALTH MANAGEMENT, LLC","GREENWOOD WEALTH MANAGEMENT, LLC"
iapd,iapd_state_compilation,311430,CA,APPROVED,2021-04-15,RINCON WEALTH MANAGEMENT,"MAL-1 FINANCIAL, LLC"
iapd,iapd_state_compilation,311431,CA,APPROVED,2021-04-28,"ENVISIONX CAPITAL, LLC","ENVISIONX CAPITAL, LLC"
iapd,iapd_state_compilation,311441,CA,APPROVED,2025-05-23,VELMARK CAPITAL MANAGEMENT LLC,VELMARK CAPITAL MANAGEMENT LLC
iapd,iapd_state_compilation,311443,CA,APPROVED,2021-01-01,VALLON CAPITAL LLC,VALLON CAPITAL LLC
iapd,iapd_state_compilation,311474,CA,APPROVED,2021-01-26,FENUL WEALTH MANAGEMENT LLC,FENUL WEALTH MANAGEMENT LLC
iapd,iapd_state_compilation,311488,CA,APPROVED,2021-01-26,ZUMA WEALTH LLC,ZUMA WEALTH LLC
iapd,iapd_state_compilation,311500,CA,APPROVED,2021-03-29,HAYK CAPITAL,HAYK CAPITAL
iapd,iapd_state_compilation,311507,CA,APPROVED,2020-11-24,PILOT RETIREMENT ADVISORS,PILOT RETIREMENT ADVISORS LLC
iapd,iapd_state_compilation,311515,CA,APPROVED,2021-01-01,RAISE FINANCIAL ADVISORS LLC,RAISE FINANCIAL ADVISORS LLC
iapd,iapd_state_compilation,311522,CA,APPROVED,2021-03-17,"CARRINGTON ADVISORS, LLC","CARRINGTON ADVISORS, LLC"
iapd,iapd_state_compilation,311563,CA,APPROVED,2022-09-08,ENTENTVEST INC.,ENTENTVEST INC.
iapd,iapd_state_compilation,311567,CA,APPROVED,2021-01-01,MARINA WEALTH ADVISORS,"MARINA WEALTH ADVISORS, LLC"
iapd,iapd_state_compilation,311601,CA,APPROVED,2021-01-01,FRAME WEALTH MANAGEMENT,FRAME WEALTH MANAGEMENT LLC
iapd,iapd_state_compilation,311604,CA,APPROVED,2020-12-14,OAKGROWTH WEALTH MANAGEMENT LLC,OAKGROWTH WEALTH MANAGEMENT LLC
iapd,iapd_state_compilation,311610,CA,APPROVED,2021-02-25,LUPU FINANCIAL,"LUPU FINANCIAL SERVICES, LLC"
iapd,iapd_state_compilation,311626,CA,APPROVED,2022-05-10,CRAFTWORK CAPITAL LLC,CRAFTWORK CAPITAL LLC
iapd,iapd_state_compilation,311641,CA,APPROVED,2025-09-30,"VIM WEALTH MANAGEMENT, LLC","VIM WEALTH MANAGEMENT, LLC"
iapd,iapd_state_compilation,311660,CA,APPROVED,2020-12-22,DRS FINANCIAL PARTNERS LLC,DRS FINANCIAL PARTNERS LLC
iapd,iapd_state_compilation,311674,CA,APPROVED,2020-12-22,CHIMERA WEALTH,CHIMERA WEALTH LLC
iapd,iapd_state_compilation,311742,CA,APPROVED,2022-07-28,"GRINNELL CAPITAL, LLC","GRINNELL CAPITAL, LLC"
iapd,iapd_state_compilation,311827,CA,APPROVED,2021-02-22,KEY FOCUS WEALTH LLC,KEY FOCUS WEALTH LLC
iapd,iapd_state_compilation,311884,CA,APPROVED,2021-01-26,MERITAGE WEALTH MANAGEMENT,MERITAGE WEALTH MANAGEMENT LLC
iapd,iapd_state_compilation,311923,CA,APPROVED,2021-03-16,CAPO CREEK FINANCIAL SOLUTIONS,PIERRE JACQUES GENDREAU
iapd,iapd_state_compilation,311975,CA,APPROVED,2021-08-30,SOLOMON AND ASSOCIATES LLC,"SOLOMON AND ASSOCIATES, LLC"
iapd,iapd_state_compilation,311994,CA,APPROVED,2021-03-10,FADE IN FINANCIAL,FADE IN FINANCIAL LLC
iapd,iapd_state_compilation,312012,CA,APPROVED,2021-01-29,"GL TRUST, INC.","GL TRUST, INC."
iapd,iapd_state_compilation,312033,CA,APPROVED,2021-01-22,CADGER TAX AND FINANCIAL INC.,CADGER TAX AND FINANCIAL INC.
iapd,iapd_state_compilation,312049,CA,APPROVED,2022-03-10,"CHOICE FINANCIAL & INSURANCE SERVICES, INC.","CHOICE FINANCIAL & INSURANCE SERVICES, INC."
iapd,iapd_state_compilation,312085,CA,APPROVED,2021-03-02,FIREPLACE FINANCIAL INC,FIREPLACE FINANCIAL INC
iapd,iapd_state_compilation,312088,CA,APPROVED,2021-07-09,CAVALOT CAPITAL,CAVALOT CAPITAL LLC
iapd,iapd_state_compilation,312098,CA,APPROVED,2021-02-04,DAWSON INVESTMENT MANAGEMENT,"DAWSON, ROBERT, B."
iapd,iapd_state_compilation,312140,CA,APPROVED,2026-01-23,ESSEX ADVISORY,ESSEX ADVISORY LLC
iapd,iapd_state_compilation,312183,CA,APPROVED,2022-02-02,"ANDREY, DOUGLAS","ANDREY, DOUGLAS, GEORGE"
iapd,iapd_state_compilation,312185,CA,APPROVED,2026-05-08,"WAVE WEALTH PLANNING, LLC","WAVE WEALTH PLANNING, LLC"
iapd,iapd_state_compilation,312244,CA,APPROVED,2022-07-25,SHIFT TO IMPACT,"SHIFT TO IMPACT, LLC"
iapd,iapd_state_compilation,312337,CA,APPROVED,2021-05-27,FORTITUDE ADVISORS AND ACCOUNTING INC,FORTITUDE ADVISORS AND ACCOUNTING INC
iapd,iapd_state_compilation,312343,CA,APPROVED,2021-04-29,SUNPATH FINANCIAL,SUNPATH FINANCIAL GROUP INCORPORATED
iapd,iapd_state_compilation,312345,CA,APPROVED,2021-03-12,"EVERGREEN CAPITAL HOLDINGS, LLC","EVERGREEN CAPITAL HOLDINGS, LLC"
iapd,iapd_state_compilation,312367,CA,APPROVED,2021-02-02,77 FINANCIAL GROUP,77 FINANCIAL GROUP LLC
iapd,iapd_state_compilation,312375,CA,APPROVED,2021-03-08,POINT4WARD FINANCIAL PLANNING,"POINT4WARD FINANCIAL PLANNING, LLC"
iapd,iapd_state_compilation,312447,CA,APPROVED,2024-01-10,CAPITAL UNITED INVESTMENTS LLC,CAPITAL UNITED INVESTMENTS LLC
iapd,iapd_state_compilation,312487,CA,APPROVED,2021-04-08,HENTCH SOLUTIONS,"HENTCH, INC."
iapd,iapd_state_compilation,312496,CA,APPROVED,2021-03-16,"RLS PRIVATE WEALTH CONSULTING, INC.","RLS PRIVATE WEALTH CONSULTING, INC."
iapd,iapd_state_compilation,312559,CA,APPROVED,2021-10-13,GAOAN CAPITAL MANAGEMENT LLC,GAOAN CAPITAL MANAGEMENT LLC
iapd,iapd_state_compilation,312562,CA,APPROVED,2021-02-18,AIS ASSET MANAGEMENT,"ADVANCED INVESTMENT STRATEGIES, LLC"
iapd,iapd_state_compilation,312570,CA,APPROVED,2021-03-26,RAYMOND LIAO INVESTMENT ADVISOR,"LIAO, FAI HUNG"
iapd,iapd_state_compilation,312600,CA,APPROVED,2021-03-23,FREW STREET CAPITAL,FREW STREET CAPITAL MANAGEMENT LLC
iapd,iapd_state_compilation,312656,CA,APPROVED,2021-03-12,JAR ADVISOR,JAR.AI LLC
iapd,iapd_state_compilation,312659,CA,APPROVED,2021-03-04,DOTCH CAPITAL,THE DOTCH CAPITAL CORPORATION
iapd,iapd_state_compilation,312663,CA,APPROVED,2021-02-19,ONUS OBSERVER LLC,ONUS OBSERVER LLC
iapd,iapd_state_compilation,312671,CA,APPROVED,2021-05-07,EFC WEALTH MANAGEMENT FIRM LLC,EFC WEALTH MANAGEMENT FIRM LLC
iapd,iapd_state_compilation,312680,CA,APPROVED,2021-11-23,INFLECTION RETIREMENT SERVICES,"INFLECTION RETIREMENT SERVICES, INC."
iapd,iapd_state_compilation,312689,CA,APPROVED,2021-05-05,"SUTTER CAPITAL PARTNERS, LLC","SUTTER CAPITAL PARTNERS, LLC"
iapd,iapd_state_compilation,312732,CA,APPROVED,2024-06-05,OPTIMUM RETIREMENT PLANNING LLC,OPTIMUM RETIREMENT PLANNING LLC
iapd,iapd_state_compilation,312745,CA,APPROVED,2021-05-14,AVIDITY CAPITAL,AVIDITY CAPITAL INC.
iapd,iapd_state_compilation,312782,CA,APPROVED,2021-07-26,MALONE WEALTH VENTURES LLC,MALONE WEALTH VENTURES LLC
iapd,iapd_state_compilation,312793,CA,APPROVED,2021-03-23,"KLESIS ADVISORS, LLC","KLESIS ADVISORS, LLC"
iapd,iapd_state_compilation,312839,CA,APPROVED,2021-04-02,TEMPLEMAN WEALTH MANAGEMENT INC.,TEMPLEMAN WEALTH MANAGEMENT INC.
iapd,iapd_state_compilation,312852,CA,APPROVED,2021-05-26,THE BUTTERFIELD GROUP LLC,THE BUTTERFIELD GROUP LLC
iapd,iapd_state_compilation,313069,CA,APPROVED,2021-03-30,PACIFIC STREET ADVISORS LLC,PACIFIC STREET ADVISORS LLC
iapd,iapd_state_compilation,313112,CA,APPROVED,2021-08-12,"DO, LEN D","DO, LEN D"
iapd,iapd_state_compilation,313133,CA,APPROVED,2025-05-06,FIRST DOWN FINANCIAL,"FIRST DOWN FINANCIAL, INC."
iapd,iapd_state_compilation,313150,CA,APPROVED,2021-04-13,PRESIDIO FINANCIAL ADVISORS LLC,PRESIDIO FINANCIAL ADVISORS LLC
iapd,iapd_state_compilation,313152,CA,APPROVED,2025-01-01,MOAT CAPITAL,MOAT CAPITAL LLC
iapd,iapd_state_compilation,313190,CA,APPROVED,2021-11-23,"AIONIOS CAPITAL PARTNERS, LLC","AIONIOS CAPITAL PARTNERS, LLC"
iapd,iapd_state_compilation,313194,CA,APPROVED,2021-04-06,GOLZAR INVESTMENT GROUP LLC,GOLZAR INVESTMENT GROUP LLC
iapd,iapd_state_compilation,313218,CA,APPROVED,2023-05-17,KMI WEALTH ADVISORS,KMI WEALTH LLC
iapd,iapd_state_compilation,313231,CA,APPROVED,2025-07-11,COULEUR INVESTMENTS,COULEUR INVESTMENTS LLC
iapd,iapd_state_compilation,313233,CA,APPROVED,2021-06-03,MOMENTUM FINANCIAL AND INSURANCE SERVICES LLC,MOMENTUM FINANCIAL AND INSURANCE SERVICES LLC
iapd,iapd_state_compilation,313243,CA,APPROVED,2021-05-27,CENTER PILLAR WEALTH MANAGEMENT LLC,CENTER PILLAR WEALTH MANAGEMENT LLC
iapd,iapd_state_compilation,313258,CA,APPROVED,2021-04-13,THE CURTIS COMPANY,"CURTIS, DAVID SCOTT"
iapd,iapd_state_compilation,313300,CA,APPROVED,2026-08-07,RASKIN GLOBAL INC.,RASKIN GLOBAL INC.
iapd,iapd_state_compilation,313395,CA,APPROVED,2021-06-17,GNRFUNDS LLC,GNRFUNDS LLC
iapd,iapd_state_compilation,313416,CA,APPROVED,2024-11-07,"INHERENT WEALTH FUND, LLC","INHERENT WEALTH FUND, LLC"
iapd,iapd_state_compilation,313422,CA,APPROVED,2021-06-08,SPRECKELS WEALTH MANAGEMENT,"SPRECKELS WEALTH MANAGEMENT, LLC"
iapd,iapd_state_compilation,313427,CA,APPROVED,2021-09-14,HDQ WEALTH,HDQ WEALTH LLC
iapd,iapd_state_compilation,313539,CA,APPROVED,2021-06-08,"BUILDING EQUITIES, LLC","BUILDING EQUITIES, LLC"
iapd,iapd_state_compilation,313554,CA,APPROVED,2021-04-09,"AUSTIN CREEK CAPITAL, LLC","AUSTIN CREEK CAPITAL, LLC"
iapd,iapd_state_compilation,313570,CA,APPROVED,2025-01-13,WAYS INVESTMENT ADVISORS LLC,WAYS INVESTMENT ADVISORS LLC
iapd,iapd_state_compilation,313915,CA,APPROVED,2021-05-05,D. MOSS WEALTH MANAGEMENT,DARREN MOSS WEALTH MANAGEMENT LLC
iapd,iapd_state_compilation,313918,CA,APPROVED,2021-09-10,GREATER GOOD FINANCIAL,GREATER GOOD FINANCIAL LLC
iapd,iapd_state_compilation,313944,CA,APPROVED,2024-04-08,KAYLIN DILLON FINANCIAL PLANNING,KAYLIN DILLON FINANCIAL PLANNING LLC
iapd,iapd_state_compilation,314022,CA,APPROVED,2023-09-18,1823 WEALTH MANAGEMENT LLC,1823 WEALTH MANAGEMENT LLC
iapd,iapd_state_compilation,314067,CA,APPROVED,2021-06-22,TUSHAUS WEALTH MANAGEMENT,TUSHAUS GROUP LLC
iapd,iapd_state_compilation,314110,CA,APPROVED,2021-06-08,GRANDVA CAPITAL LLC,GRANDVA CAPITAL LLC
iapd,iapd_state_compilation,314193,CA,APPROVED,2024-03-01,CADENZA FINANCIAL PLANNING,CADENZA FINANCIAL PLANNING LLC
iapd,iapd_state_compilation,314200,CA,APPROVED,2022-05-24,SNAKE RIVER INVESTMENT COUNSEL LLC,SNAKE RIVER INVESTMENT COUNSEL LLC
iapd,iapd_state_compilation,314340,CA,APPROVED,2025-01-08,STEWARD INC.,STEWARD INC.
iapd,iapd_state_compilation,314363,CA,APPROVED,2021-07-19,VERITAS FINANCIAL CONSULTING LLC,VERITAS FINANCIAL CONSULTING LLC
iapd,iapd_state_compilation,314384,CA,APPROVED,2021-05-14,FARM GIRL CAPITAL LLC,FARM GIRL CAPITAL LLC
iapd,iapd_state_compilation,314404,CA,APPROVED,2021-09-09,TIGER MOUNTAIN CAPITAL,"TIGER MOUNTAIN CAPITAL, LLC"
iapd,iapd_state_compilation,314414,CA,APPROVED,2021-06-15,THRIVE PORTFOLIOS,"THRIVE PORTFOLIOS, INC."
iapd,iapd_state_compilation,314588,CA,APPROVED,2021-12-07,"INGEN STRATEGIES, LLC","INGEN STRATEGIES, LLC"
iapd,iapd_state_compilation,314653,CA,APPROVED,2023-02-17,"PROMETHEUS FINANCIAL ADVISORS, LLC","PROMETHEUS FINANCIAL ADVISORS, LLC"
iapd,iapd_state_compilation,314658,CA,APPROVED,2025-03-10,"MI4 CAPITAL, LLC","MI4 CAPITAL, LLC"
iapd,iapd_state_compilation,314665,CA,APPROVED,2021-07-21,BOULEVARD INVESTMENT MANAGEMENT LLC,BOULEVARD INVESTMENT MANAGEMENT LLC
iapd,iapd_state_compilation,314711,CA,APPROVED,2021-10-07,BMCM FINANCE,BMCM FINANCE
iapd,iapd_state_compilation,314725,CA,APPROVED,2021-06-14,"BLUEWATER WEALTH MANAGEMENT, LLC","BLUEWATER WEALTH MANAGEMENT, LLC"
iapd,iapd_state_compilation,314744,CA,APPROVED,2021-07-12,LUSKIN FINANCIAL PLANNING,"JON LUSKIN, LLC"
iapd,iapd_state_compilation,314797,CA,APPROVED,2021-09-23,CDB ADVISORY & CONSULTING,"BLANCHARD, CHRISTINE DARLENE"
iapd,iapd_state_compilation,314812,CA,APPROVED,2021-07-14,POWERING YOUR RETIREMENT,"POWERING YOUR RETIREMENT, LLC"
iapd,iapd_state_compilation,314830,CA,APPROVED,2021-10-14,"CREATE WEALTH MANAGEMENT, LLC","CREATE WEALTH MANAGEMENT, LLC"
iapd,iapd_state_compilation,314871,CA,APPROVED,2022-01-01,MAAXIOM CAPITAL LLC,MAAXIOM CAPITAL LLC
iapd,iapd_state_compilation,314880,CA,APPROVED,2024-05-29,UPBEAT WEALTH,"UPBEAT WEALTH, LLC"
iapd,iapd_state_compilation,314892,CA,APPROVED,2021-12-24,FAIRWAY CAPITAL ADVISORS,"FAIRWAY CAPITAL ADVISORS, LLC"
iapd,iapd_state_compilation,314931,CA,APPROVED,2022-01-05,"PEDICORD WEALTH MANAGEMENT, LLC","PEDICORD WEALTH MANAGEMENT, LLC"
iapd,iapd_state_compilation,314950,CA,APPROVED,2021-06-25,"KELSEY FINANCIAL, LLC","KELSEY FINANCIAL, LLC"
iapd,iapd_state_compilation,315012,CA,APPROVED,2021-10-12,FOUNDATION ASSOCIATES ASSET MANAGEMENT INC.,FOUNDATION ASSOCIATES ASSET MANAGEMENT INC.
iapd,iapd_state_compilation,315033,CA,APPROVED,2021-08-06,LUMA FINANCIAL,LUMA FINANCIAL LLC
iapd,iapd_state_compilation,315059,CA,APPROVED,2024-01-23,DOUGLAS CAPITAL ADVISORS,"DOUGLAS CAPITAL ADVISORS, LLC"
iapd,iapd_state_compilation,315095,CA,APPROVED,2021-07-06,GXII INC.,GXII INC.
iapd,iapd_state_compilation,315096,CA,APPROVED,2021-08-18,"HAFNIA FINANCIAL, INC.","HAFNIA FINANCIAL, INC."
iapd,iapd_state_compilation,315111,CA,APPROVED,2021-08-19,AMORETTI CAPITAL MANAGEMENT,AMORETTI CAPITAL MANAGEMENT
iapd,iapd_state_compilation,315149,CA,APPROVED,2021-08-18,MCCANN INVESTMENT MANAGEMENT LLC,MCCANN INVESTMENT MANAGEMENT LLC
iapd,iapd_state_compilation,315157,CA,APPROVED,2021-11-12,"GOLDEN LION WEALTH MANAGEMENT, LLC","GOLDEN LION WEALTH MANAGEMENT, LLC"
iapd,iapd_state_compilation,315242,CA,APPROVED,2021-08-23,DEVELOPING FINANCIAL,DEVELOPING FINANCIAL LLC
iapd,iapd_state_compilation,315319,CA,APPROVED,2021-09-30,ADVISORS ON CALL,"ADVISORS ON CALL, LLC"
iapd,iapd_state_compilation,315349,CA,APPROVED,2023-08-31,PAVILION FINANCIAL PLANNING,PAVILION FINANCIAL PLANNING LLC
iapd,iapd_state_compilation,315390,CA,APPROVED,2021-08-09,WONDER WEALTH LLC,WONDER WEALTH LLC
iapd,iapd_state_compilation,315447,CA,APPROVED,2021-07-20,WHITE SAIL ADVISORS LLC,WHITE SAIL ADVISORS LLC
iapd,iapd_state_compilation,315455,CA,APPROVED,2021-08-03,PALE BLUE CAPITAL LLC,PALE BLUE CAPITAL LLC
iapd,iapd_state_compilation,315473,CA,APPROVED,2026-01-15,EMANCIPARE INVESTMENT ADVISORS,EMANCIPARE INVESTMENT ADVISORS LLC
iapd,iapd_state_compilation,315518,CA,APPROVED,2021-09-01,ALLEN JAMES FINANCIAL LLC,ALLEN JAMES FINANCIAL LLC
iapd,iapd_state_compilation,315520,CA,APPROVED,2021-09-08,STRONG BRIDGE ADVISORS LLC,STRONG BRIDGE ADVISORS LLC
iapd,iapd_state_compilation,315542,CA,APPROVED,2022-01-01,STRONGSIDE ASSET MANAGEMENT LLC,STRONGSIDE ASSET MANAGEMENT LLC
iapd,iapd_state_compilation,315567,CA,APPROVED,2021-08-24,"UP&UP CAPITAL, INC.","UP&UP CAPITAL, INC."
iapd,iapd_state_compilation,315620,CA,APPROVED,2021-10-27,COLVA CAPITAL LLC,COLVA CAPITAL LLC
iapd,iapd_state_compilation,315690,CA,APPROVED,2021-07-30,SHUCHA WEALTH MANAGEMENT LLC,SHUCHA WEALTH MANAGEMENT LLC
iapd,iapd_state_compilation,315693,CA,APPROVED,2022-01-27,LEE CAPITAL MANAGEMENT #1 LLC,LEE CAPITAL MANAGEMENT #1 LLC
iapd,iapd_state_compilation,315743,CA,APPROVED,2021-08-24,THE FINANCIAL ARCHITECTS WEALTH MANAGEMENT LLC,THE FINANCIAL ARCHITECTS WEALTH MANAGEMENT LLC
iapd,iapd_state_compilation,315744,CA,APPROVED,2022-01-11,THINK DIFFERENT WEALTH ADVISORS LLC,THINK DIFFERENT WEALTH ADVISORS LLC
iapd,iapd_state_compilation,315763,CA,APPROVED,2021-10-12,STRONGHOLD CAPITAL PARTNERS LLC,STRONGHOLD CAPITAL PARTNERS LLC
iapd,iapd_state_compilation,315826,CA,APPROVED,2022-10-14,ILIAD WEALTH SOLUTIONS,ILIAD WEALTH SOLUTIONS LLC
iapd,iapd_state_compilation,315850,CA,APPROVED,2021-10-07,BLUEPOINT WEALTH ADVISORS,"BLUEPOINT WEALTH ADVISORS, LLC"
iapd,iapd_state_compilation,315883,CA,APPROVED,2021-10-06,FINANCIAL COUNSELING RESOURCES LLC,FINANCIAL COUNSELING RESOURCES LLC
iapd,iapd_state_compilation,315907,CA,APPROVED,2021-08-31,GLOBAL WEALTH HARBOR,GLOBAL WEALTH HARBOR LLC
iapd,iapd_state_compilation,315915,CA,APPROVED,2023-05-22,RCA WEALTH STRATEGIES LLC,RCA WEALTH STRATEGIES LLC
iapd,iapd_state_compilation,315961,CA,APPROVED,2021-09-03,ALOHA WEALTH PARTNERS,"ALOHA WEALTH, LLC"
iapd,iapd_state_compilation,315970,CA,APPROVED,2025-03-10,COPLANNING FINANCIAL LLC,COPLANNING FINANCIAL LLC
iapd,iapd_state_compilation,315973,CA,APPROVED,2025-06-06,LYMANWEALTH LLC,LYMANWEALTH LLC
iapd,iapd_state_compilation,315984,CA,APPROVED,2025-10-20,MACFARLANE INVESTORS,MACFARLANE INVESTORS LLC
iapd,iapd_state_compilation,316011,CA,APPROVED,2022-07-12,"CATEY, INC.","CATEY, INC."
iapd,iapd_state_compilation,316022,CA,APPROVED,2022-02-09,AMPLIFIED ALPHA,AMPLIFIED ALPHA CAPITAL MANAGEMENT LLC
iapd,iapd_state_compilation,316031,CA,APPROVED,2022-06-30,MCDONALD HARTMAN WEALTH ADVISORS,MCDONALD HARTMAN FINANCIAL GROUP INC
iapd,iapd_state_compilation,316038,CA,APPROVED,2022-07-05,EVOLVE WEALTH ADVISORS LP,EVOLVE WEALTH ADVISORS LP
iapd,iapd_state_compilation,316085,CA,APPROVED,2021-10-26,THE PLAYBOOK ADVIZOR,"PLAYBOOK ADVISORY GROUP, LLC"
iapd,iapd_state_compilation,316134,CA,APPROVED,2021-09-03,GLOBAL INVESTMENT CAPITAL LLC,GLOBAL INVESTMENT CAPITAL LLC
iapd,iapd_state_compilation,316167,CA,APPROVED,2021-09-13,INVESTEDGE PLANNING,INVESTEDGE PLANNING LLC
iapd,iapd_state_compilation,316171,CA,APPROVED,2021-09-21,LAGUNA COAST CAPITAL,AMERICAN GROWTH CITIES LLC
iapd,iapd_state_compilation,316180,CA,APPROVED,2025-02-10,"MIDWAY PARTNERS CAPITAL MANAGEMENT, LLC","MIDWAY PARTNERS CAPITAL MANAGEMENT, LLC"
iapd,iapd_state_compilation,316222,CA,APPROVED,2026-07-31,UNITY WEALTH PARTNERS,UNITY WEALTH PARTNERS LLC
iapd,iapd_state_compilation,316248,CA,APPROVED,2021-09-20,NEW PHASE FINANCIAL,"BARTELS, ROBERT HANS"
iapd,iapd_state_compilation,316253,CA,APPROVED,2021-09-10,PASHMAN FINANCIAL LLC,PASHMAN FINANCIAL LLC
iapd,iapd_state_compilation,316259,CA,APPROVED,2024-03-08,EAGLE INVESTORS LLC,EAGLE INVESTORS LLC
iapd,iapd_state_compilation,316268,CA,APPROVED,2026-09-24,BOLD VISION FINANCIAL,"AUTHENTIC CAPITAL, LLC"
iapd,iapd_state_compilation,316349,CA,APPROVED,2022-02-09,SPARK FINANCIALS LLC,SPARK FINANCIALS LLC
iapd,iapd_state_compilation,316432,CA,APPROVED,2024-01-01,BRENNAN CAPITAL MANAGEMENT LLC,BRENNAN CAPITAL MANAGEMENT LLC
iapd,iapd_state_compilation,316454,CA,APPROVED,2023-03-23,CENTURION FINANCIAL STRATEGIES LLC,CENTURION FINANCIAL STRATEGIES LLC
iapd,iapd_state_compilation,316458,CA,APPROVED,2022-05-18,"DELTA CAPITAL INVESTMENTS, LLC","DELTA CAPITAL INVESTMENTS, LLC"
iapd,iapd_state_compilation,316460,CA,APPROVED,2022-07-27,DONNELLY INVESTMENTS,DONNELLY INVESTMENTS LLC
iapd,iapd_state_compilation,316484,CA,APPROVED,2021-11-02,DESTEFANO WEALTH MANAGEMENT,"DESTEFANO WEALTH MANAGEMENT, LLC"
iapd,iapd_state_compilation,316508,CA,APPROVED,2021-09-21,BRIDGE THE GAP RETIREMENT PLANNERS,BRIDGE THE GAP RETIREMENT PLANNERS LLC
iapd,iapd_state_compilation,316517,CA,APPROVED,2021-11-09,FORWARD FINANCIAL LLC,FORWARD FINANCIAL LLC
iapd,iapd_state_compilation,316530,CA,APPROVED,2024-05-29,"KINGDOM CAPITAL ADVISORS, LLC","KINGDOM CAPITAL ADVISORS, LLC"
iapd,iapd_state_compilation,316605,CA,APPROVED,2024-09-19,CONKLIN SHURE FINANCIAL,CONKLIN SHURE FINANCIAL LLC
iapd,iapd_state_compilation,316620,CA,APPROVED,2026-07-23,ALPHAPLUS WEALTH MANAGEMENT LLC,ALPHAPLUS WEALTH MANAGEMENT LLC
iapd,iapd_state_compilation,316661,CA,APPROVED,2021-12-10,PFL PARTNERS LLC,PFL PARTNERS LLC
iapd,iapd_state_compilation,316667,CA,APPROVED,2022-05-04,XINDE ASSET MANAGEMENT LIMITED,XINDE ASSET MANAGEMENT LIMITED
iapd,iapd_state_compilation,316668,CA,APPROVED,2023-05-15,BALLASTER FINANCIAL,BALLASTER FINANCIAL LLC
iapd,iapd_state_compilation,316681,CA,APPROVED,2021-10-15,AMARAL FINANCIAL PLANNING,AMARAL FINANCIAL PLANNING
iapd,iapd_state_compilation,316684,CA,APPROVED,2021-11-02,"SPEARHEAD ADVISORS, LLC","SPEARHEAD ADVISORS, LLC"
iapd,iapd_state_compilation,316688,CA,APPROVED,2021-10-21,HELM INVESTMENT,RIO OAKS LLC
iapd,iapd_state_compilation,316705,CA,APPROVED,2022-05-03,"FAVOR WEALTH ADVISORS, LLC","FAVOR WEALTH ADVISORS, LLC"
iapd,iapd_state_compilation,316717,CA,APPROVED,2021-11-01,CREATE MY WEALTH LLC,CREATE MY WEALTH LLC
iapd,iapd_state_compilation,316741,CA,APPROVED,2024-04-23,"JULIUS WEALTH ADVISORS, LLC","JULIUS WEALTH ADVISORS, LLC"
iapd,iapd_state_compilation,316790,CA,APPROVED,2024-06-05,TRUE EQUITY WEALTH MANAGEMENT LLC,TRUE EQUITY WEALTH MANAGEMENT LLC
iapd,iapd_state_compilation,316854,CA,APPROVED,2025-01-10,BASIS POINT INVESTMENTS,"MCCARTHY, JOHN, F"
iapd,iapd_state_compilation,316858,CA,APPROVED,2026-04-30,"STRATEGIC ADVOCATES, LLC","STRATEGIC ADVOCATES, LLC"
iapd,iapd_state_compilation,316923,CA,APPROVED,2025-07-01,KINDNESS FINANCIAL PLANNING,"KINDNESS FINANCIAL PLANNING, LLC"
iapd,iapd_state_compilation,316944,CA,APPROVED,2023-02-06,"CLOVIS WEALTH PARTNERS, LLC","CLOVIS WEALTH PARTNERS, LLC"
iapd,iapd_state_compilation,316967,CA,APPROVED,2021-12-02,TAIBAY WEALTH MANAGEMENT LLC,TAIBAY WEALTH MANAGEMENT LLC
iapd,iapd_state_compilation,316968,CA,APPROVED,2022-04-14,"PURPOSE FIRST FINANCIAL, LLC","PURPOSE FIRST FINANCIAL, LLC"
iapd,iapd_state_compilation,316986,CA,APPROVED,2022-01-14,DOLLAR SIGN VENTURES LLC,DOLLAR SIGN VENTURES LLC
iapd,iapd_state_compilation,317000,CA,APPROVED,2021-11-09,"HONOR FAMILY OFFICE, LLC","HONOR FAMILY OFFICE, LLC"
iapd,iapd_state_compilation,317002,CA,APPROVED,2022-04-19,"BAROLDI WOOD MANCE FINANCIAL ADVISORS, LLC","BAROLDI WOOD MANCE FINANCIAL ADVISORS, LLC"
iapd,iapd_state_compilation,317029,CA,APPROVED,2021-11-22,SWELL FINANCIAL,"SWELL FINANCIAL, INC."
iapd,iapd_state_compilation,317189,CA,APPROVED,2022-06-08,"AUGUSTUS WEALTH, LLC","AUGUSTUS WEALTH, LLC"
iapd,iapd_state_compilation,317284,CA,APPROVED,2022-01-06,J WARD FINANCIAL,"J. WARD FINANCIAL SERVICES, LLC"
iapd,iapd_state_compilation,317286,CA,APPROVED,2021-11-30,OPTOMETRY WEALTH ADVISORS LLC,OPTOMETRY WEALTH ADVISORS LLC
iapd,iapd_state_compilation,317317,CA,APPROVED,2021-11-30,COFFEEHOUSE CAPITAL,COFFEEHOUSE CAPITAL LLC
iapd,iapd_state_compilation,317332,CA,APPROVED,2024-03-29,HAMPTON PARK FINANCIAL PLANNERS,HAMPTON PARK FINANCIAL PLANNING LLC
iapd,iapd_state_compilation,317343,CA,APPROVED,2022-10-13,LAW OFFICE OF JAMIE TOWNSEND,"TOWNSEND, JAMIE"
iapd,iapd_state_compilation,317351,CA,APPROVED,2022-01-01,HESPERIAN WEALTH,HESPERIAN WEALTH LLC
iapd,iapd_state_compilation,317363,CA,APPROVED,2022-03-30,FOX & HOLLAND INVESTING LLC,FOX & HOLLAND INVESTING LLC
iapd,iapd_state_compilation,317414,CA,APPROVED,2021-12-02,WHISPER FINANCIAL,WHISPER FINANCIAL LLC
iapd,iapd_state_compilation,317443,CA,APPROVED,2022-01-07,NURTURE INVESTMENT STRATEGIES LLC,NURTURE INVESTMENT STRATEGIES LLC
iapd,iapd_state_compilation,317444,CA,APPROVED,2022-08-24,MILLS FINANCIAL GROUP,"MILLS, MICHAEL PRESTON"
iapd,iapd_state_compilation,317454,CA,APPROVED,2022-01-06,FINANCIAL PLANNING ASSOCIATES,"MCCOURT, DANIEL IRVIN"
iapd,iapd_state_compilation,317462,CA,APPROVED,2022-01-06,ARAGON ADVISORS,"ARAGON ASSET MANAGEMENT, LLC"
iapd,iapd_state_compilation,317481,CA,APPROVED,2022-02-15,"ELITE WEALTH MANAGEMENT, LLC","ELITE WEALTH MANAGEMENT, LLC"
iapd,iapd_state_compilation,317484,CA,APPROVED,2024-07-31,SUN GLOBAL LLC,SUN GLOBAL LLC
iapd,iapd_state_compilation,317535,CA,APPROVED,2022-06-22,MERINO WEALTH MANAGEMENT,MERINO INCORPORATED
iapd,iapd_state_compilation,317594,CA,APPROVED,2022-03-17,AKPRIDE FINANCIAL SERVICES,"AKPRIDE FINANCIAL, LLC"
iapd,iapd_state_compilation,317601,CA,APPROVED,2021-12-09,LUCEY WEALTH ADVISORS LLC,LUCEY WEALTH ADVISORS LLC
iapd,iapd_state_compilation,317667,CA,APPROVED,2021-12-16,REDWOOD MONEY,"REDWOOD MONEY, LLC"
iapd,iapd_state_compilation,317778,CA,APPROVED,2026-01-06,"DAVID THOMAS,CPA,ESQ., PC","DAVID THOMAS,CPA,ESQ., PC"
iapd,iapd_state_compilation,317785,CA,APPROVED,2022-02-14,"REICHER CAPITAL MANAGEMENT, LLC","REICHER CAPITAL MANAGEMENT, LLC"
iapd,iapd_state_compilation,317814,CA,APPROVED,2022-01-01,TKG FINANCIAL LLC,TKG FINANCIAL LLC
iapd,iapd_state_compilation,317889,CA,APPROVED,2023-04-14,MOTUS WEALTH,"MOTUS WEALTH MANAGEMENT, LLC"
iapd,iapd_state_compilation,317959,CA,APPROVED,2022-01-04,"AXIS CAPITAL MANAGEMENT, LLC","AXIS CAPITAL MANAGEMENT, LLC"
iapd,iapd_state_compilation,317963,CA,APPROVED,2022-01-26,HIGHGATE FINANCIAL PARTNERS,HIGHGATE FINANCIAL PARTNERS LLC
iapd,iapd_state_compilation,317978,CA,APPROVED,2024-02-02,XPAND INVESTMENT LLC,XPAND INVESTMENTS LLC
iapd,iapd_state_compilation,317994,CA,APPROVED,2022-01-24,POLARIS CAPITAL MANAGEMENT LLC,POLARIS CAPITAL MANAGEMENT LLC
iapd,iapd_state_compilation,318003,CA,APPROVED,2022-02-23,"OGDEN, THOMAS","OGDEN, THOMAS"
iapd,iapd_state_compilation,318061,CA,APPROVED,2022-01-14,FINANCIAL PEAK,FINANCIAL PEAK LLC
iapd,iapd_state_compilation,318087,CA,APPROVED,2022-01-21,"G. P. GRECO & CO., INC.","GINO PELLEGRINO GRECO & COMPANY, INCORPORATED"
iapd,iapd_state_compilation,318147,CA,APPROVED,2022-06-20,VITAL CAPITAL LLC,VITAL CAPITAL LLC
iapd,iapd_state_compilation,318224,CA,APPROVED,2022-01-26,VISIONARY WEALTH PLANNERS LLC,VISIONARY WEALTH PLANNERS LLC
iapd,iapd_state_compilation,318275,CA,APPROVED,2022-04-29,AGATA INVESTMENTS LLC,AGATA INVESTMENTS LLC
iapd,iapd_state_compilation,318279,CA,APPROVED,2022-08-22,SANITY CAPITAL MANAGEMENT LLC,SANITY CAPITAL MANAGEMENT LLC
iapd,iapd_state_compilation,318338,CA,APPROVED,2022-04-04,BRIGHT LEGACY LLC,BRIGHT LEGACY LLC
iapd,iapd_state_compilation,318353,CA,APPROVED,2022-05-27,"SPONDEO CAPITAL, LLC","SPONDEO CAPITAL, LLC"
iapd,iapd_state_compilation,318418,CA,APPROVED,2022-05-12,"MAXIAM CAPITAL, LLC","MAXIAM CAPITAL, LLC"
iapd,iapd_state_compilation,318429,CA,APPROVED,2022-01-26,SMALL VICTORIES WEALTH,SMALL VICTORIES WEALTH LLC
iapd,iapd_state_compilation,318460,CA,APPROVED,2024-06-10,DOCSFP,DOCSFP LLC
iapd,iapd_state_compilation,318472,CA,APPROVED,2022-02-22,EMPOWER FINANCIAL,EMPOWER FINANCIAL LLC
iapd,iapd_state_compilation,318567,CA,APPROVED,2022-03-15,CLYM LLC,CLYM LLC
iapd,iapd_state_compilation,318575,CA,APPROVED,2022-07-13,CLARITY WEALTH MANAGEMENT LLC,CLARITY WEALTH MANAGEMENT LLC
iapd,iapd_state_compilation,318582,CA,APPROVED,2022-07-19,NAVOLIO & TALLMAN ADVISORS LLC,NAVOLIO & TALLMAN ADVISORS LLC
iapd,iapd_state_compilation,318614,CA,APPROVED,2022-03-14,WISE ASSET MANAGEMENT L.L.C.,WISE ASSET MANAGEMENT L.L.C.
iapd,iapd_state_compilation,318642,CA,APPROVED,2022-05-11,LIFE UNLOCKED PARTNERS LLC,LIFE UNLOCKED PARTNERS LLC
iapd,iapd_state_compilation,318656,CA,APPROVED,2022-02-09,ANDANTE FINANCIAL,"ANDANTE FINANCIAL, LLC"
iapd,iapd_state_compilation,318682,CA,APPROVED,2022-06-22,"THE WEALTH MASTERY, LLC","THE WEALTH MASTERY, LLC"
iapd,iapd_state_compilation,318694,CA,APPROVED,2023-01-26,INCEPTION FINANCIAL SERVICES,INCEPTION FINANCIAL SERVICES
iapd,iapd_state_compilation,318700,CA,APPROVED,2025-01-28,"SUTTLE CROSSLAND WEALTH ADVISORS, LLC","SUTTLE CROSSLAND WEALTH ADVISORS, LLC"
iapd,iapd_state_compilation,318701,CA,APPROVED,2022-06-17,FLIGHTPATH FINANCIAL PLANNING,FLIGHTPATH FINANCIAL PLANNING LLC
iapd,iapd_state_compilation,318732,CA,APPROVED,2022-04-29,APPLIED WEALTH MANAGEMENT,APPLIED WEALTH MANAGEMENT FINANCIAL & INSURANCE SERVICES LLC
iapd,iapd_state_compilation,318880,CA,APPROVED,2026-09-24,GREATDANE INVESTMENT LLC,GREATDANE INVESTMENT LLC
iapd,iapd_state_compilation,318996,CA,APPROVED,2022-04-08,S & L FINANCIAL MANAGEMENT,SALT & LIGHT FINANCIAL MANAGEMENT L.L.C.
iapd,iapd_state_compilation,319001,CA,APPROVED,2024-03-29,PETRARCH WEALTH MANAGEMENT,PETRARCH LLC
iapd,iapd_state_compilation,319006,CA,APPROVED,2025-05-07,NEOKAI CAPITAL,NEOKAI CAPITAL LLC
iapd,iapd_state_compilation,319015,CA,APPROVED,2022-10-20,"IRON HORSE CAPITAL, INC.","IRON HORSE CAPITAL, INC."
iapd,iapd_state_compilation,319086,CA,APPROVED,2022-03-25,IMPACTFI,IMPACT FI LLC
iapd,iapd_state_compilation,319089,CA,APPROVED,2026-01-13,DETERMINED ADVISORS LLC,DETERMINED ADVISORS LLC
iapd,iapd_state_compilation,319206,CA,APPROVED,2022-03-24,KRM ADVISORY SERVICES,KRM ADVISORY SERVICES LLC
iapd,iapd_state_compilation,319219,CA,APPROVED,2022-09-28,EXHALE WEALTH,"EXHALE WEALTH MANAGEMENT, LLC"
iapd,iapd_state_compilation,319237,CA,APPROVED,2022-07-01,PAOLO BERNARDI ADVISOR,SELEZIONI BY PAOLO BERNARDI INC
iapd,iapd_state_compilation,319251,CA,APPROVED,2022-03-16,"FRESH BREAD INVESTMENTS, LLC","FRESH BREAD INVESTMENTS, LLC"
iapd,iapd_state_compilation,319258,CA,APPROVED,2022-07-12,MARATHON RETIREMENT PLANNING,"MARATHON RETIREMENT PLANNING, INC"
iapd,iapd_state_compilation,319261,CA,APPROVED,2022-05-02,GRAPE MODERN WEALTH MANAGEMENT,GRAPE MODERN WEALTH MANAGEMENT
iapd,iapd_state_compilation,319279,CA,APPROVED,2022-08-17,MECHFI,"MECHANICAL FINANCIAL, LLC"
iapd,iapd_state_compilation,319291,CA,APPROVED,2022-06-10,FINANCIAL CLIENT,FINANCIAL CLIENT LLC
iapd,iapd_state_compilation,319368,CA,APPROVED,2023-04-07,FIRSTGEN WEALTH,FIRSTGEN WEALTH LLC
iapd,iapd_state_compilation,319383,CA,APPROVED,2023-04-19,SPIRIT INVESTMENT ADVISORS,"LEVY, DAVID, JONATHAN"
iapd,iapd_state_compilation,319410,CA,APPROVED,2022-09-16,PB CAPITAL,"BOLGER, PATRICK"
iapd,iapd_state_compilation,319415,CA,APPROVED,2025-05-29,GRAY WEALTH STRATEGIES LLC,GRAY WEALTH STRATEGIES LLC
iapd,iapd_state_compilation,319416,CA,APPROVED,2022-09-22,"RUTHERFORD CAPITAL, INC.","RUTHERFORD CAPITAL, INC."
iapd,iapd_state_compilation,319537,CA,APPROVED,2022-05-13,LEE FINANCIAL GROUP,LEE FINANCIAL GROUP LLC
iapd,iapd_state_compilation,319544,CA,APPROVED,2022-07-06,CYCLE FINANCIAL PLANNING LLC,CYCLE FINANCIAL PLANNING LLC
iapd,iapd_state_compilation,319587,CA,APPROVED,2022-08-10,ENVISION RETIREMENT LLC,ENVISION RETIREMENT LLC
iapd,iapd_state_compilation,319757,CA,APPROVED,2022-07-20,BLUE JASPER CAPITAL LLC,BLUE JASPER CAPITAL LLC
iapd,iapd_state_compilation,319761,CA,APPROVED,2022-05-09,"TOR WEALTH ADVISORS, LLC","TOR WEALTH ADVISORS, LLC"
iapd,iapd_state_compilation,320720,CA,APPROVED,2022-05-18,LONGEVITY WEALTH MANAGEMENT LLC,LONGEVITY WEALTH MANAGEMENT LLC
iapd,iapd_state_compilation,321023,CA,APPROVED,2025-01-27,PIVOTAL WEALTH AND TAX,PIVOTAL WEALTH AND TAX LLC
iapd,iapd_state_compilation,321024,CA,APPROVED,2022-07-15,"ENGINEERING FINANCIAL INDEPENDENCE, INC.","ENGINEERING FINANCIAL INDEPENDENCE, INC."
iapd,iapd_state_compilation,321103,CA,APPROVED,2023-08-17,TWM WEALTH MANAGEMENT CORP,TWM WEALTH MANAGEMENT CORP
iapd,iapd_state_compilation,321121,CA,APPROVED,2022-10-06,BOWMAN RETIREMENT PLANNING,CUSTOM WEALTH MANAGEMENT INC
iapd,iapd_state_compilation,321135,CA,APPROVED,2023-03-17,"THE HORST GROUP, LLC","THE HORST GROUP, LLC"
iapd,iapd_state_compilation,321145,CA,APPROVED,2022-06-08,GREEN OCEAN GLOBAL ADVISORS LLC,GREEN OCEAN GLOBAL ADVISORS LLC
iapd,iapd_state_compilation,321153,CA,APPROVED,2022-07-13,LIFEPOINT FINANCIAL DESIGN,LIFEPOINT FINANCIAL DESIGN LLC
iapd,iapd_state_compilation,321158,CA,APPROVED,2022-05-24,"ABRAMSON FINANCIAL PLANNING, LLC","ABRAMSON FINANCIAL PLANNING, LLC"
iapd,iapd_state_compilation,321169,CA,APPROVED,2023-06-13,YOUR CHOICE FINANCIAL LLC,YOUR CHOICE FINANCIAL LLC
iapd,iapd_state_compilation,321212,CA,APPROVED,2025-10-27,CONNECT FINANCIAL ADVISORS,"CONNECT FINANCIAL, LLC"
iapd,iapd_state_compilation,321632,CA,APPROVED,2022-09-29,"ONITUS CAPITAL, LLC","ONITUS CAPITAL, LLC"
iapd,iapd_state_compilation,321702,CA,APPROVED,2022-06-22,CLARITY FINANCIAL,"LISTON, HEATHER CECELIA"
iapd,iapd_state_compilation,321716,CA,APPROVED,2022-06-07,WEALTH INNOVATION,WEALTH INNOVATION LLC
iapd,iapd_state_compilation,321734,CA,APPROVED,2022-08-16,FCG WEALTH MANAGEMENT LLC,FCG WEALTH MANAGEMENT LLC
iapd,iapd_state_compilation,321753,CA,APPROVED,2022-07-08,"TY ROLLINS, INC.","TY ROLLINS, INC."
iapd,iapd_state_compilation,321779,CA,APPROVED,2022-11-21,"DURAN CAPITAL MANAGEMENT, LLC","DURAN CAPITAL MANAGEMENT, LLC"
iapd,iapd_state_compilation,321783,CA,APPROVED,2022-07-01,TILDEN PATH CAPITAL LLC,TILDEN PATH CAPITAL LLC
iapd,iapd_state_compilation,321836,CA,APPROVED,2022-06-21,MYFI FINANCIAL,MYFI FINANCIAL LLC
iapd,iapd_state_compilation,321852,CA,APPROVED,2022-06-08,LAYARI FINANCIAL,MODERN WEALTH PLANNING LLC
iapd,iapd_state_compilation,321880,CA,APPROVED,2022-12-19,DUCKETT WEALTH MANAGEMENT,DUCKETT WEALTH MANAGEMENT LLC
iapd,iapd_state_compilation,321902,CA,APPROVED,2022-06-27,401 FINANCIAL,401 FINANCIAL INC.
iapd,iapd_state_compilation,321953,CA,APPROVED,2022-07-27,DAO TRADING & ADVISORY INC.,DAO TRADING & ADVISORY INC.
iapd,iapd_state_compilation,321954,CA,APPROVED,2022-08-10,HUGHES WEALTH MANAGEMENT INCORPORATED,HUGHES WEALTH MANAGEMENT INCORPORATED
iapd,iapd_state_compilation,321979,CA,APPROVED,2023-01-05,TEAM ELEVATED ASSET MANAGEMENT,"TEAM ELEVATED ASSET MANAGEMENT, LLC"
iapd,iapd_state_compilation,322030,CA,APPROVED,2022-08-22,MAGNOLIA GROWTH CAPITAL,MAGNOLIA GROWTH CAPITAL LLC
iapd,iapd_state_compilation,322040,CA,APPROVED,2023-07-31,IAFF-FC ADVISORS LLC,IAFF-FC ADVISORS LLC
iapd,iapd_state_compilation,322054,CA,APPROVED,2022-07-11,BRAVA FINANCIAL,"BRAVA FINANCIAL, LLC"
iapd,iapd_state_compilation,322093,CA,APPROVED,2026-01-09,PHIBBS FINANCIAL,PHIBBS FINANCIAL SERVICES LLC
iapd,iapd_state_compilation,322100,CA,APPROVED,2023-02-13,"DESERT CAPITAL MANAGEMENT GROUP, INC","DESERT CAPITAL MANAGEMENT GROUP, INC"
iapd,iapd_state_compilation,322123,CA,APPROVED,2022-09-02,WEALTH IN YOURSELF LLC,WEALTH IN YOURSELF LLC
iapd,iapd_state_compilation,322147,CA,APPROVED,2023-02-16,FIND YOUR FI,TIME WELL SPENT FINANCIAL COACHING LLC
iapd,iapd_state_compilation,322212,CA,APPROVED,2022-08-25,CREATIVE FINANCIAL ADVISOR GROUP LLC,CREATIVE FINANCIAL ADVISOR GROUP LLC
iapd,iapd_state_compilation,322251,CA,APPROVED,2022-09-13,FIDUCIARY ARCHITECTS LLC,FIDUCIARY ARCHITECTS LLC
iapd,iapd_state_compilation,322254,CA,APPROVED,2022-09-20,ODYSSEY FINANCIAL SERVICES LLC,"ROSENTHAL, ELI JEREMY"
iapd,iapd_state_compilation,322267,CA,APPROVED,2026-08-26,RUBY PEBBLE FINANCIAL PLANNING LLC,RUBY PEBBLE FINANCIAL PLANNING LLC
iapd,iapd_state_compilation,322268,CA,APPROVED,2023-02-17,FINEBERG FINANCIAL MANAGEMENT LLC,FINEBERG FINANCIAL MANAGEMENT LLC
iapd,iapd_state_compilation,322269,CA,APPROVED,2023-01-01,"FEDELI FINANCIAL, LLC","FEDELI FINANCIAL, LLC"
iapd,iapd_state_compilation,322280,CA,APPROVED,2022-08-02,FIRST PRINCIPLES INVESTMENT MANAGEMENT LLC,FIRST PRINCIPLES INVESTMENT MANAGEMENT LLC
iapd,iapd_state_compilation,322335,CA,APPROVED,2026-04-14,"KELLY INVESTMENT MANAGEMENT, LLC","KELLY INVESTMENT MANAGEMENT, LLC"
iapd,iapd_state_compilation,322336,CA,APPROVED,2022-09-12,PARAIBA WEALTH MANAGEMENT LLC,PARAIBA WEALTH MANAGEMENT LLC
iapd,iapd_state_compilation,322356,CA,APPROVED,2022-08-17,THE RENAISSANCE GROUP,"P&G ENTERPRISE, LLC"
iapd,iapd_state_compilation,322357,CA,APPROVED,2022-08-24,"YLP FINANCIAL, LLC","YLP FINANCIAL, LLC"
iapd,iapd_state_compilation,322392,CA,APPROVED,2022-09-28,"AMPHORA CAPITAL INVESTORS, LLC",AMPHORA CAPITAL INVESTORS LLC
iapd,iapd_state_compilation,322401,CA,APPROVED,2023-05-16,STRIDE FINANCIAL PLANNING,STRIDE FINANCIAL PLANNING LLC
iapd,iapd_state_compilation,322419,CA,APPROVED,2022-10-10,"EXEMPLAR WEALTH ADVISORS, LLC","EXEMPLAR WEALTH ADVISORS, LLC"
iapd,iapd_state_compilation,322439,CA,APPROVED,2024-01-01,PLANFUL FINANCE LLC,PLANFUL FINANCE LLC
iapd,iapd_state_compilation,322476,CA,APPROVED,2025-05-28,LEGION PRIVATE WEALTH MANAGEMENT,"LEGION CAPITAL MANAGEMENT, LLC"
iapd,iapd_state_compilation,322497,CA,APPROVED,2026-06-23,SCHREINER FINANCIAL SOLUTIONS,"SCHREINER, SUSAN, ANTOINETTE"
iapd,iapd_state_compilation,322533,CA,APPROVED,2022-08-26,"GATOR INVESTMENT ADVISORS, LLC","GATOR INVESTMENT ADVISORS, LLC"
iapd,iapd_state_compilation,322552,CA,APPROVED,2026-04-20,NOMAD FINANCIAL,NOMAD FINANCIAL ADVISORS LLC
iapd,iapd_state_compilation,322574,CA,APPROVED,2022-09-13,LEYENDA CAPITAL,ATALAYA LLC
iapd,iapd_state_compilation,322608,CA,APPROVED,2026-07-29,"STONEHAVEN ADVISORS, LLC","STONEHAVEN ADVISORS, LLC"
iapd,iapd_state_compilation,322622,CA,APPROVED,2022-09-06,CONVEY WEALTH LLC,CONVEY WEALTH LLC
iapd,iapd_state_compilation,322623,CA,APPROVED,2023-05-02,"FORTH CAPITAL (USA), LLC","FORTH CAPITAL (USA), LLC"
iapd,iapd_state_compilation,322658,CA,APPROVED,2022-10-24,"FERN FINANCIAL GROUP, LLC","FERN FINANCIAL GROUP, LLC"
iapd,iapd_state_compilation,322665,CA,APPROVED,2022-08-31,TIANHU INVESTMENTS,"FU, MAOSONG"
iapd,iapd_state_compilation,322705,CA,APPROVED,2022-09-02,ORGANIK CAPITAL LLC,ORGANIK CAPITAL LLC
iapd,iapd_state_compilation,322757,CA,APPROVED,2023-11-17,KATAPULT FINANCIAL PLANNING LLC,KATAPULT FINANCIAL PLANNING LLC
iapd,iapd_state_compilation,322802,CA,APPROVED,2022-08-26,SLATEN WEALTH MANAGEMENT,"SLATEN FINANCIAL, INC."
iapd,iapd_state_compilation,322823,CA,APPROVED,2022-09-26,SAGE INVESTMENT GROUP,"SAGE INVESTMENT GROUP, LLC"
iapd,iapd_state_compilation,322886,CA,APPROVED,2026-03-03,WIDE EYE CAPITAL,WIDE EYE CAPITAL LLC
iapd,iapd_state_compilation,322900,CA,APPROVED,2022-09-06,YOSEMITE WEALTH,YOSEMITE WEALTH LLC
iapd,iapd_state_compilation,322921,CA,APPROVED,2026-05-12,TREK LINE WEALTH,"TREK LINE WEALTH, LLC"
iapd,iapd_state_compilation,322953,CA,APPROVED,2022-09-12,FOCUSED MISSION FINANCIAL,FOCUSED MISSION FINANCIAL LLC
iapd,iapd_state_compilation,322959,CA,APPROVED,2022-10-31,UPRISE ADVISERS LLC,UPRISE ADVISERS LLC
iapd,iapd_state_compilation,322964,CA,APPROVED,2024-02-23,"LEYLAND CYPRESS, LLC","LEYLAND CYPRESS, LLC"
iapd,iapd_state_compilation,322989,CA,APPROVED,2023-01-01,TRULY UNBIASED LLC,TRULY UNBIASED LLC
iapd,iapd_state_compilation,323014,CA,APPROVED,2025-02-05,WESTERN LEVEL ADVISORS LLC,WESTERN LEVEL ADVISORS LLC
iapd,iapd_state_compilation,323065,CA,APPROVED,2026-06-09,BORGER CAPITAL MANAGEMENT LLC,BORGER CAPITAL MANAGEMENT LLC
iapd,iapd_state_compilation,323075,CA,APPROVED,2025-03-24,SUNNYBRANCH WEALTH LLC,SUNNYBRANCH WEALTH LLC
iapd,iapd_state_compilation,323081,CA,APPROVED,2023-02-09,"PAGE CAPITAL PRIVATE WEALTH MANAGEMENT, LLC","PAGE CAPITAL PRIVATE WEALTH MANAGEMENT, LLC"
iapd,iapd_state_compilation,323103,CA,APPROVED,2023-04-25,JOHN G. O'CONNELL,"O'CONNELL, JOHN GLENNON"
iapd,iapd_state_compilation,323177,CA,APPROVED,2023-04-04,MDRN WEALTH,MDRN WEALTH LLC
iapd,iapd_state_compilation,323191,CA,APPROVED,2022-11-21,"MEERA ADVISORY, L.L.C.","MEERA ADVISORY, L.L.C."
iapd,iapd_state_compilation,323235,CA,APPROVED,2024-08-12,"ALONGSIDE WEALTH ADVISORS, LLC","ALONGSIDE WEALTH ADVISORS, LLC"
iapd,iapd_state_compilation,323290,CA,APPROVED,2023-02-08,MARGO FINANCIAL,"MARGO FINANCIAL, LLC"
iapd,iapd_state_compilation,323294,CA,APPROVED,2023-03-16,"GLOBALINK WEALTH MANAGEMENT, LLC","GLOBALINK WEALTH MANAGEMENT, LLC"
iapd,iapd_state_compilation,323340,CA,APPROVED,2023-01-20,BLACKLINES FINANCIAL,BLACKLINES
iapd,iapd_state_compilation,323352,CA,APPROVED,2024-12-06,EMBOLDENFP,EMBOLDEN FINANCIAL PLANNING LLC
iapd,iapd_state_compilation,323450,CA,APPROVED,2022-12-15,OVERWATCH MANAGEMENT,OVERWATCH MANAGEMENT GROUP LLC
iapd,iapd_state_compilation,323455,CA,APPROVED,2023-01-01,"INSIDE ARBITRAGE ADVISORS, LLC","INSIDE ARBITRAGE ADVISORS, LLC"
iapd,iapd_state_compilation,323469,CA,APPROVED,2022-11-04,RETIREMENT ROADMAP FINANCIAL PLANNING,"RETIREMENT ROADMAP FINANCIAL PLANNING, LLC"
iapd,iapd_state_compilation,323472,CA,APPROVED,2022-10-21,WEALTH ADVISORY LAB LLC,WEALTH ADVISORY LAB LLC
iapd,iapd_state_compilation,323475,CA,APPROVED,2022-11-21,PMA WEALTH MANAGEMENT,"PMA WEALTH MANAGEMENT, INC."
iapd,iapd_state_compilation,323479,CA,APPROVED,2023-01-18,EDEN FINANCIAL,"EDEN FINANCIAL, LLC"
iapd,iapd_state_compilation,323492,CA,APPROVED,2023-02-16,"TAYLOR STRATEGIC WEALTH MANAGEMENT, LLC","TAYLOR STRATEGIC WEALTH MANAGEMENT, LLC"
iapd,iapd_state_compilation,323539,CA,APPROVED,2026-08-13,B1 FINANCIAL,B ONE MANAGEMENT LLC
iapd,iapd_state_compilation,323560,CA,APPROVED,2022-12-16,"GRANITE RESEARCH, LLC","GRANITE RESEARCH, LLC"
iapd,iapd_state_compilation,323564,CA,APPROVED,2022-11-21,TOUPS CAPITAL ADVISORS LLC,TOUPS CAPITAL ADVISORS LLC
iapd,iapd_state_compilation,323589,CA,APPROVED,2022-11-18,"JOSEPH M. SEBO, CFP INC.","JOSEPH M. SEBO, CFP INC."
iapd,iapd_state_compilation,323594,CA,APPROVED,2026-06-04,IKIGAI PLANNING,"KASOFF, IAN, BENJAMIN"
iapd,iapd_state_compilation,323624,CA,APPROVED,2022-11-10,MAGNOLIA CAPITAL ASSET MANAGEMENT LLC,MAGNOLIA CAPITAL ASSET MANAGEMENT LLC
iapd,iapd_state_compilation,323660,CA,APPROVED,2023-01-12,BLAIR CAPITAL MANAGEMENT,BLAIR CAPITAL MANAGEMENT LLC
iapd,iapd_state_compilation,323737,CA,APPROVED,2025-03-11,TWINLEAF FINANCIAL ADVISORS,"TWINLEAF FINANCIAL ADVISORS, LLC"
iapd,iapd_state_compilation,323784,CA,APPROVED,2025-07-18,CREATIVEVEST INC,CREATIVEVEST INC
iapd,iapd_state_compilation,323808,CA,APPROVED,2023-02-01,"ECF WEALTH, INC.","ECF WEALTH, INC."
iapd,iapd_state_compilation,323825,CA,APPROVED,2023-03-01,"ELEVATE WEALTH ADVISORS, LLC","ELEVATE WEALTH ADVISORS, LLC"
iapd,iapd_state_compilation,323912,CA,APPROVED,2022-12-07,RATNER & ASSOCIATES LLC,RATNER & ASSOCIATES LLC
iapd,iapd_state_compilation,323950,CA,APPROVED,2023-04-27,KHALIS FINANCIAL ADVISORS LLC,KHALIS FINANCIAL ADVISORS LLC
iapd,iapd_state_compilation,323967,CA,APPROVED,2023-03-03,MOLANO WEALTH MANAGEMENT,"MOLANO, DAVID"
iapd,iapd_state_compilation,323996,CA,APPROVED,2023-01-03,EDWIN CHIANG INVESTMENT ADVISOR,"CHIANG, EDWIN, DER YEE"
iapd,iapd_state_compilation,324007,CA,APPROVED,2025-07-15,CORNERSTONE FINANCIAL PLANNING,"CORNERSTONE FINANCIAL PLANNING, LLC"
iapd,iapd_state_compilation,324016,CA,APPROVED,2022-12-14,LOTUSLAND PROPERTIES,"LOTUSLAND PROPERTIES, INC"
iapd,iapd_state_compilation,324019,CA,APPROVED,2023-04-19,BLACKHAWK FINANCIAL ADVISORS,"BLACKHAWK FINANCIAL ADVISORS, LLC"
iapd,iapd_state_compilation,324021,CA,APPROVED,2023-06-23,INSTITUTIONAL INVESTING ENHANCEMENT LLC,INSTITUTIONAL INVESTING ENHANCEMENT LLC
iapd,iapd_state_compilation,324023,CA,APPROVED,2022-11-23,SORUNKE WEALTH ADVISORS,"SORUNKE, JONATHAN OLUGBENGA"
iapd,iapd_state_compilation,324028,CA,APPROVED,2023-02-21,MT. TIMP CAPITAL,"GARDNER, DIXON, LEON"
iapd,iapd_state_compilation,324035,CA,APPROVED,2023-06-01,CST FINANCIAL ADVISORY LLC,CST FINANCIAL ADVISORY LLC
iapd,iapd_state_compilation,324051,CA,APPROVED,2022-12-16,"WEALTH FINANCIAL GROUP WEST, INC.","WEALTH FINANCIAL GROUP WEST, INC."
iapd,iapd_state_compilation,324084,CA,APPROVED,2023-02-03,VALLEY CENTER ADVISORS,VALLEY CENTER ADVISORS LLC
iapd,iapd_state_compilation,324099,CA,APPROVED,2023-05-19,"YAYATI ASSET MANAGEMENT, LLC","YAYATI ASSET MANAGEMENT, LLC"
iapd,iapd_state_compilation,324140,CA,APPROVED,2023-09-29,"BALANCED WEALTH, INC.","BALANCED WEALTH, INC."
iapd,iapd_state_compilation,324146,CA,APPROVED,2023-01-01,GIBSON MONROE WEALTH ADVISORS,GIBSON MONROE WEALTH ADVISORS LLC
iapd,iapd_state_compilation,324150,CA,APPROVED,2023-02-17,GREEN ERA FINANCIAL LLC,GREEN ERA FINANCIAL LLC
iapd,iapd_state_compilation,324252,CA,APPROVED,2024-09-20,RIGHTWISE WEALTH,"RIGHTWISE WEALTH, INC."
iapd,iapd_state_compilation,324261,CA,APPROVED,2023-08-07,"PYSNIK FINANCIAL, LLC","PYSNIK FINANCIAL, LLC"
iapd,iapd_state_compilation,324322,CA,APPROVED,2024-04-10,RESET FINANCIAL PLANNING LLC,RESET FINANCIAL PLANNING LLC
iapd,iapd_state_compilation,324344,CA,APPROVED,2023-05-19,HARVEY WEALTH MANAGEMENT LLC,HARVEY WEALTH MANAGEMENT LLC
iapd,iapd_state_compilation,324352,CA,APPROVED,2023-01-01,JACKSON PEAK CAPITAL LLC,JACKSON PEAK CAPITAL LLC
iapd,iapd_state_compilation,324354,CA,APPROVED,2023-01-31,GOOD BALANCE FP LLC,GOOD BALANCE FP LLC
iapd,iapd_state_compilation,324397,CA,APPROVED,2023-02-01,SAFE HARBOR ASSETS,WADSWORTH WEALTH MANAGEMENT LLC
iapd,iapd_state_compilation,324398,CA,APPROVED,2023-01-10,WATERFRONT ADVISORS,"YOUNG, CHRISTOPHER COLE"
iapd,iapd_state_compilation,324462,CA,APPROVED,2023-03-13,DAN HASSEY INVESTMENT ADVISORY,"HASSEY, DAN, HERMAN"
iapd,iapd_state_compilation,324503,CA,APPROVED,2023-04-05,JPL WEALTH MANAGEMENT,JPL WEALTH MANAGEMENT INC.
iapd,iapd_state_compilation,324506,CA,APPROVED,2023-07-07,"QRIA, INC.","QRIA, INC."
iapd,iapd_state_compilation,324537,CA,APPROVED,2023-01-26,APP,ASSET PLANNING AND PROTECTION LLC
iapd,iapd_state_compilation,324549,CA,APPROVED,2023-11-27,DIVERGENT CAPITAL ASSET MANAGEMENT LLC,DIVERGENT CAPITAL ASSET MANAGEMENT LLC
iapd,iapd_state_compilation,324552,CA,APPROVED,2023-05-04,PHOUNDATIONAL LLC,PHOUNDATIONAL LLC
iapd,iapd_state_compilation,324584,CA,APPROVED,2024-03-29,ECHO WEALTH PARTNERS,ECHO WEALTH PARTNERS LLC
iapd,iapd_state_compilation,324590,CA,APPROVED,2023-02-23,GOLD PATH INVESTMENT GROUP,GOLD PATH INVESTMENT GROUP
iapd,iapd_state_compilation,324604,CA,APPROVED,2023-09-20,"VICTOR JONES CPA, PC","VICTOR JONES CPA, P.C."
iapd,iapd_state_compilation,324622,CA,APPROVED,2023-02-03,GREENERBUCKS,GREENERBUCKS
iapd,iapd_state_compilation,324633,CA,APPROVED,2026-02-25,SMART PORTFOLIO,SMART PORTFOLIO LLC
iapd,iapd_state_compilation,324663,CA,APPROVED,2023-05-03,"CURATED WEALTH SOLUTIONS, LLC","CURATED WEALTH SOLUTIONS, LLC"
iapd,iapd_state_compilation,324665,CA,APPROVED,2023-10-27,COW CAPITAL INC,COW CAPITAL INC
iapd,iapd_state_compilation,324692,CA,APPROVED,2023-01-25,DAE WEALTH MANAGEMENT,DAE CAPITAL STRATEGIES LLC
iapd,iapd_state_compilation,324747,CA,APPROVED,2023-02-08,PERSONAL BEST FINANCIAL LLC,PERSONAL BEST FINANCIAL LLC
iapd,iapd_state_compilation,324752,CA,APPROVED,2023-01-27,SACHI FINANCIAL PLANNING,SACHI FINANCIAL PLANNING LLC
iapd,iapd_state_compilation,324864,CA,APPROVED,2023-03-23,AP24 CAPITAL,AP24 CAPITAL LLC
iapd,iapd_state_compilation,324945,CA,APPROVED,2025-04-17,"AGGREGATE FINANCIAL SERVICES, INC.","AGGREGATE FINANCIAL SERVICES, INC."
iapd,iapd_state_compilation,324978,CA,APPROVED,2023-03-13,"WEALTHSIGHTS INVESTMENT MANAGEMENT, LLC","WEALTHSIGHTS INVESTMENT MANAGEMENT, LLC"
iapd,iapd_state_compilation,325087,CA,APPROVED,2023-08-17,"MARI LEGACY GROUP, LLC","MARI LEGACY GROUP, LLC"
iapd,iapd_state_compilation,325097,CA,APPROVED,2023-06-15,FIRN ADVISORS LLC,FIRN ADVISORS LLC
iapd,iapd_state_compilation,325128,CA,APPROVED,2023-03-23,NORTHSTAR WEALTH MANAGEMENT LLC,NORTHSTAR WEALTH MANAGEMENT LLC
iapd,iapd_state_compilation,325172,CA,APPROVED,2023-04-10,INTEGRATED PLANNING & INVESTMENTS,INTEGRATED PLANNING & INVESTMENTS
iapd,iapd_state_compilation,325185,CA,APPROVED,2023-03-17,NEYA CAPITAL,"NEYA CAPITAL MANAGEMENT, LLC"
iapd,iapd_state_compilation,325191,CA,APPROVED,2023-04-05,THREE MAIN POINTS LLC,THREE MAIN POINTS LLC
iapd,iapd_state_compilation,325317,CA,APPROVED,2024-03-21,212 WEALTH MANAGEMENT,212 WEALTH MANAGEMENT LLC
iapd,iapd_state_compilation,325335,CA,APPROVED,2023-04-19,DHL WEALTH MANAGEMENT LLC,DHL WEALTH MANAGEMENT LIMITED LIABILITY COMPANY
iapd,iapd_state_compilation,325386,CA,APPROVED,2023-04-26,BELLE RIVER CAPITAL MANAGEMENT LLC,BELLE RIVER CAPITAL MANAGEMENT LLC
iapd,iapd_state_compilation,325395,CA,APPROVED,2023-05-11,MY MONEY MGR,MY MONEY MGR LLC
iapd,iapd_state_compilation,325396,CA,APPROVED,2023-10-18,AXION WEALTH ADVISORS,AXION WEALTH ADVISORS INC.
iapd,iapd_state_compilation,325399,CA,APPROVED,2023-05-05,FULLGUARDS FINANCIAL,FULLGUARDS FINANCIAL
iapd,iapd_state_compilation,325403,CA,APPROVED,2025-11-05,NOORVEST LLC,NOORVEST LLC
iapd,iapd_state_compilation,325433,CA,APPROVED,2023-06-22,IMAGINE MATH,IMAGINE MATH LLC
iapd,iapd_state_compilation,325454,CA,APPROVED,2024-02-20,OBRAN CAPITAL ADVISORS LLC,"OBRAN CAPITAL ADVISORS, LLC"
iapd,iapd_state_compilation,325460,CA,APPROVED,2023-08-22,ASYMMETRIC ADVISORS,ASYMMETRIC ADVISORS LLC
iapd,iapd_state_compilation,325496,CA,APPROVED,2023-05-30,"TACTICAL EQUITY PARTNERS, LLC","TACTICAL EQUITY PARTNERS, LLC"
iapd,iapd_state_compilation,325524,CA,APPROVED,2023-05-09,VALKYRIE PRIVATE WEALTH MANAGEMENT,VALKYRIE WEALTH LLC
iapd,iapd_state_compilation,325559,CA,APPROVED,2023-11-30,AUDIBLE WEALTH MANAGEMENT,AUDIBLE WEALTH MANAGEMENT LLC
iapd,iapd_state_compilation,325592,CA,APPROVED,2023-06-13,"THEA NESIS, LLC","THEA NESIS, LLC"
iapd,iapd_state_compilation,325603,CA,APPROVED,2023-07-28,"PROSPERENT CAPITAL, LLC","PROSPERENT CAPITAL, LLC"
iapd,iapd_state_compilation,325619,CA,APPROVED,2023-06-30,"GT INVESTMENT MANAGEMENT, LLC","GT INVESTMENT MANAGEMENT, LLC"
iapd,iapd_state_compilation,325623,CA,APPROVED,2023-04-28,"OPES MVB CAPITAL, LLC","OPES MVB CAPITAL, LLC"
iapd,iapd_state_compilation,325639,CA,APPROVED,2023-04-14,ARDEN WEALTH MANAGEMENT,"MCCOY, MICHAEL  ARDEN"
iapd,iapd_state_compilation,325643,CA,APPROVED,2024-04-03,FINANCE WISDOM,FINANCE WISDOM LLC
iapd,iapd_state_compilation,325660,CA,APPROVED,2023-06-09,SLR ADVISORS,"SLR ASSET MANAGEMENT, LLC"
iapd,iapd_state_compilation,325684,CA,APPROVED,2023-06-29,MARIM WEALTH PLANNING,"MARIM WEALTH PLANNING, LLC"
iapd,iapd_state_compilation,325710,CA,APPROVED,2024-12-04,"COHO ADVISORY SERVICES, LLC","COHO ADVISORY SERVICES, LLC"
iapd,iapd_state_compilation,325735,CA,APPROVED,2023-08-15,"BRIAN DENNIS, CFP®","DENNIS, BRIAN KEITH"
iapd,iapd_state_compilation,325737,CA,APPROVED,2023-06-20,SANTA CRUZ WEALTH MANAGEMENT INC.,SANTA CRUZ WEALTH MANAGEMENT INC.
iapd,iapd_state_compilation,325783,CA,APPROVED,2026-02-10,HILL COUNTRY KINGDOM ADVISORS,TEK-WISE FINANCIAL PLANNERS LLC
iapd,iapd_state_compilation,325830,CA,APPROVED,2024-10-10,"AEQUITAS FINANCIAL, LLC","AEQUITAS FINANCIAL, LLC"
iapd,iapd_state_compilation,325865,CA,APPROVED,2023-08-17,COWAN CAPITAL ADVISORS,"COWAN CAPITAL ADVISORS, LLC"
iapd,iapd_state_compilation,325872,CA,APPROVED,2023-08-21,BANKERS INVESTMENT COUNSELING,BANKERS INVESTMENT COUNSELING COMPANY
iapd,iapd_state_compilation,326014,CA,APPROVED,2023-07-06,QUEENSBURY GLOBAL ADVISORS,QUEENSBURY GLOBAL ADVISORS LLC
iapd,iapd_state_compilation,326105,CA,APPROVED,2023-05-05,TREUSSARD CAPITAL MANAGEMENT,TREUSSARD CAPITAL MANAGEMENT LLC
iapd,iapd_state_compilation,326157,CA,APPROVED,2024-02-12,THE WEALTHY PARENT,THE WEALTHY PARENT LLC
iapd,iapd_state_compilation,326192,CA,APPROVED,2023-05-30,CONFIDE,"CONFIDE FINANCIAL PLANNING & INVESTMENTS, LLC"
iapd,iapd_state_compilation,326301,CA,APPROVED,2023-06-13,BENE WEALTH MANAGEMENT COMPANY,BENE WEALTH MANAGEMENT COMPANY
iapd,iapd_state_compilation,326311,CA,APPROVED,2023-05-18,"STARKEL WEALTH ADVISORS, LLC","STARKEL WEALTH ADVISORS, LLC"
iapd,iapd_state_compilation,326407,CA,APPROVED,2024-06-12,WEALTH STRATEGIES GROUP,WEALTH STRATEGIES GROUP
iapd,iapd_state_compilation,326412,CA,APPROVED,2023-08-08,STRASBURG ASSET MANAGEMENT COMPANY LLC,STRASBURG ASSET MANAGEMENT COMPANY LLC
iapd,iapd_state_compilation,326454,CA,APPROVED,2023-05-26,"WELLS, FAY","WELLS, FAY"
iapd,iapd_state_compilation,326482,CA,APPROVED,2023-08-15,LUCIDITY WEALTH ADVISORS INC.,LUCIDITY WEALTH ADVISORS INC.
iapd,iapd_state_compilation,326497,CA,APPROVED,2023-07-06,CEDAR RIDGE INVESTMENT MANAGEMENT LLC,CEDAR RIDGE INVESTMENT MANAGEMENT LLC
iapd,iapd_state_compilation,326527,CA,APPROVED,2023-07-13,EINSTOK WEALTH MANAGEMENT LLC,EINSTOK WEALTH MANAGEMENT LLC
iapd,iapd_state_compilation,326538,CA,APPROVED,2026-02-06,FBS SECURITIES,FRISCO BUSINESS SOLUTIONS GROUP INC
iapd,iapd_state_compilation,326638,CA,APPROVED,2023-05-19,GLOBAL IMPACT WEALTH MANAGEMENT,GLOBAL IMPACT WEALTH MANAGEMENT LLC
iapd,iapd_state_compilation,326649,CA,APPROVED,2023-06-09,HAYWOOD WEALTH MANAGEMENT,"HAYWOOD WEALTH MANAGEMENT, LLC"
iapd,iapd_state_compilation,326666,CA,APPROVED,2023-06-02,"DISCIPLINED GROWTH CAPITAL, LLC","DISCIPLINED GROWTH CAPITAL, LLC"
iapd,iapd_state_compilation,326675,CA,APPROVED,2023-12-05,BEYOND WEALTH ADVISORY LLC,BEYOND WEALTH ADVISORY LLC
iapd,iapd_state_compilation,326734,CA,APPROVED,2023-06-16,T. SHARP WEALTH MANAGEMENT,"T. SHARP WEALTH MANAGEMENT, LLC"
iapd,iapd_state_compilation,326813,CA,APPROVED,2023-06-30,"CHRYSADIA FINANCIAL, LLC","CHRYSADIA FINANCIAL, LLC"
iapd,iapd_state_compilation,326983,CA,APPROVED,2023-08-07,LYNCH FINANCIAL GROUP,LYNCH FINANCIAL GROUP LLC
iapd,iapd_state_compilation,327031,CA,APPROVED,2023-11-02,UNITED SUCCESS WEALTH MANAGEMENT,UNITED SUCCESS LLC
iapd,iapd_state_compilation,327036,CA,APPROVED,2025-10-01,TRUEWEALTH SOLUTIONS,"TRUEWEALTH SOLUTIONS, LLC"
iapd,iapd_state_compilation,327041,CA,APPROVED,2023-07-14,OMNIKEY INVESTMENT ADVISORS,OMNIKEY INVESTMENT ADVISORS LLC
iapd,iapd_state_compilation,327111,CA,APPROVED,2023-06-14,"BONANNI, FRANK","BONANNI, FRANK"
iapd,iapd_state_compilation,327134,CA,APPROVED,2026-01-23,AUSTIN CONSULTING,"AUSTIN, AMANDA, CHERYL"
iapd,iapd_state_compilation,327148,CA,APPROVED,2023-07-12,LAYLINE FINANCIAL,LAYLINE FINANCIAL LLC
iapd,iapd_state_compilation,327149,CA,APPROVED,2023-07-31,"KNEALE JR, KENNETH ALAN",KENNETH ALAN KNEALE JR DBA ARCADIAN FINANCIAL SERVICES
iapd,iapd_state_compilation,327156,CA,APPROVED,2024-10-24,CRB STRATEGIC SERVICES LLC,CRB STRATEGIC SERVICES LLC
iapd,iapd_state_compilation,327183,CA,APPROVED,2024-04-11,"CONVEXITY WEALTH MANAGEMENT, LLC","CONVEXITY WEALTH MANAGEMENT, LLC"
iapd,iapd_state_compilation,327212,CA,APPROVED,2025-07-23,INGENIQ CAPITAL,INGENIQ LLC
iapd,iapd_state_compilation,327214,CA,APPROVED,2023-11-22,SOP ADVISORS LLC,SOP ADVISORS LLC
iapd,iapd_state_compilation,327297,CA,APPROVED,2023-07-20,FULL CIRCLE FINANCIAL PLANNING,FULL CIRCLE FINANCIAL PLANNING
iapd,iapd_state_compilation,327299,CA,APPROVED,2023-09-06,"AFRASIAB WEALTH SOLUTIONS, LLC","AFRASIAB WEALTH SOLUTIONS, LLC"
iapd,iapd_state_compilation,327385,CA,APPROVED,2023-07-27,WESTLIGHT WEALTH,ROUNICK CAPITAL MANAGEMENT LLC
iapd,iapd_state_compilation,327425,CA,APPROVED,2024-02-16,"GLOBAL ADVISORS, LLC","GLOBAL ADVISORS, LLC"
iapd,iapd_state_compilation,327484,CA,APPROVED,2023-09-13,BEAR NOLAN LLC,BEAR NOLAN LLC
iapd,iapd_state_compilation,327508,CA,APPROVED,2023-08-16,DFS CAPITAL MANAGEMENT,DFS CAPITAL MANAGEMENT LLC
iapd,iapd_state_compilation,327545,CA,APPROVED,2025-03-18,HER PERSONAL FINANCE,ACCESS 401K LLC
iapd,iapd_state_compilation,327564,CA,APPROVED,2023-09-06,DEPAOLO & MAY STRATEGIC WEALTH LLC,DEPAOLO & MAY STRATEGIC WEALTH LLC
iapd,iapd_state_compilation,327674,CA,APPROVED,2023-07-28,"BRAND NEW DAY WEALTH PLANNING, LLC","BRAND NEW DAY WEALTH PLANNING, LLC"
iapd,iapd_state_compilation,327710,CA,APPROVED,2023-07-28,"BASS ROCKS, LLC / BASS ROCKS ASSET MANAGEMENT","BASS ROCKS, LLC / BASS ROCKS ASSET MANAGEMENT"
iapd,iapd_state_compilation,327727,CA,APPROVED,2023-10-23,HALCYON INVESTMENT ADVISOR,HALCYON INVESTMENT ADVISOR LLC
iapd,iapd_state_compilation,327737,CA,APPROVED,2023-09-25,FIDUCIAONE,FIDUCIAONE LLC
iapd,iapd_state_compilation,327780,CA,APPROVED,2024-01-03,"AVINCI WEALTH MANAGEMENT, INC.","AVINCI WEALTH MANAGEMENT, INC."
iapd,iapd_state_compilation,327819,CA,APPROVED,2023-09-11,"GOLDEN WEALTH CAPITAL, LLC","GOLDEN WEALTH CAPITAL, LLC"
iapd,iapd_state_compilation,327824,CA,APPROVED,2024-05-17,ARMADALE ASSET MANAGEMENT LLC,ARMADALE ASSET MANAGEMENT LLC
iapd,iapd_state_compilation,327848,CA,APPROVED,2024-05-09,GENERATIVE FAMILY OFFICE LLC,GENERATIVE FAMILY OFFICE LLC
iapd,iapd_state_compilation,327856,CA,APPROVED,2023-08-25,VENADO INVESTMENT ADVISORS LLC,VENADO INVESTMENT ADVISORS LLC
iapd,iapd_state_compilation,327857,CA,APPROVED,2023-08-22,PORTSALUS WEALTH MANAGEMENT,"PORTSALUS WEALTH MANAGEMENT, LLC"
iapd,iapd_state_compilation,327860,CA,APPROVED,2024-11-26,WEALTHBOUND ADVISORS,LEGACY PLANNING GROUP LLC
iapd,iapd_state_compilation,327887,CA,APPROVED,2023-08-21,JY CAPITAL MANAGEMENT,JY CAPITAL MANAGEMENT INC.
iapd,iapd_state_compilation,327898,CA,APPROVED,2023-09-22,COAST BRIDGE CAPITAL,"COAST BRIDGE CAPITAL, LLC"
iapd,iapd_state_compilation,327908,CA,APPROVED,2023-10-12,SONDO FI,"SONDO FI, INC."
iapd,iapd_state_compilation,327958,CA,APPROVED,2024-10-28,"FIRE WEALTH MANAGEMENT, LLC",FIRE WEALTH MANAGEMENT LLC
iapd,iapd_state_compilation,327981,CA,APPROVED,2024-01-01,LAMB RETIREMENT SOLUTIONS LLC,LAMB RETIREMENT SOLUTIONS LLC
iapd,iapd_state_compilation,327987,CA,APPROVED,2024-01-01,UNLOCK INVESTMENTS,UNLOCK INVESTMENTS LLC
iapd,iapd_state_compilation,327989,CA,APPROVED,2024-08-09,ABOUT TIME FINANCIAL PLANNING,"ABOUT TIME FINANCIAL PLANNING, LLC"
iapd,iapd_state_compilation,327998,CA,APPROVED,2023-09-29,EFFECTIVE FINANCE LLC,EFFECTIVE FINANCE LLC
iapd,iapd_state_compilation,328008,CA,APPROVED,2023-10-13,EAST SHORE INVESTMENT MANAGEMENT LLC,EAST SHORE INVESTMENT MANAGEMENT LLC
iapd,iapd_state_compilation,328012,CA,APPROVED,2023-09-25,"EDWARD HARO FINANCIAL, LLC","EDWARD HARO FINANCIAL, LLC"
iapd,iapd_state_compilation,328017,CA,APPROVED,2026-03-10,ALBILITY PLANNING,WITHERS WEALTH ADVISORY LLC
iapd,iapd_state_compilation,328026,CA,APPROVED,2023-09-21,"CALIFORNIA FINANCIAL PARTNERS, INC.","CALIFORNIA FINANCIAL PARTNERS, INC."
iapd,iapd_state_compilation,328027,CA,APPROVED,2023-11-21,"MOORE WEALTH PARTNERS, LLC","MOORE WEALTH PARTNERS, LLC"
iapd,iapd_state_compilation,328037,CA,APPROVED,2024-01-05,GROWTH HORIZONS WEALTH MANAGEMENT LLC,GROWTH HORIZONS WEALTH MANAGEMENT LLC
iapd,iapd_state_compilation,328060,CA,APPROVED,2023-08-29,FIDELA WEALTH,FIDELA WEALTH LLC
iapd,iapd_state_compilation,328074,CA,APPROVED,2026-09-22,"PARTNERS CAPITAL, LLC","PARTNERS CAPITAL, LLC"
iapd,iapd_state_compilation,328107,CA,APPROVED,2025-03-13,"LASTING LEGACY WEALTH MANAGEMENT, LLC","LASTING LEGACY WEALTH MANAGEMENT, LLC"
iapd,iapd_state_compilation,328149,CA,APPROVED,2023-09-08,SAGE FINANCIAL,"SAGE FINANCIAL PLANNING, LLC"
iapd,iapd_state_compilation,328162,CA,APPROVED,2023-11-28,AGEWISE FINANCIAL INC.,AGEWISE FINANCIAL INC.
iapd,iapd_state_compilation,328165,CA,APPROVED,2024-02-23,"DECCA PRIVATE WEALTH MANAGEMENT, INC.","DECCA PRIVATE WEALTH MANAGEMENT, INC."
iapd,iapd_state_compilation,328206,CA,APPROVED,2023-11-14,MCCURDY FINANCIAL SOLUTIONS,DANIEL EVAN MCCURDY
iapd,iapd_state_compilation,328222,CA,APPROVED,2023-10-19,FORWARD HORIZON INVESTMENT,FORWARD HORIZON INVESTMENT L.L.C.
iapd,iapd_state_compilation,328255,CA,APPROVED,2023-12-12,"MANGROVE ADVISORS, LLC","MANGROVE ADVISORS, LLC"
iapd,iapd_state_compilation,328271,CA,APPROVED,2025-04-07,ECOS WEALTH ADVISORS,ECOS WEALTH ADVISORS LLC
iapd,iapd_state_compilation,328287,CA,APPROVED,2023-11-20,OLIVEHURST ADVISORS LLC,OLIVEHURST ADVISORS LLC
iapd,iapd_state_compilation,328313,CA,APPROVED,2023-09-25,KRYSTAL FORTNER,KRYSTAL FORTNER
iapd,iapd_state_compilation,328323,CA,APPROVED,2023-10-18,CORTO CAPITAL ADVISORS LLC,CORTO CAPITAL ADVISORS LLC
iapd,iapd_state_compilation,328329,CA,APPROVED,2026-09-09,RADIX WEALTH,RADIX WEALTH LLC
iapd,iapd_state_compilation,328371,CA,APPROVED,2024-04-22,COULOMBE AND SONS WEALTH MANAGEMENT,COULOMBE AND SONS WEALTH MANAGEMENT INC.
iapd,iapd_state_compilation,328407,CA,APPROVED,2024-05-08,TALLEY WEALTH,"TALLEY WEALTH, LLC"
iapd,iapd_state_compilation,328427,CA,APPROVED,2023-10-17,TARA WEALTH,TARA WEALTH LLC
iapd,iapd_state_compilation,328437,CA,APPROVED,2024-03-13,YIELD GROWTH ADVISORS,YIELD GROWTH ADVISORS LLC
iapd,iapd_state_compilation,328470,CA,APPROVED,2024-01-01,"LEGACY ADVISORY GROUP, INC","LEGACY ADVISORY GROUP, INC"
iapd,iapd_state_compilation,328518,CA,APPROVED,2023-11-15,SELAH WEALTH ADVISORS,SELAH WEALTH ADVISORS LLC
iapd,iapd_state_compilation,328540,CA,APPROVED,2023-11-17,PACIFIC EQUITY ADVISORS LLC,PACIFIC EQUITY ADVISORS LLC
iapd,iapd_state_compilation,328552,CA,APPROVED,2023-12-26,EAGLE MONEY ADVISORS,"SALEHI, MATT"
iapd,iapd_state_compilation,328562,CA,APPROVED,2025-06-03,MANEKTALA INVESTMENT ADVISORY SERVICES INC.,MANEKTALA INVESTMENT ADVISORY SERVICES INC.
iapd,iapd_state_compilation,328605,CA,APPROVED,2023-10-11,VIFINANCE L.L.C.,VIFINANCE L.L.C.
iapd,iapd_state_compilation,328687,CA,APPROVED,2025-05-30,GRACIAN CAPITAL LLC,GRACIAN CAPITAL LLC
iapd,iapd_state_compilation,328699,CA,APPROVED,2024-01-22,"PRESIDIO ADVISORS, LLC","PRESIDIO ADVISORS, LLC"
iapd,iapd_state_compilation,328729,CA,APPROVED,2026-01-01,CHECKPOINT FINANCIAL PLANNING,"CHECKPOINT FINANCIAL PLANNING, LLC"
iapd,iapd_state_compilation,328734,CA,APPROVED,2023-11-14,SHEPHERD ADVISOR,SHEPHERD ADVISOR LLC
iapd,iapd_state_compilation,328742,CA,APPROVED,2026-01-15,THE KALISH GROUP,"THE KALISH GROUP, LLC"
iapd,iapd_state_compilation,328746,CA,APPROVED,2023-12-05,"AJAX ASSET MGMT., LLC","AJAX ASSET MGMT., LLC"
iapd,iapd_state_compilation,328836,CA,APPROVED,2024-01-03,MANETTA WEALTH,MANETTA WEALTH MANAGEMENT INC.
iapd,iapd_state_compilation,328854,CA,APPROVED,2025-01-01,EN+ WEALTH,EN+ WEALTH LLC
iapd,iapd_state_compilation,328860,CA,APPROVED,2024-04-12,TAURSAS INVESTMENTS,TAURSAS INVESTMENTS LLC
iapd,iapd_state_compilation,328886,CA,APPROVED,2024-02-15,AI FUNDS,"AI FUNDS, INC."
iapd,iapd_state_compilation,328938,CA,APPROVED,2023-11-09,FLYWAY ADVISORS,"REDTEAL, INC."
iapd,iapd_state_compilation,328963,CA,APPROVED,2024-07-18,CSI WEALTH MANAGEMENT,CSI WEALTH MANAGEMENT
iapd,iapd_state_compilation,328995,CA,APPROVED,2023-11-29,"SKORHEIM WEALTH MANAGEMENT, LLC","SKORHEIM WEALTH MANAGEMENT, LLC"
iapd,iapd_state_compilation,329049,CA,APPROVED,2023-12-11,FUTURE WALLET,FUTURE WALLET LLC
iapd,iapd_state_compilation,329068,CA,APPROVED,2023-11-30,PHASE LINE FINANCIAL,PHASE LINE FINANCIAL LLC
iapd,iapd_state_compilation,329121,CA,APPROVED,2023-12-08,PRIVATUS,"PRIVATUS, LLC"
iapd,iapd_state_compilation,329141,CA,APPROVED,2024-05-06,OLD WORLD FINANCIAL ADVISORS,OLD WORLD FINANCIAL ADVISORS
iapd,iapd_state_compilation,329154,CA,APPROVED,2023-12-07,MOONSHOT PLANNING LLC,BRIGHTER DAYS PLANNING LLC
iapd,iapd_state_compilation,329169,CA,APPROVED,2024-03-27,BRUIN WEALTH ADVISORS LLC,BRUIN WEALTH ADVISORS LLC
iapd,iapd_state_compilation,329236,CA,APPROVED,2024-07-10,REVIRESCO WEALTH ADVISORY LLC,REVIRESCO WEALTH ADVISORY LLC
iapd,iapd_state_compilation,329268,CA,APPROVED,2024-03-13,ABUNDIT WEALTH,"FRIEDERICH, BRENDA, LEIGH"
iapd,iapd_state_compilation,329285,CA,APPROVED,2024-07-31,"EMBARCADERO CAPITAL ADVISORS, INC.","EMBARCADERO CAPITAL ADVISORS, INC."
iapd,iapd_state_compilation,329331,CA,APPROVED,2024-05-31,JOHNSON'S CAPITAL PARTNERS CORPORATION,JOHNSON'S CAPITAL PARTNERS CORPORATION
iapd,iapd_state_compilation,329346,CA,APPROVED,2025-09-03,VALORIA WEALTH MANAGEMENT LLC,VALORIA WEALTH MANAGEMENT LLC
iapd,iapd_state_compilation,329362,CA,APPROVED,2023-12-19,CAPITAL GUARD INVESTMENTS LLC,CAPITAL GUARD INVESTMENTS LLC
iapd,iapd_state_compilation,329391,CA,APPROVED,2024-01-05,FIAT LUX FINANCIAL PLANNING,"WILUSZ, KATHLEEN, MELODY"
iapd,iapd_state_compilation,329438,CA,APPROVED,2025-07-11,CONVERGENCE WEALTH PARTNERS LLC,CONVERGENCE WEALTH PARTNERS LLC
iapd,iapd_state_compilation,329515,CA,APPROVED,2024-02-20,FOLSOM WEALTH ADVISORS,"FOLSOM WEALTH ADVISORS, LLC"
iapd,iapd_state_compilation,329627,CA,APPROVED,2024-02-20,BKS WEALTH LLC,BKS WEALTH LLC
iapd,iapd_state_compilation,329628,CA,APPROVED,2025-03-18,"SHIFT 4 ADVISORS, INC.","SHIFT 4 ADVISORS, INC."
iapd,iapd_state_compilation,329679,CA,APPROVED,2024-01-22,JEFFREY JOSEPH MANAGEMENT,"JEFFREY JOSEPH MANAGEMENT, INC."
iapd,iapd_state_compilation,329693,CA,APPROVED,2024-02-09,XEL,"XEL WEALTH MANAGEMENT, INC."
iapd,iapd_state_compilation,329705,CA,APPROVED,2024-06-13,FARID CONSULTING,"NADJIBI, FARID"
iapd,iapd_state_compilation,329714,CA,APPROVED,2024-02-07,OLDE WORLD INVESTMENTS,"SCRUBY, SEAN JORDAN"
iapd,iapd_state_compilation,329747,CA,APPROVED,2024-12-24,CARNEGIE WEALTH MANAGEMENT LLC,CARNEGIE WEALTH MANAGEMENT LLC
iapd,iapd_state_compilation,329753,CA,APPROVED,2024-10-29,THE WEALTH COLLABORATIVE,THE WEALTH COLLABORATIVE LLC
iapd,iapd_state_compilation,329760,CA,APPROVED,2025-07-15,RIMAC,RIMAC CAPITAL LLC
iapd,iapd_state_compilation,329764,CA,APPROVED,2024-02-23,PLUTUS WEALTH MANAGEMENT,"PLUTUS WEALTH MANAGEMENT, LLC"
iapd,iapd_state_compilation,329782,CA,APPROVED,2024-10-23,BALL INVESTMENTS CORPORATION,BALL INVESTMENTS CORPORATION
iapd,iapd_state_compilation,329791,CA,APPROVED,2024-05-14,FTIB ASSET MANAGEMENT LLC,FTIB ASSET MANAGEMENT LLC
iapd,iapd_state_compilation,329798,CA,APPROVED,2024-02-12,ROCKWEALTH FINANCIAL LLC,ROCKWEALTH FINANCIAL LLC
iapd,iapd_state_compilation,329833,CA,APPROVED,2024-10-24,TWO THREE FIVE,"235 WEALTH MANAGEMENT, LLC"
iapd,iapd_state_compilation,329895,CA,APPROVED,2026-03-17,"WEALTHSTONE PRIVATE WEALTH MANAGEMENT, LLC","WEALTHSTONE PRIVATE WEALTH MANAGEMENT, LLC"
iapd,iapd_state_compilation,329926,CA,APPROVED,2024-10-11,STAMOS AND STAMOS,"STAMOS AND STAMOS, CERTIFIED PUBLIC ACCOUNTANTS, INC."
iapd,iapd_state_compilation,329930,CA,APPROVED,2024-04-09,AMB FINANCIAL LLC,AMB FINANCIAL LLC
iapd,iapd_state_compilation,329939,CA,APPROVED,2024-04-11,MEASURED MONEY MANEUVERS,MEASURED MONEY MANEUVERS LLC
iapd,iapd_state_compilation,329943,CA,APPROVED,2024-04-24,OPEN PATH FINANCIAL,OPEN PATH FINANCIAL
iapd,iapd_state_compilation,329966,CA,APPROVED,2024-03-12,LOS GATOS FINANCIAL LLC,LOS GATOS FINANCIAL LLC
iapd,iapd_state_compilation,329967,CA,APPROVED,2025-05-06,SOPHRONIA WEALTH ADVISORS,"SOPHRONIA WEALTH ADVISORS, INC."
iapd,iapd_state_compilation,330001,CA,APPROVED,2024-04-05,HEWITT WEALTH MANAGEMENT INC.,HEWITT WEALTH MANAGEMENT INC.
iapd,iapd_state_compilation,330048,CA,APPROVED,2025-05-14,"SHARPER IMAGE FINANCIAL SERVICES, LLC","SHARPER IMAGE FINANCIAL SERVICES, LLC"
iapd,iapd_state_compilation,330083,CA,APPROVED,2024-03-26,ADVISORY API SYSTEMS LLC,ADVISORY API SYSTEMS LLC
iapd,iapd_state_compilation,330116,CA,APPROVED,2024-06-18,360 BUSINESS MANAGEMENT,360 BUSINESS MANAGEMENT
iapd,iapd_state_compilation,330179,CA,APPROVED,2024-05-22,NOVICE CAPITAL LLC,NOVICE CAPITAL LLC
iapd,iapd_state_compilation,330208,CA,APPROVED,2024-04-26,JRO WEALTH MANAGEMENT LLC,JRO WEALTH MANAGEMENT LLC
iapd,iapd_state_compilation,330210,CA,APPROVED,2024-05-31,JS CONSULTING,JS FAMILY CONSULTING INC.
iapd,iapd_state_compilation,330215,CA,APPROVED,2024-06-19,CJL QUANTUM ANALYTICS,"CLIFFORD JOSEPH LEIKER, DBA, CJL QUANTUM ANALYTICS"
iapd,iapd_state_compilation,330216,CA,APPROVED,2024-06-12,TORREY PINES INVESTMENT MANAGEMENT,TORREY PINES INVESTMENT MANAGEMENT LLC
iapd,iapd_state_compilation,330273,CA,APPROVED,2026-08-05,DEPENDENT FINANCIAL PLANNING,DEPENDENT FINANCIAL PLANNING LLC
iapd,iapd_state_compilation,330275,CA,APPROVED,2024-05-01,BALANCED FINANCIAL ADVISORS,"CHERNOVA VENTURES, LLC"
iapd,iapd_state_compilation,330299,CA,APPROVED,2024-04-22,245 INVESTMENTS LLC,245 INVESTMENTS LLC
iapd,iapd_state_compilation,330313,CA,APPROVED,2024-05-02,THE FREYR GROUP,"THE FREYR GROUP, LLC"
iapd,iapd_state_compilation,330320,CA,APPROVED,2024-03-27,FINCOP FINANCIAL PLANNING,"WONG, ANDREW"
iapd,iapd_state_compilation,330322,CA,APPROVED,2024-04-19,CONFIANZA WEALTH  MANAGEMENT,CONFIANZA WEALTH  MANAGEMENT LLC
iapd,iapd_state_compilation,330363,CA,APPROVED,2024-05-17,"INVESTMENT MANAGEMENT SOLUTIONS, INC.",INVESTMENT MANAGEMENT SOLUTIONS
iapd,iapd_state_compilation,330468,CA,APPROVED,2024-04-26,ILUKA ADVISORS,ILUKA ADVISORS LLC
iapd,iapd_state_compilation,330482,CA,APPROVED,2024-09-03,CENTOIC,STACKFLIP LLC
iapd,iapd_state_compilation,330489,CA,APPROVED,2026-04-10,THE HOURLY ADVISOR LLC,THE HOURLY ADVISOR LLC
iapd,iapd_state_compilation,330532,CA,APPROVED,2024-07-19,"NINE PINES VENTURES, LLC",RONALD DEAN MOORE
iapd,iapd_state_compilation,330575,CA,APPROVED,2024-06-18,ARCHER WEALTH ADVISORS,"ARCHER WEALTH ADVISORS, LLC"
iapd,iapd_state_compilation,330600,CA,APPROVED,2024-05-23,OH CAP ASSET MANAGEMENT,OH CAP ASSET MANAGEMENT LLC
iapd,iapd_state_compilation,330627,CA,APPROVED,2024-07-26,OWLSENSE WEALTH & LEGACY ADVISORS LLC,OWLSENSE WEALTH & LEGACY ADVISORS LLC
iapd,iapd_state_compilation,330663,CA,APPROVED,2024-10-18,HEAD TO TOE FINANCIAL PLANNING,HEAD TO TOE FINANCIAL PLANNING LLC
iapd,iapd_state_compilation,330758,CA,APPROVED,2024-05-23,MDW CAPITAL MANAGEMENT CORP.,MDW CAPITAL MANAGEMENT CORP
iapd,iapd_state_compilation,330772,CA,APPROVED,2024-04-23,R & R FINANCIAL,"JP RICHARDSON FINANCIAL SERVICES, INC."
iapd,iapd_state_compilation,330813,CA,APPROVED,2025-02-28,WYSOPAL WEALTH,"WYSOPAL WEALTH PLANNING, LLC"
iapd,iapd_state_compilation,330823,CA,APPROVED,2025-03-24,K-12 PLANNING,K-12 PLANNING LLC
iapd,iapd_state_compilation,330906,CA,APPROVED,2024-06-14,HG WEALTH PARTNERS LLC,HG WEALTH PARTNERS LLC
iapd,iapd_state_compilation,330908,CA,APPROVED,2024-07-02,"NORTHERN CALIFORNIA FIDUCIARY ADVISORS, LLC","NORTHERN CALIFORNIA FIDUCIARY ADVISORS, LLC"
iapd,iapd_state_compilation,331033,CA,APPROVED,2024-07-10,SOW AND REAP FINANCIAL LLC,SOW AND REAP FINANCIAL LLC
iapd,iapd_state_compilation,331037,CA,APPROVED,2024-09-05,ORVIDA INVESTMENT ADVISORS,"ORVIDA INVESTMENT ADVISORS, LLC"
iapd,iapd_state_compilation,331245,CA,APPROVED,2024-05-31,MODERN WEALTH LLC,MODERN WEALTH LLC
iapd,iapd_state_compilation,331296,CA,APPROVED,2024-07-16,AFFINITY ASSET MANAGEMENT,"KEDIS, MICHAEL, ONSY"
iapd,iapd_state_compilation,331320,CA,APPROVED,2024-06-18,PACIFIC CANYON INVESTMENTS,PACIFIC CANYON INVESTMENTS LLC
iapd,iapd_state_compilation,331403,CA,APPROVED,2024-09-27,CASH FLOW TECHNOLOGIES,CASH FLOW TECHNOLOGIES LLC
iapd,iapd_state_compilation,331404,CA,APPROVED,2025-01-22,MCWILLIAMS ASSET MANAGEMENT INC.,MCWILLIAMS ASSET MANAGEMENT INC.
iapd,iapd_state_compilation,331415,CA,APPROVED,2026-09-10,AMPLIO WEALTH,AMPLIO WEALTH LLC
iapd,iapd_state_compilation,331452,CA,APPROVED,2024-07-17,FINTENT,"FINTENT INVEST, INC."
iapd,iapd_state_compilation,331486,CA,APPROVED,2024-08-09,SAILCREST CAPITAL MANAGEMENT LLC,SAILCREST CAPITAL MANAGEMENT LLC
iapd,iapd_state_compilation,331508,CA,APPROVED,2024-07-02,EQUITYFTW,EQUITY FOR THE WIN LLC
iapd,iapd_state_compilation,331517,CA,APPROVED,2026-02-17,"CONFIDO CAPITAL, LLC","CONFIDO CAPITAL, LLC"
iapd,iapd_state_compilation,331522,CA,APPROVED,2024-09-30,MISSION CAPITAL ADVISORS INC.,MISSION CAPITAL ADVISORS INC.
iapd,iapd_state_compilation,331525,CA,APPROVED,2024-07-24,QUANT PORTFOLIO MANAGEMENT,QUANT PORTFOLIO MANAGEMENT LLC
iapd,iapd_state_compilation,331534,CA,APPROVED,2024-06-10,"NAV FINANCIAL, LLC","NAV FINANCIAL, LLC"
iapd,iapd_state_compilation,331538,CA,APPROVED,2026-06-11,ALPINE ROAD FINANCIAL,ALPINE ROAD FINANCIAL LLC
iapd,iapd_state_compilation,331551,CA,APPROVED,2024-06-11,"CALVIN S MAZLUMYAN, ATTORNEY",LAW OFFICES OF CALVIN S MAZLUMYAN PC
iapd,iapd_state_compilation,331580,CA,APPROVED,2024-12-13,BLACKWATER FINANCIAL,"BLACKWATER FINANCIAL, LLC"
iapd,iapd_state_compilation,331583,CA,APPROVED,2024-10-31,PACIFIC SPIRIT INVESTMENTS LP,PACIFIC SPIRIT INVESTMENTS LP
iapd,iapd_state_compilation,331585,CA,APPROVED,2026-09-24,ZENITH FINANCIAL PLANNING INC,ZENITH FINANCIAL PLANNING INC
iapd,iapd_state_compilation,331597,CA,APPROVED,2024-08-01,ENCOMPASS FINANCIAL SERVICES,ENCOMPASS FINANCIAL HOLDINGS INC.
iapd,iapd_state_compilation,331642,CA,APPROVED,2024-08-09,PATHLIGHT WEALTH MANAGEMENT,"PATHLIGHT WEALTH MANAGEMENT, LLC"
iapd,iapd_state_compilation,331668,CA,APPROVED,2024-07-22,GUTMAN FINANCIAL PLANNING LLC,GUTMAN FINANCIAL PLANNING LLC
iapd,iapd_state_compilation,331694,CA,APPROVED,2024-08-12,MP3 FINANCE LLC,MP3 FINANCE LLC
iapd,iapd_state_compilation,331703,CA,APPROVED,2024-07-09,DUOMO CAPITAL,STRIKEOUT CAPITAL LLC
iapd,iapd_state_compilation,331704,CA,APPROVED,2024-07-11,BOS TAURUS,BOS TAURUS LLC
iapd,iapd_state_compilation,331720,CA,APPROVED,2024-06-27,SIGMA3CAPITAL LLC,SIGMA3CAPITAL LLC
iapd,iapd_state_compilation,331739,CA,APPROVED,2024-09-25,SELECT INVESTMENT SERVICES,"VIDAL, MICHAEL ANTHONY DBA SELECT INVESTMENT SERVICES"
iapd,iapd_state_compilation,331774,CA,APPROVED,2024-09-30,BLACKFIELD CAPITAL MANAGEMENT LLC,BLACKFIELD CAPITAL MANAGEMENT LLC
iapd,iapd_state_compilation,331809,CA,APPROVED,2024-09-27,3D HOLISTIC WEALTH,3DHWEALTH LLC
iapd,iapd_state_compilation,331838,CA,APPROVED,2024-07-17,"VITA WEALTH ADVISORS, LLC","VITA WEALTH ADVISORS, LLC"
iapd,iapd_state_compilation,331840,CA,APPROVED,2025-01-29,"ATORIE ADVISORS, LLC","ATORIE ADVISORS, LLC"
iapd,iapd_state_compilation,331854,CA,APPROVED,2024-11-06,"BAINS, TONYA R","BAINS, TONYA R"
iapd,iapd_state_compilation,331889,CA,APPROVED,2024-08-08,DCAPITAL WEALTH LLC,DCAPITAL WEALTH LLC
iapd,iapd_state_compilation,331897,CA,APPROVED,2024-07-29,ISRAILOV FINANCIAL,"ISRAILOV FINANCIAL, LLC"
iapd,iapd_state_compilation,331936,CA,APPROVED,2024-08-02,FARM AND COMMUNITY ADVISORY,THE SANTA CRUZ COMPANY LLC
iapd,iapd_state_compilation,331938,CA,APPROVED,2024-08-20,"HIGHER IMPACT FINANCIAL, LLC","HIGHER IMPACT FINANCIAL, LLC"
iapd,iapd_state_compilation,331948,CA,APPROVED,2024-11-08,PENNANT WEALTH MANAGEMENT LLC,PENNANT WEALTH MANAGEMENT LLC
iapd,iapd_state_compilation,331963,CA,APPROVED,2024-10-01,"7 SUMMITS INVESTMENT MANAGEMENT, LLC","7 SUMMITS INVESTMENT MANAGEMENT, LLC"
iapd,iapd_state_compilation,331984,CA,APPROVED,2024-10-01,FORWARD 360,FORWARD 360
iapd,iapd_state_compilation,332016,CA,APPROVED,2024-11-22,SOUTHERN CALIFORNIA WEALTH MANAGEMENT ASSOCIATES,SOUTHERN CALIFORNIA WEALTH MANAGEMENT ASSOCIATES
iapd,iapd_state_compilation,332018,CA,APPROVED,2025-04-10,"ROHR FINANCIAL ADVISORS, LLC","ROHR FINANCIAL ADVISORS, LLC"
iapd,iapd_state_compilation,332054,CA,APPROVED,2024-07-24,BEHAVIOR SHIFT,KEVIN AND MELISSA LLC
iapd,iapd_state_compilation,332094,CA,APPROVED,2024-08-05,MURAWSKI WEALTH MANAGEMENT,"MURAWSKI WEALTH MANAGEMENT, LLC"
iapd,iapd_state_compilation,332140,CA,APPROVED,2026-09-03,MANION FINANCIAL SOLUTIONS LLC,MANION FINANCIAL SOLUTIONS LLC
iapd,iapd_state_compilation,332151,CA,APPROVED,2024-10-04,THE DR TEAM,FENLASON FINANCIAL SERVICES INC.
iapd,iapd_state_compilation,332194,CA,APPROVED,2026-07-07,LEWIS WEIL CO.,LEWIS WEIL COMPANY LLC
iapd,iapd_state_compilation,332216,CA,APPROVED,2025-07-24,"MESSINA WEALTH MANAGEMENT, LLC","MESSINA WEALTH MANAGEMENT, LLC"
iapd,iapd_state_compilation,332237,CA,APPROVED,2024-08-07,BROOKS WEALTH MANAGEMENT,BROOKS WEALTH MANAGEMENT LLC
iapd,iapd_state_compilation,332240,CA,APPROVED,2024-11-27,"NN INVESTMENT ADVISORY, LLC","NN INVESTMENT ADVISORY, LLC"
iapd,iapd_state_compilation,332247,CA,APPROVED,2025-05-23,FIDUCIARY SOLUTIONS LLC,FIDUCIARY SOLUTIONS LLC
iapd,iapd_state_compilation,332263,CA,APPROVED,2024-09-19,"TRACTION WEALTH MANAGEMENT, LLC","TRACTION WEALTH MANAGEMENT, LLC"
iapd,iapd_state_compilation,332273,CA,APPROVED,2024-10-11,ADVISORY DIALECTICS,"ADVISORY DIALECTICS, INC."
iapd,iapd_state_compilation,332301,CA,APPROVED,2025-03-10,PODER WEALTH ADVISORS,PODER WEALTH ADVISORS LLC
iapd,iapd_state_compilation,332336,CA,APPROVED,2024-09-19,TATE CAPITAL GROUP,"TATE CAPITAL GROUP, LLC"
iapd,iapd_state_compilation,332358,CA,APPROVED,2024-09-12,MORENO CAPITAL,MORENO CAPITAL LLC
iapd,iapd_state_compilation,332369,CA,APPROVED,2025-02-28,NEW PARADIGM WEALTH ADVISORY,"NEW PARADIGM WEALTH ADVISORY, LLC"
iapd,iapd_state_compilation,332403,CA,APPROVED,2024-11-27,PATEL CAPITAL MANAGEMENT,PATEL CAPITAL MANAGEMENT LLC
iapd,iapd_state_compilation,332423,CA,APPROVED,2025-03-06,BABIN WEALTH MANAGEMENT,BABIN WEALTH MANAGEMENT LLC
iapd,iapd_state_compilation,332457,CA,APPROVED,2025-01-01,"QUIVIRA ADVISORS, LLC","QUIVIRA ADVISORS, LLC"
iapd,iapd_state_compilation,332465,CA,APPROVED,2024-11-06,TRIFLAME CAPITAL,TRIFLAME CAPITAL LLC
iapd,iapd_state_compilation,332472,CA,APPROVED,2024-08-30,SILICON BEACH FINANCIAL LLC,SILICON BEACH FINANCIAL LLC
iapd,iapd_state_compilation,332491,CA,APPROVED,2024-09-19,RUSHMORE CAPITAL PARTNERS,RUSHMORE CAPITAL PARTNERS LLC
iapd,iapd_state_compilation,332527,CA,APPROVED,2024-12-06,"EQUITY X INVESTMENTS, LLC","EQUITY X INVESTMENTS, LLC"
iapd,iapd_state_compilation,332553,CA,APPROVED,2026-01-06,TWO TRAILS FINANCIAL PLANNING,TWO TRAILS FINANCIAL PLANNING LLC
iapd,iapd_state_compilation,332564,CA,APPROVED,2025-01-08,QUANTWEALTH ADVISORS LLC,QUANTWEALTH ADVISORS LLC
iapd,iapd_state_compilation,332571,CA,APPROVED,2024-09-18,HAWK ADVISORY LLC,HAWK ADVISORY LLC
iapd,iapd_state_compilation,332576,CA,APPROVED,2024-11-05,A7 MANAGEMENT,A7 MANAGEMENT LLC
iapd,iapd_state_compilation,332634,CA,APPROVED,2026-08-18,G & R FINANCIAL SOLUTIONS LLC,G & R FINANCIAL SOLUTIONS LLC
iapd,iapd_state_compilation,332651,CA,APPROVED,2025-11-26,"BENARI CAPITAL, LLC","BENARI CAPITAL, LLC"
iapd,iapd_state_compilation,332662,CA,APPROVED,2025-03-10,SAGEWATER WEALTH MANAGEMENT LLC,SAGEWATER WEALTH MANAGEMENT LLC
iapd,iapd_state_compilation,332672,CA,APPROVED,2024-11-19,SIERRA HOTEL FINANCIAL LLC,SIERRA HOTEL FINANCIAL LLC
iapd,iapd_state_compilation,332674,CA,APPROVED,2024-09-06,SEAPOINT CAPITAL MANAGEMENT LLC,SEAPOINT CAPITAL MANAGEMENT LLC
iapd,iapd_state_compilation,332697,CA,APPROVED,2024-10-24,SHEPHERD INVESTMENT MANAGEMENT,SHEPHERD INVESTMENT MANAGEMENT LLC
iapd,iapd_state_compilation,332718,CA,APPROVED,2025-01-01,JOYNER FINANCIAL PLANNING LLC,JOYNER FINANCIAL PLANNING LLC
iapd,iapd_state_compilation,332737,CA,APPROVED,2024-12-16,"FINZ ADVISORS, LLC","FINZ ADVISORS, LLC"
iapd,iapd_state_compilation,332747,CA,APPROVED,2024-10-24,NORTHWOODS FINANCIAL PARTNERS LLC,NORTHWOODS FINANCIAL PARTNERS LLC
iapd,iapd_state_compilation,332749,CA,APPROVED,2024-11-05,AIHARA WEALTH MANAGEMENT LLC,AIHARA WEALTH MANAGEMENT LLC
iapd,iapd_state_compilation,332776,CA,APPROVED,2024-09-27,THE BLACKMONT GROUP,THE BLACKMONT GROUP LLC
iapd,iapd_state_compilation,332780,CA,APPROVED,2026-02-23,FULL FOCUS CAPITAL MANAGEMENT,CLEARWATER ENTERPRISES LLC
iapd,iapd_state_compilation,332804,CA,APPROVED,2024-09-13,TRANQUIL ASSET MANAGEMENT LLC,TRANQUIL ASSET MANAGEMENT LLC
iapd,iapd_state_compilation,332809,CA,APPROVED,2025-06-10,"BRINK FINANCIAL GROUP, INC.","BRINK FINANCIAL GROUP, INC."
iapd,iapd_state_compilation,332842,CA,APPROVED,2024-09-16,MANZANITA WEALTH MANAGEMENT LLC,MANZANITA WEALTH MANAGEMENT LLC
iapd,iapd_state_compilation,332903,CA,APPROVED,2024-12-18,GOUDA WEALTH PLANNING,"GOUDA WEALTH PLANNING, INC"
iapd,iapd_state_compilation,332937,CA,APPROVED,2025-03-24,NORTHERN MONARCH CAPITAL LLC,NORTHERN MONARCH CAPITAL LLC
iapd,iapd_state_compilation,332939,CA,APPROVED,2024-10-10,NEWHOUSE INTEGRATED FINANCIAL ADVISORS LLC,NEWHOUSE INTEGRATED FINANCIAL ADVISORS LLC
iapd,iapd_state_compilation,332974,CA,APPROVED,2025-04-22,WHOLENESS FINANCIAL,"STEVEN TOOMEY ENTERPRISES, LLC"
iapd,iapd_state_compilation,332975,CA,APPROVED,2024-11-08,"MERIDIAN VENTURE PARTNERS, INC","MERIDIAN VENTURE PARTNERS, INC"
iapd,iapd_state_compilation,332993,CA,APPROVED,2024-10-15,TL-B CAPITAL MANAGEMENT,TL-B CAPITAL MANAGEMENT LLC
iapd,iapd_state_compilation,333070,CA,APPROVED,2026-01-29,"BENZINA WEALTH, LLC","BENZINA WEALTH, LLC"
iapd,iapd_state_compilation,333085,CA,APPROVED,2024-10-24,ATWIMA WEALTH MANAGEMENT LLC,ATWIMA WEALTH MANAGEMENT LLC
iapd,iapd_state_compilation,333094,CA,APPROVED,2024-10-07,WEALTH BEING ADVISORS LLC,WEALTH BEING ADVISORS LLC
iapd,iapd_state_compilation,333101,CA,APPROVED,2024-10-28,WORTHIQUE,WORTHIQUE LLC
iapd,iapd_state_compilation,333128,CA,APPROVED,2025-05-06,MARTOS WEALTH MANAGEMENT,MARTOS WEALTH MANAGEMENT LLC
iapd,iapd_state_compilation,333135,CA,APPROVED,2024-11-22,PACIFIC CREST ASSET MANAGEMENT LLC,PACIFIC CREST ASSET MANAGEMENT LLC
iapd,iapd_state_compilation,333146,CA,APPROVED,2025-03-27,HARVESTWISE WEALTH PLANNING,HARVESTWISE WEALTH LLC
iapd,iapd_state_compilation,333173,CA,APPROVED,2024-12-09,BASED CAPITAL WEALTH LLC,BASED CAPITAL WEALTH LLC
iapd,iapd_state_compilation,333198,CA,APPROVED,2025-02-18,"21:5 ADVISORS, LLC","21:5 ADVISORS, LLC"
iapd,iapd_state_compilation,333200,CA,APPROVED,2025-04-23,TOOLE FINANCIAL,TOOLE FINANCIAL LLC
iapd,iapd_state_compilation,333270,CA,APPROVED,2024-10-30,"5 TALENTS ADVISORS, INC","5 TALENTS ADVISORS, INC"
iapd,iapd_state_compilation,333303,CA,APPROVED,2025-01-22,WORLD CAPITAL MANAGEMENT,WALKER CHANDRIGA
iapd,iapd_state_compilation,333348,CA,APPROVED,2025-05-16,POLYMATH INVESTMENTS LLC,POLYMATH INVESTMENTS LLC
iapd,iapd_state_compilation,333387,CA,APPROVED,2024-11-26,SOL FINANCIAL,SOL FINANCIAL LLC
iapd,iapd_state_compilation,333391,CA,APPROVED,2024-11-19,CAMRIEL ADVISORS,CAMRIEL ADVISORS LLC
iapd,iapd_state_compilation,333407,CA,APPROVED,2025-01-01,SANTAFINO WEALTH MANAGEMENT LLC,SANTAFINO WEALTH MANAGEMENT LLC
iapd,iapd_state_compilation,333477,CA,APPROVED,2024-12-16,BRIGHTORANGE ADVISORS,BRIGHTORANGE ADVISORS
iapd,iapd_state_compilation,333511,CA,APPROVED,2025-01-01,"HERRIOT FINANCIAL, LLC","HERRIOT FINANCIAL, LLC"
iapd,iapd_state_compilation,333517,CA,APPROVED,2025-01-01,"CORCOVADO INVESTMENT ADVISORS, LLC","CORCOVADO INVESTMENT ADVISORS, LLC"
iapd,iapd_state_compilation,333522,CA,APPROVED,2025-01-07,VERA WEALTH LLC,VERA WEALTH LLC
iapd,iapd_state_compilation,333557,CA,APPROVED,2025-03-27,HN BUSS INVESTING,"HN BUSS INVESTING, CORPORATION"
iapd,iapd_state_compilation,333577,CA,APPROVED,2025-01-01,"REA INVESTMENTS, LLC","REA INVESTMENTS, LLC"
iapd,iapd_state_compilation,333585,CA,APPROVED,2025-04-30,UNIVERSAL WEALTH MANAGEMENT LLC,UNIVERSAL WEALTH MANAGEMENT LLC
iapd,iapd_state_compilation,333588,CA,APPROVED,2024-11-25,TWO PALMS FINANCIAL,TWO PALMS PLANNING LLC
iapd,iapd_state_compilation,333590,CA,APPROVED,2025-01-01,SANDERS RETIREMENT PLANNING LLC,SANDERS RETIREMENT PLANNING LLC
iapd,iapd_state_compilation,333591,CA,APPROVED,2025-01-31,"CLANTON FINANCIAL PARTNERS, LLC","CLANTON FINANCIAL PARTNERS, LLC"
iapd,iapd_state_compilation,333597,CA,APPROVED,2025-01-07,FACTOR FINANCIAL,FACTOR FINANCIAL LLC
iapd,iapd_state_compilation,333631,CA,APPROVED,2025-01-28,PALO SECO WEALTH MANAGEMENT,"PALO SECO, LLC"
iapd,iapd_state_compilation,333663,CA,APPROVED,2025-04-02,"HICKOK ADVISORY, LLC","HICKOK ADVISORY, LLC"
iapd,iapd_state_compilation,333709,CA,APPROVED,2025-01-02,COUILLARD CAPITAL LLC,COUILLARD CAPITAL LLC
iapd,iapd_state_compilation,333749,CA,APPROVED,2025-01-01,INVERSEWEALTH LLC,INVERSEWEALTH LLC
iapd,iapd_state_compilation,333780,CA,APPROVED,2025-09-10,SANTARA WEALTH MANAGEMENT LLC,SANTARA WEALTH MANAGEMENT LLC
iapd,iapd_state_compilation,333840,CA,APPROVED,2025-02-03,"REHOBOTH FINANCIAL PLANNING, INC.","REHOBOTH FINANCIAL PLANNING, INC."
iapd,iapd_state_compilation,333843,CA,APPROVED,2025-01-22,WEISBERG CAPITAL MANAGEMENT,WEISBERG CAPITAL MANAGEMENT LLC
iapd,iapd_state_compilation,333853,CA,APPROVED,2024-12-05,MC INVESTMENTS & ADVISORY LLC,MC INVESTMENTS & ADVISORY LLC
iapd,iapd_state_compilation,333997,CA,APPROVED,2026-06-01,S12 GROUP LLC,S12 GROUP LLC
iapd,iapd_state_compilation,334038,CA,APPROVED,2025-01-17,INSPIRATION FINANCIAL PLANNING,INSPIRATION FINANCIAL PLANNING LLC
iapd,iapd_state_compilation,334060,CA,APPROVED,2025-07-23,BROOKSIDE STRATEGY AND CONSULTING,BROOKSIDE STUDIOS LLC
iapd,iapd_state_compilation,334064,CA,APPROVED,2025-04-10,THE DEAN'S LIST,"LYULKIN, VADIM, GARRY"
iapd,iapd_state_compilation,334099,CA,APPROVED,2025-01-21,SONOMA MOUNTAIN FINANCIAL LLC,SONOMA MOUNTAIN FINANCIAL LLC
iapd,iapd_state_compilation,334119,CA,APPROVED,2025-02-05,"FOOTHILLS CAPITAL MANAGEMENT, LLC","FOOTHILLS CAPITAL MANAGEMENT, LLC"
iapd,iapd_state_compilation,334177,CA,APPROVED,2025-01-07,VERTEX INVESTMENTS GROUP,VERTEX INVESTMENTS GROUP LLC.
iapd,iapd_state_compilation,334180,CA,APPROVED,2024-12-20,GREYFOX INVESTORS LLC,GREYFOX INVESTORS LLC
iapd,iapd_state_compilation,334207,CA,APPROVED,2026-04-23,SANTA CRUZ FINANCIAL,SANTA CRUZ FINANCIAL
iapd,iapd_state_compilation,334224,CA,APPROVED,2025-01-24,PARKWOOD CAPITAL MANAGEMENT LLC,PARKWOOD CAPITAL MANAGEMENT LLC
iapd,iapd_state_compilation,334226,CA,APPROVED,2025-01-17,TPW FINANCE LLC,TPW FINANCE LLC
iapd,iapd_state_compilation,334246,CA,APPROVED,2025-02-18,ATLAS FINANCIAL LLC,ATLAS FINANCIAL LLC
iapd,iapd_state_compilation,334259,CA,APPROVED,2025-02-27,EMPATH WEALTH,EMPATH WEALTH LLC
iapd,iapd_state_compilation,334262,CA,APPROVED,2025-02-24,PROFLEX FINANCE,PROFLEX FINANCE LLC
iapd,iapd_state_compilation,334283,CA,APPROVED,2025-02-11,KATE CAPITAL GROUP,KATE CAPITAL GROUP LLC
iapd,iapd_state_compilation,334306,CA,APPROVED,2025-04-11,PHASE CHANGE WEALTH MANAGEMENT LLC,PHASE CHANGE WEALTH MANAGEMENT LLC
iapd,iapd_state_compilation,334335,CA,APPROVED,2025-01-14,MIDAS CAPITAL MANAGEMENT,MIDAS CAPITAL MANAGEMENT
iapd,iapd_state_compilation,334359,CA,APPROVED,2025-01-31,EQUANIMITY WEALTH,EQUANIMITY WEALTH LLC
iapd,iapd_state_compilation,334369,CA,APPROVED,2025-01-27,FALLBROOK FI,FALLBROOK FI LLC
iapd,iapd_state_compilation,334391,CA,APPROVED,2026-07-28,GALVEZ FINANCIAL LLC,GALVEZ FINANCIAL LLC
iapd,iapd_state_compilation,334412,CA,APPROVED,2025-05-29,"DAUNTLESS ADVISORY, LLC","DAUNTLESS ADVISORY, LLC"
iapd,iapd_state_compilation,334427,CA,APPROVED,2025-02-21,"API CAPITAL, LLC","API CAPITAL, LLC"
iapd,iapd_state_compilation,334443,CA,APPROVED,2025-12-05,STRIVE RETIREMENT GROUP,DARROW BENTLEY LLC
iapd,iapd_state_compilation,334463,CA,APPROVED,2025-03-04,ECKEL FINANCIAL ADVISORS,ECKEL FINANCIAL ADVISORS
iapd,iapd_state_compilation,334520,CA,APPROVED,2025-02-11,HALL FINANCIAL WELLNESS,HALL FINANCIAL WELLNESS LLC
iapd,iapd_state_compilation,334532,CA,APPROVED,2025-03-14,24ACRES,"24ACRES WEALTH, LLC"
iapd,iapd_state_compilation,334544,CA,APPROVED,2025-03-27,THOMAS INVESTMENT ADVISORS LLC,THOMAS INVESTMENT ADVISORS LLC
iapd,iapd_state_compilation,334572,CA,APPROVED,2025-11-18,RETIREMENT PLANNING PARTNER LLC,RETIREMENT PLANNING PARTNER LLC
iapd,iapd_state_compilation,334599,CA,APPROVED,2025-02-19,SOMAN ADVISORS LLC,SOMAN ADVISORS LLC
iapd,iapd_state_compilation,334609,CA,APPROVED,2025-04-15,ASTRA WEALTH MANAGEMENT LLC,ASTRA WEALTH MANAGEMENT LLC
iapd,iapd_state_compilation,334610,CA,APPROVED,2025-02-21,AJAY AGRAWAL,"AGRAWAL, AJAY"
iapd,iapd_state_compilation,334626,CA,APPROVED,2025-11-26,"A & L PERSONAL BUSINESS MANAGEMENT, LLC","A & L PERSONAL BUSINESS MANAGEMENT, LLC"
iapd,iapd_state_compilation,334641,CA,APPROVED,2025-06-24,"360 AVIATION ADVISORS, LLC","360 AVIATION ADVISORS, LLC"
iapd,iapd_state_compilation,334658,CA,APPROVED,2025-02-20,BROOKSIDE CAPITAL GROUP LLC,BROOKSIDE CAPITAL GROUP LLC
iapd,iapd_state_compilation,334665,CA,APPROVED,2025-02-24,HOLLAND STRATEGIC WEALTH ADVISORS LLC,HOLLAND STRATEGIC WEALTH ADVISORS LLC
iapd,iapd_state_compilation,334672,CA,APPROVED,2026-06-09,EMERSON PARTNERS,"EMERSON PARTNERS, LLC"
iapd,iapd_state_compilation,334680,CA,APPROVED,2026-03-09,"KISHER CAPITAL, LLC","KISHER CAPITAL, LLC"
iapd,iapd_state_compilation,334716,CA,APPROVED,2025-05-08,SOUTHFORK INVESTMENT MANAGEMENT,SOUTHFORK INVESTMENT MANAGEMENT LLC
iapd,iapd_state_compilation,334718,CA,APPROVED,2025-04-09,CASITA FINANCIAL PLANNING,CASITA FINANCIAL PLANNING LLC
iapd,iapd_state_compilation,334753,CA,APPROVED,2025-03-19,"OAK SUMMIT WEALTH MANAGEMENT, INC.","OAK SUMMIT WEALTH MANAGEMENT, INC."
iapd,iapd_state_compilation,334762,CA,APPROVED,2025-03-06,"JFD CAPITAL, LLC","JFD CAPITAL, LLC"
iapd,iapd_state_compilation,334805,CA,APPROVED,2025-05-19,AP INVESTMENT MANAGEMENT,AP-FINANCIAL LLC
iapd,iapd_state_compilation,334807,CA,APPROVED,2026-07-31,BELAY FINANCE,"BELAY FINANCE, LLC"
iapd,iapd_state_compilation,334809,CA,APPROVED,2025-07-10,WEALTHETIC LLC,WEALTHETIC LLC
iapd,iapd_state_compilation,334822,CA,APPROVED,2025-04-09,"AM WEALTH SOLUTIONS, LLC","AM WEALTH SOLUTIONS, LLC"
iapd,iapd_state_compilation,334855,CA,APPROVED,2026-03-13,JOURNEY ASSET MANAGEMENT LLC,JOURNEY ASSET MANAGEMENT LLC
iapd,iapd_state_compilation,334873,CA,APPROVED,2025-08-22,"LIGHTCAP FINANCIAL GROUP, LLC","LIGHTCAP FINANCIAL GROUP, LLC"
iapd,iapd_state_compilation,334880,CA,APPROVED,2025-08-19,BRAYPARK WEALTH MANAGEMENT,BRAYPARK WEALTH MANAGEMENT
iapd,iapd_state_compilation,334951,CA,APPROVED,2025-03-14,BIXY WEALTH LLC,BIXY WEALTH LLC
iapd,iapd_state_compilation,334957,CA,APPROVED,2025-03-06,"SMARTCOURSE ADVISORY, LLC","SMARTCOURSE ADVISORY, LLC"
iapd,iapd_state_compilation,334987,CA,APPROVED,2025-09-24,FPF WEALTH LLC,FPF WEALTH LLC
iapd,iapd_state_compilation,335023,CA,APPROVED,2025-09-03,WONDERLAND FINANCIAL PLANNING,"WONDERLAND FINANCIAL PLANNING, LLC"
iapd,iapd_state_compilation,335076,CA,APPROVED,2025-04-24,RUN FREE CAPITAL LLC,RUN FREE CAPITAL LLC
iapd,iapd_state_compilation,335105,CA,APPROVED,2025-05-13,"FINANCIAL ESSENTIALS 4 LIFE, INC.","FINANCIAL ESSENTIALS 4 LIFE, INC."
iapd,iapd_state_compilation,335123,CA,APPROVED,2025-04-30,FLIPWITHLOU&KIP LLC,FLIPWITHLOU&KIP LLC
iapd,iapd_state_compilation,335136,CA,APPROVED,2025-04-17,"MENDE FINANCIAL COUNCIL, INC.","MENDE FINANCIAL COUNCIL, INC."
iapd,iapd_state_compilation,335138,CA,APPROVED,2025-03-27,VIRIDIAN WAY LLC,VIRIDIAN WAY LLC
iapd,iapd_state_compilation,335185,CA,APPROVED,2025-12-03,YARASH GLOBAL SOLUTIONS INC.,YARASH GLOBAL SOLUTIONS INC.
iapd,iapd_state_compilation,335226,CA,APPROVED,2025-05-09,DESAI WEALTH LLC,DESAI WEALTH LLC
iapd,iapd_state_compilation,335232,CA,APPROVED,2025-04-10,RO2 WEALTH,RO2 WEALTH LLC
iapd,iapd_state_compilation,335241,CA,APPROVED,2025-05-15,APIIS WEALTH MANAGEMENT CORP.,APIIS WEALTH MANAGEMENT CORP.
iapd,iapd_state_compilation,335260,CA,APPROVED,2025-04-04,XWEALTH,XWEALTH LLC
iapd,iapd_state_compilation,335271,CA,APPROVED,2025-04-18,395 FINANCIAL PLANNING,395 FINANCIAL PLANNING LLC
iapd,iapd_state_compilation,335277,CA,APPROVED,2025-04-03,"LINDY WEALTH, LLC","LINDY WEALTH, LLC"
iapd,iapd_state_compilation,335296,CA,APPROVED,2025-07-29,PATELS AND COMPANY CAPITAL,"PATEL, STEPHEN RASIK"
iapd,iapd_state_compilation,335299,CA,APPROVED,2025-05-23,OUTLIVE FINANCIAL PLANNING LLC,OUTLIVE FINANCIAL PLANNING LLC
iapd,iapd_state_compilation,335323,CA,APPROVED,2025-08-18,NORTHERN STAR GENERATIONAL WEALTH,NORTHERN STAR GENERATIONAL WEALTH
iapd,iapd_state_compilation,335416,CA,APPROVED,2026-01-05,"SAGE WEALTH SOLUTIONS, LLC","SAGE WEALTH SOLUTIONS, LLC"
iapd,iapd_state_compilation,335442,CA,APPROVED,2025-04-28,EXETER INVESTMENT MANAGEMENT,EXETER INVESTMENT MANAGEMENT LLC
iapd,iapd_state_compilation,335449,CA,APPROVED,2025-04-15,WESCAL WEALTH LLC,WESCAL WEALTH LLC
iapd,iapd_state_compilation,335465,CA,APPROVED,2025-06-18,STRAVIDA WEALTH LLC,STRAVIDA WEALTH LLC
iapd,iapd_state_compilation,335502,CA,APPROVED,2025-04-23,GIBRALTAR FINANCIAL ADVISORS,"DYSART, JESSE"
iapd,iapd_state_compilation,335503,CA,APPROVED,2025-04-23,GOMEZ FINANCIAL PLANNING,"GOMEZ, VICTORIA DEVIN"
iapd,iapd_state_compilation,335543,CA,APPROVED,2025-07-11,ROOK FINANCIAL LLC,ROOK FINANCIAL LLC
iapd,iapd_state_compilation,335596,CA,APPROVED,2025-07-17,SO LLC,"SILVER OAK, LLC"
iapd,iapd_state_compilation,335615,CA,APPROVED,2025-04-28,DIWY FINANCIAL PLANNING,DIWY LLC
iapd,iapd_state_compilation,335676,CA,APPROVED,2025-06-30,PK WEALTH ADVISORS,"PK WEALTH ADVISORS, LLC"
iapd,iapd_state_compilation,335699,CA,APPROVED,2025-07-30,WJ CONSULTING LLC,WJ CONSULTING LLC
iapd,iapd_state_compilation,335715,CA,APPROVED,2025-06-10,"KAUZER CAPITAL MANAGEMENT, LLC","KAUZER CAPITAL MANAGEMENT, LLC"
iapd,iapd_state_compilation,335718,CA,APPROVED,2025-05-09,CIRCUIT WEALTH LLC,CIRCUIT WEALTH LLC
iapd,iapd_state_compilation,335731,CA,APPROVED,2025-05-19,LOAM ADVISORY,LOAM ADVISORY LLC
iapd,iapd_state_compilation,335741,CA,APPROVED,2025-04-23,"THREE SHEEP WEALTH MANAGEMENT, LLC","THREE SHEEP WEALTH MANAGEMENT, LLC"
iapd,iapd_state_compilation,335792,CA,APPROVED,2026-01-06,STRATEGIC WEALTH MANAGEMENT LLC,STRATEGIC WEALTH MANAGEMENT LLC
iapd,iapd_state_compilation,335837,CA,APPROVED,2025-06-18,LYON RESTAURANT ADVISORY,LYON WEALTH ADVISORY LLC
iapd,iapd_state_compilation,335931,CA,APPROVED,2025-10-31,JOURNEY EQUITY WEALTH MANAGEMENT LLC,JOURNEY EQUITY WEALTH MANAGEMENT LLC
iapd,iapd_state_compilation,336015,CA,APPROVED,2026-02-04,MMM CAPITAL VENTURES,MMM CAPITAL VENTURES LLC
iapd,iapd_state_compilation,336030,CA,APPROVED,2025-11-04,BRAVE NEW WEALTH,"BRAVE NEW WEALTH, LLC"
iapd,iapd_state_compilation,336097,CA,APPROVED,2026-05-12,FREEDOM WEALTH MANAGEMENT LLC,FREEDOM WEALTH MANAGEMENT LLC
iapd,iapd_state_compilation,336140,CA,APPROVED,2025-11-20,PHILADELPHUS CAPITAL,PJ9K ADIVISORS LLC
iapd,iapd_state_compilation,336167,CA,APPROVED,2025-08-29,SIGHTLINE WEALTH,SIGHTLINE WEALTH LLC
iapd,iapd_state_compilation,336221,CA,APPROVED,2025-06-25,CALISI WEALTH MANAGEMENT,CALISI WEALTH MANAGEMENT LLC
iapd,iapd_state_compilation,336225,CA,APPROVED,2025-09-25,DONCASTER WEALTH LLC,DONCASTER WEALTH LLC
iapd,iapd_state_compilation,336230,CA,APPROVED,2025-12-03,"FARMERS ASSET MANAGEMENT, LLC","FARMERS ASSET MANAGEMENT, LLC"
iapd,iapd_state_compilation,336302,CA,APPROVED,2025-06-27,"PROSPERITY PLANNING AND ADVISORY, LLC","PROSPERITY PLANNING AND ADVISORY, LLC"
iapd,iapd_state_compilation,336319,CA,APPROVED,2025-07-29,STONEBRIDGE WEALTH MANAGEMENT LLC,STONEBRIDGE WEALTH MANAGEMENT LLC
iapd,iapd_state_compilation,336344,CA,APPROVED,2026-01-15,COUNT YOUR BEANS FINANCIAL PLANNING LLC,COUNT YOUR BEANS FINANCIAL PLANNING LLC
iapd,iapd_state_compilation,336395,CA,APPROVED,2025-05-30,"TRUSTED PATH WEALTH MANAGEMENT, LLC","TRUSTED PATH WEALTH MANAGEMENT, LLC"
iapd,iapd_state_compilation,336457,CA,APPROVED,2025-10-08,SAN FRANCISCO ASSET SOLUTIONS,SAN FRANCISCO ASSET SOLUTIONS LLC
iapd,iapd_state_compilation,336468,CA,APPROVED,2026-01-05,"TRADE THERAPY, LLC","TRADE THERAPY, LLC"
iapd,iapd_state_compilation,336503,CA,APPROVED,2025-06-09,FOX WEALTH STRATEGIES,FOX PROFESSIONAL SOLUTIONS LLC
iapd,iapd_state_compilation,336522,CA,APPROVED,2025-06-30,WAYPOINT WEST,"WAYPOINT WEST, LLC"
iapd,iapd_state_compilation,336527,CA,APPROVED,2025-10-30,NAAI INVESTMENT MANAGEMENT LLC,NAAI INVESTMENT MANAGEMENT LLC
iapd,iapd_state_compilation,336530,CA,APPROVED,2025-09-02,"ACUMAIN CAPITAL, LLC","ACUMAIN CAPITAL, LLC"
iapd,iapd_state_compilation,336538,CA,APPROVED,2025-06-03,PILLAR POINT WEALTH MANAGEMENT LLC,PILLAR POINT WEALTH MANAGEMENT LLC
iapd,iapd_state_compilation,336548,CA,APPROVED,2025-08-13,FINANCIAL GROWTH MANAGEMENT INC.,FINANCIAL GROWTH MANAGEMENT INC.
iapd,iapd_state_compilation,336562,CA,APPROVED,2025-06-18,"ALLORA WEALTH, LLC","ALLORA WEALTH, LLC"
iapd,iapd_state_compilation,336569,CA,APPROVED,2025-11-05,"ZEALTH PLANNING, LLC","ZEALTH PLANNING, LLC"
iapd,iapd_state_compilation,336570,CA,APPROVED,2025-07-14,AALEXANDER LLC,AALEXANDER LLC
iapd,iapd_state_compilation,336574,CA,APPROVED,2025-10-13,SUSTAINABLE WEALTH ADVISORY GROUP,SUSTAINABLE WEALTH ADVISORY GROUP LLC
iapd,iapd_state_compilation,336626,CA,APPROVED,2025-07-28,SABER ASSET MANAGEMENT,SABER 17 VENTURES LLC
iapd,iapd_state_compilation,336633,CA,APPROVED,2025-09-25,ELEVATED WEALTH STRATEGIES LLC,ELEVATED WEALTH STRATEGIES LLC
iapd,iapd_state_compilation,336656,CA,APPROVED,2025-06-11,EEDARA FINANCIALS,EEDARA FINANCIALS LLC
iapd,iapd_state_compilation,336670,CA,APPROVED,2025-09-05,FIDUCIARY PLANNERS,"DILIBERTO, ANTHONY J"
iapd,iapd_state_compilation,336715,CA,APPROVED,2025-07-15,"HUNTER VIP INVESTMENTS, LLC","HUNTER VIP INVESTMENTS, LLC"
iapd,iapd_state_compilation,336729,CA,APPROVED,2025-08-28,RAYNMAKER FINANCIAL,RAYNMAKER FINANCIAL
iapd,iapd_state_compilation,336764,CA,APPROVED,2025-11-25,RUBRIC ADVISORS LLC,RUBRIC ADVISORS LLC
iapd,iapd_state_compilation,336797,CA,APPROVED,2025-06-27,"ERK WEALTH ADVISORS, LLC","ERK WEALTH ADVISORS, LLC"
iapd,iapd_state_compilation,336802,CA,APPROVED,2025-07-25,PROCESS WEALTH LLC,PROCESS WEALTH LLC
iapd,iapd_state_compilation,336805,CA,APPROVED,2025-08-27,STRUCTURED FINANCE LLC,STRUCTURED FINANCE LLC
iapd,iapd_state_compilation,336808,CA,APPROVED,2026-06-16,GAELIN LLC,GAELIN LLC
iapd,iapd_state_compilation,336818,CA,APPROVED,2026-04-03,AURI,"AURI HOLDINGS, INC."
iapd,iapd_state_compilation,336823,CA,APPROVED,2025-09-16,QUANTUM WEALTH ADVISORS LLC,QUANTUM WEALTH ADVISORS LLC
iapd,iapd_state_compilation,336852,CA,APPROVED,2025-08-21,INTEG FINANCIAL INVESTMENT ADVISORY LLC,INTEG FINANCIAL INVESTMENT ADVISORY LLC
iapd,iapd_state_compilation,337281,CA,APPROVED,2025-08-13,"JONES WEALTH ADVISORS, LLC","JONES WEALTH ADVISORS, LLC"
iapd,iapd_state_compilation,337319,CA,APPROVED,2025-09-17,BACK NINE FINANCIAL COACHING LLC,BACK NINE FINANCIAL COACHING LLC
iapd,iapd_state_compilation,337375,CA,APPROVED,2025-10-22,SHE WEALTH ADVISORS LLC,"SHE WEALTH ADVISORS, LLC"
iapd,iapd_state_compilation,337405,CA,APPROVED,2025-08-28,"LEGACY WEALTH, INC.","LEGACY WEALTH, INC."
iapd,iapd_state_compilation,337425,CA,APPROVED,2025-09-23,"FORUM PRIVATE WEALTH, LLC","FORUM PRIVATE WEALTH, LLC"
iapd,iapd_state_compilation,337437,CA,APPROVED,2025-08-11,ANORA WEALTH,"ANORA WEALTH, LLC"
iapd,iapd_state_compilation,337507,CA,APPROVED,2025-09-15,WOLFE SIGNAL CAPITAL LLC,WOLFE SIGNAL CAPITAL LLC
iapd,iapd_state_compilation,337518,CA,APPROVED,2025-11-12,WEALTHWISE ASSET MANAGEMENT LLC,WEALTHWISE ASSET MANAGEMENT LLC
iapd,iapd_state_compilation,337539,CA,APPROVED,2025-08-29,ALONGSIDE FINANCIAL PARTNERS,"ALONGSIDE FINANCIAL PARTNERS, LLC"
iapd,iapd_state_compilation,337542,CA,APPROVED,2025-08-27,"ALLEN FINANCIAL ADVISEMENT, INC.","ALLEN FINANCIAL ADVISEMENT, INC."
iapd,iapd_state_compilation,337549,CA,APPROVED,2025-10-30,TENNEXT LLC,TENNEXT LLC
iapd,iapd_state_compilation,337578,CA,APPROVED,2026-01-09,"GOTMAN-MATUSOVSKAYA, JULIE EVGENIEVNA","GOTMAN-MATUSOVSKAYA, JULIE EVGENIEVNA"
iapd,iapd_state_compilation,337627,CA,APPROVED,2025-09-16,INVANTAGE CAPITAL LLC,INVANTAGE CAPITAL LLC
iapd,iapd_state_compilation,337636,CA,APPROVED,2025-08-14,CAPITAL ADULTING LLC,CAPITAL ADULTING LLC
iapd,iapd_state_compilation,337662,CA,APPROVED,2025-09-25,WISMAR FINANCIAL,BAKER AND BAKER FINANCIAL LLC
iapd,iapd_state_compilation,337683,CA,APPROVED,2026-02-27,NEXT GEN FINANCIAL PLANNING,"NEXT GEN FINANCIAL PLANNING, LLC"
iapd,iapd_state_compilation,337777,CA,APPROVED,2025-09-09,"BRADLEY WEALTH GROUP, LLC","BRADLEY WEALTH GROUP, LLC"
iapd,iapd_state_compilation,337793,CA,APPROVED,2025-09-11,"GREENLIGHT FINANCIAL PLANNING, LLC","GREENLIGHT FINANCIAL PLANNING, LLC"
iapd,iapd_state_compilation,337806,CA,APPROVED,2025-09-11,BANYAN LAKE CAPITAL LLC,BANYAN LAKE CAPITAL LLC
iapd,iapd_state_compilation,337883,CA,APPROVED,2026-09-03,TRIHELIX WEALTH COLLECTIVE,TRIHELIX WEALTH COLLECTIVE LLC
iapd,iapd_state_compilation,337890,CA,APPROVED,2025-09-30,KANAN ADVISORS,"KANAN ADVISORS, LLC"
iapd,iapd_state_compilation,337918,CA,APPROVED,2025-10-02,"BODDINGTON CAPITAL, LLC","BODDINGTON CAPITAL, LLC"
iapd,iapd_state_compilation,337935,CA,APPROVED,2025-11-05,ARCHSTONE CAPITAL ADVISORS,ARCHSTONE CAPITAL ADVISORS LLC
iapd,iapd_state_compilation,337951,CA,APPROVED,2025-09-05,AURE ADVISORS LLC,AURE ADVISORS LLC
iapd,iapd_state_compilation,337989,CA,APPROVED,2025-09-24,"NEVADA RETIREMENT PLANNERS, LLC","NEVADA RETIREMENT PLANNERS, LLC"
iapd,iapd_state_compilation,338031,CA,APPROVED,2025-09-19,DEVENS WEALTH MANAGEMENT,DEVENS WEALTH MANAGEMENT LLC
iapd,iapd_state_compilation,338053,CA,APPROVED,2025-10-20,"ENVEST ADVISORS, LLC","ENVEST ADVISORS, LLC"
iapd,iapd_state_compilation,338179,CA,APPROVED,2025-11-20,"MELO OUT FINANCIAL, LLC","MELO OUT FINANCIAL, LLC"
iapd,iapd_state_compilation,338220,CA,APPROVED,2025-09-16,WIN PRIVATE WEALTH,"WIN PRIVATE WEALTH, LLC"
iapd,iapd_state_compilation,338336,CA,APPROVED,2025-10-14,SIMPLIFIEDFP,"SIMPLIFIEDFP, LLC"
iapd,iapd_state_compilation,338392,CA,APPROVED,2026-03-12,PACIFIC POINT WEALTH MANAGEMENT,"PACIFIC POINT WEALTH MANAGEMENT, LLC"
iapd,iapd_state_compilation,338405,CA,APPROVED,2026-07-10,ELEVATE WEALTH LLC,ELEVATE WEALTH LLC
iapd,iapd_state_compilation,338413,CA,APPROVED,2025-10-13,RECALIBRATING WEALTH,RECALIBRATING WEALTH LLC
iapd,iapd_state_compilation,338417,CA,APPROVED,2026-01-08,"PRENEED ADVISORY, LLC","PRENEED ADVISORY, LLC"
iapd,iapd_state_compilation,338462,CA,APPROVED,2025-10-03,PENMAR WEALTH MANAGEMENT LLC,PENMAR WEALTH MANAGEMENT LLC
iapd,iapd_state_compilation,338463,CA,APPROVED,2025-09-29,"LILAC WEALTH, LLC","LILAC WEALTH, LLC"
iapd,iapd_state_compilation,338474,CA,APPROVED,2025-09-18,MORRIS WEALTH MANAGEMENT,"GLENN MORRIS, INC."
iapd,iapd_state_compilation,338552,CA,APPROVED,2025-10-17,FINCRAFTERS ADVISORY LLC,FINCRAFTERS ADVISORY LLC
iapd,iapd_state_compilation,338599,CA,APPROVED,2026-01-15,"RTB WEALTH ADVISORS, LLC","RTB WEALTH ADVISORS, LLC"
iapd,iapd_state_compilation,338629,CA,APPROVED,2026-07-01,SCOUT WEALTH ADVISORS LLC,SCOUT WEALTH ADVISORS LLC
iapd,iapd_state_compilation,338683,CA,APPROVED,2025-11-06,NOOR FINANCIAL SERVICES,NOOR FINANCIAL SERVICES LLC
iapd,iapd_state_compilation,338696,CA,APPROVED,2025-11-24,ROBIN LEE WEALTH MANAGEMENT,ROBIN LEE INVESTMENT INC.
iapd,iapd_state_compilation,338735,CA,APPROVED,2026-05-05,TWENTY-FIVE CAPITAL PARTNERS,"TWENTY-FIVE CAPITAL PARTNERS, LLC"
iapd,iapd_state_compilation,338744,CA,APPROVED,2025-10-29,PROPULSION CAPITAL MANAGEMENT LLC,PROPULSION CAPITAL MANAGEMENT LLC
iapd,iapd_state_compilation,338749,CA,APPROVED,2026-02-05,ZAPA INVESTING LLC,ZAPA INVESTING LLC
iapd,iapd_state_compilation,338782,CA,APPROVED,2026-01-09,PEZZI WEALTH MANAGEMENT LLC,PEZZI WEALTH MANAGEMENT LLC
iapd,iapd_state_compilation,338783,CA,APPROVED,2025-12-03,"J. OLIVER MAXWELL, LLC","J. OLIVER MAXWELL, LLC"
iapd,iapd_state_compilation,338805,CA,APPROVED,2025-10-31,COMMONWEALTH FAMILY OFFICE,"COMMONWEALTH FAMILY OFFICE, LLC"
iapd,iapd_state_compilation,338818,CA,APPROVED,2025-10-20,CREST WEALTH MANAGEMENT LLC,CREST WEALTH MANAGEMENT LLC
iapd,iapd_state_compilation,338820,CA,APPROVED,2025-10-28,"EQUALIENT, LLC","EQUALIENT, LLC"
iapd,iapd_state_compilation,338840,CA,APPROVED,2026-01-22,CLARITY WEALTH PARTNERS,"CLARITY WEALTH PARTNERS, LLC"
iapd,iapd_state_compilation,338890,CA,APPROVED,2025-11-26,SR99ADVISORS,MATTHEW CLARKE FEE
iapd,iapd_state_compilation,338951,CA,APPROVED,2026-08-05,"BORA CAPITAL, LLC","BORA CAPITAL, LLC"
iapd,iapd_state_compilation,338961,CA,APPROVED,2025-11-04,"SPELTS WEALTH MANAGEMENT, INC.","SPELTS WEALTH MANAGEMENT, INC."
iapd,iapd_state_compilation,338966,CA,APPROVED,2026-02-27,RABBITPLANS,RABBITPLANS LLC
iapd,iapd_state_compilation,338991,CA,APPROVED,2025-11-19,ROONEY WEALTH MANAGEMENT,ROONEY WEALTH MANAGEMENT LLC
iapd,iapd_state_compilation,338997,CA,APPROVED,2025-11-26,"AGENTECH EQUITIES, LLC","AGENTECH EQUITIES, LLC"
iapd,iapd_state_compilation,339006,CA,APPROVED,2026-01-22,FIDUCIARY WEALTH PARTNERS,"FISCHER, BLAKE EDWARD"
iapd,iapd_state_compilation,339012,CA,APPROVED,2026-04-30,"OAK BAY FINANCIAL, LLC","OAK BAY FINANCIAL, LLC"
iapd,iapd_state_compilation,339034,CA,APPROVED,2025-11-25,DUVALL WEALTH MANAGEMENT LLC,DUVALL WEALTH MANAGEMENT LLC
iapd,iapd_state_compilation,339037,CA,APPROVED,2025-11-26,ABUNDANCE PATHWAYS,ABUNDANCE PATHWAYS LLC
iapd,iapd_state_compilation,339053,CA,APPROVED,2025-12-22,LOTUS OAK CAPITAL INSTITUTE,LOTUS OAK CAPITAL INSTITUTE
iapd,iapd_state_compilation,339110,CA,APPROVED,2026-01-09,LEGES WEALTH MANAGEMENT LLC,LEGES WEALTH MANAGEMENT LLC
iapd,iapd_state_compilation,339119,CA,APPROVED,2026-06-01,OYSTER CREEK CAPITAL,OYSTER CREEK CAPITAL LLC
iapd,iapd_state_compilation,339213,CA,APPROVED,2026-01-06,"CHENG, JEN I","CHENG, JEN I"
iapd,iapd_state_compilation,339237,CA,APPROVED,2026-06-09,360 WEALTH CREATION,VWA LLC
iapd,iapd_state_compilation,339239,CA,APPROVED,2026-03-23,NEXT PLAY WEALTH,"NEXT PLAY WEALTH, LLC"
iapd,iapd_state_compilation,339307,CA,APPROVED,2025-11-25,STRONG FOUNDATION WEALTH MANAGEMENT LLC,STRONG FOUNDATION WEALTH MANAGEMENT LLC
iapd,iapd_state_compilation,339323,CA,APPROVED,2025-12-15,DARROW WEALTH GROUP,DARROW WEALTH GROUP LLC
iapd,iapd_state_compilation,339325,CA,APPROVED,2026-01-14,"KOLB WEALTH MANAGEMENT, LLC","KOLB WEALTH MANAGEMENT, LLC"
iapd,iapd_state_compilation,339333,CA,APPROVED,2026-01-07,RIVERWEST FINANCIAL LLC,RIVERWEST FINANCIAL LLC
iapd,iapd_state_compilation,339336,CA,APPROVED,2026-07-14,"CATTON CAPITAL PARTNERS, LLC","CATTON CAPITAL PARTNERS, LLC"
iapd,iapd_state_compilation,339339,CA,APPROVED,2026-02-04,PHIL ADVISORS LLC,PHIL ADVISORS LLC
iapd,iapd_state_compilation,339355,CA,APPROVED,2026-02-05,"ARCADIAN ASSOCIATES, LLC","ARCADIAN ASSOCIATES, LLC"
iapd,iapd_state_compilation,339420,CA,APPROVED,2026-02-04,BAY AREA WEALTH ADVISORS,"HARTHCOCK, ANDREW DAVID"
iapd,iapd_state_compilation,339429,CA,APPROVED,2026-01-23,WEALTHMAP PLANNING,"WEALTHMAP PLANNING, PROFESSIONAL CORPORATION"
iapd,iapd_state_compilation,339474,CA,APPROVED,2026-03-13,NATIONAL RETIREMENT INSTITUTE,"NATIONAL RETIREMENT INSTITUTE, LLC"
iapd,iapd_state_compilation,339488,CA,APPROVED,2026-02-12,JGL ADVISORY LLC,JGL ADVISORY LLC
iapd,iapd_state_compilation,339515,CA,APPROVED,2026-03-23,CLASSICCPA,CLASSIC CAPITAL PLANNING ADVISORS
iapd,iapd_state_compilation,339582,CA,APPROVED,2026-02-12,"HICOK FINANCIAL SOLUTIONS, LLC","HICOK FINANCIAL SOLUTIONS, LLC"
iapd,iapd_state_compilation,339676,CA,APPROVED,2025-12-23,PENMAR,"PENMAR ADVISORS, LLC"
iapd,iapd_state_compilation,339680,CA,APPROVED,2026-01-01,"PAX HORIZON WEALTH MANAGEMENT, LLC","PAX HORIZON WEALTH MANAGEMENT, LLC"
iapd,iapd_state_compilation,339717,CA,APPROVED,2026-07-10,"BEACON FREEDOM ADVISORY, LLC","BEACON FREEDOM ADVISORY, LLC"
iapd,iapd_state_compilation,339734,CA,APPROVED,2026-02-05,ARCADIA PRIVATE WEALTH LLC,ARCADIA PRIVATE WEALTH LLC
iapd,iapd_state_compilation,339754,CA,APPROVED,2026-01-30,"BRANCH & BLOOM FINANCIAL PLANNING, LLC","BRANCH & BLOOM FINANCIAL PLANNING, LLC"
iapd,iapd_state_compilation,339769,CA,APPROVED,2026-03-12,CURA COLLECTIVE LEGACY,CURA COLLECTIVE LEGACY
iapd,iapd_state_compilation,339822,CA,APPROVED,2025-12-23,FINMENTUM LLC,FINMENTUM LLC
iapd,iapd_state_compilation,339837,CA,APPROVED,2026-06-02,VON BLUCHER CAPITAL LLC,VON BLUCHER CAPITAL LLC
iapd,iapd_state_compilation,339849,CA,APPROVED,2026-03-06,RAVEN WEALTH ADVISORS,"RAVEN WEALTH ADVISORS, LLC"
iapd,iapd_state_compilation,339871,CA,APPROVED,2026-02-02,XFO CAPITAL,"XFO CAPITAL, LLC"
iapd,iapd_state_compilation,339890,CA,APPROVED,2026-01-27,STORMBREAKER FINANCIAL LLC,STORMBREAKER FINANCIAL LLC
iapd,iapd_state_compilation,339898,CA,APPROVED,2026-01-23,AGAPE WEALTH MANAGEMENT LLC,AGAPE WEALTH MANAGEMENT LLC
iapd,iapd_state_compilation,339917,CA,APPROVED,2026-02-02,HOLT INVESTMENT PARTNERS LLC,HOLT INVESTMENT PARTNERS LLC
iapd,iapd_state_compilation,339923,CA,APPROVED,2026-02-05,"FD WEALTH ADVISORS, LLC","FD WEALTH ADVISORS, LLC"
iapd,iapd_state_compilation,339978,CA,APPROVED,2026-05-27,LUHMAN WEALTH PARTNERS,BRIAN LUHMAN FINANCIAL PLANNING LLC
iapd,iapd_state_compilation,340009,CA,APPROVED,2026-01-21,"LIBERTY FINANCIAL GROUP, INC.","LIBERTY FINANCIAL GROUP, INC."
iapd,iapd_state_compilation,340031,CA,APPROVED,2026-03-02,AUREVIA CAPITAL INC.,AUREVIA CAPITAL INC.
iapd,iapd_state_compilation,340040,CA,APPROVED,2026-04-24,CORINGTON WEALTH,CORINGTON WEALTH LLC
iapd,iapd_state_compilation,340070,CA,APPROVED,2026-07-17,RETIRE LAB LLC,RETIRE LAB LLC
iapd,iapd_state_compilation,340078,CA,APPROVED,2026-05-12,MANEY WEALTH,MANEY WEALTH LLC
iapd,iapd_state_compilation,340110,CA,APPROVED,2026-04-28,"GRANTD WEALTH, INC.","GRANTD WEALTH, INC."
iapd,iapd_state_compilation,340113,CA,APPROVED,2026-05-29,INTEGRITY INVESTMENT PORTFOLIOS LLC,INTEGRITY INVESTMENT PORTFOLIOS LLC
iapd,iapd_state_compilation,340120,CA,APPROVED,2026-06-15,KIN STEWARDS LLC,KIN STEWARDS LLC
iapd,iapd_state_compilation,340127,CA,APPROVED,2026-02-04,GREYSTONE WEALTH MANAGEMENT LLC,GREYSTONE WEALTH MANAGEMENT LLC
iapd,iapd_state_compilation,340142,CA,APPROVED,2026-03-18,MONT AI,"MONT WEALTH MANAGEMENT, LLC"
iapd,iapd_state_compilation,340191,CA,APPROVED,2026-04-16,BALUDEN FINANCIAL,BALUDEN FINANCIAL LLC
iapd,iapd_state_compilation,340202,CA,APPROVED,2026-08-26,SAVI FINANCE,SAVI FINANCE LLC
iapd,iapd_state_compilation,340208,CA,APPROVED,2026-03-04,A YEO CAPITAL MANAGEMENT LLC,A YEO CAPITAL MANAGEMENT LLC
iapd,iapd_state_compilation,340226,CA,APPROVED,2026-07-31,MJ CAPITAL MANAGEMENT LLC,MJ CAPITAL MANAGEMENT LLC
iapd,iapd_state_compilation,340230,CA,APPROVED,2026-06-03,GOLDEN STATE CAPITAL INC.,GOLDEN STATE CAPITAL INC.
iapd,iapd_state_compilation,340239,CA,APPROVED,2026-04-02,STQ CAPITAL,STQ CAPITAL LLC
iapd,iapd_state_compilation,340258,CA,APPROVED,2026-09-24,FREEDOM FORMULA WEALTH MANAGEMENT,FREEDOM FORMULA WEALTH MANAGEMENT LLC
iapd,iapd_state_compilation,340319,CA,APPROVED,2026-08-14,GOLKONDA INVESTMENT ADVISORS,"VEMULAPALLI, SUNIL CHOWDARY"
iapd,iapd_state_compilation,340390,CA,APPROVED,2026-05-20,LAGUNA PRIVATE CAPITAL,LAGUNA PRIVATE CAPITAL LLC
iapd,iapd_state_compilation,340415,CA,APPROVED,2026-03-13,CAPITAL NARRATIVE WEALTH MANAGEMENT,CAPITAL NARRATIVE WEALTH MANAGEMENT LLC
iapd,iapd_state_compilation,340427,CA,APPROVED,2026-04-06,WENTWORTH-BAER WEALTH MANAGEMENT,"HANDLEY, RAINEE CATHERINE"
iapd,iapd_state_compilation,340443,CA,APPROVED,2026-03-25,ING WEALTH,ING WEALTH LLC
iapd,iapd_state_compilation,340462,CA,APPROVED,2026-03-18,NUNA INVESTMENTS,"NUNA INVESTMENTS, LLC"
iapd,iapd_state_compilation,340503,CA,APPROVED,2026-04-30,NEW TALENTS FINANCIAL SERVICES INC,NEW TALENTS FINANCIAL SERVICES INC
iapd,iapd_state_compilation,340508,CA,APPROVED,2026-04-06,"NORTH COUNTY FINANCIAL PLANNING, LLC","NORTH COUNTY FINANCIAL PLANNING, LLC"
iapd,iapd_state_compilation,340537,CA,APPROVED,2026-04-16,LONE WOLF WEALTH MANAGEMENT,"LONE WOLF, INC."
iapd,iapd_state_compilation,340555,CA,APPROVED,2026-04-10,ATLAS GROVE CAPITAL LLC,ATLAS GROVE CAPITAL LLC
iapd,iapd_state_compilation,340557,CA,APPROVED,2026-06-16,HIFI PLANNING,HIFI PLANNING LLC
iapd,iapd_state_compilation,340562,CA,APPROVED,2026-04-02,SHORESTOWN PARTNERS LLC,SHORESTOWN PARTNERS LLC
iapd,iapd_state_compilation,340567,CA,APPROVED,2026-09-10,ARCPOINT FINANCIAL ADVISORS,ARCPOINT FINANCIAL ADVISORS LLC
iapd,iapd_state_compilation,340577,CA,APPROVED,2026-03-23,"TROVERA CAPITAL MANAGEMENT, LLC","TROVERA CAPITAL MANAGEMENT, LLC"
iapd,iapd_state_compilation,340582,CA,APPROVED,2026-03-18,VORTALIS WEALTH MANAGEMENT LLC,VORTALIS WEALTH MANAGEMENT LLC
iapd,iapd_state_compilation,340649,CA,APPROVED,2026-03-04,"MIOTTO, JORDAN PHILIP","MIOTTO, JORDAN PHILIP"
iapd,iapd_state_compilation,340650,CA,APPROVED,2026-03-23,GLOBAL INSIGHT ADVISORS,"GLOBAL INSIGHT ADVISORS, LLC"
iapd,iapd_state_compilation,340669,CA,APPROVED,2026-06-01,AWARD FINANCIAL GROUP,"BRENT A. WARD FINANCIAL & INSURANCE SERVICES, INC."
iapd,iapd_state_compilation,340684,CA,APPROVED,2026-04-09,FELSPAR FINANCIAL,FELSPAR FINANCIAL LLC
iapd,iapd_state_compilation,340688,CA,APPROVED,2026-03-03,FORREST MICHAEL LEICHTBERG,"LEICHTBERG, FORREST MICHAEL"
iapd,iapd_state_compilation,340693,CA,APPROVED,2026-03-03,DELTA CAPITAL MANAGEMENT,"HIGGS, TIMOTHY"
iapd,iapd_state_compilation,340705,CA,APPROVED,2026-06-11,TANGENT RETIREMENT,TANGENT RETIREMENT INC
iapd,iapd_state_compilation,340734,CA,APPROVED,2026-07-31,PROPEL PRIVATE WEALTH LLC,PROPEL PRIVATE WEALTH LLC
iapd,iapd_state_compilation,340803,CA,APPROVED,2026-06-10,CARRARA WEALTH MANAGEMENT,"CARRARA CAPITAL, LLC"
iapd,iapd_state_compilation,340841,CA,APPROVED,2026-05-05,"FAMILY WEALTH STRATEGISTS, LLC","FAMILY WEALTH STRATEGISTS, LLC"
iapd,iapd_state_compilation,340871,CA,APPROVED,2026-09-03,EVOLUTION VISION WEALTH MANAGEMENT,"SB INVESTMENT PARTNERS, LLC"
iapd,iapd_state_compilation,340875,CA,APPROVED,2026-04-03,DENTLER CAPITAL LLC,DENTLER CAPITAL LLC
iapd,iapd_state_compilation,340891,CA,APPROVED,2026-04-23,KOALA FINANCIAL,"KOALA FINANCIAL, INC."
iapd,iapd_state_compilation,340903,CA,APPROVED,2026-03-25,THIRD ACT FINANCIAL PLANNING LLC,THIRD ACT FINANCIAL PLANNING LLC
iapd,iapd_state_compilation,340948,CA,APPROVED,2026-05-20,COMPOSED CAPITAL LLC,COMPOSED CAPITAL LLC
iapd,iapd_state_compilation,341021,CA,APPROVED,2026-04-14,"SLATER TOMPKINS LEGACY, LLC","SLATER-TOMPKINS LEGACY, LLC"
iapd,iapd_state_compilation,341027,CA,APPROVED,2026-04-23,"DE VRIES ASSET MANAGEMENT, LLC","DE VRIES ASSET MANAGEMENT, LLC"
iapd,iapd_state_compilation,341107,CA,APPROVED,2026-04-14,SCHOLARDOG,SCHOLARDOG LLC
iapd,iapd_state_compilation,341172,CA,APPROVED,2026-06-10,VANMAY WEALTH MANAGEMENT,"VANMAY WEALTH MANAGEMENT, LLC"
iapd,iapd_state_compilation,341202,CA,APPROVED,2026-06-09,APOGEE WEALTH ADVISORS,"KIMBALL, KERRI LYNN"
iapd,iapd_state_compilation,341212,CA,APPROVED,2026-05-11,GREENBOOK FINANCIAL,GREENBOOK FINANCIAL LLC
iapd,iapd_state_compilation,341242,CA,APPROVED,2026-05-08,EASY SUNDAY FINANCIAL PLANNING,EASY SUNDAY FINANCIAL PLANNING LLC
iapd,iapd_state_compilation,341272,CA,APPROVED,2026-05-11,P&L FAMILY WEALTH,"P&L FAMILY WEALTH, LLC"
iapd,iapd_state_compilation,341276,CA,APPROVED,2026-06-19,CRESCENT MERIDIAN CAPITAL LLC,CRESCENT MERIDIAN CAPITAL LLC
iapd,iapd_state_compilation,341280,CA,APPROVED,2026-04-10,SAPPHIRE WEALTH ADVISORY,SAPPHIRE WEALTH ADVISORY LLC
iapd,iapd_state_compilation,341288,CA,APPROVED,2026-07-22,"TOP RANK WEALTH MANAGEMENT, LLC","TOP RANK WEALTH MANAGEMENT, LLC"
iapd,iapd_state_compilation,341295,CA,APPROVED,2026-07-02,"WHEELER FINANCIAL SERVICES, LLC","WHEELER FINANCIAL SERVICES, LLC"
iapd,iapd_state_compilation,341420,CA,APPROVED,2026-07-08,LAHONTAN CAPITAL LLC,LAHONTAN CAPITAL LLC
iapd,iapd_state_compilation,341421,CA,APPROVED,2026-05-06,KODA CAPITAL MANAGEMENT LLC,KODA CAPITAL MANAGEMENT LLC
iapd,iapd_state_compilation,341427,CA,APPROVED,2026-04-27,INDIGO PRIVATE WEALTH,INDIGO PRIVATE WEALTH LLC
iapd,iapd_state_compilation,341453,CA,APPROVED,2026-06-05,"SAVY WEALTH ADVISORS, INC","SAVY WEALTH ADVISORS, INC"
iapd,iapd_state_compilation,341574,CA,APPROVED,2026-06-22,VOSKA WEALTH,VOSKA WEALTH LLC
iapd,iapd_state_compilation,341629,CA,APPROVED,2026-05-06,"SANTA SUSANA FINANCIAL, LLC","SANTA SUSANA FINANCIAL, LLC"
iapd,iapd_state_compilation,341633,CA,APPROVED,2026-08-26,"VINDEX CAPITAL MANAGEMENT, LLC","VINDEX CAPITAL MANAGEMENT, LLC"
iapd,iapd_state_compilation,341678,CA,APPROVED,2026-07-07,VERIFY WEALTH,VERIFY WEALTH LLC
iapd,iapd_state_compilation,341746,CA,APPROVED,2026-06-05,VARN FINANCIAL PLANNING,"VARN, DOUGLAS FRANCIS II"
iapd,iapd_state_compilation,341789,CA,APPROVED,2026-07-24,SAAGA WEALTH PLANNING LLC,SAAGA WEALTH PLANNING LLC
iapd,iapd_state_compilation,341790,CA,APPROVED,2026-05-28,HARVESTING GAINS CORPORATION,HARVESTING GAINS CORPORATION
iapd,iapd_state_compilation,341862,CA,APPROVED,2026-07-17,CASTLE FINANCIAL,CASTLE GROUP HOLDINGS INC.
iapd,iapd_state_compilation,341891,CA,APPROVED,2026-05-20,YOU INVESTMENT MANAGEMENT LLC,YOU INVESTMENT MANAGEMENT LLC
iapd,iapd_state_compilation,341915,CA,APPROVED,2026-06-26,"AZUL PRIVATE WEALTH, LLC","AZUL PRIVATE WEALTH, LLC"
iapd,iapd_state_compilation,341947,CA,APPROVED,2026-07-29,NADEL PRIVATE WEALTH LLC,NADEL PRIVATE WEALTH LLC
iapd,iapd_state_compilation,342017,CA,APPROVED,2026-08-05,OPEN WATER ADVISORY PARTNERS,OPEN WATER ADVISORY PARTNERS LLC
iapd,iapd_state_compilation,342018,CA,APPROVED,2026-06-09,FOURZAN FINANCIAL LLC,FOURZAN FINANCIAL LLC
iapd,iapd_state_compilation,342122,CA,APPROVED,2026-07-14,LAGUNA INVESTMENTS LLC,LAGUNA INVESTMENTS LLC
iapd,iapd_state_compilation,342154,CA,APPROVED,2026-07-31,STOUT CAPITAL MANAGEMENT LLC,STOUT CAPITAL MANAGEMENT LLC
iapd,iapd_state_compilation,342174,CA,APPROVED,2026-08-26,HAN ASSETS MANAGEMENT LLC,HAN ASSETS MANAGEMENT LLC
iapd,iapd_state_compilation,342177,CA,APPROVED,2026-07-17,PACIFIC PENSION ADVISORS LLC,PACIFIC PENSION ADVISORS LLC
iapd,iapd_state_compilation,342193,CA,APPROVED,2026-07-15,MULTIPOLAR CAPITAL LLC,MULTIPOLAR CAPITAL LLC
iapd,iapd_state_compilation,342251,CA,APPROVED,2026-06-02,"WOO, HARRY","WOO, HARRY"
iapd,iapd_state_compilation,342260,CA,APPROVED,2026-07-31,ID ASSET ADVISORY,"CHELLEVOLD, IMEE ROSE, TAGACA"
iapd,iapd_state_compilation,342285,CA,APPROVED,2026-07-16,BLACKACRE WEALTH,BLACKACRE ADVISORY
iapd,iapd_state_compilation,342290,CA,APPROVED,2026-08-17,BOND BELL & CO.,BOND BELL & CO LLC
iapd,iapd_state_compilation,342327,CA,APPROVED,2026-06-17,ARTIZAN WEALTH,ARTIZAN WEALTH MANAGEMENT LLC
iapd,iapd_state_compilation,342347,CA,APPROVED,2026-06-05,"YIU ADVISORS, LLC","YIU ADVISORS, LLC"
iapd,iapd_state_compilation,342387,CA,APPROVED,2026-06-08,YOUYA WEALTH,YOUYA WEALTH LLC
iapd,iapd_state_compilation,342400,CA,APPROVED,2026-07-15,BAYLEAF FINANCIAL SERVICES,BAYLEAF FINANCIAL SERVICES LLC
iapd,iapd_state_compilation,342405,CA,APPROVED,2026-07-21,DYNAMIC LIFESTYLE PLANNING GROUP,DYNAMIC LIFESTYLE PLANNING GROUP LLC
iapd,iapd_state_compilation,342407,CA,APPROVED,2026-07-02,FAMILY STYLE ADVISORS LLC,FAMILY STYLE ADVISORS LLC
iapd,iapd_state_compilation,342417,CA,APPROVED,2026-06-10,"CAVENDER FINANCIAL PLANNING, LLC","CAVENDER FINANCIAL PLANNING, LLC"
iapd,iapd_state_compilation,342502,CA,APPROVED,2026-07-28,"HERITAGE FIRST WEALTH MANAGEMENT, LLC","HERITAGE FIRST WEALTH MANAGEMENT, LLC"
iapd,iapd_state_compilation,342508,CA,APPROVED,2026-07-15,LARKSPUR CAPITAL PARTNERS,LARKSPUR CAPITAL PARTNERS LLC
iapd,iapd_state_compilation,342549,CA,APPROVED,2026-07-24,8020 CAPITAL MANAGEMENT,8020 CAPITAL MANAGEMENT LLC
iapd,iapd_state_compilation,342619,CA,APPROVED,2026-07-21,SIMPLE MONEY ADVISORS LLC,SIMPLE MONEY ADVISORS LLC
iapd,iapd_state_compilation,342660,CA,APPROVED,2026-07-24,REVEL WEALTH PARTNERS,REVEL WEALTH PARTNERS LLC
iapd,iapd_state_compilation,342685,CA,APPROVED,2026-07-13,10/28 WEALTH MANAGEMENT LLC,10/28 WEALTH MANAGEMENT LLC
iapd,iapd_state_compilation,342698,CA,APPROVED,2026-08-05,KRAMER WEALTH MANAGEMENT,"KRAMER WEALTH MANAGEMENT, LLC"
iapd,iapd_state_compilation,342716,CA,APPROVED,2026-09-24,CARICO PRIVATE WEALTH MANAGEMENT,CARICO PRIVATE WEALTH MANAGEMENT LLC
iapd,iapd_state_compilation,342724,CA,APPROVED,2026-07-22,LOBOS CREEK INVESTORS LLC,LOBOS CREEK INVESTORS LLC
iapd,iapd_state_compilation,342729,CA,APPROVED,2026-08-10,SLIPSTREAM WEALTH PLANNING LLC,SLIPSTREAM WEALTH PLANNING LLC
iapd,iapd_state_compilation,342753,CA,APPROVED,2026-07-16,FRASSATI WEALTH,FRASSATI WEALTH LLC
iapd,iapd_state_compilation,342757,CA,APPROVED,2026-07-15,MILLER ASSET MANAGEMENT LLC,MILLER ASSET MANAGEMENT LLC
iapd,iapd_state_compilation,342758,CA,APPROVED,2026-08-19,"TANAGER FINANCIAL, LLC","TANAGER FINANCIAL, LLC"
iapd,iapd_state_compilation,342821,CA,APPROVED,2026-08-17,QUINTESSENCE WEALTH COLLECTIVE LLC,QUINTESSENCE WEALTH COLLECTIVE LLC
iapd,iapd_state_compilation,342827,CA,APPROVED,2026-07-16,"TANDEM PRIVATE WEALTH, LLC","TANDEM PRIVATE WEALTH, LLC"
iapd,iapd_state_compilation,342844,CA,APPROVED,2026-07-24,AMBITION FINANCIAL LLC,AMBITION FINANCIAL LLC
iapd,iapd_state_compilation,342851,CA,APPROVED,2026-09-09,TEAPOT INVESTMENTS LLC,TEAPOT INVESTMENTS LLC
iapd,iapd_state_compilation,342859,CA,APPROVED,2026-09-24,BEACON VETERINARY WEALTH,VET FA LLC
iapd,iapd_state_compilation,342872,CA,APPROVED,2026-07-15,POLYMITA WEALTH MANAGEMENT LLC,POLYMITA WEALTH MANAGEMENT LLC
iapd,iapd_state_compilation,342877,CA,APPROVED,2026-08-12,SHARMA EVERYDAY FINANCE,"SHARMA, ADAM CHRISTOPHER"
iapd,iapd_state_compilation,342923,CA,APPROVED,2026-08-26,BEST OPTIONS FINANCIAL PLANNING,BEST OPTIONS FINANCIAL PLANNING LLC
iapd,iapd_state_compilation,342935,CA,APPROVED,2026-08-26,ROYCE WEALTH MANAGEMENT LLC,ROYCE WEALTH MANAGEMENT LLC
iapd,iapd_state_compilation,342993,CA,APPROVED,2026-08-13,HEIGHTEN CAPITAL MANAGEMENT LLC,HEIGHTEN CAPITAL MANAGEMENT LLC
iapd,iapd_state_compilation,343057,CA,APPROVED,2026-07-24,VAN HAM WEALTH MANAGEMENT,VAN HAM WEALTH MANAGEMENT LLC
iapd,iapd_state_compilation,343079,CA,APPROVED,2026-07-16,WHITTIER GREEN WEALTH MANAGEMENT LLC,WHITTIER GREEN WEALTH MANAGEMENT LLC
iapd,iapd_state_compilation,343107,CA,APPROVED,2026-08-26,SCN CAPITAL,SCN CAPITAL LLC
iapd,iapd_state_compilation,343165,CA,APPROVED,2026-09-04,KAIROS FAMILY WEALTH LLC,KAIROS FAMILY WEALTH LLC
iapd,iapd_state_compilation,343169,CA,APPROVED,2026-08-26,DUNDEE CAPITAL MANAGEMENT LLC,DUNDEE CAPITAL MANAGEMENT LLC
iapd,iapd_state_compilation,343209,CA,APPROVED,2026-09-03,VIBRANCE WEALTH MANAGEMENT LLC,VIBRANCE WEALTH MANAGEMENT LLC
iapd,iapd_state_compilation,343211,CA,APPROVED,2026-08-26,CASTLE CAPITAL MANAGEMENT,CASTLE CAPITAL MANAGEMENT LLC
iapd,iapd_state_compilation,343226,CA,APPROVED,2026-08-10,KANE CAPITAL ADVISORS LLC,KANE CAPITAL ADVISORS LLC
iapd,iapd_state_compilation,343294,CA,APPROVED,2026-08-13,SEVEN STAGES WEALTH LLC,SEVEN STAGES WEALTH LLC
iapd,iapd_state_compilation,343307,CA,APPROVED,2026-07-20,PUENTE WEALTH,PUENTE WEALTH ADVISORS LLC
iapd,iapd_state_compilation,343333,CA,APPROVED,2026-08-19,COMPASS WEALTH PLANNING LLC,COMPASS WEALTH PLANNING LLC
iapd,iapd_state_compilation,343377,CA,APPROVED,2026-09-25,"GTC WEALTH SOLUTIONS, LLC","GTC WEALTH SOLUTIONS, LLC"
iapd,iapd_state_compilation,343403,CA,APPROVED,2026-07-31,ETU FINANCIAL,"ALWAYSONTAX, LLC"
iapd,iapd_state_compilation,343408,CA,APPROVED,2026-08-14,LUCERNA CAPITAL MANAGEMENT LLC,LUCERNA CAPITAL MANAGEMENT LLC
iapd,iapd_state_compilation,343560,CA,APPROVED,2026-09-10,GULSRUD CONSULTING LLC,GULSRUD CONSULTING LLC
iapd,iapd_state_compilation,343808,CA,APPROVED,2026-09-24,RIDGEPOINT WEALTH PARTNERS LLC,RIDGEPOINT WEALTH PARTNERS LLC
iapd,iapd_state_compilation,7462,TX,APPROVED,2013-12-09,MHA FINANCIAL CORP,MHA FINANCIAL CORP
iapd,iapd_state_compilation,13037,TX,APPROVED,2010-01-20,"INVESTORS BROKERAGE OF TEXAS, LTD.","INVESTORS BROKERAGE OF TEXAS, LTD."
iapd,iapd_state_compilation,13478,TX,APPROVED,2007-07-09,WORTH FINANCIAL GROUP INC.,WORTH FINANCIAL GROUP INC.
iapd,iapd_state_compilation,19537,TX,APPROVED,2012-03-30,"FIRST WESTERN SECURITIES, INC.","FIRST WESTERN SECURITIES, INC."
iapd,iapd_state_compilation,22333,TX,APPROVED,2014-06-06,"REALIZED FINANCAL, INC.","REALIZED FINANCAL, INC."
iapd,iapd_state_compilation,30933,TX,APPROVED,1993-01-01,"WORLD CHOICE SECURITIES, INC.","WORLD CHOICE SECURITIES, INC."
iapd,iapd_state_compilation,35331,TX,APPROVED,1994-04-15,"WEALTH SOLUTIONS, INC.","WEALTH SOLUTIONS, INC."
iapd,iapd_state_compilation,36644,TX,APPROVED,2014-07-07,PRIVATE PORTFOLIO OF SAN DIEGO,"PRIVATE PORTFOLIO, INC."
iapd,iapd_state_compilation,38619,TX,APPROVED,2017-05-04,"SHEARSON FINANCIAL SERVICES, LLC","SHEARSON FINANCIAL SERVICES, LLC"
iapd,iapd_state_compilation,47511,TX,APPROVED,2020-12-21,S.G. LONG & COMPANY,S.G. LONG & COMPANY
iapd,iapd_state_compilation,104343,TX,APPROVED,2023-07-14,COLORADO FINANCIAL SERVICE CORPORATION,COLORADO FINANCIAL SERVICE CORPORATION
iapd,iapd_state_compilation,104750,TX,APPROVED,2009-04-09,GUNN & CO ASSET MANAGEMENT INC,GUNN & CO ASSET MANAGEMENT INC
iapd,iapd_state_compilation,105096,TX,APPROVED,2012-12-14,"PROFESSIONAL INVESTMENT COUNSEL, INC","PROFESSIONAL INVESTMENT COUNSEL, INC"
iapd,iapd_state_compilation,105392,TX,APPROVED,2011-02-23,"BROWN AND BROWN FINANCIAL SERVICES, INC.","BROWN & BROWN FINANCIAL SERVICES, INC."
iapd,iapd_state_compilation,105548,TX,APPROVED,2023-09-05,ALPHA & OMEGA,"ALPHA & OMEGA FINANCIAL MANAGEMENT CONSULTANTS, INC."
iapd,iapd_state_compilation,105967,TX,APPROVED,2018-03-12,ASSET MANAGEMENT CORPORATION,ASSET MANAGEMENT CORP
iapd,iapd_state_compilation,106184,TX,APPROVED,2026-08-12,EFS ASSET MANAGEMENT LLC,EFS ASSET MANAGEMENT LLC
iapd,iapd_state_compilation,106601,TX,APPROVED,1999-01-06,"POST OAK INVESTMENT MANAGEMENT, INC","POST OAK INVESTMENT MANAGEMENT, INC"
iapd,iapd_state_compilation,107129,TX,APPROVED,1992-08-19,"PORTFOLIO MANAGEMENT, LLC","PORTFOLIO MANAGEMENT, LLC"
iapd,iapd_state_compilation,108137,TX,APPROVED,2000-06-08,"VOMUND INVESTMENT MANAGEMENT, LLC","VOMUND INVESTMENT MANAGEMENT, LLC"
iapd,iapd_state_compilation,108198,TX,APPROVED,2016-04-04,"REK ADVISORS, INC.","REK ADVISORS, INC."
iapd,iapd_state_compilation,108749,TX,APPROVED,2023-12-13,WEALTH MANAGEMENT GROUP,"WEALTH MANAGEMENT GROUP, INC."
iapd,iapd_state_compilation,109118,TX,APPROVED,2012-07-24,"AFFINITY CAPITAL, L.P.","A. MILLER INVESTMENT ADVISORS, L.P."
iapd,iapd_state_compilation,109298,TX,APPROVED,1985-07-19,"MONEY METHODS, INC.","MONEY METHODS, INC."
iapd,iapd_state_compilation,109661,TX,APPROVED,2012-08-23,HANSEN WEALTH MANAGEMENT,"HANSEN, BRIAN BENNETT"
iapd,iapd_state_compilation,109695,TX,APPROVED,2017-01-11,"GREEN INVESTMENT MANAGEMENT, INC.","GREEN INVESTMENT MANAGEMENT, INC."
iapd,iapd_state_compilation,109806,TX,APPROVED,2012-07-02,MANAGED FINANCIAL SERVICES CORP INC,MANAGED FINANCIAL SERVICES CORP INC
iapd,iapd_state_compilation,110055,TX,APPROVED,2012-05-30,"TAYLOR STEPHENS, INC.",TAYLOR STEPHENS INC
iapd,iapd_state_compilation,110059,TX,APPROVED,2012-04-12,L. COOPER INVESTMENTS,COOPER LARRY CLARK
iapd,iapd_state_compilation,110083,TX,APPROVED,2020-04-23,CENTURION COUNSEL INC,"CENTURION COUNSEL,INC."
iapd,iapd_state_compilation,110192,TX,APPROVED,1992-01-06,HOWLAND ADVISORY CORPORATION,HOWLAND ADVISORY CORPORATION
iapd,iapd_state_compilation,110201,TX,APPROVED,2006-01-01,GAMBOA CAPITAL MANAGEMENT INC.,GAMBOA CAPITAL MANAGEMENT INC.
iapd,iapd_state_compilation,110317,TX,APPROVED,2015-09-15,"SUCCESSFUL RESOURCE MANAGEMENT, LTD.","SUCCESSFUL RESOURCE MANAGEMENT, LLC"
iapd,iapd_state_compilation,110494,TX,APPROVED,2012-06-13,MONUMENT INVESTMENTS INC.,MONUMENT INVESTMENTS INC.
iapd,iapd_state_compilation,110564,TX,APPROVED,2012-04-20,GUERRA INVESTMENT ADVISORS,"THE RUBEN E. GUERRA COMPANY, LLC"
iapd,iapd_state_compilation,110644,TX,APPROVED,2003-05-20,MARTIN & ASSOCIATES INVESTMENT ADVISORY SERVICES LLC,"MARTIN & ASSOCIATES INVESTMENT ADVISORY SERVICES, LLC"
iapd,iapd_state_compilation,110705,TX,APPROVED,2012-08-23,"HUBER, CARDONO, MORING & RICHTER, L.P.","HUBER, CARDONO, MORING & RICHTER, L.P."
iapd,iapd_state_compilation,110898,TX,APPROVED,2022-03-17,MRM GROUP,"MRM ASSET ALLOCATION GROUP, INC."
iapd,iapd_state_compilation,111009,TX,APPROVED,2010-09-30,"APPLIED CAPITAL MANAGEMENT, LLC","APPLIED CAPITAL MANAGEMENT, LLC"
iapd,iapd_state_compilation,112168,TX,APPROVED,1984-05-17,"RESOURCE CONSULTING GROUP, INC.","RESOURCE CONSULTING GROUP, INC."
iapd,iapd_state_compilation,112371,TX,APPROVED,2017-02-10,"BLACK SWAN MANAGEMENT GROUP, INC.","BLACK SWAN MANAGEMENT GROUP, INC."
iapd,iapd_state_compilation,112585,TX,APPROVED,2023-04-11,"PARTNERS CAPITAL MANAGEMENT, INC.","PARTNERS CAPITAL MANAGEMENT, INC."
iapd,iapd_state_compilation,112649,TX,APPROVED,2019-03-12,"ADVISERS INVESTMENT MANAGEMENT, INC.","ADVISERS INVESTMENT MANAGEMENT,INC"
iapd,iapd_state_compilation,113027,TX,APPROVED,2006-08-30,"LANG ASSET MANAGEMENT, INC.","LANG ASSET MANAGEMENT, INC."
iapd,iapd_state_compilation,113421,TX,APPROVED,2004-01-21,ROCKY MOUNTAIN HUMANE INVESTING LLC,ROCKY MOUNTAIN HUMANE INVESTING LLC
iapd,iapd_state_compilation,113492,TX,APPROVED,2011-03-30,"PLAN AHEAD FINANCIAL MANAGEMENT, INC.","PLAN AHEAD FINANCIAL MANAGEMENT, INC."
iapd,iapd_state_compilation,113665,TX,APPROVED,2012-07-03,"WRWCO, LLC","WRWCO, LLC"
iapd,iapd_state_compilation,113717,TX,APPROVED,2016-05-17,"ASSET SOLUTIONS, INC.","ASSET SOLUTIONS, INC."
iapd,iapd_state_compilation,113813,TX,APPROVED,2025-01-27,"WILLIAM ROANE SKEETERS, INC.","WILLIAM ROANE SKEETERS, INC."
iapd,iapd_state_compilation,113942,TX,APPROVED,2025-09-03,PHYSICIANS CAPITAL INVESTMENT ADVISORS,"GESSNER & COMPANY, INC"
iapd,iapd_state_compilation,114010,TX,APPROVED,2000-02-15,WESLEY OWEN BALES INVESTMENT ADVISORY SERVICE,WESLEY OWEN BALES INVESTMENT ADVISORY SERVICES INC.
iapd,iapd_state_compilation,114036,TX,APPROVED,2001-06-01,WILLIAM RUSSELL WELCH,WILLIAM RUSSELL WELCH
iapd,iapd_state_compilation,114127,TX,APPROVED,2012-08-08,"HAMILTON-BATES INVESTMENT RESEARCH, INC.","HAMILTON-BATES INVESTMENT RESEARCH, INC."
iapd,iapd_state_compilation,114136,TX,APPROVED,2001-05-01,"EDGEMONT INVESTMENT MANAGEMENT, LLC","EDGEMONT INVESTMENT MANAGEMENT, LLC"
iapd,iapd_state_compilation,114181,TX,APPROVED,1998-01-02,MATT MONTGOMERY,MATT MONTGOMERY
iapd,iapd_state_compilation,114199,TX,APPROVED,1989-12-01,ELM ASSET MANAGEMENT INC.,ELM ASSET MANAGEMENT INC.
iapd,iapd_state_compilation,114230,TX,APPROVED,1997-05-01,JAMES G. MCCLELLAN CPA,JAMES GILBERT MCCLELLAN
iapd,iapd_state_compilation,114240,TX,APPROVED,2007-01-04,OPSIS ADVISORY GROUP,NEDRA LOW
iapd,iapd_state_compilation,114262,TX,APPROVED,1998-01-02,CGM INVESTMENT MANAGEMENT,CHRISTOPHER GUY MARTIN
iapd,iapd_state_compilation,114264,TX,APPROVED,2001-01-11,"WEALTH CREATORS, LLC",LEWIS JOHNSON
iapd,iapd_state_compilation,114268,TX,APPROVED,2006-01-30,RHONDA L RUSSELL,"RHONDA L. RUSSELL, P.C."
iapd,iapd_state_compilation,114278,TX,APPROVED,2008-10-21,"GEOFFRY H. OSHMAN, CFP","OSHMAN, GEOFFRY HILLEL"
iapd,iapd_state_compilation,114282,TX,APPROVED,2000-02-23,"PERRY D. REED & COMPANY, P.C.","PERRY D. REED & COMPANY, P.C."
iapd,iapd_state_compilation,114285,TX,APPROVED,2025-04-11,"MISSION ADVISORS, LP","MCG CAPITAL, LLC"
iapd,iapd_state_compilation,114306,TX,APPROVED,1995-01-06,ECONOMIC LEADS,"EARLY, JOHN HARVEY"
iapd,iapd_state_compilation,114358,TX,APPROVED,2012-04-19,WINVEST INVESTMENTS L.P.,WINVEST INVESTMENTS L.P.
iapd,iapd_state_compilation,114359,TX,APPROVED,1996-01-30,"CHARLES MANNING & ASSOCIATES, INC.","CHARLES MANNING & ASSOCIATES, INC."
iapd,iapd_state_compilation,114366,TX,APPROVED,1996-10-17,PORTER INVESTMENTS,"DAEDALUS CAPITAL GROUP, INC."
iapd,iapd_state_compilation,114394,TX,APPROVED,1995-01-05,"INTEGRA ASSET ADVISORS, L.C.","INTEGRA ASSET ADVISORS, L.C."
iapd,iapd_state_compilation,114408,TX,APPROVED,2025-08-12,"PHILLIPS RAY CAPITAL MANAGEMENT, INC.","PHILLIPS RAY CAPITAL MANAGEMENT, INC."
iapd,iapd_state_compilation,114455,TX,APPROVED,2012-03-20,"INCOMAR INVESTMENTS, LLC","INCOMAR INVESTMENTS, LLC"
iapd,iapd_state_compilation,114457,TX,APPROVED,1993-07-05,THORNTON FINANCIAL MANAGEMENT AND SERVICES,JOHN DAVID THORNTON
iapd,iapd_state_compilation,114460,TX,APPROVED,2003-02-06,"AQUINAS ADVISORS, LLC","AQUINAS ADVISORS, LLC"
iapd,iapd_state_compilation,114479,TX,APPROVED,2000-04-12,MCWHORTER CAPITAL INVESTMENTS,GEORGE MICHAEL MCWHORTER
iapd,iapd_state_compilation,114486,TX,APPROVED,1999-07-25,"TORRES FINANCIAL SERVICES, INC.","TORRES FINANCIAL SERVICES, INC."
iapd,iapd_state_compilation,114492,TX,APPROVED,2010-02-10,"KINGSBURY FINANCIAL MANAGEMENT, INC.","KINGSBURY FINANCIAL MANAGEMENT, INC."
iapd,iapd_state_compilation,114509,TX,APPROVED,2011-02-03,"NEW CENTURY PARTNERS-THE NO-LOAD GROUP, INC.","NEW CENTURY PARTNERS-THE NO-LOAD GROUP, INC."
iapd,iapd_state_compilation,114540,TX,APPROVED,1996-10-14,"QUEST INVESTMENT PORTFOLIO MANAGEMENT, LIMITED","QUEST INVESTMENT PORTFOLIO MANAGEMENT, LIMITED"
iapd,iapd_state_compilation,114546,TX,APPROVED,1994-01-31,"ORSER INVESTMENT ADVISORS, INC.","ORSER INVESTMENT ADVISORS, INC."
iapd,iapd_state_compilation,114548,TX,APPROVED,1993-12-27,MICHAEL KEITH PARISH,MICHAEL KEITH PARISH
iapd,iapd_state_compilation,114551,TX,APPROVED,2000-01-01,FAIRBANKS FINANCIAL WEALTH MANAGEMENT,"LEBAIR FINANCIAL SERVICES, INC."
iapd,iapd_state_compilation,114558,TX,APPROVED,1995-08-22,"JACKSON MONEY MANAGEMENT, INCORPORATED","JACKSON MONEY MANAGEMENT, INCORPORATED"
iapd,iapd_state_compilation,114577,TX,APPROVED,2026-01-23,TAYLOR FINANCIAL CONSULTING,JILL TAYLOR GORDON
iapd,iapd_state_compilation,114581,TX,APPROVED,2012-12-11,STRANBERG CAPITAL LLC,STRANBERG CAPITAL LLC
iapd,iapd_state_compilation,114585,TX,APPROVED,2000-05-16,NAWORSKI INVESTMENTS,NAWORSKI INVESTMENTS LLC
iapd,iapd_state_compilation,114591,TX,APPROVED,2023-08-22,"THE LEGACY COLLABORATIVE, INC.","THE LEGACY COLLABORATIVE, INC."
iapd,iapd_state_compilation,114609,TX,APPROVED,1996-07-16,FINANCIAL EDGE,FINANCIAL EDGE
iapd,iapd_state_compilation,114618,TX,APPROVED,2009-03-09,"DBA FEE ONLY FINANCIAL PLANNING, INC.","HALVORSON-BOYD & BELL, INC."
iapd,iapd_state_compilation,114644,TX,APPROVED,1995-02-01,"R & R FINANCIAL SERVICES, LLC","R & R FINANCIAL SERVICES, LLC"
iapd,iapd_state_compilation,114651,TX,APPROVED,1994-03-28,"INTERNATIONAL ASSET MANAGEMENT, INC.","INTERNATIONAL ASSET MANAGEMENT, INC."
iapd,iapd_state_compilation,114653,TX,APPROVED,2013-08-09,"HG CAPITAL ADVISORS, LLC","HG CAPITAL ADVISORS, LLC"
iapd,iapd_state_compilation,114679,TX,APPROVED,2006-05-19,SUCRE'-VAIL WEALTH ADVISORS,"SUCRE-VAIL, INC"
iapd,iapd_state_compilation,114714,TX,APPROVED,2001-05-22,TEXAS ASSET MANAGEMENT,"TAM, LLC"
iapd,iapd_state_compilation,114720,TX,APPROVED,2007-02-12,"FELIX GARCIA, RIA","FELIX GARCIA, RIA"
iapd,iapd_state_compilation,114731,TX,APPROVED,2026-01-22,WISE INVESTMENT MANAGEMENT,WISE HOLDINGS INC.
iapd,iapd_state_compilation,114734,TX,APPROVED,1990-08-06,"ECAPITAL ADVISORS, INC.","ECAPITAL ADVISORS, INC."
iapd,iapd_state_compilation,114748,TX,APPROVED,1996-10-24,VAN DUIVENDYK CAPITAL MANAGEMENT,PHILIP RAY VAN DUIVENDYK
iapd,iapd_state_compilation,114752,TX,APPROVED,2012-06-05,"OLIMPIO NEU & ASSOCIATES, INC.","OLIMPIO NEU & ASSOCIATES, INC."
iapd,iapd_state_compilation,114777,TX,APPROVED,2015-03-20,B&F INVESTMENT STRATEGIES,"BROCK, DENNIS, TATE"
iapd,iapd_state_compilation,114782,TX,APPROVED,2001-01-03,"LINDUS ADVISORS, INC.","LINDUS ADVISORS, INC."
iapd,iapd_state_compilation,114798,TX,APPROVED,1991-01-10,"WILLIAM R. SCHEEL, INVESTMENT ADVISER",WILLIAM REGAN SCHEEL
iapd,iapd_state_compilation,114799,TX,APPROVED,1998-01-02,RJG FINANCIAL,"RJG FINANCIAL, LLC."
iapd,iapd_state_compilation,114810,TX,APPROVED,2001-01-31,"INNOVA CAPITAL MANAGEMENT, LLC","INNOVA CAPITAL MANAGEMENT, LLC"
iapd,iapd_state_compilation,114812,TX,APPROVED,2001-09-21,"CHARTMARK INVESTMENTS, INC.","CHARTMARK INVESTMENTS, INC."
iapd,iapd_state_compilation,114822,TX,APPROVED,2011-08-16,FINANCIAL PLANNING SERVICES,STEPHEN LEWIS GRAY
iapd,iapd_state_compilation,114834,TX,APPROVED,2001-01-25,INVESTORS CHOICE,DIFRAN CORPORATION
iapd,iapd_state_compilation,114849,TX,APPROVED,2000-10-17,CONCEPTWEALTH,MARK M. CAROLIN
iapd,iapd_state_compilation,114868,TX,APPROVED,2021-02-22,"LEGACY WEALTH ADVISORS, INC.","LEGACY WEALTH ADVISORS, INC."
iapd,iapd_state_compilation,114878,TX,APPROVED,2001-01-01,JOHN NAVIN NAVIDOMSKIS IV,JOHN NAVIN NAVIDOMSKIS IV
iapd,iapd_state_compilation,114906,TX,APPROVED,1998-02-05,"DOUGLAS ANDERSON, III","DOUGLAS ANDERSON, III"
iapd,iapd_state_compilation,114944,TX,APPROVED,1997-06-30,"BLUECHIP FINANCIAL PLANNING, INC.","BLUECHIP FINANCIAL PLANNING, INC."
iapd,iapd_state_compilation,114958,TX,APPROVED,1998-10-05,"FOUR SEASONS INVESTMENT MANAGEMENT, INC.","FOUR SEASONS INVESTMENT MANAGEMENT, INC."
iapd,iapd_state_compilation,114996,TX,APPROVED,1997-11-26,KENTOR FINANCIAL,THE MICHAEL KENTOR COMPANY
iapd,iapd_state_compilation,115007,TX,APPROVED,1990-03-23,RONALD RAY SCHULZE,RONALD RAY SCHULZE
iapd,iapd_state_compilation,115092,TX,APPROVED,2002-02-26,"RUDD AND WISDOM, INC.","RUDD AND WISDOM, INC."
iapd,iapd_state_compilation,115110,TX,APPROVED,2020-07-30,OPTIFOLIO,"GLOBAL LEVERAGE AND INVESTMENTS, INC."
iapd,iapd_state_compilation,115255,TX,APPROVED,1998-06-16,BOYTER FINANCIAL SERVICES,MICHEAL LYNN BOYTER
iapd,iapd_state_compilation,115263,TX,APPROVED,2003-01-10,JON BOS FINANCIAL ADVISOR LLC,JON BOS FINANCIAL ADVISOR LLC
iapd,iapd_state_compilation,115291,TX,APPROVED,2002-01-01,"OAKMONT FINANCIAL SERVICES, L.L.C.","OAKMONT FINANCIAL SERVICES, L.L.C."
iapd,iapd_state_compilation,115305,TX,APPROVED,2003-09-15,BROOKS FINANCIAL SERVICES,KEVIN LYNN BROOKS
iapd,iapd_state_compilation,115318,TX,APPROVED,1998-08-17,"SPECTRUM STRATEGIES, L.L.C.","SPECTRUM STRATEGIES, L.L.C."
iapd,iapd_state_compilation,115378,TX,APPROVED,1999-04-20,"57 WEST CAPITAL ADVISORS, INC.","57 WEST CAPITAL ADVISORS, INC."
iapd,iapd_state_compilation,115416,TX,APPROVED,2014-11-18,PURSUIT WEALTH MANAGEMENT,FINANCIAL INVESTMENTS RESEARCH & MANAGEMENT LLC
iapd,iapd_state_compilation,115490,TX,APPROVED,2001-11-19,"PRO ADVISORS, LTD. DBA R J PICKLE FINANCIAL SERVICES","PRO ADVISORS, LTD. DBA R J PICKLE FINANCIAL SERVICES"
iapd,iapd_state_compilation,115524,TX,APPROVED,1993-09-16,"EDNA J. THOMPSEN, CFP","THOMPSEN, EDNA JEAN"
iapd,iapd_state_compilation,115537,TX,APPROVED,2001-08-08,"MENTOR FINANCIAL ADVISORY GROUP, LTD.","MENTOR FINANCIAL ADVISORY GROUP, LTD."
iapd,iapd_state_compilation,115570,TX,APPROVED,2026-02-12,LINK FINANCIAL CORPORATION,LINK FINANCIAL CORPORATION
iapd,iapd_state_compilation,115632,TX,APPROVED,1997-06-04,PEAK INVESTMENTS,MICHAEL DEAN MOORE
iapd,iapd_state_compilation,115676,TX,APPROVED,2001-12-04,"CRAWFORD ADVISORY GROUP, LLC","CRAWFORD ADVISORY GROUP, LLC"
iapd,iapd_state_compilation,115796,TX,APPROVED,1990-12-04,"AMERICAN MARKET ADVISORS, INC.","AMERICAN MARKET ADVISORS, INC."
iapd,iapd_state_compilation,115828,TX,APPROVED,2022-11-03,"FINANCIAL STRATEGIES, INC","FINANCIAL STRATEGIES, INC"
iapd,iapd_state_compilation,115866,TX,APPROVED,1993-07-30,"EDWARD ALLEN BENSON, PHD.",EDWARD ALLEN BENSON
iapd,iapd_state_compilation,116014,TX,APPROVED,2001-08-28,LIVING ROOM WEALTH MANAGEMENT,"RESOURCE DESIGN, INC."
iapd,iapd_state_compilation,116149,TX,APPROVED,2012-05-25,"ASPEN FINANCIAL MANAGEMENT, INC.","ASPEN FINANCIAL MANAGEMENT, INC."
iapd,iapd_state_compilation,116249,TX,APPROVED,1981-03-13,"CARTER ADVISORY SERVICES, INC","CARTER ADVISORY SERVICES, INC"
iapd,iapd_state_compilation,116348,TX,APPROVED,1996-04-15,SM  SCHERR FINANCIAL LLC,SM SCHERR FINANCIAL LLC
iapd,iapd_state_compilation,116513,TX,APPROVED,2011-10-03,"BERGLAND WEALTH MANAGEMENT, INC.","BERGLAND WEALTH MANAGEMENT, INC."
iapd,iapd_state_compilation,116707,TX,APPROVED,2001-03-19,CELTIC CAPITAL CORPORATION,CELTIC CAPITAL CORPORATION
iapd,iapd_state_compilation,116725,TX,APPROVED,2001-11-20,"GA BISHOP AND ASSOCIATES, LLC","GA BISHOP AND ASSOCIATES, LLC"
iapd,iapd_state_compilation,116869,TX,APPROVED,2012-10-15,FINANCIAL PROFESSIONALS INCORPORATED,FINANCIAL PROFESSIONALS INCORPORATED
iapd,iapd_state_compilation,117222,TX,APPROVED,2012-07-19,"TWRU PRIVATE WEALTH MANAGEMENT, LLC","TWRU PRIVATE WEALTH MANAGEMENT, LLC"
iapd,iapd_state_compilation,117461,TX,APPROVED,2006-10-24,"SUNDIAL CAPITAL MANAGEMENT, L.P.","SUNDIAL CAPITAL MANAGEMENT, L.P."
iapd,iapd_state_compilation,117496,TX,APPROVED,2012-03-26,"HOUSTOUN CAPITAL MANAGEMENT, INC.","HOUSTOUN CAPITAL MANAGEMENT, INC."
iapd,iapd_state_compilation,117524,TX,APPROVED,2011-06-07,"TERRY PESCHL & ASSOCIATES, INC.","TERRY PESCHL & ASSOCIATES, INC."
iapd,iapd_state_compilation,117535,TX,APPROVED,2002-03-12,"NEW OBSERVER CAPITAL MANAGEMENT, LLC","NEW OBSERVER CAPITAL MANAGEMENT, LLC"
iapd,iapd_state_compilation,117699,TX,APPROVED,2016-03-30,"CHRISTENSEN CAPITAL, LLC","CHRISTENSEN CAPITAL, LLC"
iapd,iapd_state_compilation,117845,TX,APPROVED,2014-05-22,FG WEALTH MANAGEMENT,"THE FOCUS GROUP ADVISORS, LLC"
iapd,iapd_state_compilation,117872,TX,APPROVED,2012-06-05,"NEW WEST INVESTMENT MANAGEMENT, INC.","NEW WEST INVESTMENT MANAGEMENT, INC."
iapd,iapd_state_compilation,117903,TX,APPROVED,1996-03-11,HENSEL CAPITAL MANAGEMENT,"HENSEL,ROBERT,PAUL"
iapd,iapd_state_compilation,117921,TX,APPROVED,1983-03-31,"SAVOY INVESTMENT MANAGEMENT, INC.","SAVOY INVESTMENT MANAGEMENT, INC."
iapd,iapd_state_compilation,117968,TX,APPROVED,2003-11-18,TAYLOR & TAYLOR FINANCIAL SERVICES,"TAYLOR, BRITTON MICHAEL"
iapd,iapd_state_compilation,117979,TX,APPROVED,2007-10-17,US 1ST WEALTH MANAGEMENT,TEXAS FIRST WEALTH MANAGEMENT
iapd,iapd_state_compilation,118002,TX,APPROVED,2001-02-06,"GQO INVESTMENT ADVISORS, INC.","GQO INVESTMENT ADVISORS, INC."
iapd,iapd_state_compilation,118004,TX,APPROVED,1995-05-30,"RIVERWAY ASSET MANAGEMENT, INC.","RIVERWAY ASSET MANAGEMENT, INC."
iapd,iapd_state_compilation,118072,TX,APPROVED,2007-01-22,LAWRENCE FINANCIAL SERVICES,LARRY GLENN LAWRENCE D/B/A LAWRENCE FINANCIAL SERVICES
iapd,iapd_state_compilation,118081,TX,APPROVED,2012-06-25,"WOMACK INVESTMENT ADVISERS, INC","WOMACK INVESTMENT ADVISERS, INC"
iapd,iapd_state_compilation,118187,TX,APPROVED,2004-06-30,LEGACY HARBOR,LEGACY HARBOR
iapd,iapd_state_compilation,118231,TX,APPROVED,2002-01-02,"PRIVATE GROUP WEALTH MANAGEMENT, LLC","PRIVATE GROUP WEALTH MANAGEMENT, LLC"
iapd,iapd_state_compilation,118282,TX,APPROVED,2012-01-09,THE ASPEN EQUITY GROUP,"THE ASPEN EQUITY GROUP, INC."
iapd,iapd_state_compilation,118372,TX,APPROVED,2019-03-29,"SWEETWATER FINANCIAL ADVISORS, LLC","SWEETWATER FINANCIAL ADVISORS, LLC"
iapd,iapd_state_compilation,118607,TX,APPROVED,2003-05-22,HAVEN FINANCIAL ADVISORS,LKOKERNAK
iapd,iapd_state_compilation,118684,TX,APPROVED,2024-10-22,"LANGE FINANCIAL GROUP, LLC","LANGE FINANCIAL GROUP, LLC"
iapd,iapd_state_compilation,118733,TX,APPROVED,2004-01-13,RETIREMENT SOLUTIONS,"WEBB,DARVON JAMES"
iapd,iapd_state_compilation,118985,TX,APPROVED,2004-01-27,BOGUE ASSET MANAGEMENT LLC,"BOGUE ASSET MANAGEMENT, LLC"
iapd,iapd_state_compilation,119088,TX,APPROVED,2022-03-14,THE JUST COMPANY,THE JUST COMPANY
iapd,iapd_state_compilation,119127,TX,APPROVED,2012-01-13,"WEALTH DEVELOPMENT STRATEGIES INVESTMENT ADVISORY, INC.","WEALTH DEVELOPMENT STRATEGIES INVESTMENT ADVISORY, INC."
iapd,iapd_state_compilation,119137,TX,APPROVED,2020-02-13,PRP,PROFESSIONAL RETIREMENT PLANNING INC.
iapd,iapd_state_compilation,119181,TX,APPROVED,2018-08-23,CONSOLIDATED FINANCIAL MANAGEMENT CORP.,CONSOLIDATED FINANCIAL MANAGEMENT CORP.
iapd,iapd_state_compilation,119486,TX,APPROVED,2010-07-26,EDMAN GLOBAL INVESTMENT MANAGEMENT LLC,EDMAN GLOBAL INVESTMENT MANAGEMENT LLC
iapd,iapd_state_compilation,119796,TX,APPROVED,2002-04-11,"STOECKER FINANCIAL, INC.","STOECKER FINANCIAL, INC."
iapd,iapd_state_compilation,119952,TX,APPROVED,2017-02-08,"ODA AND COMPANY, INC.","ODA AND COMPANY, INC."
iapd,iapd_state_compilation,120425,TX,APPROVED,2010-01-28,"AKROS INVESTMENTS, INC.","AKROS INVESTMENTS, INC."
iapd,iapd_state_compilation,120678,TX,APPROVED,2022-08-04,"CORE CAPITAL MANAGEMENT, LLC","CORE CAPITAL MANAGEMENT, LLC"
iapd,iapd_state_compilation,120828,TX,APPROVED,2002-08-14,"CANNOLES ASSET MANAGEMENT, INC.","CANNOLES ASSET MANAGEMENT, INC."
iapd,iapd_state_compilation,121140,TX,APPROVED,2011-03-30,"MTR ADVISORY SERVICES, INC.","MTR ADVISORY SERVICES, INC."
iapd,iapd_state_compilation,121196,TX,APPROVED,2007-08-20,MCNALLY FINANCIAL SERVICES CORPORATION,MCNALLY FINANCIAL SERVICES CORPORATION
iapd,iapd_state_compilation,121201,TX,APPROVED,2011-09-13,ST. MICHAELS ASSET MANAGEMENT,"ST. MICHAELS ASSET MANAGEMENT, LLC"
iapd,iapd_state_compilation,121239,TX,APPROVED,2026-01-30,NETWORK 1 FINANCIAL ADVISORS INC.,NETWORK 1 FINANCIAL ADVISORS INC.
iapd,iapd_state_compilation,121635,TX,APPROVED,2008-05-05,ELEY-GRAHAM-AUSTGEN FINANCIAL ADVISORY SERVICES,ELEY-GRAHAM ADVISORY CORPORATION
iapd,iapd_state_compilation,121643,TX,APPROVED,2009-01-01,"APEX RESEARCH AND INVESTMENTS, LLC","APEX RESEARCH AND INVESTMENTS, LLC"
iapd,iapd_state_compilation,121661,TX,APPROVED,2002-11-13,TIMOTHY L. CONNER,TIMOTHY LEE CONNER
iapd,iapd_state_compilation,121992,TX,APPROVED,2014-10-03,"VIA IV INVESTMENTS, LLC","VIA IV INVESTMENTS, LLC"
iapd,iapd_state_compilation,122443,TX,APPROVED,2012-07-17,STEVEN AYERS & COMPANY,STEVEN AYERS & COMPANY
iapd,iapd_state_compilation,122625,TX,APPROVED,2012-06-26,"FINANCIAL PLANNING ADVISORS, INC.","FINANCIAL PLANNING ADVISORS, INC."
iapd,iapd_state_compilation,122643,TX,APPROVED,2003-07-23,"FUNDAMENTAL ADVISORS, INC.","FUNDAMENTAL ADVISORS, INC."
iapd,iapd_state_compilation,122907,TX,APPROVED,2002-10-11,"MCNALLY, DAVID D.","MCNALLY, DAVID D."
iapd,iapd_state_compilation,123069,TX,APPROVED,2010-04-20,CARTER CAPITAL MANAGEMENT,"CARTER, DAVID HENRY"
iapd,iapd_state_compilation,123173,TX,APPROVED,2026-07-28,"OPEN DOOR INVESTMENT ADVISORS, INC.","OPEN DOOR INVESTMENT ADVISORS, INC."
iapd,iapd_state_compilation,123364,TX,APPROVED,2020-11-06,"FOUNTAIN FINANCIAL GROUP, INC.","FOUNTAIN FINANCIAL GROUP, INC."
iapd,iapd_state_compilation,123661,TX,APPROVED,2011-01-01,"MARSHALL WEALTH MANAGEMENT, LLC","MARSHALL WEALTH MANAGEMENT, LLC"
iapd,iapd_state_compilation,123716,TX,APPROVED,2019-09-06,"CLOVER PARTNERS, L.P.","CLOVER PARTNERS, L.P."
iapd,iapd_state_compilation,124112,TX,APPROVED,2003-03-19,"NEAL FINANCIAL GROUP, L.P.","NEAL FINANCIAL GROUP, L.P."
iapd,iapd_state_compilation,124124,TX,APPROVED,2022-11-17,DOMANI INVESTMENTS INC.,DOMANI INVESTMENTS INC.
iapd,iapd_state_compilation,124177,TX,APPROVED,2003-01-27,"TUGGLE & RUSSELL, L.L.C.","TUGGLE & RUSSELL, L.L.C."
iapd,iapd_state_compilation,124421,TX,APPROVED,2018-01-25,"MUSTANG CAPITAL MANAGEMENT, LLC","MUSTANG CAPITAL MANAGEMENT, LLC."
iapd,iapd_state_compilation,124490,TX,APPROVED,2003-03-19,"GILLILAND INVESTMENT MANAGEMENT, INC.","GILLILAND INVESTMENT MANAGEMENT, INC."
iapd,iapd_state_compilation,124945,TX,APPROVED,2012-06-28,FOWLER FINANCIAL MANAGEMENT,"WEALTH MANAGEMENT AND PRESERVATION, INC."
iapd,iapd_state_compilation,125071,TX,APPROVED,2012-06-27,CIOVACCO CAPITAL MANAGEMENT,CIOVACCO CAPITAL MANAGEMENT LLC
iapd,iapd_state_compilation,125163,TX,APPROVED,2003-05-22,COGENT CAPITAL GROUP,"MIND SPAN, INC."
iapd,iapd_state_compilation,125367,TX,APPROVED,2006-01-01,SUPPORTING YOUR CHOICES INC.,SUPPORTING YOUR CHOICES INC.
iapd,iapd_state_compilation,125974,TX,APPROVED,2015-04-17,"KENAI INVESTMENTS, INC.","KENAI INVESTMENTS, INC."
iapd,iapd_state_compilation,126135,TX,APPROVED,2004-01-02,JOE CARTER,"CARTER, JR. JOE LOUIS"
iapd,iapd_state_compilation,126820,TX,APPROVED,2022-01-25,"SCHULZ FINANCIAL, LLC","SCHULZ FINANCIAL, LLC"
iapd,iapd_state_compilation,126952,TX,APPROVED,2018-08-29,"REGAL CAPITAL MANAGEMENT, INC.","REGAL CAPITAL MANAGEMENT, INC."
iapd,iapd_state_compilation,127024,TX,APPROVED,2020-04-07,"DON A. SLABAUGH, LLC",DON A. SLABAUGH
iapd,iapd_state_compilation,127138,TX,APPROVED,2003-06-18,FINANCIAL LIFESTYLE MANAGEMENT,FLM FINANCIAL LIFESTYLE MANAGEMENT LLC
iapd,iapd_state_compilation,127273,TX,APPROVED,2003-10-07,FINANCIAL ADVANTAGE,MCMULLEN FINANCIAL
iapd,iapd_state_compilation,127465,TX,APPROVED,2012-10-12,"WILSHIRE-PENNINGTON GROUP, INC.","WILSHIRE-PENNINGTON GROUP, INC."
iapd,iapd_state_compilation,127586,TX,APPROVED,2012-01-30,"MACRO WEALTH ADVISORS, INC.","MACRO FINANCIAL ADVISORS, INC"
iapd,iapd_state_compilation,127666,TX,APPROVED,2012-04-25,"CLASSIC FINANCIAL & INVESTMENT SERVICES, INC.","CLASSIC FINANCIAL & INVESTMENT SERVICES, INC."
iapd,iapd_state_compilation,127727,TX,APPROVED,2003-11-05,"JONATHAN P.LUNDMARK, CPA,CFP","LUNDMARK, JONATHAN PAUL"
iapd,iapd_state_compilation,128135,TX,APPROVED,2008-01-01,"TRADITIONS WEALTH ADVISORS, LLC.","TRADITIONS WEALTH ADVISORS, LLC."
iapd,iapd_state_compilation,128187,TX,APPROVED,2004-03-26,"PRIAD INVESTMENT ADVISERS, L.L.C.","PRIAD.COM INVESTMENT ADVISERS,L.L.C."
iapd,iapd_state_compilation,128227,TX,APPROVED,2011-10-03,REXFORD CAPITAL,REXFORD CAPITAL INC.
iapd,iapd_state_compilation,128362,TX,APPROVED,2012-06-18,"EXECUTIVE MONEY MANAGERS, INC.","EXECUTIVE MONEY MANAGERS, INC."
iapd,iapd_state_compilation,128395,TX,APPROVED,2003-12-08,"KANOS CAPITAL MANAGEMENT, LLC","KANOS CAPITAL MANAGEMENT, LLC"
iapd,iapd_state_compilation,128421,TX,APPROVED,2012-05-16,COLEMAN RIVER CAPITAL LLC,COLEMAN RIVER CAPITAL LLC
iapd,iapd_state_compilation,128472,TX,APPROVED,2012-06-21,PRUDENT MONEY FINANCIAL SERVICES,"RPBROOKS FINANCIAL, INC."
iapd,iapd_state_compilation,128659,TX,APPROVED,2021-09-28,"PENDRAGON CAPITAL MANAGEMENT, INC.","PENDRAGON CAPITAL MANAGEMENT, INC."
iapd,iapd_state_compilation,128668,TX,APPROVED,2003-12-01,"WHITFILL INVESTMENT MANAGEMENT, LLC","WHITFILL INVESTMENT MANAGEMENT, LLC"
iapd,iapd_state_compilation,128920,TX,APPROVED,2016-04-20,MCMILLAN ANALYSIS CORPORATION,MCMILLAN ANALYSIS CORPORATION
iapd,iapd_state_compilation,129043,TX,APPROVED,2024-04-12,"SHRIER ASSOCIATES, LLC","SHRIER ASSOCIATES, LLC"
iapd,iapd_state_compilation,129164,TX,APPROVED,2012-05-08,CORNERSTONE INVESTMENT SERVICES,CORNERSTONE INVESTMENT SERVICES LLC
iapd,iapd_state_compilation,129223,TX,APPROVED,2004-02-27,"STARLING CAPITAL MANAGEMENT, LLC","STARLING CAPITAL MANAGEMENT, LLC"
iapd,iapd_state_compilation,129233,TX,APPROVED,2004-01-01,"MERIDIAN INVESTMENT MANAGEMENT, INC.","MERIDIAN INVESTMENT MANAGEMENT, INC."
iapd,iapd_state_compilation,129350,TX,APPROVED,2008-01-11,CARR CONSULTING P.A.,CARR CONSULTING P.A.
iapd,iapd_state_compilation,129472,TX,APPROVED,2012-05-17,"COMMUNITY FINANCIAL GROUP, INC.","COMMUNITY FINANCIAL GROUP, INC."
iapd,iapd_state_compilation,129565,TX,APPROVED,2004-01-15,"J C TEXAS INVESTMENT ADVISORS, LTD.","J C TEXAS INVESTMENT ADVISORS, LTD."
iapd,iapd_state_compilation,129588,TX,APPROVED,2005-09-15,"WEALTH MANAGEMENT SERVICES OF AUSTIN, LLC","WEALTH MANAGEMENT SERVICES OF AUSTIN, LLC"
iapd,iapd_state_compilation,129862,TX,APPROVED,2008-07-07,"BENT TREE TRUST ADVISORS, LLC","BENT TREE TRUST ADVISORS, LLC"
iapd,iapd_state_compilation,129949,TX,APPROVED,2004-02-09,STRATEGIC INVESTMENT MANAGEMENT,SIM EMP
iapd,iapd_state_compilation,130053,TX,APPROVED,2004-04-05,SANSONE & ASSOCIATES,ANTHONY SANSONE
iapd,iapd_state_compilation,130701,TX,APPROVED,2005-10-19,"INS CAPITAL MANAGEMENT, LLC","INS CAPITAL MANAGEMENT, LLC"
iapd,iapd_state_compilation,130946,TX,APPROVED,2020-09-30,"USA ASSET MANAGEMENT, LLC","USA ASSET MANAGEMENT, LLC"
iapd,iapd_state_compilation,130994,TX,APPROVED,2004-10-22,"BARTON CREEK ADVISORS, LLC","BARTON CREEK ADVISORS, LLC"
iapd,iapd_state_compilation,131008,TX,APPROVED,2023-08-30,"HERITAGE FINANCIAL SOLUTIONS, LLC","DIVERSIFIED PORTFOLIO MANAGEMENT, LLC"
iapd,iapd_state_compilation,131086,TX,APPROVED,2004-07-28,"GADIRAJU, RAJU","GADIRAJU, RAJU"
iapd,iapd_state_compilation,131190,TX,APPROVED,2004-06-29,SPRINGWOOD FINANCIAL ADVISORS,"KLE CONSULTING, LLC"
iapd,iapd_state_compilation,131300,TX,APPROVED,2004-04-29,"TEXAS INSTITUTIONAL INVESTMENT MANAGEMENT, LLC","TEXAS INSTITUTIONAL INVESTMENT MANAGEMENT, LLC"
iapd,iapd_state_compilation,131538,TX,APPROVED,2004-08-16,FERGUSON FINANCIAL PLANNING,TROY CHRISTIAN FERGUSON
iapd,iapd_state_compilation,131633,TX,APPROVED,2005-08-25,BETA MANAGEMENT CONSULTING,ERROL MARTIN
iapd,iapd_state_compilation,131939,TX,APPROVED,2004-09-16,"COASTAL WEALTH MANAGEMENT, LP","COASTAL WEALTH MANAGEMENT, LP"
iapd,iapd_state_compilation,132141,TX,APPROVED,2004-08-05,MAIN STREET FINANCIAL ADVISORS,"MITCHELL, STEVEN MARK"
iapd,iapd_state_compilation,132562,TX,APPROVED,2026-06-29,COLEFP,"COLE FINANCIAL PLANNING AND WEALTH MANAGEMENT, INC"
iapd,iapd_state_compilation,132594,TX,APPROVED,2004-11-22,"INTELLIWEALTH FINANCIAL ADVISORS, LTD","INTELLIWEALTH FINANCIAL ADVISORS, LTD."
iapd,iapd_state_compilation,132603,TX,APPROVED,2005-01-13,"GOLCONDA CAPITAL MANAGEMENT, LLC","GOLCONDA CAPITAL MANAGEMENT, LLC"
iapd,iapd_state_compilation,132638,TX,APPROVED,2004-10-20,CLIFTON MYERS FINANCIAL ADVISORY,"CLIFTON MYERS FINANCIAL ADVISORY, INC."
iapd,iapd_state_compilation,132703,TX,APPROVED,2004-11-10,"HOCTOR FINANCIAL GROUP, LLC","HOCTOR, DAVID ROBERT II"
iapd,iapd_state_compilation,132894,TX,APPROVED,2012-06-22,"MARKETTREND ADVISORS, LTD.","MTA CAPITAL, LTD."
iapd,iapd_state_compilation,132907,TX,APPROVED,2008-01-01,TEXAS FIRST INVESTMENT MANAGEMENT COMPANY,"TEXAS FIRST INVESTMENT MANAGEMENT COMPANY, LP"
iapd,iapd_state_compilation,132912,TX,APPROVED,2019-05-14,"WILSON WEALTH MANAGEMENT GROUP, L. L. C.","WILSON WEALTH MANAGEMENT GROUP, L.L.C."
iapd,iapd_state_compilation,133061,TX,APPROVED,2011-07-14,"AUXAN CAPITAL ADVISORS, LLC","BLAICOL CAPITAL MANAGEMENT, LLC"
iapd,iapd_state_compilation,133067,TX,APPROVED,2016-09-21,"MAJESTIC OAK FINANCIAL, LLC","MAJESTIC OAK FINANCIAL, LLC"
iapd,iapd_state_compilation,133250,TX,APPROVED,2009-05-21,MICHAEL E. REICHEK DBA REICHEK FINANCIAL SERVICES,MICHAEL E. REICHEK
iapd,iapd_state_compilation,133467,TX,APPROVED,2005-04-25,WEALTH MANAGEMENT PARTNERS LLC,WEALTH MANAGEMENT PARTNERS LLC
iapd,iapd_state_compilation,133472,TX,APPROVED,2005-04-14,"HURWITZ ASSOCIATES, INC.",HURWITZ ASSOCIATES INC.
iapd,iapd_state_compilation,133491,TX,APPROVED,2009-01-29,SCAMARDO FINANCIAL LLC,SCAMARDO FINANCIAL LLC
iapd,iapd_state_compilation,133586,TX,APPROVED,2021-03-15,SANSOTERRA GROUP LLC,SANSOTERRA GROUP LLC
iapd,iapd_state_compilation,133771,TX,APPROVED,2005-04-22,"WILSON INVESTMENT ADVISORY SERVICES, LLC","WILSON INVESTMENT ADVISORY SERVICES, LLC"
iapd,iapd_state_compilation,133850,TX,APPROVED,2008-08-22,"GLOBAL INVESTMENT SOLUTIONS, LLC","GLOBAL INVESTMENT SOLUTIONS, LLC"
iapd,iapd_state_compilation,133911,TX,APPROVED,2011-06-24,"CREWS CAPITAL MANAGEMENT, LP","CREWS CAPITAL MANAGEMENT, LP"
iapd,iapd_state_compilation,134122,TX,APPROVED,2005-08-16,"EMW CAPITAL ADVISORS, LLC","EMW CAPITAL ADVISORS, LLC"
iapd,iapd_state_compilation,134151,TX,APPROVED,2005-08-22,"TIME VALUE OF MONEY, L.P.","TIME VALUE OF MONEY, L.P."
iapd,iapd_state_compilation,134163,TX,APPROVED,2005-04-29,ORF CAPITAL MANAGEMENT,MICHAEL G. ORF
iapd,iapd_state_compilation,134346,TX,APPROVED,2006-07-31,MARK MONREAL & ASSOCIATES,"MONREAL,MARK"
iapd,iapd_state_compilation,134402,TX,APPROVED,2006-04-20,"FRANCIS CAPITAL MANAGEMENT, INC.","FRANCIS CAPITAL MANAGEMENT, INC."
iapd,iapd_state_compilation,134444,TX,APPROVED,2005-11-02,"HELIOS WEALTH ADVISORS, LLC","HELIOS WEALTH ADVISORS, LLC"
iapd,iapd_state_compilation,134502,TX,APPROVED,2020-02-25,NI ADVISORS,NI ADVISORS
iapd,iapd_state_compilation,134598,TX,APPROVED,2005-10-20,"BENEDETTI FINANCIAL, INC.","BENEDETTI FINANCIAL, INC."
iapd,iapd_state_compilation,134797,TX,APPROVED,2026-01-09,LEGACY GROUP,"EVANS, MICHAEL WAYNE"
iapd,iapd_state_compilation,134943,TX,APPROVED,2021-01-22,"A SLING & A STONE, INCORPORATED","A SLING & A STONE, INCORPORATED"
iapd,iapd_state_compilation,134969,TX,APPROVED,2010-06-25,CAPITAL MANAGEMENT ADVISORS LP,CAPITAL MANAGEMENT ADVISORS LP
iapd,iapd_state_compilation,135035,TX,APPROVED,2008-01-30,"BAVARIAN WEALTH MANAGEMENT, INC.","BAVARIAN WEALTH MANAGEMENT, INC."
iapd,iapd_state_compilation,135092,TX,APPROVED,2006-10-05,"ADVANTAGE WEALTH MANAGEMENT, L.L.C.","ADVANTAGE WEALTH MANAGEMENT, L.L.C."
iapd,iapd_state_compilation,135185,TX,APPROVED,2005-12-20,CARROLL & COMPANY CAPITAL MANAGEMENT,"CARROLL, JONATHAN PITTS"
iapd,iapd_state_compilation,135311,TX,APPROVED,2009-10-19,"MONUMENT RETIREMENT & WEALTH ADVISORY, LLC","MONUMENT RETIREMENT & WEALTH ADVISORY, LLC"
iapd,iapd_state_compilation,135325,TX,APPROVED,2012-03-30,"P38 ENTERPRISES, INC.","P38 ENTERPRISES, INC."
iapd,iapd_state_compilation,135698,TX,APPROVED,2005-07-07,"WINDWARD PARTNERS, L.L.C.","WINDWARD PARTNERS, L.L.C."
iapd,iapd_state_compilation,135896,TX,APPROVED,2005-08-31,NEWMYER WEALTH MANAGEMENT,STEVEN KENT NEWMYER
iapd,iapd_state_compilation,136091,TX,APPROVED,2006-03-02,"JLJ CAPITAL MANAGEMENT, LLC","JLJ CAPITAL MANAGEMENT, LLC"
iapd,iapd_state_compilation,136194,TX,APPROVED,2023-12-20,PLAYBOOK ADVISERS LLC,PLAYBOOK ADVISERS LLC
iapd,iapd_state_compilation,136411,TX,APPROVED,2005-09-08,"RMH CAPITAL ADVISORS, LLC","RMH CAPITAL ADVISORS, LLC"
iapd,iapd_state_compilation,136465,TX,APPROVED,2008-05-20,"FRONTIER FINANCIAL PARTNERS, LLC","FRONTIER FINANCIAL PARTNERS, LLC"
iapd,iapd_state_compilation,136594,TX,APPROVED,2006-03-07,"MCHENRY CAPITAL, L.L.C.","MCHENRY CAPITAL, L.L.C."
iapd,iapd_state_compilation,137001,TX,APPROVED,2011-12-07,"VIRJI INVESTMENTS, INC.","VIRJI INVESTMENTS, INC."
iapd,iapd_state_compilation,137067,TX,APPROVED,2005-10-03,STEPHANIE E. DOYLE INVESTMENT MANAGEMENT,"DOYLE, STEPHANIE ELIZABETH"
iapd,iapd_state_compilation,137073,TX,APPROVED,2009-03-17,TCP INVESTMENTS LLC,TCP INVESTMENTS LLC
iapd,iapd_state_compilation,137095,TX,APPROVED,2007-09-14,EDDLEMAN & EDDLEMAN INC,ARCHETYPE INVESTMENT ADVISORS INC
iapd,iapd_state_compilation,137124,TX,APPROVED,2006-01-01,MILLENNIUM PORTFOLIO ADVISORS,"DEVOE, TED, ROBERT"
iapd,iapd_state_compilation,137151,TX,APPROVED,2025-10-30,"ELLIJA CAPITAL MANAGEMENT, LLC","ELLIJA CAPITAL MANAGEMENT, LLC"
iapd,iapd_state_compilation,137255,TX,APPROVED,2013-01-02,BLUE DOCK CAPITAL LLC,BLUE DOCK CAPITAL LLC
iapd,iapd_state_compilation,137307,TX,APPROVED,2015-01-06,MAXOUT SAVINGS ADVISORS LLC,MAXOUT SAVINGS ADVISORS LLC
iapd,iapd_state_compilation,137366,TX,APPROVED,2006-01-01,"QUALITY WEALTH CARE, LLC.","QUALITY WEALTH CARE, LLC."
iapd,iapd_state_compilation,137652,TX,APPROVED,2012-06-19,CATAMOUNT CAPITAL LLC,CATAMOUNT CAPITAL LLC
iapd,iapd_state_compilation,137712,TX,APPROVED,2012-06-05,"CORNERSTONE ASSET MANAGEMENT SERVICES, INC.","CORNERSTONE ASSET MANAGEMENT SERVICES, INC."
iapd,iapd_state_compilation,137846,TX,APPROVED,2012-10-09,BISONWOOD FINANCIAL MANAGEMENT,"BISONWOOD INVESTMENTS, INC."
iapd,iapd_state_compilation,138312,TX,APPROVED,2010-06-01,"SWEENEY ASSET MANAGEMENT, LLC","SWEENEY ASSET MANAGEMENT, LLC"
iapd,iapd_state_compilation,138400,TX,APPROVED,2021-06-21,"PELION INVESTMENT ADVISORS, INC.","PELION INVESTMENT ADVISORS, INC."
iapd,iapd_state_compilation,139136,TX,APPROVED,2006-03-21,THE JACOBS FINANCIAL GROUP,"JACOBS, RICHARD CYRIL"
iapd,iapd_state_compilation,139154,TX,APPROVED,2006-02-28,"SUEING INVESTMENTS, LLC","SUEING INVESTMENTS, LLC"
iapd,iapd_state_compilation,139403,TX,APPROVED,2006-05-30,GFN CAPITAL MANAGEMENT,"GLAZER CAPITAL MANAGEMENT, LLC"
iapd,iapd_state_compilation,139552,TX,APPROVED,2008-01-24,SGMG ENTERPRISE LLC,SGMG ENTERPRISE LLC
iapd,iapd_state_compilation,139722,TX,APPROVED,2018-01-29,KEVIN CLARIDAY INVESTMENT ADVISOR,KEVIN PATRICK CLARIDAY
iapd,iapd_state_compilation,139792,TX,APPROVED,2013-04-10,7TH HARVEST INVESTMENTS,7TH HARVEST INVESTMENTS
iapd,iapd_state_compilation,140120,TX,APPROVED,2023-08-16,"CAPITAL STRATEGIES GROUP, LLC","CAPITAL STRATEGIES GROUP, LLC"
iapd,iapd_state_compilation,140180,TX,APPROVED,2009-05-14,SOLARIS PRIVATE WEALTH MANAGEMENT,"SOLARIS, LLC"
iapd,iapd_state_compilation,140181,TX,APPROVED,2021-05-24,"POTTLE FINANCIAL SERVICES, INC","POTTLE FINANCIAL SERVICES, INC"
iapd,iapd_state_compilation,140247,TX,APPROVED,2008-08-27,DRACH ADVISORS LLC,DRACH ADVISORS LLC
iapd,iapd_state_compilation,140332,TX,APPROVED,2012-07-24,SUNSAGE CAPITAL MANAGEMENT,"SUNSAGE CAPITAL, LLC"
iapd,iapd_state_compilation,140379,TX,APPROVED,2018-03-14,CORNERSTONE SECURITIES LLC,CORNERSTONE SECURITIES LLC
iapd,iapd_state_compilation,140420,TX,APPROVED,2006-06-28,JOHN WESSLER & ASSOCIATES,"TEXAS DENTAL PROGRAMS, INC."
iapd,iapd_state_compilation,140739,TX,APPROVED,2021-10-27,"INVESTMENT STRATEGIES, LLC","INVESTMENT STRATEGIES, LLC"
iapd,iapd_state_compilation,140919,TX,APPROVED,2007-02-16,"BARNETT CAPITAL MANAGEMENT, LLC","BARNETT CAPITAL MANAGEMENT, LLC"
iapd,iapd_state_compilation,140982,TX,APPROVED,2010-09-24,"SYNERGY CAPITAL ADVISORS, LLC","SYNERGY CAPITAL ADVISORS, LLC"
iapd,iapd_state_compilation,141173,TX,APPROVED,2012-06-05,"WALTER J. REYNA, INC.","WALTER J. REYNA, INC."
iapd,iapd_state_compilation,141219,TX,APPROVED,2007-01-01,RUBICON INVESTMENT MANAGEMENT & ANALYTICS,"RUBICON WEALTH ADVISORS, LLC"
iapd,iapd_state_compilation,141275,TX,APPROVED,2007-05-24,NOTARO WEALTH ADVISORY,VECTOR ASSET MANAGEMENT LLC
iapd,iapd_state_compilation,141350,TX,APPROVED,2006-12-14,"JOHNSON, JASON L.","JOHNSON, JASON LAURENCE"
iapd,iapd_state_compilation,141456,TX,APPROVED,2009-11-09,"MARIAN FINANCIAL SERVICES, INC.","MARIAN FINANCIAL SERVICES, INC."
iapd,iapd_state_compilation,141533,TX,APPROVED,2016-06-28,"BROKAW RICE INVESTMENT ADVISORS, INCORPORATED","BROKAW RICE INVESTMENT ADVISORS, INCORPORATED"
iapd,iapd_state_compilation,141693,TX,APPROVED,2006-09-05,FREEMAN GLOBAL INVESTMENT COUNSEL,"CROSS CONSULTING AND SERVICES, LLC"
iapd,iapd_state_compilation,141807,TX,APPROVED,2006-10-10,"CADENCE FINANCIAL ADVISORS, LLC","CADENCE FINANCIAL ADVISORS, LLC"
iapd,iapd_state_compilation,141826,TX,APPROVED,2006-10-16,DONALD W. TRAYLOR,DONALD WINSTON TRAYLOR
iapd,iapd_state_compilation,141887,TX,APPROVED,2007-06-19,"MARK L. WESTERMAN, CPA","WESTERMAN, MARK LEE"
iapd,iapd_state_compilation,142132,TX,APPROVED,2025-01-09,MCKEEL CAPITAL MANAGEMENT,"THE MCKEEL COMPANY, LLC"
iapd,iapd_state_compilation,142207,TX,APPROVED,2006-12-07,BEACON BAY ASSET MANAGEMENT LLC,BEACON BAY ASSET MANAGEMENT LLC
iapd,iapd_state_compilation,142312,TX,APPROVED,2007-01-03,TURTLE CREEK WEALTHCARE,"TURTLE CREEK WEALTHCARE, INC."
iapd,iapd_state_compilation,142335,TX,APPROVED,2007-01-29,"ROYAL PALM INVESTMENT ADVISORS, INC","ROYAL PALM INVESTMENT ADVISORS, INC"
iapd,iapd_state_compilation,142363,TX,APPROVED,2011-09-27,BULLE ROCK,BULLE ROCK CAPITAL LP
iapd,iapd_state_compilation,142428,TX,APPROVED,2011-01-13,"RETIREMENT RESOURCES WEALTH MANAGEMENT, LP","RETIREMENT RESOURCES WEALTH MANAGEMENT, LP"
iapd,iapd_state_compilation,142438,TX,APPROVED,2007-01-01,"TRISPERITY ADVISORS, LLC","TRISPERITY ADVISORS, LLC"
iapd,iapd_state_compilation,142599,TX,APPROVED,2012-06-15,"A-V CAPITAL MANAGEMENT, LLC","A-V CAPITAL MANAGEMENT, LLC"
iapd,iapd_state_compilation,142606,TX,APPROVED,2017-01-05,"CUMBIE ADVISORY SERVICES, INC","CUMBIE ADVISORY SERVICES, INC"
iapd,iapd_state_compilation,142809,TX,APPROVED,2007-03-27,"FORTRESS ESTATE SOLUTIONS, PLLC","FORTRESS ESTATE SOLUTIONS, PLLC"
iapd,iapd_state_compilation,142899,TX,APPROVED,2010-02-12,GENEVA FINANCIAL GROUP LLC,GENEVA FINANCIAL GROUP LLC
iapd,iapd_state_compilation,142929,TX,APPROVED,2022-01-24,"ASSET LIFT WEALTH MANAGEMENT, LLC","ASSET LIFT WEALTH MANAGEMENT, LLC"
iapd,iapd_state_compilation,142938,TX,APPROVED,2021-11-17,"VINCOSE CAPITAL MANAGEMENT, LLC","VINCOSE CAPITAL MANAGEMENT, LLC"
iapd,iapd_state_compilation,143179,TX,APPROVED,2012-01-01,"MCMILLAN CAPITAL MANAGEMENT, LLC","MCMILLAN CAPITAL MANAGEMENT, LLC"
iapd,iapd_state_compilation,143201,TX,APPROVED,2017-01-24,BOYNTON FINANCIAL LLC,"BOYNTON FINANCIAL, LLC"
iapd,iapd_state_compilation,143223,TX,APPROVED,2012-05-18,"MCBEE ADVISORS, INC.","MCBEE ADVISORS, INC."
iapd,iapd_state_compilation,143266,TX,APPROVED,2007-05-31,"THE VIABLE GROUP, INC.","THE VIABLE GROUP, INC."
iapd,iapd_state_compilation,143656,TX,APPROVED,2011-09-26,PRO:ACT CAPITAL MANAGEMENT,PRO:ACT CAPITAL MANAGEMENT LLC
iapd,iapd_state_compilation,143813,TX,APPROVED,2009-02-20,EZ FINANCIAL GROUP INC.,EZ WEALTH GROUP INC.
iapd,iapd_state_compilation,144035,TX,APPROVED,2007-08-09,"HENDERSON CAPITAL & WEALTH MANAGEMENT, LLC","HENDERSON CAPITAL & WEALTH MANAGEMENT, LLC"
iapd,iapd_state_compilation,144062,TX,APPROVED,2007-05-31,MILLER PREMIER INVESTMENT PLANNING LLC,MILLER PREMIER INVESTMENT PLANNING LLC
iapd,iapd_state_compilation,144108,TX,APPROVED,2008-02-25,"WSA AFFILIATES, LLC","WSA AFFILIATES, LLC"
iapd,iapd_state_compilation,144118,TX,APPROVED,2007-08-13,TRUEPATH FINANCIAL PLANNING,TRUEPATH FINANCIAL PLANNING LLC
iapd,iapd_state_compilation,144135,TX,APPROVED,2018-01-02,"BLOCH PRIVATE WEALTH, LLC","BLOCH PRIVATE WEALTH, LLC"
iapd,iapd_state_compilation,144137,TX,APPROVED,2007-05-31,ARCON WEALTH MANAGEMENT,"ARCON WEALTH MANAGEMENT, LLC"
iapd,iapd_state_compilation,144164,TX,APPROVED,2007-09-04,"SPECTRUM WEALTH MANAGEMENT, LLC","SPECTRUM WEALTH MANAGEMENT, LLC"
iapd,iapd_state_compilation,144203,TX,APPROVED,2017-03-10,"FB ADVISORY SERVICES, LLC","FB ADVISORY SERVICES, LLC"
iapd,iapd_state_compilation,144297,TX,APPROVED,2008-01-01,ICON IMPERIAL,"CAMERON COLOGNE FINANCIAL MEDIA AEROSPACE CONGLOMERATE, LLC"
iapd,iapd_state_compilation,144398,TX,APPROVED,2008-12-08,"BUSINESS BLOCKS 101, INC.","BUSINESS BLOCKS 101, INC."
iapd,iapd_state_compilation,144572,TX,APPROVED,2017-05-31,"DAVIS & WEHRLE, LLC","DAVIS & WEHRLE, LLC"
iapd,iapd_state_compilation,144579,TX,APPROVED,2018-09-11,BLUESAIL ADVISORS LLC,BLUESAIL ADVISORS LLC
iapd,iapd_state_compilation,144685,TX,APPROVED,2007-09-25,"HARRISON SECURITIES, INC.","HARRISON SECURITIES, INC."
iapd,iapd_state_compilation,144741,TX,APPROVED,2026-09-17,"GATEWAY FINANCIAL & ESTATE PLANNING, INC.","GATEWAY FINANCIAL & ESTATE PLANNING, INC."
iapd,iapd_state_compilation,144877,TX,APPROVED,2026-01-15,"OAKVIEW CAPITAL MANAGEMENT, L.P.","OAKVIEW CAPITAL MANAGEMENT, L.P."
iapd,iapd_state_compilation,144894,TX,APPROVED,2021-12-14,"DOMO CAPITAL MANAGEMENT, LLC","DOMO CAPITAL MANAGEMENT, LLC"
iapd,iapd_state_compilation,144986,TX,APPROVED,2020-04-24,MUNICAP INC.,MUNICAP INC.
iapd,iapd_state_compilation,145156,TX,APPROVED,2007-10-10,"CAPITAL RETIREMENT PLANNING, LLC","CAPITAL RETIREMENT PLANNING, LLC"
iapd,iapd_state_compilation,145253,TX,APPROVED,2008-01-01,"PREMIER WEALTH MANAGEMENT, LLC","PREMIER WEALTH MANAGEMENT, LLC"
iapd,iapd_state_compilation,145416,TX,APPROVED,2014-11-06,"ATLANTIS INVESTMENT COACHING, LLC","ATLANTIS INVESTMENT COACHING, LLC"
iapd,iapd_state_compilation,145518,TX,APPROVED,2009-07-13,SPINDLETOP COMMONWEALTH ADVISORS LLC,SPINDLETOP COMMONWEALTH ADVISORS LLC
iapd,iapd_state_compilation,145597,TX,APPROVED,2009-08-24,"LAS COLINAS CAPITAL MANAGEMENT, LLC","LAS COLINAS CAPITAL MANAGEMENT, LLC"
iapd,iapd_state_compilation,145776,TX,APPROVED,2008-06-18,DP CAPITAL MANAGEMENT INC.,DP CAPITAL MANAGEMENT INC.
iapd,iapd_state_compilation,145804,TX,APPROVED,2008-01-01,"STEED INVESTMENTS, LLC","STEED INVESTMENTS, LLC"
iapd,iapd_state_compilation,145855,TX,APPROVED,2015-02-06,"CPR FINANCIAL & INSURANCE SERVICES, INC.","CPR FINANCIAL & INSURANCE SERVICES, INC."
iapd,iapd_state_compilation,146157,TX,APPROVED,2008-02-20,"SZAFRAN CAPITAL MANAGEMENT, LLC","SZAFRAN CAPITAL MANAGEMENT, LLC"
iapd,iapd_state_compilation,146210,TX,APPROVED,2008-02-01,"KMF INVESTMENTS MANAGEMENT, LLC","KMF INVESTMENTS MANAGEMENT, LLC"
iapd,iapd_state_compilation,146379,TX,APPROVED,2008-02-11,"FLB CAPITAL MANAGEMENT, LLC","FLB CAPITAL MANAGEMENT, LLC"
iapd,iapd_state_compilation,146590,TX,APPROVED,2008-03-14,"ESTES FINANCIAL SERVICES, INC.","ESTES FINANCIAL SERVICES, INC."
iapd,iapd_state_compilation,146611,TX,APPROVED,2008-08-07,"STRUCTURED WEALTH MANAGEMENT, INC.","STRUCTURED WEALTH MANAGEMENT, INC."
iapd,iapd_state_compilation,146678,TX,APPROVED,2019-08-01,"HEGARTY INVESTMENT LOGIC, LLC","HEGARTY MARKET LOGIC, LLC"
iapd,iapd_state_compilation,146965,TX,APPROVED,2012-08-24,"WEALTH RESCUE STRATEGIES, INC.","WEALTH RESCUE STRATEGIES, INC."
iapd,iapd_state_compilation,146997,TX,APPROVED,2008-05-06,PCK INVESTMENTS,TERRY LYNN ROBERTS
iapd,iapd_state_compilation,147038,TX,APPROVED,2021-06-08,"RONALD A. BARTLETT & ASSOCIATES, LTD","RONALD A. BARTLETT & ASSOCIATES, LTD"
iapd,iapd_state_compilation,147118,TX,APPROVED,2008-07-21,"LUKE FINANCIAL COMPANY, LLC","LUKE FINANCIAL COMPANY, LLC"
iapd,iapd_state_compilation,147260,TX,APPROVED,2021-09-20,"FINANCIAL COMPASS INVESTMENT SERVICES, INC","FINANCIAL COMPASS INVESTMENT SERVICES, INC"
iapd,iapd_state_compilation,147261,TX,APPROVED,2008-10-23,HUMAN FINANCIAL,"HUMAN FINANCIAL, LLC"
iapd,iapd_state_compilation,147390,TX,APPROVED,2019-01-15,"ALPHA ALTERNATIVE INVESTMENTS, LLC","ALPHA ALTERNATIVE INVESTMENTS, LLC"
iapd,iapd_state_compilation,147418,TX,APPROVED,2023-09-25,"SIRIUS WEALTH MANAGEMENT STRATEGIES, LLC","SIRIUS WEALTH MANAGEMENT STRATEGIES, LLC"
iapd,iapd_state_compilation,147504,TX,APPROVED,2008-07-28,"DBG CAPITAL ADVISORS, LLC","DBG CAPITAL ADVISORS, LLC"
iapd,iapd_state_compilation,147750,TX,APPROVED,2008-10-07,"BRAGG COMER FINANCIAL ADVISORS, LLC","BRAGG COMER FINANCIAL ADVISORS, LLC"
iapd,iapd_state_compilation,147803,TX,APPROVED,2009-03-09,THE HELIX FINANCIAL GROUP,"THE HELIX FINANCIAL GROUP, LLC"
iapd,iapd_state_compilation,147993,TX,APPROVED,2008-08-18,"PRESLEY CAPITAL MANAGEMENT, LLC","PRESLEY CAPITAL MANAGEMENT, LLC"
iapd,iapd_state_compilation,148158,TX,APPROVED,2009-08-07,"NORTH SOUTH CAPITAL, LLC","NORTH SOUTH CAPITAL, LLC"
iapd,iapd_state_compilation,148362,TX,APPROVED,2009-07-31,GEMINI ESTATE PLAN LLC,GEMINI ESTATE PLAN LLC
iapd,iapd_state_compilation,148409,TX,APPROVED,2012-06-08,"MAC ADAMS WEALTH ADVISORS, LLC","MAC ADAMS WEALTH ADVISORS, LLC"
iapd,iapd_state_compilation,148513,TX,APPROVED,2009-07-13,COLEMAN INVESTMENT COUNSEL,INVESTMENT COSTS MATTER LLC
iapd,iapd_state_compilation,148587,TX,APPROVED,2008-10-29,"HAMRICK FINANCIAL, LLC","HAMRICK FINANCIAL, LLC"
iapd,iapd_state_compilation,148654,TX,APPROVED,2010-04-21,BOLGIANO CAPITAL MANAGEMENT,BOLGIANO FINANCIAL LLC
iapd,iapd_state_compilation,148733,TX,APPROVED,2016-10-26,CAPITAL SYNERGY PARTNERS,"CAPITAL SYNERGY PARTNERS, INC."
iapd,iapd_state_compilation,148787,TX,APPROVED,2009-01-27,"LEADING EDGE WEALTH MANAGEMENT, LLC","LEADING EDGE WEALTH MANAGEMENT, LLC"
iapd,iapd_state_compilation,148810,TX,APPROVED,2009-01-01,"B & V ADVISORS, LLC","B & V ADVISORS, LLC"
iapd,iapd_state_compilation,148850,TX,APPROVED,2010-06-07,"HMP CAPITAL MANAGEMENT, LLC","HMP CAPITAL MANAGEMENT, LLC"
iapd,iapd_state_compilation,149143,TX,APPROVED,2009-01-30,"HILLCREST HOLDINGS, LLC","HILLCREST HOLDINGS, LLC"
iapd,iapd_state_compilation,149176,TX,APPROVED,2009-03-18,GRAND ARBOR ADVISORS,"BARNETT, DAVID WAYNE"
iapd,iapd_state_compilation,149240,TX,APPROVED,2009-03-24,PARKHURST CONSULTING CPA PC,PARKHURST CONSULTING CPA PC
iapd,iapd_state_compilation,149266,TX,APPROVED,2013-04-01,SCHUTT CAPITAL MANAGEMENT LLC,SCHUTT CAPITAL MANAGEMENT LLC
iapd,iapd_state_compilation,149388,TX,APPROVED,2020-01-02,"QVG, LLC","QVG, LLC"
iapd,iapd_state_compilation,149561,TX,APPROVED,2012-08-13,"HOLBROOK MANAGEMENT, LLC","HOLBROOK MANAGEMENT, LLC"
iapd,iapd_state_compilation,149602,TX,APPROVED,2019-01-09,"OPTIMAL WEALTH ADVISORS, LLC","OPTIMAL WEALTH ADVISORS, LLC"
iapd,iapd_state_compilation,149610,TX,APPROVED,2009-04-03,MAIN STREET ASSET MANAGMENT,"MSHC, LLC"
iapd,iapd_state_compilation,149760,TX,APPROVED,2023-06-12,"TRI-STAR ADVISORS, INC.",TRI-STAR ADVISORS INC.
iapd,iapd_state_compilation,149796,TX,APPROVED,2021-07-27,"NOBLE ADVISORS, LLC","NOBLE ADVISORS, LLC"
iapd,iapd_state_compilation,149856,TX,APPROVED,2009-08-13,GUARDIAN CAPITAL GROUP LLC,GUARDIAN CAPITAL GROUP LLC
iapd,iapd_state_compilation,149871,TX,APPROVED,2022-11-22,"MCBRYAR ADVISORY SERVICES, INC.","MCBRYAR ADVISORY SERVICES, INC."
iapd,iapd_state_compilation,149934,TX,APPROVED,2021-08-11,"CIGX, LLC","CIGX, LLC"
iapd,iapd_state_compilation,150009,TX,APPROVED,2009-05-26,"STERLING GROWTH INVESTMENTS, LLC","STERLING GROWTH INVESTMENTS, LLC"
iapd,iapd_state_compilation,150034,TX,APPROVED,2012-10-03,"SPRINGWATER ADVISORS, LLC","SPRINGWATER ADVISORS, LLC"
iapd,iapd_state_compilation,150076,TX,APPROVED,2009-08-26,CROSSWELL FAMILY WEALTH ADVISORS,"CROSSWELL ADVISORS, LLC"
iapd,iapd_state_compilation,150102,TX,APPROVED,2023-02-17,"BOON INVESTMENT GROUP, INC.","BOON INVESTMENT GROUP, INC."
iapd,iapd_state_compilation,150197,TX,APPROVED,2019-09-06,"REGENT WEALTH MANAGEMENT, INC.","REGENT WEALTH MANAGEMENT, INC."
iapd,iapd_state_compilation,150278,TX,APPROVED,2025-02-14,DEVIL MOUNTAIN INVESTMENT MANAGEMENT,DEVIL MOUNTAIN INVESTMENT MANAGEMENT
iapd,iapd_state_compilation,150356,TX,APPROVED,2023-06-08,"MUCH WEALTH MANAGEMENT, INC.","MUCH WEALTH MANAGEMENT, INC."
iapd,iapd_state_compilation,150498,TX,APPROVED,2017-02-17,"ROBERT W. COLBY ASSET MANAGEMENT, INC.","ROBERT W. COLBY ASSET MANAGEMENT, INC."
iapd,iapd_state_compilation,150648,TX,APPROVED,2009-11-04,"PALMETTO WEALTH MANAGEMENT, LLC","PALMETTO WEALTH MANAGEMENT, LLC"
iapd,iapd_state_compilation,150666,TX,APPROVED,2009-08-14,"LAKES WEALTH ADVISORY, LLC","LAKES WEALTH ADVISORY, LLC"
iapd,iapd_state_compilation,150717,TX,APPROVED,2014-06-24,DPCM,DECADE PERSPECTIVE CAPITAL MANAGEMENT LLC
iapd,iapd_state_compilation,150742,TX,APPROVED,2009-10-06,"FRESHFIELD CAPITAL, LLC","FRESHFIELD CAPITAL, LLC"
iapd,iapd_state_compilation,150865,TX,APPROVED,2009-07-30,SHADE TREE PARTNERS LLC,SHADE TREE PARTNERS LLC
iapd,iapd_state_compilation,150908,TX,APPROVED,2009-08-24,"PERRY INVESTMENT MANAGEMENT, LLC","PERRY INVESTMENT MANAGEMENT, LLC"
iapd,iapd_state_compilation,151051,TX,APPROVED,2025-06-10,"TRINITY FINANCIAL SERVICES, INC.","APPLIED BENEFIT STRATEGIES, INC."
iapd,iapd_state_compilation,151204,TX,APPROVED,2010-06-28,LORINTINE CAPITAL,"LORINTINE CAPITAL, LP"
iapd,iapd_state_compilation,151339,TX,APPROVED,2009-10-12,CLARK FINANCIAL LLC,CLARK FINANCIAL LLC
iapd,iapd_state_compilation,151350,TX,APPROVED,2019-04-08,"MNM VESTED, LLC","MNM VESTED, LLC"
iapd,iapd_state_compilation,151473,TX,APPROVED,2021-01-21,TRELLISENT INVESTMENTS,TRELLISENT INVESTMENTS
iapd,iapd_state_compilation,151596,TX,APPROVED,2020-10-07,WIGGIN FINANCIAL SERVICES,"WIGGIN FINANCIAL PLANNING , P.A."
iapd,iapd_state_compilation,151669,TX,APPROVED,2010-11-04,"L & M WEALTH MANAGEMENT AND RETIREMENT SOLUTIONS, LLC","L & M WEALTH MANAGEMENT AND RETIREMENT SOLUTIONS, LLC"
iapd,iapd_state_compilation,151777,TX,APPROVED,2010-03-30,"GLOBAL MARKET RAIDERS, LLC.","GLOBAL MARKET RAIDERS, LLC."
iapd,iapd_state_compilation,151846,TX,APPROVED,2020-06-12,FUHRMANN CAPITAL,FUHRMANN CAPITAL LLC
iapd,iapd_state_compilation,151881,TX,APPROVED,2012-06-05,"CONTINUUM FINANCIAL, LLC","CONTINUUM FINANCIAL, LLC"
iapd,iapd_state_compilation,151938,TX,APPROVED,2011-08-11,SIRE LINE CAPITAL MANAGEMENT LLC,SIRE LINE CAPITAL MANAGEMENT LLC
iapd,iapd_state_compilation,152102,TX,APPROVED,2010-03-05,CRC CAPITAL LLC,CRC CAPITAL LLC
iapd,iapd_state_compilation,152210,TX,APPROVED,2010-01-25,"CANTU TACTICAL WEALTH MANAGEMENT, INC.","CANTU TACTICAL WEALTH MANAGEMENT, INC."
iapd,iapd_state_compilation,152246,TX,APPROVED,2010-01-15,3T ADVISORS LLC,3T ADVISORS LLC
iapd,iapd_state_compilation,152438,TX,APPROVED,2010-01-01,"BELLAIRE CAPITAL MANAGEMENT, LLC","BELLAIRE CAPITAL MANAGEMENT, LLC"
iapd,iapd_state_compilation,152579,TX,APPROVED,2010-06-18,"VESTIS ADVISORS, LLC","VESTIS ADVISORS, LLC"
iapd,iapd_state_compilation,152692,TX,APPROVED,2017-01-27,VISIONARY WEALTH MANAGEMENT LLC,VISIONARY WEALTH MANAGEMENT LLC
iapd,iapd_state_compilation,152806,TX,APPROVED,2010-11-03,"ROCKHOUSE CAPITAL, LLC","ROCKHOUSE CAPITAL, LLC"
iapd,iapd_state_compilation,152817,TX,APPROVED,2010-05-28,BIRD DOG TRADING CORPORATION,BIRD DOG TRADING CORPORATION
iapd,iapd_state_compilation,152960,TX,APPROVED,2015-04-17,"MVM ADVISORS, LLC","MVM ADVISORS, LLC"
iapd,iapd_state_compilation,153030,TX,APPROVED,2010-04-14,PERFORMANCE INVESTMENT GROUP,"PERFORMANCE ADVISORS, LLC"
iapd,iapd_state_compilation,153038,TX,APPROVED,2018-12-18,"LCR FINANCIAL GROUP, LLC","LCR FINANCIAL GROUP, LLC"
iapd,iapd_state_compilation,153175,TX,APPROVED,2024-07-19,"TRIUMPH WEALTH ADVISORS, INC.","TRIUMPH WEALTH ADVISORS, INC."
iapd,iapd_state_compilation,153185,TX,APPROVED,2014-07-24,FIRMO INVESTMENT CONSULTING SERVICES,"JIMENEZ, JAVIER RIVERA"
iapd,iapd_state_compilation,153244,TX,APPROVED,2010-06-22,"ITHAKA FINANCIAL PLANNING, LLC","ITHAKA FINANCIAL PLANNING, LLC"
iapd,iapd_state_compilation,153249,TX,APPROVED,2024-03-14,IN TOUCH FINANCIAL SERVICES,IN TOUCH FINANCIAL SERVICES
iapd,iapd_state_compilation,153357,TX,APPROVED,2012-02-17,SENSUS WEALTH MANAGEMENT GROUP LLC,SENSUS WEALTH MANAGEMENT GROUP LLC
iapd,iapd_state_compilation,153391,TX,APPROVED,2010-04-07,"LFS RIA, LLC","LFS RIA, LLC"
iapd,iapd_state_compilation,153404,TX,APPROVED,2010-07-20,"JOURNEY FINANCIAL MANAGEMENT, LLC","JOURNEY FINANCIAL MANAGEMENT, LLC"
iapd,iapd_state_compilation,153420,TX,APPROVED,2012-03-21,"RAINEY ASSET MANAGEMENT, INC.","RAINEY ASSET MANAGEMENT, INC."
iapd,iapd_state_compilation,153427,TX,APPROVED,2010-11-03,CRENSHAW CAPITAL MANAGEMENT,CRENSHAW CAPITAL MANAGEMENT
iapd,iapd_state_compilation,153441,TX,APPROVED,2010-06-28,"GRAF FINANCIAL, L.L.C.","GRAF FINANCIAL, L.L.C."
iapd,iapd_state_compilation,153477,TX,APPROVED,2010-04-27,"ETF STRATEGIES, LLC","ETF STRATEGIES, LLC"
iapd,iapd_state_compilation,153512,TX,APPROVED,2011-02-01,SAGE PORTFOLIO MANAGEMENT LLC,SAGE PORTFOLIO MANAGEMENT LLC
iapd,iapd_state_compilation,153530,TX,APPROVED,2021-08-02,"ARKENSTONE FINANCIAL, LLC","ARKENSTONE FINANCIAL, LLC"
iapd,iapd_state_compilation,153532,TX,APPROVED,2010-06-09,"WYKRENT, DAMON","WYKRENT, DAMON"
iapd,iapd_state_compilation,153607,TX,APPROVED,2012-07-03,AMERIGO ASSET  MANAGEMENT CORPORATION,AMERIGO ASSET  MANAGEMENT CORPORATION
iapd,iapd_state_compilation,153652,TX,APPROVED,2010-06-25,DALLAS MONEY MANAGEMENT LLC,DALLAS MONEY MANAGEMENT LLC
iapd,iapd_state_compilation,153663,TX,APPROVED,2010-09-23,"DJP WEALTH MANAGEMENT, LLC","DJP WEALTH MANAGEMENT, LLC"
iapd,iapd_state_compilation,153898,TX,APPROVED,2012-05-18,"VALENTINE INVESTMENTS, LLC","VALENTINE INVESTMENTS, LLC"
iapd,iapd_state_compilation,153911,TX,APPROVED,2010-08-27,"SILVERBROOK INVESTMENT ADVISORS, INC.","SILVERBROOK INVESTMENT ADVISORS, INC."
iapd,iapd_state_compilation,153927,TX,APPROVED,2010-07-02,JACKSON FINANCIAL SERVICES LLC,JACKSON FINANCIAL SERVICES LLC
iapd,iapd_state_compilation,154019,TX,APPROVED,2011-02-15,"D SQUARED CAPITAL MANAGEMENT, LLC","D SQUARED CAPITAL MANAGEMENT, LLC"
iapd,iapd_state_compilation,154086,TX,APPROVED,2016-01-11,"RYDAR EQUITIES, INC.","RYDAR EQUITIES, INC."
iapd,iapd_state_compilation,154130,TX,APPROVED,2025-07-22,"INNOVATOR WEALTH ADVISOR, LLC","INNOVATOR WEALTH ADVISOR, LLC"
iapd,iapd_state_compilation,154320,TX,APPROVED,2010-11-23,"LINX EQUITIES, LLC","LINX EQUITIES, LLC"
iapd,iapd_state_compilation,154349,TX,APPROVED,2015-05-15,"MINISTRY PARTNERS SECURITIES, LLC","MINISTRY PARTNERS SECURITIES, LLC"
iapd,iapd_state_compilation,154469,TX,APPROVED,2014-02-19,"MISSION FINANCIAL PLANNING, INC.","MISSION FINANCIAL PLANNING, INC."
iapd,iapd_state_compilation,154568,TX,APPROVED,2010-10-27,"VERDE WEALTH GROUP, LLC","VERDE WEALTH GROUP, LLC"
iapd,iapd_state_compilation,154576,TX,APPROVED,2025-12-15,ALTRUVISTA LLC,ALTRUVISTA LLC
iapd,iapd_state_compilation,154738,TX,APPROVED,2011-01-06,"ENSEMBLE FINANCIAL, INC.","ENSEMBLE FINANCIAL, INC."
iapd,iapd_state_compilation,154752,TX,APPROVED,2018-12-03,"SOUND MONEY MANAGEMENT, INC.","SOUND MONEY MANAGEMENT, INC."
iapd,iapd_state_compilation,154793,TX,APPROVED,2010-09-30,"SOUTH TEXAS ADVISORS FOR RETIREES, LLC","SOUTH TEXAS ADVISORS FOR RETIREES, LLC"
iapd,iapd_state_compilation,154906,TX,APPROVED,2016-06-24,"DANIEL FINANCIAL GROUP, INC.","DANIEL FINANCIAL GROUP, INC."
iapd,iapd_state_compilation,154915,TX,APPROVED,2015-01-05,"JDG WEALTH MANAGEMENT GROUP, LLC","JAMIE D. GRANT WEALTH MANAGEMENT  GROUP, LLC"
iapd,iapd_state_compilation,154953,TX,APPROVED,2022-01-07,VERTICAL WEALTH MANAGEMENT,"VERTICAL INVESTMENTS, LLC"
iapd,iapd_state_compilation,154959,TX,APPROVED,2023-03-09,MITCHELL GROUP DELAWARE LLC,MITCHELL GROUP DELAWARE LLC
iapd,iapd_state_compilation,154986,TX,APPROVED,2011-05-04,WORCHESTERSHIRE FINANCIAL,"WORCHESTERSHIRE FINANCIAL, INC."
iapd,iapd_state_compilation,155088,TX,APPROVED,2012-08-29,GREENWOOD INVESTORS LLC,GREENWOOD INVESTORS LLC
iapd,iapd_state_compilation,155229,TX,APPROVED,2018-08-28,"RHM CAPITAL MANAGEMENT, INC.","RHM CAPITAL MANAGEMENT, INC."
iapd,iapd_state_compilation,155240,TX,APPROVED,2011-02-14,CONNOLLY WEALTH MANAGEMENT,"CONNOLLY, SHAWN, LAWRENCE"
iapd,iapd_state_compilation,155377,TX,APPROVED,2013-02-11,POGSON & MATT WEALTH MANAGEMENT GROUP,"POGSON & MATT WEALTH MANAGEMENT GROUP, LLC"
iapd,iapd_state_compilation,155404,TX,APPROVED,2011-03-03,"ALEPH INVESTMENTS, LLC","ALEPH INVESTMENTS, LLC"
iapd,iapd_state_compilation,155428,TX,APPROVED,2013-09-20,"LOGICAL INVESTMENTS, LLC","LOGICAL INVESTMENTS, LLC"
iapd,iapd_state_compilation,155481,TX,APPROVED,2011-05-23,"INVESTMENT STRATEGIES, L.L.C.","INVESTMENT STRATEGIES, L.L.C."
iapd,iapd_state_compilation,155494,TX,APPROVED,2018-10-25,ACI WEALTH ADVISORS,"ACI WEALTH ADVISORS, LLC"
iapd,iapd_state_compilation,155619,TX,APPROVED,2015-06-05,"ADB CAPITAL MANAGEMENT, LLC","ADB CAPITAL MANAGEMENT, LLC"
iapd,iapd_state_compilation,155922,TX,APPROVED,2011-02-25,"ROSMAN ASSET MANAGEMENT, LLC","ROSMAN ASSET MANAGEMENT, LLC"
iapd,iapd_state_compilation,155948,TX,APPROVED,2026-07-22,GOTO FINANCIAL,GOTO FINANCIAL
iapd,iapd_state_compilation,155973,TX,APPROVED,2013-04-29,SIMBA INVESTMENT ADVISORS,"MATHIAS, JULIUS"
iapd,iapd_state_compilation,155995,TX,APPROVED,2011-02-16,"EAST CANYON CAPITAL, LLC","EAST CANYON CAPITAL, LLC"
iapd,iapd_state_compilation,156133,TX,APPROVED,2011-05-09,MOTIWALA CAPITAL,MOTIWALA CAPITAL LLC
iapd,iapd_state_compilation,156144,TX,APPROVED,2019-02-08,"MILTONIAN CAPITAL MANAGEMENT, LLC","MILTONIAN CAPITAL MANAGEMENT, LLC"
iapd,iapd_state_compilation,156160,TX,APPROVED,2017-04-07,"KLOCKE CAPITAL GROUP, LLC","KLOCKE CAPITAL GROUP, LLC"
iapd,iapd_state_compilation,156162,TX,APPROVED,2011-01-24,"UJJVAL INVESTMENTS, LLC","UJJVAL INVESTMENTS, LLC"
iapd,iapd_state_compilation,156193,TX,APPROVED,2011-03-30,BLACKWALL PARTNERS LLC,BLACKWALL PARTNERS LLC
iapd,iapd_state_compilation,156273,TX,APPROVED,2011-06-14,"SABANA CAPITAL MANAGEMENT, LLC","SABANA CAPITAL MANAGEMENT, LLC"
iapd,iapd_state_compilation,156392,TX,APPROVED,2023-03-14,"SOARD FINANCIAL MANAGEMENT, LLC","SOARD FINANCIAL MANAGEMENT, LLC"
iapd,iapd_state_compilation,156416,TX,APPROVED,2011-06-16,"OPCREST INVESTMENT MANAGEMENT, LLC","OPCREST INVESTMENT MANAGEMENT, LLC"
iapd,iapd_state_compilation,156451,TX,APPROVED,2026-03-04,NOVODYN ADVISORS LLC,NOVODYN ADVISORS LLC
iapd,iapd_state_compilation,156465,TX,APPROVED,2011-07-12,"STADTLER CAPITAL MANAGEMENT, LLC","STADTLER CAPITAL MANAGEMENT, LLC"
iapd,iapd_state_compilation,156501,TX,APPROVED,2011-05-16,DARK HORSE  LLC,DARK HORSE LLC
iapd,iapd_state_compilation,156548,TX,APPROVED,2011-06-01,"LIFEPLAN FINANCIAL SERVICES, LP","LIFEPLAN FINANCIAL SERVICES, LP"
iapd,iapd_state_compilation,156554,TX,APPROVED,2023-09-21,"CARRINGTON FINANCIAL PLANNING, LLC","CARRINGTON FINANCIAL PLANNING, LLC"
iapd,iapd_state_compilation,156684,TX,APPROVED,2011-03-21,"DWP INVESTMENT MANAGEMENT, LLC","DWP INVESTMENT MANAGEMENT, LLC"
iapd,iapd_state_compilation,156830,TX,APPROVED,2022-07-25,"ZOR CAPITAL, LLC","ZOR CAPITAL, LLC"
iapd,iapd_state_compilation,157319,TX,APPROVED,2012-09-28,"NIDHI CAPITAL, LLC","NIDHI CAPITAL, LLC"
iapd,iapd_state_compilation,157392,TX,APPROVED,2011-06-15,"PROVIDENT WEALTH ADVISORS, LLC","PROVIDENT WEALTH ADVISORS, LLC"
iapd,iapd_state_compilation,157441,TX,APPROVED,2012-03-05,"GENESIS WEALTH MANAGEMENT, INC.","GENESIS WEALTH MANAGEMENT, INC."
iapd,iapd_state_compilation,157464,TX,APPROVED,2011-06-21,ABBINGTON WELLS LLC.,ABBINGTON WELLS LLC.
iapd,iapd_state_compilation,157546,TX,APPROVED,2011-11-02,INVESTA ASSET MANAGEMENT LLC,INVESTA ASSET MANAGEMENT LLC
iapd,iapd_state_compilation,157583,TX,APPROVED,2011-06-13,GRAY FINANCIAL PLANNING LLC,GRAY FINANCIAL PLANNING LLC
iapd,iapd_state_compilation,157790,TX,APPROVED,2011-10-11,"SA FINANCIAL SOLUTIONS, LLC","SA FINANCIAL SOLUTIONS, LLC"
iapd,iapd_state_compilation,158275,TX,APPROVED,2011-08-10,"LDL CAPITAL MANAGEMENT, LLC","LDL CAPITAL MANAGEMENT, LLC"
iapd,iapd_state_compilation,158289,TX,APPROVED,2016-09-09,"BASKERVILLE CAPITAL MANAGEMENT, LLC","BASKERVILLE CAPITAL MANAGEMENT, LLC"
iapd,iapd_state_compilation,158308,TX,APPROVED,2020-11-23,TRANSPARENT 401K,"TRANSPARENT 401K, LLC"
iapd,iapd_state_compilation,158469,TX,APPROVED,2024-02-02,P&P WEALTH MANAGEMENT LLC,P&P WEALTH MANAGEMENT LLC
iapd,iapd_state_compilation,158536,TX,APPROVED,2021-01-15,"BLUE WATERS ADVISORY GROUP, LLC","BLUE WATERS ADVISORY GROUP, LLC"
iapd,iapd_state_compilation,158589,TX,APPROVED,2021-05-13,VISION WEALTH ADVISORS LLC,DANNY ROBLES VISION WEALTH ADVISORS LLC
iapd,iapd_state_compilation,158601,TX,APPROVED,2011-09-12,PACIFIC GLOBAL ADVISORY GROUP LLC,PACIFIC GLOBAL ADVISORY GROUP LLC
iapd,iapd_state_compilation,158618,TX,APPROVED,2011-11-17,LARSON FINANCIAL ADVISORS,"LARSON FINANCIAL SERVICES, INC."
iapd,iapd_state_compilation,158732,TX,APPROVED,2011-10-21,SAGA FINANCIAL MANAGEMENT,"SAWTELLE, CHARLES SCOTT"
iapd,iapd_state_compilation,158740,TX,APPROVED,2015-02-02,NATALIE M. KASSENYEVA,NATALIE M. KASSENYEVA
iapd,iapd_state_compilation,158980,TX,APPROVED,2012-05-09,"FAITHFUL STEWARD WEALTH MANAGEMENT, INC.","FAITHFUL STEWARD WEALTH MANAGEMENT, INC."
iapd,iapd_state_compilation,158999,TX,APPROVED,2012-11-26,"CENTAURI ADVISORY GROUP, INC.","CENTAURI ADVISORY GROUP, INC."
iapd,iapd_state_compilation,159060,TX,APPROVED,2012-08-14,"HOLLAND INVESTMENT MANAGEMENT, INC.","HOLLAND INVESTMENT MANAGEMENT, INC."
iapd,iapd_state_compilation,159091,TX,APPROVED,2011-10-24,"JONES CAPITAL ADVISORS, LLC","JONES CAPITAL ADVISORS, LLC"
iapd,iapd_state_compilation,159196,TX,APPROVED,2011-12-06,"EDGAR INVESTMENT MANAGEMENT, LLC","EDGAR INVESTMENT MANAGEMENT, LLC"
iapd,iapd_state_compilation,159249,TX,APPROVED,2011-10-28,"RICHARDSON FINANCIAL, INC.","RICHARDSON FINANCIAL, INC."
iapd,iapd_state_compilation,159339,TX,APPROVED,2012-01-01,"WINTEN INVESTMENT PARTNERS, LLC","WINTEN INVESTMENT PARTNERS, LLC"
iapd,iapd_state_compilation,159585,TX,APPROVED,2012-02-28,"APEX WEALTH MANAGEMENT, LLC","APEX WEALTH MANAGEMENT, LLC"
iapd,iapd_state_compilation,159691,TX,APPROVED,2012-03-01,"OAKWOOD ADVISORY GROUP, LLC","OAKWOOD ADVISORY GROUP, LLC"
iapd,iapd_state_compilation,159809,TX,APPROVED,2018-10-18,"LIFETYME FINANCIAL ADVISORS, LLC","LIFETYME FINANCIAL ADVISORS, LLC"
iapd,iapd_state_compilation,159844,TX,APPROVED,2012-01-24,"III FINANCIAL, LLC","III FINANCIAL, LLC"
iapd,iapd_state_compilation,159908,TX,APPROVED,2012-03-07,BLACK DOG FINANCIAL LTD.,BLACK DOG FINANCIAL LTD.
iapd,iapd_state_compilation,159981,TX,APPROVED,2012-04-24,"MCCLURE CAPITAL ADVISORS, INC.","MCCLURE CAPITAL ADVISORS, INC."
iapd,iapd_state_compilation,160031,TX,APPROVED,2012-01-06,"PALERMO WEALTH MANAGEMENT, LLC","PALERMO WEALTH MANAGEMENT, LLC"
iapd,iapd_state_compilation,160051,TX,APPROVED,2012-03-26,MARC C HELFRICH REGISTERED INVESTMENT ADVISOR,"HELFRICH, MARC CHRISTOPHER"
iapd,iapd_state_compilation,160090,TX,APPROVED,2024-02-14,ASSET GROWTH ASSOCIATES WEALTH ADVISORS,"TEXAS REGISTERED FINANCIAL CONSULTANTS, PLLC"
iapd,iapd_state_compilation,160257,TX,APPROVED,2012-03-26,"POST OAK FINANCIAL, LLC","POST OAK FINANCIAL, LLC"
iapd,iapd_state_compilation,160315,TX,APPROVED,2012-02-27,"LIBERTY PARK CAPITAL MANAGEMENT, LLC","LIBERTY PARK CAPITAL MANAGEMENT, LLC"
iapd,iapd_state_compilation,160484,TX,APPROVED,2012-03-08,BURGEON CAPITAL,"BURGEON CAPITAL, LLC"
iapd,iapd_state_compilation,160626,TX,APPROVED,2012-03-26,"VISION RESEARCH, LLC","VISION RESEARCH, LLC"
iapd,iapd_state_compilation,160649,TX,APPROVED,2012-05-15,"ASPEN CREEK WEALTH MANAGEMENT, LLC","ASPEN CREEK WEALTH MANAGEMENT, LLC"
iapd,iapd_state_compilation,160774,TX,APPROVED,2012-07-03,"THALES INVESTMENT SERVICES, INC.","THALES INVESTMENT SERVICES, INC."
iapd,iapd_state_compilation,160840,TX,APPROVED,2012-04-03,"KRAMER INVESTMENT ADVISORS, INC.","KRAMER INVESTMENT ADVISORS, INC."
iapd,iapd_state_compilation,161309,TX,APPROVED,2012-10-26,MDX WEALTH MANAGEMENT,TAMARIND ADVISORS LLC
iapd,iapd_state_compilation,161355,TX,APPROVED,2017-07-25,FREEDOM CAPITAL ADVISORS INC,FREEDOM CAPITAL ADVISORS INC
iapd,iapd_state_compilation,161425,TX,APPROVED,2012-04-12,CORNET CAPITAL LLC,CORNET CAPITAL LLC
iapd,iapd_state_compilation,161842,TX,APPROVED,2026-01-23,"CHT GROUP, INC.","CHT GROUP, INC"
iapd,iapd_state_compilation,161872,TX,APPROVED,2012-04-09,ZIARNICK FINANCIAL LLC,ZIARNICK FINANCIAL LLC
iapd,iapd_state_compilation,162212,TX,APPROVED,2020-03-10,LEMUEL JAMES FINANCIAL,"LEMUEL JAMES FINANCIAL, LLC"
iapd,iapd_state_compilation,162235,TX,APPROVED,2012-04-02,YIELD FINANCIAL ADVISORS,"YIELD FINANCIAL ADVISORS, INC."
iapd,iapd_state_compilation,162306,TX,APPROVED,2012-08-30,"COX & COMPANY INVESTMENT ADVISORS, INC.","COX & COMPANY INVESTMENT ADVISORS, INC."
iapd,iapd_state_compilation,162610,TX,APPROVED,2016-05-20,"QKM, L.L.C.",QKM LIMITED LIABILITY COMPANY
iapd,iapd_state_compilation,162625,TX,APPROVED,2012-06-20,MILESTONE WEALTH STRATEGIES,JAMES F SCOTT INVESTMENTS LLC DBA MILESTONE WEALTH STRATEGIES
iapd,iapd_state_compilation,162827,TX,APPROVED,2012-05-21,"ARCVEST, LLC","ELC ADVISORS, LLC"
iapd,iapd_state_compilation,163187,TX,APPROVED,2022-01-12,BARTON CREEK INVESTMENT ADVISORS,"BARTON CREEK INVESTMENT ADVISORS, LLC"
iapd,iapd_state_compilation,163698,TX,APPROVED,2015-04-15,"DANCOURT MANAGEMENT, LLC","DANCOURT MANAGEMENT, LLC"
iapd,iapd_state_compilation,163720,TX,APPROVED,2012-06-14,BIOS RESEARCH,"BIOS RESEARCH, LLC"
iapd,iapd_state_compilation,163912,TX,APPROVED,2012-09-17,HV CAPITAL ADVISORS LLC,HV CAPITAL ADVISORS LLC
iapd,iapd_state_compilation,164009,TX,APPROVED,2016-11-28,"AFFORDABLE LIFE PLANS, LLC","AFFORDABLE LIFE PLANS, LLC"
iapd,iapd_state_compilation,164030,TX,APPROVED,2012-06-11,AMERINA INTERNATIONAL CAPITAL MANAGEMENT LLC,AMERINA INTERNATIONAL CAPITAL MANAGEMENT LLC
iapd,iapd_state_compilation,164107,TX,APPROVED,2017-12-15,"H.I.T. CAPITAL, LLC","H.I.T. INVESTMENTS, LLC"
iapd,iapd_state_compilation,164111,TX,APPROVED,2026-08-18,AMS OPPORTUNITIES,"AMS CHILDREN'S FUND, LP"
iapd,iapd_state_compilation,164137,TX,APPROVED,2012-07-06,TEXAS CAPITAL MANAGEMENT,CLEMMONS WEALTH MANAGEMENT LLC
iapd,iapd_state_compilation,164184,TX,APPROVED,2012-08-10,JS WEALTH INVESTMENT GROUP,"SHRYACK, JOHN EDWARD"
iapd,iapd_state_compilation,164389,TX,APPROVED,2012-06-08,"THE BROUGHTON INVESTMENT GROUP, INC.","THE BROUGHTON INVESTMENT GROUP, INC."
iapd,iapd_state_compilation,164471,TX,APPROVED,2015-02-04,"BG WEALTH ADVISORY, LLC","BG WEALTH ADVISORY, LLC"
iapd,iapd_state_compilation,164487,TX,APPROVED,2012-10-26,"JERSEY SHORE PORTFOLIO MANAGEMENT,  LLC","JERSEY SHORE PORTFOLIO MANAGEMENT,  LLC"
iapd,iapd_state_compilation,164533,TX,APPROVED,2012-08-30,S2O CAPITAL MANAGEMENT,"S2O CAPITAL MANAGEMENT, INC."
iapd,iapd_state_compilation,164599,TX,APPROVED,2012-07-30,"YORKMONT CAPITAL MANAGEMENT, LLC","YORKMONT CAPITAL MANAGEMENT, LLC"
iapd,iapd_state_compilation,164685,TX,APPROVED,2012-08-15,OAK TREE WEALTH MANAGEMENT,"OAK TREE WEALTH MANAGEMENT, LLC"
iapd,iapd_state_compilation,164691,TX,APPROVED,2012-10-02,JKAY SECURITIES CORPORATION,JKAY SECURITIES CORPORATION
iapd,iapd_state_compilation,164711,TX,APPROVED,2020-03-06,JMAC FINANCIAL PLANNING & INVESTMENT SERVICES PLLC,JMAC FINANCIAL PLANNING & INVESTMENT SERVICES PLLC
iapd,iapd_state_compilation,164953,TX,APPROVED,2022-06-15,"STONEWATER WEALTH MANAGEMENT, INC.","STONEWATER WEALTH MANAGEMENT, INC."
iapd,iapd_state_compilation,164983,TX,APPROVED,2021-05-10,"HURON INVESTMENT MANAGEMENT, INC.","HURON INVESTMENT MANAGEMENT, INC."
iapd,iapd_state_compilation,165126,TX,APPROVED,2015-07-15,POTTER ADVISORS LLC,"THE CARRIE POTTER GROUP, LLC"
iapd,iapd_state_compilation,165376,TX,APPROVED,2013-09-24,SAINT FRANCIS CAPITAL,"SAINT FRANCIS CAPITAL, LLC"
iapd,iapd_state_compilation,165438,TX,APPROVED,2026-02-05,THE OFFICE OF HEATH O. LAUSENG,"LAUSENG, HEATH ORIN"
iapd,iapd_state_compilation,165485,TX,APPROVED,2022-07-18,"MANOR ROAD CAPITAL PARTNERS, LLC","MANOR ROAD CAPITAL PARTNERS, LLC"
iapd,iapd_state_compilation,165533,TX,APPROVED,2019-01-28,"CLSA AMERICAS, LLC","CLSA AMERICAS, LLC"
iapd,iapd_state_compilation,165606,TX,APPROVED,2013-02-14,AVENUE RETIREMENT SERVICES,"AVENUE RETIREMENT SERVICES, LLC"
iapd,iapd_state_compilation,165613,TX,APPROVED,2018-10-02,"GOOD LIFE PRIVATE WEALTH, LLC","GOOD LIFE ASSET STRATEGIES, LLC"
iapd,iapd_state_compilation,165702,TX,APPROVED,2013-10-22,"RETIREMENT MAXIMIZER, INC.","RETIREMENT MAXIMIZER, INC."
iapd,iapd_state_compilation,165774,TX,APPROVED,2013-03-26,"ASCEND WEALTH ADVISORS, LLC","ASCEND WEALTH ADVISORS, LLC"
iapd,iapd_state_compilation,165785,TX,APPROVED,2025-03-17,"WAITS INVESTMENTS, LLC","WAITS INVESTMENTS, LLC"
iapd,iapd_state_compilation,165836,TX,APPROVED,2013-01-02,PROMINENT FINANCIAL PLANNING LLC,PROMINENT FINANCIAL PLANNING LLC
iapd,iapd_state_compilation,165884,TX,APPROVED,2013-01-03,"PARK CAPITAL GROUP, INC.","PARK CAPITAL GROUP, INC."
iapd,iapd_state_compilation,165910,TX,APPROVED,2012-11-08,"WESTMONT CAPITAL ADVISORS, LLC","WESTMONT CAPITAL ADVISORS, LLC"
iapd,iapd_state_compilation,165949,TX,APPROVED,2012-12-05,"TRINSIC CAPITAL, LLC","TRINSIC CAPITAL, LLC"
iapd,iapd_state_compilation,165950,TX,APPROVED,2013-12-13,3RD STREET CAPITAL MANAGEMENT L.L.C.,3RD STREET CAPITAL MANAGEMENT L.L.C.
iapd,iapd_state_compilation,166051,TX,APPROVED,2013-01-02,R1 FINANCIAL GROUP,"R1 INVESTMENT MANAGEMENT, LLC"
iapd,iapd_state_compilation,166218,TX,APPROVED,2013-01-10,ALPHAGLIDER LLC,ALPHAGLIDER LLC
iapd,iapd_state_compilation,166255,TX,APPROVED,2015-03-27,"TRANE CAPITAL, LLC","TRANE CAPITAL, LLC"
iapd,iapd_state_compilation,166392,TX,APPROVED,2014-04-23,SIGNAL RESEARCH GROUP LLC,SIGNAL RESEARCH GROUP LLC
iapd,iapd_state_compilation,166398,TX,APPROVED,2013-01-14,STEPHEN F. HILL AND ASSOCIATES L.L.C.,STEPHEN F. HILL AND ASSOCIATES L.L.C.
iapd,iapd_state_compilation,166414,TX,APPROVED,2013-01-15,"CYPRESS WEALTH ADVISORS, LLC","CYPRESS WEALTH ADVISORS, LLC"
iapd,iapd_state_compilation,166442,TX,APPROVED,2019-01-03,"BARAC CAPITAL MANAGEMENT, LLC","BARAC CAPITAL MANAGEMENT, LLC"
iapd,iapd_state_compilation,166444,TX,APPROVED,2013-07-03,MONARCH ASSET MANAGEMENT LLC,MONARCH ASSET MANAGEMENT LLC
iapd,iapd_state_compilation,166470,TX,APPROVED,2020-11-04,TRENDSCAST FINANCIAL LLC,TRENDSCAST FINANCIAL LLC
iapd,iapd_state_compilation,166501,TX,APPROVED,2013-02-14,"FIDUCIARY WEALTH MANAGEMENT, LLC.","FIDUCIARY WEALTH MANAGEMENT, LLC."
iapd,iapd_state_compilation,166522,TX,APPROVED,2013-10-18,"MASTODON CAPITAL MANAGEMENT, LLC","MASTODON CAPITAL MANAGEMENT, LLC"
iapd,iapd_state_compilation,166538,TX,APPROVED,2013-06-04,"TOTAL ALIGNMENT WEALTH ADVISORS, LLC","TOTAL ALIGNMENT WEALTH ADVISORS, LLC"
iapd,iapd_state_compilation,166621,TX,APPROVED,2013-06-10,"MILES WEALTH MANAGEMENT, L.L.C.","MILES WEALTH MANAGEMENT, L.L.C."
iapd,iapd_state_compilation,166650,TX,APPROVED,2013-04-24,"SCOTT AND ASSOCIATES OF TEXAS, INC.","SCOTT AND ASSOCIATES OF TEXAS, INC."
iapd,iapd_state_compilation,166667,TX,APPROVED,2013-01-25,UNIPLAN FINANCIAL INVESTMENTS INC.,UNIPLAN FINANCIAL INVESTMENTS INC.
iapd,iapd_state_compilation,166774,TX,APPROVED,2013-04-12,OPPOQUEST,"OPPOQUEST, LLC"
iapd,iapd_state_compilation,166831,TX,APPROVED,2013-03-29,"LEGACY SPRINGS ADVISORS, LLC","LEGACY SPRINGS ADVISORS, LLC"
iapd,iapd_state_compilation,166837,TX,APPROVED,2023-06-21,CLEMENSEN CAPITAL COMPANY LLC,CLEMENSEN CAPITAL COMPANY LLC
iapd,iapd_state_compilation,166920,TX,APPROVED,2013-04-01,"WISEOWL CAPITAL, LLC","WISEOWL CAPITAL, LLC"
iapd,iapd_state_compilation,166933,TX,APPROVED,2013-03-04,KONNECT HEALTH AND WEALTH,KONNECT HEALTH AND WEALTH LLC
iapd,iapd_state_compilation,167008,TX,APPROVED,2013-04-09,ENLOE FINANCIAL ADVISORY LLC,ENLOE FINANCIAL ADVISORY LLC
iapd,iapd_state_compilation,167136,TX,APPROVED,2013-06-21,SOUTHER CAPITAL MANAGEMENT L.L.C.,SOUTHER CAPITAL MANAGEMENT L.L.C.
iapd,iapd_state_compilation,167309,TX,APPROVED,2013-06-20,"BG FINANCIAL ADVISORS, LLC","BG FINANCIAL ADVISORS, LLC"
iapd,iapd_state_compilation,167367,TX,APPROVED,2013-05-07,"WILLIAM B. LARSON, CPA, LLC","WILLIAM B. LARSON, CPA, LLC"
iapd,iapd_state_compilation,167437,TX,APPROVED,2013-06-04,"KMC WEALTH MANAGEMENT, LLC","KMC WEALTH MANAGEMENT, LLC"
iapd,iapd_state_compilation,167464,TX,APPROVED,2013-05-16,"FINANCIAL SECURITY SERVICES GROUP, INC.","FINANCIAL SECURITY SERVICES GROUP, INC."
iapd,iapd_state_compilation,167656,TX,APPROVED,2014-04-03,GEN Y PLANNING,GEN Y PLANNING LLC
iapd,iapd_state_compilation,167661,TX,APPROVED,2014-08-19,REBELLION RESEARCH,"REBELLION RESEARCH ADVISORS, L.P."
iapd,iapd_state_compilation,167663,TX,APPROVED,2020-07-02,"SOVEREIGN GLOBAL ADVISORS, LLC","SOVEREIGN GLOBAL ADVISORS, LLC"
iapd,iapd_state_compilation,167718,TX,APPROVED,2014-01-07,"STRADA WEALTH MANAGEMENT, LLC","STRADA WEALTH MANAGEMENT, LLC"
iapd,iapd_state_compilation,168007,TX,APPROVED,2013-06-25,"HOLDFAST WEALTH MANAGEMENT, LLC","HOLDFAST WEALTH MANAGEMENT, LLC"
iapd,iapd_state_compilation,168008,TX,APPROVED,2021-02-26,WEALTH KEEPERS,"BONN II, CARL FRED"
iapd,iapd_state_compilation,168207,TX,APPROVED,2020-09-30,SHRI ADVISORS,SHRI ADVISORS LLC
iapd,iapd_state_compilation,168312,TX,APPROVED,2017-08-03,ALCONBURY TRUST L.L.C,ALCONBURY TRUST L.L.C.
iapd,iapd_state_compilation,168317,TX,APPROVED,2013-09-11,"GUIDEWAY FINANCIAL, LLC","GUIDEWAY FINANCIAL, LLC"
iapd,iapd_state_compilation,168464,TX,APPROVED,2013-09-18,"LINCH FINANCIAL, LLC","LINCH FINANCIAL, LLC"
iapd,iapd_state_compilation,168483,TX,APPROVED,2013-10-03,HAMILTON FINANCIAL PLANNING LLC,"HAMILTON FINANCIAL PLANNING, LLC"
iapd,iapd_state_compilation,168486,TX,APPROVED,2013-08-27,ALTAMIRA CAPITAL MANAGEMENT LLC,ALTAMIRA CAPITAL MANAGEMENT LLC
iapd,iapd_state_compilation,168632,TX,APPROVED,2019-10-29,"IWD CAPITAL MANAGEMENT, LLC","IWD CAPITAL MANAGEMENT, LLC"
iapd,iapd_state_compilation,168653,TX,APPROVED,2020-01-08,NOTO FINANCIAL PLANNING,"NOTO FINANCIAL PLANNING, LLC"
iapd,iapd_state_compilation,168715,TX,APPROVED,2013-10-03,HOUSTON WEALTH MANAGEMENT,HOUSTON WEALTH MANAGEMENT LLC
iapd,iapd_state_compilation,168751,TX,APPROVED,2014-07-23,GRANT THORNTON FINANCIAL ADVISORS LLC,GRANT THORNTON FINANCIAL ADVISORS LLC
iapd,iapd_state_compilation,168810,TX,APPROVED,2013-10-08,"PORTICO FINANCIAL GROUP, LLC","PORTICO FINANCIAL GROUP, LLC"
iapd,iapd_state_compilation,168924,TX,APPROVED,2014-01-09,HEISER INVESTMENT ADVISERS,"HEISER, WILLIAM CAULFIELD"
iapd,iapd_state_compilation,168994,TX,APPROVED,2014-02-04,ARGUS WEALTH MANAGEMENT,"ARGUS WEALTH MANAGEMENT, LLC"
iapd,iapd_state_compilation,169000,TX,APPROVED,2018-04-10,"DIREWOLF WEALTH MANAGEMENT, LLC","GOVERNING DYNAMICS, LLC"
iapd,iapd_state_compilation,169050,TX,APPROVED,2020-12-16,OXFORD CHASE ADVISORS LLC,OXFORD CHASE ADVISORS LLC
iapd,iapd_state_compilation,169098,TX,APPROVED,2014-01-02,R5 CAPITAL MANAGEMENT,"R5 CAPITAL, LLC"
iapd,iapd_state_compilation,169106,TX,APPROVED,2013-10-30,"SPEIGHT ASSET MANAGEMENT, LLC","SPEIGHT ASSET MANAGEMENT, LLC"
iapd,iapd_state_compilation,169122,TX,APPROVED,2013-11-04,IRON OAK CAPITAL MANAGEMENT,"IRON OAK CAPITAL MANAGEMENT, LLC"
iapd,iapd_state_compilation,169281,TX,APPROVED,2014-01-01,"AIM ADVISORY GROUP, LLC","AIM ADVISORY GROUP, LLC"
iapd,iapd_state_compilation,169343,TX,APPROVED,2013-12-23,BROWN FINANCIAL GROUP,"M.E.B. FINANCIAL GROUP, LLC"
iapd,iapd_state_compilation,169490,TX,APPROVED,2014-01-21,MB ADVISORS LLC,MB ADVISORS LLC
iapd,iapd_state_compilation,169527,TX,APPROVED,2014-01-03,GAGNI WEALTH MANAGEMENT LLC,GAGNI ASSET MANAGEMENT LLC
iapd,iapd_state_compilation,169551,TX,APPROVED,2025-02-14,"COMMONCENTS WEALTH ADVISORS, LLC","COMMONCENTS WEALTH ADVISORS, LLC"
iapd,iapd_state_compilation,169637,TX,APPROVED,2024-02-09,INTEGRITY ADVISORS LLC,INTEGRITY ADVISORS LLC
iapd,iapd_state_compilation,169664,TX,APPROVED,2022-07-08,"THE LYND GROUP ADVISORS, LLC","THE LYND GROUP ADVISORS, LLC"
iapd,iapd_state_compilation,169706,TX,APPROVED,2014-04-28,VALLEY REGIONAL CAPITAL MANAGEMENT LLC,VALLEY REGIONAL CAPITAL MANAGEMENT LLC
iapd,iapd_state_compilation,170075,TX,APPROVED,2018-01-30,TK^2 ADVISERS,TK2 ADVISERS LLC
iapd,iapd_state_compilation,170269,TX,APPROVED,2016-02-10,GLOBAL KEY ADVISORS,GLOBAL KEY MANAGEMENT LLC
iapd,iapd_state_compilation,170272,TX,APPROVED,2014-03-20,"PICCOLO INVESTMENT CONSULTING, LLC","PICCOLO INVESTMENT CONSULTING, LLC"
iapd,iapd_state_compilation,170317,TX,APPROVED,2023-01-26,"FESTOG CAPITAL, LLC","FESTOG CAPITAL, LLC"
iapd,iapd_state_compilation,170441,TX,APPROVED,2015-06-08,"SOLUTIA GLOBAL, LLC","SOLUTIA GLOBAL, LLC"
iapd,iapd_state_compilation,170479,TX,APPROVED,2016-06-03,LAGRANDE GLOBAL LLC,LAGRANDE GLOBAL LLC
iapd,iapd_state_compilation,170484,TX,APPROVED,2023-03-27,"BARON FINANCIAL ADVISORS, LLC","BARON FINANCIAL ADVISORS, LLC"
iapd,iapd_state_compilation,170486,TX,APPROVED,2015-01-21,SAN GABRIEL CAPITAL,"SAN GABRIEL CAPITAL, LLC"
iapd,iapd_state_compilation,170523,TX,APPROVED,2014-08-01,BRUNGER FINANCIAL,BRUNGER FINANCIAL LLC
iapd,iapd_state_compilation,170548,TX,APPROVED,2014-04-29,"ALEXANDER D COHEN INVESTMENTS, LLC","ALEXANDER D COHEN INVESTMENTS, LLC"
iapd,iapd_state_compilation,170585,TX,APPROVED,2014-03-21,"BIRD CAPITAL GROUP, INC.","BIRD CAPITAL GROUP, INC."
iapd,iapd_state_compilation,170662,TX,APPROVED,2020-03-04,TRAC ASSET MANAGEMENT LLC,TRAC ASSET MANAGEMENT LLC
iapd,iapd_state_compilation,170672,TX,APPROVED,2022-01-20,CAPROCK CAPITAL ADVISORS INC.,"CAPROCK CAPITAL ADVISORS, INC."
iapd,iapd_state_compilation,170734,TX,APPROVED,2022-10-10,GUIDE FINANCIAL PLANNING,"GUIDE FINANCIAL PLANNING, LLC"
iapd,iapd_state_compilation,170757,TX,APPROVED,2014-06-06,ROYAL OAKS ADVISORS LLC,ROYAL OAKS ADVISORS LLC
iapd,iapd_state_compilation,170829,TX,APPROVED,2014-08-05,MAGISTER WEALTH,MAGISTER WEALTH GROUP LLC
iapd,iapd_state_compilation,170852,TX,APPROVED,2018-01-10,"WEALTH MANAGEMENT INVESTMENT ADVISORS, LLC","WMA FINANCIAL, LLC"
iapd,iapd_state_compilation,170887,TX,APPROVED,2022-04-14,"PL WEALTH ADVISORS, LLC","PL WEALTH ADVISORS, LLC"
iapd,iapd_state_compilation,170897,TX,APPROVED,2014-09-08,INDEPENDENCE WEALTH GROUP,"G. H. WEALTH MANAGEMENT, LLC"
iapd,iapd_state_compilation,170938,TX,APPROVED,2021-02-22,"HARRIS WEALTH ADVISORS, LLC","HARRIS WEALTH ADVISORS, LLC"
iapd,iapd_state_compilation,171008,TX,APPROVED,2019-02-07,IRONWOOD WEALTH MANAGEMENT LLC,IRONWOOD WEALTH MANAGEMENT LLC
iapd,iapd_state_compilation,171045,TX,APPROVED,2017-03-14,"ADAPTIVE WEALTH, LLC","ADAPTIVE WEALTH, LLC"
iapd,iapd_state_compilation,171095,TX,APPROVED,2014-05-08,"RESONANCE FINANCIAL, LLC","RESONANCE FINANCIAL, LLC"
iapd,iapd_state_compilation,171157,TX,APPROVED,2014-06-24,WILSON INVESTMENT SERVICES,"WILSON INVESTMENT SERVICES, LLC"
iapd,iapd_state_compilation,171162,TX,APPROVED,2024-12-16,"REED CAPITAL MANAGEMENT, LLC","REED CAPITAL MANAGEMENT, LLC"
iapd,iapd_state_compilation,171175,TX,APPROVED,2014-05-19,GOOD LIFE WEALTH MANAGEMENT LLC,GOOD LIFE WEALTH MANAGEMENT LLC
iapd,iapd_state_compilation,171275,TX,APPROVED,2014-11-06,"CAMELOT WEALTH MANAGEMENT, LLC","CAMELOT WEALTH MANAGEMENT, LLC"
iapd,iapd_state_compilation,171325,TX,APPROVED,2015-11-20,"COURSE 26, LLC","COURSE 26, LLC"
iapd,iapd_state_compilation,171360,TX,APPROVED,2022-06-03,"CRIMSON OAK WEALTH MANAGEMENT, LLC","CRIMSON OAK WEALTH MANAGEMENT, LLC"
iapd,iapd_state_compilation,171362,TX,APPROVED,2016-06-15,"FORWARD WEALTH MANAGEMENT, LLC","FORWARD WEALTH MANAGEMENT, LLC"
iapd,iapd_state_compilation,171421,TX,APPROVED,2014-09-11,"RUFUS HAYES ASSET MANAGEMENT, LLC","RUFUS HAYES ASSET MANAGEMENT, LLC"
iapd,iapd_state_compilation,171446,TX,APPROVED,2021-10-01,"WEALTH MANAGEMENT OF KENTUCKY, INC.","WEALTH MANAGEMENT OF KENTUCKY, INC."
iapd,iapd_state_compilation,171463,TX,APPROVED,2015-03-09,EPIPHANY WEALTH MANAGEMENT,EPIPHANY WEALTH MANAGEMENT LLC
iapd,iapd_state_compilation,171609,TX,APPROVED,2014-07-18,YOUR RICHEST LIFE,"YOUR RICHEST LIFE, LLC"
iapd,iapd_state_compilation,171754,TX,APPROVED,2025-01-08,SIERRA MADRE PARTNERS LLC,SIERRA MADRE PARTNERS LLC
iapd,iapd_state_compilation,171758,TX,APPROVED,2014-09-05,CONCENTRATED RISK SOLUTIONS INC.,CONCENTRATED RISK SOLUTIONS INC.
iapd,iapd_state_compilation,171780,TX,APPROVED,2014-09-18,"QUANTUMVEST, INC.","QUANTUMVEST, INC."
iapd,iapd_state_compilation,171866,TX,APPROVED,2022-01-06,"MISSION HILL ADVISORS, LLC","MISSION HILL ADVISORS, LLC"
iapd,iapd_state_compilation,171921,TX,APPROVED,2021-01-21,TIERCEL CAPITAL TEXAS LLC,TIERCEL CAPITAL TEXAS LLC
iapd,iapd_state_compilation,171946,TX,APPROVED,2020-02-06,ORIGIN WEALTH ADVISERS,ORIGIN WEALTH ADVISERS LLC
iapd,iapd_state_compilation,172090,TX,APPROVED,2017-08-10,IWC FINANCIAL PLANNING,"IMA LIVE, LLC"
iapd,iapd_state_compilation,172091,TX,APPROVED,2014-07-14,"CAVINESS WEALTH MANAGEMENT, LLC","CAVINESS WEALTH MANAGEMENT, LLC"
iapd,iapd_state_compilation,172094,TX,APPROVED,2017-02-22,"THE VON DOHLEN KNUFFKE FINANCIAL GROUP, LLC","THE VON DOHLEN KNUFFKE FINANCIAL GROUP, LLC"
iapd,iapd_state_compilation,172117,TX,APPROVED,2014-08-21,CALLAWAY FINANCIAL SERVICES,"CFS ADVISORS, LLC"
iapd,iapd_state_compilation,172330,TX,APPROVED,2014-08-18,"ALLIANCE WEALTH MANAGEMENT, LLC","ALLIANCE WEALTH MANAGEMENT, LLC"
iapd,iapd_state_compilation,172368,TX,APPROVED,2014-09-29,BARRY E. REYNOLDS CPA PC,BARRY E. REYNOLDS CPA PC
iapd,iapd_state_compilation,172396,TX,APPROVED,2024-08-19,PANORAMIC FINANCIAL,PANORAMIC FINANCIAL ADVICE INC.
iapd,iapd_state_compilation,172412,TX,APPROVED,2015-03-20,"SFO CAPITAL, INC.","SFO CAPITAL, INC."
iapd,iapd_state_compilation,172563,TX,APPROVED,2014-10-02,"DEAN WEALTH MANAGEMENT, LLC","DEAN WEALTH MANAGEMENT, LLC"
iapd,iapd_state_compilation,172634,TX,APPROVED,2014-09-05,EVERLONG FINANCIAL,"EVERLONG FINANCIAL, LLC"
iapd,iapd_state_compilation,172715,TX,APPROVED,2015-09-15,"ABENDSTERN WEALTH MANAGEMENT, INC.","ABENDSTERN WEALTH MANAGEMENT, INC."
iapd,iapd_state_compilation,172728,TX,APPROVED,2025-02-07,"AMES FINANCIAL SOLUTIONS, LLC","AMES FINANCIAL SOLUTIONS, LLC"
iapd,iapd_state_compilation,172745,TX,APPROVED,2022-11-16,"GRANITE STATE CAPITAL MANAGEMENT, LLC","GRANITE STATE CAPITAL MANAGEMENT, LLC"
iapd,iapd_state_compilation,172781,TX,APPROVED,2023-04-14,"JEFF ELLIOTT, CFP®",LEGACY FINANCIAL PLANNING LLC
iapd,iapd_state_compilation,172872,TX,APPROVED,2015-02-04,AMIJAG ADVISORS LLC,AMIJAG ADVISORS LLC
iapd,iapd_state_compilation,172984,TX,APPROVED,2014-12-02,"TREMONT STREET ADVISORS, LLC","TREMONT STREET ADVISORS, LLC"
iapd,iapd_state_compilation,173130,TX,APPROVED,2024-01-26,THE SUMMIT GROUP,"ARGENTA CAPITAL MANAGEMENT, LLC"
iapd,iapd_state_compilation,173131,TX,APPROVED,2025-01-29,BEDROCK INVESTMENT ADVISORS,BWM ADVISORY LLC
iapd,iapd_state_compilation,173139,TX,APPROVED,2022-04-19,"ROTHMAN INVESTMENT MANAGEMENT, LLC","ROTHMAN INVESTMENT MANAGEMENT, LLC"
iapd,iapd_state_compilation,173235,TX,APPROVED,2016-02-23,FINANCIAL CONSULTING SERVICES,"LASETER, DONALD LEE"
iapd,iapd_state_compilation,173290,TX,APPROVED,2014-12-05,"COPIAM WEALTH MANAGEMENT, LLC","COPIAM WEALTH MANAGEMENT, LLC"
iapd,iapd_state_compilation,173307,TX,APPROVED,2021-04-15,IRON RIVER CAPITAL LLC,IRON RIVER CAPITAL LLC
iapd,iapd_state_compilation,173319,TX,APPROVED,2015-06-04,"CAPVIEW ADVISORS, LLC.","CAPVIEW ADVISORS, LLC."
iapd,iapd_state_compilation,173342,TX,APPROVED,2014-11-14,"BLUE TOWER ASSET MANAGEMENT, LLC","BLUE TOWER ASSET MANAGEMENT, LLC"
iapd,iapd_state_compilation,173548,TX,APPROVED,2015-02-06,"PARTNER WEALTH MANAGEMENT, LLC","PARTNER WEALTH MANAGEMENT, LLC"
iapd,iapd_state_compilation,173606,TX,APPROVED,2015-01-07,"CAVNER SOCIAL ENTERPRISES, LLC","CAVNER SOCIAL ENTERPRISES, LLC"
iapd,iapd_state_compilation,173610,TX,APPROVED,2025-01-30,WIEDOWER CAPITAL,"WIEDOWER CAPITAL, LLC"
iapd,iapd_state_compilation,173714,TX,APPROVED,2016-11-14,ABSOLUTE ALPHA CORP,JEANIE FIELDER EYMONTT
iapd,iapd_state_compilation,173759,TX,APPROVED,2014-12-10,"SAHNI, INC.","SAHNI, INC."
iapd,iapd_state_compilation,173809,TX,APPROVED,2021-04-13,SAMATVA WEALTH MANAGEMENT LLC,SAMATVA WEALTH MANAGEMENT LLC
iapd,iapd_state_compilation,173814,TX,APPROVED,2016-06-20,"MEADOWPARK CAPITAL, LLC","MEADOWPARK CAPITAL, LLC"
iapd,iapd_state_compilation,173821,TX,APPROVED,2015-02-03,"ATX PORTFOLIO ADVISORS, LLC","ATX PORTFOLIO ADVISORS, LLC"
iapd,iapd_state_compilation,173831,TX,APPROVED,2015-03-26,LAKELAND WEALTH MANAGEMENT LLC,LAKELAND WEALTH MANAGEMENT LLC
iapd,iapd_state_compilation,173871,TX,APPROVED,2018-05-23,ALLEGORY ADVISORY,ALLEGORY ADVISORY LLC
iapd,iapd_state_compilation,173878,TX,APPROVED,2015-03-04,"JECOHEN & CO., LLC","JECOHEN & CO., LLC"
iapd,iapd_state_compilation,173900,TX,APPROVED,2015-02-27,"INNOVA WEALTH, LLC","INNOVA WEALTH, LLC"
iapd,iapd_state_compilation,173919,TX,APPROVED,2014-12-10,TOWN LAKE CAPITAL MANAGEMENT,"RIPLEY CAPITAL MANAGEMENT, LLC"
iapd,iapd_state_compilation,173964,TX,APPROVED,2015-01-01,"SWAN DFW FINANCIAL SOLUTIONS, LLC","SWAN DFW FINANCIAL SOLUTIONS, LLC"
iapd,iapd_state_compilation,173968,TX,APPROVED,2017-01-24,"MONTGOMERY WEALTH MANAGEMENT, LLC","MONTGOMERY WEALTH MANAGEMENT, LLC"
iapd,iapd_state_compilation,174001,TX,APPROVED,2014-12-11,"PAMELA KRUEGER AND COMPANY, INC.","PAMELA KRUEGER AND COMPANY, INC."
iapd,iapd_state_compilation,174038,TX,APPROVED,2018-02-20,BULL BEAR INVESTMENT MANAGEMENT LLC,BULL BEAR INVESTMENT MANAGEMENT LLC
iapd,iapd_state_compilation,174160,TX,APPROVED,2023-08-06,EPI FINANCIAL GROUP,EPI FINANCIAL GROUP LLC
iapd,iapd_state_compilation,174198,TX,APPROVED,2018-10-11,REDMOUNT CAPITAL PARTNERS LLC,REDMOUNT CAPITAL PARTNERS LLC
iapd,iapd_state_compilation,174385,TX,APPROVED,2021-11-04,FINANCIAL FREEDOM CAPITAL MANAGEMENT,FINANCIAL FREEDOM CAPITAL MANAGEMENT LLP
iapd,iapd_state_compilation,174462,TX,APPROVED,2015-02-10,"VESTED LEGACY WEALTH MANAGEMENT, L.P.","VESTED LEGACY WEALTH MANAGEMENT, L.P."
iapd,iapd_state_compilation,174512,TX,APPROVED,2020-05-05,THE FINANCIAL CHASE LLC,FLOYD FINANCIAL SERVICES LLC
iapd,iapd_state_compilation,174527,TX,APPROVED,2015-02-24,"SEQUOIA PRIVATE WEALTH MANAGEMENT, LLC","SEQUOIA PRIVATE WEALTH MANAGEMENT, LLC"
iapd,iapd_state_compilation,174535,TX,APPROVED,2015-02-17,SAWYER INVESTMENT MANAGEMENT COMPANY,"SAWYER, RYAN ALEXANDER"
iapd,iapd_state_compilation,174568,TX,APPROVED,2023-12-15,"ARISTOBULUS INVESTMENT MANAGEMENT, LLC","ARISTOBULUS INVESTMENT MANAGEMENT, LLC"
iapd,iapd_state_compilation,174569,TX,APPROVED,2025-02-11,11 FINANCIAL,K-WM LLC
iapd,iapd_state_compilation,174893,TX,APPROVED,2015-09-03,DPH FINANCIAL,DPH FINANCIAL LLC
iapd,iapd_state_compilation,175023,TX,APPROVED,2017-10-13,FIT ADVISORS LLC,FIT ADVISORS LLC
iapd,iapd_state_compilation,175055,TX,APPROVED,2018-10-04,"ABUNDANCE FINANCIAL COACHING, LLC","ABUNDANCE FINANCIAL COACHING, LLC"
iapd,iapd_state_compilation,175099,TX,APPROVED,2023-10-27,"CAPITAL BENCHMARK PARTNERS, LLC","CAPITAL BENCHMARK PARTNERS, LLC"
iapd,iapd_state_compilation,175105,TX,APPROVED,2015-04-21,MAVERICK PRIVATE WEALTH LLC,MAVERICK PRIVATE WEALTH LLC
iapd,iapd_state_compilation,175138,TX,APPROVED,2015-03-12,"PRESTONWOOD CAPITAL MANAGEMENT, LLC","PRESTONWOOD CAPITAL MANAGEMENT, LLC"
iapd,iapd_state_compilation,175242,TX,APPROVED,2015-03-20,"GUIDING WEALTH MANAGEMENT, LLC","GUIDING WEALTH MANAGEMENT, LLC"
iapd,iapd_state_compilation,175286,TX,APPROVED,2026-01-23,BENZER CAPITAL,"BENZER CAPITAL, LLC"
iapd,iapd_state_compilation,175296,TX,APPROVED,2015-12-15,"OPEN RANGE FINANCIAL GROUP, LLC","OPEN RANGE FINANCIAL GROUP, LLC"
iapd,iapd_state_compilation,175336,TX,APPROVED,2015-06-22,DREAMWORK FINANCIAL GROUP,"DREAMWORK, LLC"
iapd,iapd_state_compilation,175449,TX,APPROVED,2015-06-10,JARDINE FINANCIAL GROUP,"JARDINE FINANCIAL GROUP, LLC"
iapd,iapd_state_compilation,175500,TX,APPROVED,2015-04-24,"ROGERS CAPITAL ADVISORS, LLC","ROGERS CAPITAL ADVISORS, LLC"
iapd,iapd_state_compilation,181525,TX,APPROVED,2015-08-10,"LEGACY 401K PARTNERS, LLC","LEGACY 401K PARTNERS, LLC"
iapd,iapd_state_compilation,194517,TX,APPROVED,2025-07-09,MARKET GAUGE ASSET MANAGEMENT,"MARKET GAUGE ASSET MANAGEMENT, LLC"
iapd,iapd_state_compilation,202511,TX,APPROVED,2025-12-04,"REPPOND INVESTMENTS, INC.","REPPOND INVESTMENTS, INC."
iapd,iapd_state_compilation,202514,TX,APPROVED,2015-06-22,"WOODLANDS CAPITAL MANAGEMENT, LLC","WOODLANDS CAPITAL MANAGEMENT, LLC"
iapd,iapd_state_compilation,212513,TX,APPROVED,2015-06-18,AMERICAN ELITE ADVISORY,"TEXAS ELITE ADVISORY, LLC"
iapd,iapd_state_compilation,217513,TX,APPROVED,2021-01-14,"KINGSLEY ADVISORS, LLC","KINGSLEY ADVISORS, LLC"
iapd,iapd_state_compilation,218518,TX,APPROVED,2015-07-17,MONEY POSITIVE,MONEY POSITIVE COOPERATIVE
iapd,iapd_state_compilation,226561,TX,APPROVED,2015-06-26,"CIMARRON WEALTH MANAGEMENT, LLC","CIMARRON WEALTH MANAGEMENT, LLC"
iapd,iapd_state_compilation,226623,TX,APPROVED,2015-06-23,VAULKSHIRE INVESTMENT ADVISORS,VAULKSHIRE LLC
iapd,iapd_state_compilation,226663,TX,APPROVED,2024-11-12,"J I MEDINA INVESTMENTS, LLC","J I MEDINA INVESTMENTS, LLC"
iapd,iapd_state_compilation,226712,TX,APPROVED,2015-10-20,KRAMMER FINANCIAL,KRAMMER FINANCIAL LLC
iapd,iapd_state_compilation,226736,TX,APPROVED,2015-10-02,"PHYSICIANS INVESTMENT ADVISORY SERVICES OF TEXAS, LLC","PHYSICIANS INVESTMENT ADVISORY SERVICES OF TEXAS, LLC"
iapd,iapd_state_compilation,251787,TX,APPROVED,2015-09-30,"J.P. WEALTH MANAGEMENT, LLC","J.P. WEALTH MANAGEMENT, LLC"
iapd,iapd_state_compilation,255790,TX,APPROVED,2015-09-16,"JASI FINANCIAL, INC.","JASI FINANCIAL, INC."
iapd,iapd_state_compilation,258787,TX,APPROVED,2015-10-21,"AHMETI WEALTH MANAGEMENT, LLC","AHMETI WEALTH MANAGEMENT, LLC"
iapd,iapd_state_compilation,269913,TX,APPROVED,2015-07-28,"SVANE CAPITAL, LLC","SVANE CAPITAL, LLC"
iapd,iapd_state_compilation,269934,TX,APPROVED,2015-08-13,"RELYON FINANCIAL ADVISORS, LLC","RELYON FINANCIAL ADVISORS, LLC"
iapd,iapd_state_compilation,277064,TX,APPROVED,2015-09-29,"NVEST ADVISORS, LLC","NVEST ADVISORS, LLC"
iapd,iapd_state_compilation,277084,TX,APPROVED,2022-01-28,NAVIDAR LLC,NAVIDAR LLC
iapd,iapd_state_compilation,280029,TX,APPROVED,2015-08-25,"CAREY S. ROEBUCK FINANCIAL SERVICES, LLC","CAREY S. ROEBUCK FINANCIAL SERVICES, LLC"
iapd,iapd_state_compilation,280032,TX,APPROVED,2015-12-14,QURAISHI WEALTH MANAGEMENT,QURAISHI WEALTH MANAGEMENT LLC
iapd,iapd_state_compilation,281087,TX,APPROVED,2023-07-06,TWENTY FIFTY CAPITAL,"TWENTY FIFTY CAPITAL, LLC"
iapd,iapd_state_compilation,281128,TX,APPROVED,2018-10-23,"TRAC WEALTH MANAGEMENT, INC","TRAC WEALTH MANAGEMENT, INC"
iapd,iapd_state_compilation,281197,TX,APPROVED,2016-07-29,MATRIX PRIVATE WEALTH MANAGEMENT INC.,MATRIX PRIVATE WEALTH MANAGEMENT INC.
iapd,iapd_state_compilation,281233,TX,APPROVED,2016-04-15,LIBERTY ADVISERS INC.,LIBERTY ADVISERS INC.
iapd,iapd_state_compilation,281239,TX,APPROVED,2015-10-14,"ELR CAPITAL MANAGEMENT, LLC","ELR CAPITAL MANAGEMENT, LLC"
iapd,iapd_state_compilation,281282,TX,APPROVED,2016-01-04,OAGH,OAGH
iapd,iapd_state_compilation,281370,TX,APPROVED,2016-02-19,"CONCENTIO CAPITAL MANAGEMENT, LLC","CONCENTIO CAPITAL MANAGEMENT, LLC"
iapd,iapd_state_compilation,281407,TX,APPROVED,2019-01-10,RICHIE CAPITAL GROUP,"RICHIE INVESTMENT ADVISORS, LLC"
iapd,iapd_state_compilation,281416,TX,APPROVED,2023-03-23,"BRIO CONSULTING, LLC","BRIO CONSULTING, LLC"
iapd,iapd_state_compilation,281433,TX,APPROVED,2016-07-06,RCA ADVISORY SERVICES,"RCA ADVISORY SERVICES, LLC"
iapd,iapd_state_compilation,281524,TX,APPROVED,2015-09-30,"CURRAN FINANCIAL PARTNERS, LLC","CURRAN FINANCIAL PARTNERS, LLC"
iapd,iapd_state_compilation,281539,TX,APPROVED,2016-04-07,"NOBLES & RICHARDS ADVISORS, LLC","NOBLES & RICHARDS ADVISORS, LLC"
iapd,iapd_state_compilation,281633,TX,APPROVED,2016-02-29,"F3 WEALTH MANAGEMENT, LLC","F3 WEALTH MANAGEMENT, LLC"
iapd,iapd_state_compilation,281642,TX,APPROVED,2016-01-27,"CRIS CAPITAL, LTD.","CRIS CAPITAL, LTD."
iapd,iapd_state_compilation,281844,TX,APPROVED,2015-11-18,"GA PINCUS FUNDS, LLC","GA PINCUS FUNDS, LLC"
iapd,iapd_state_compilation,281950,TX,APPROVED,2015-12-02,SOLSTICE WEALTH,THE ART OF FINANCE LLC
iapd,iapd_state_compilation,282087,TX,APPROVED,2023-02-07,ADVISE FINANCIAL,ADVISE FINANCIAL LLC
iapd,iapd_state_compilation,282114,TX,APPROVED,2016-03-01,EVAN CAPITAL,EVAN CAPITAL LLC
iapd,iapd_state_compilation,282131,TX,APPROVED,2016-02-08,TARGETED WEALTH SOLUTIONS,TARGETED WEALTH SOLUTIONS LLC
iapd,iapd_state_compilation,282144,TX,APPROVED,2016-01-20,ADDIE CAPITAL,"ADDIE CAPITAL, L.P."
iapd,iapd_state_compilation,282188,TX,APPROVED,2016-02-19,GNH CHFC ADVISORY SERVICES,"HANNAH, GARY NEAL"
iapd,iapd_state_compilation,282209,TX,APPROVED,2017-10-11,"REBELLION ASSET MANAGEMENT, LLC","REBELLION ASSET MANAGEMENT, LLC"
iapd,iapd_state_compilation,282226,TX,APPROVED,2016-06-13,"VIE INVEST, LLC","VIE INVEST, LLC"
iapd,iapd_state_compilation,282234,TX,APPROVED,2016-04-15,EVIDENCE ADVISORS INVESTMENT MANAGEMENT,"EVIDENCE ADVISORS, LLC"
iapd,iapd_state_compilation,282304,TX,APPROVED,2016-02-18,"TRINVEST ADVISORS, LLC","TRINVEST ADVISORS, LLC"
iapd,iapd_state_compilation,282307,TX,APPROVED,2016-02-04,NOBLE ADVISORY GROUP LLC,NOBLE ADVISORY GROUP LLC
iapd,iapd_state_compilation,282498,TX,APPROVED,2016-09-29,"CRIMSON INVESTMENT MANAGERS, LLC","CRIMSON INVESTMENT MANAGERS, LLC"
iapd,iapd_state_compilation,282555,TX,APPROVED,2016-03-21,ASKELADDEN CAPITAL,ASKELADDEN CAPITAL MANAGEMENT LLC
iapd,iapd_state_compilation,282633,TX,APPROVED,2016-04-29,VR FUNDAMENTAL LLC,VR FUNDAMENTAL LLC
iapd,iapd_state_compilation,282650,TX,APPROVED,2016-05-03,"MSA CAPITAL MANAGEMENT, PLLC","MSA CAPITAL MANAGEMENT, PLLC"
iapd,iapd_state_compilation,282667,TX,APPROVED,2016-03-22,GESSNER WEALTH STRATEGIES LLC,GESSNER WEALTH STRATEGIES LLC
iapd,iapd_state_compilation,282691,TX,APPROVED,2020-06-19,EMPIRIKAL PARTNERS LLC,EMPIRIKAL PARTNERS LLC
iapd,iapd_state_compilation,282770,TX,APPROVED,2016-03-09,"SEREN WEALTH ADVISORS, LLC","SEREN WEALTH ADVISORS, LLC"
iapd,iapd_state_compilation,282797,TX,APPROVED,2016-08-09,"KRAUS CAPITAL MANAGEMENT, LLC","KRAUS CAPITAL MANAGEMENT, LLC"
iapd,iapd_state_compilation,282886,TX,APPROVED,2016-03-21,LINDEN ROSE INVESTMENT LLC,LINDEN ROSE INVESTMENT LLC
iapd,iapd_state_compilation,282925,TX,APPROVED,2023-02-07,WYNNE WEALTH MANAGEMENT,WYNNE WEALTH MANAGEMENT
iapd,iapd_state_compilation,282930,TX,APPROVED,2016-05-25,"STONE HILL WEALTH MANAGEMENT, LLC","STONE HILL WEALTH MANAGEMENT, LLC"
iapd,iapd_state_compilation,282950,TX,APPROVED,2017-04-13,SOUTHWESTERN ADVISORY GROUP LLC,"SOUTHWESTERN ADVISORY GROUP, LLC"
iapd,iapd_state_compilation,283000,TX,APPROVED,2017-09-12,HAMILTON GRAY WEALTH MANAGEMENT LLC,HAMILTON GRAY WEALTH MANAGEMENT LLC
iapd,iapd_state_compilation,283032,TX,APPROVED,2026-01-15,"MSM ADVISORY, LLC","MSM ADVISORY, LLC"
iapd,iapd_state_compilation,283152,TX,APPROVED,2016-06-02,"MELLIG GROUP, LLC","MELLIG GROUP, LLC"
iapd,iapd_state_compilation,283163,TX,APPROVED,2016-10-11,"TAYLOR MORGAN CAPITAL MANAGEMENT, LLC","TAYLOR MORGAN CAPITAL MANAGEMENT, LLC"
iapd,iapd_state_compilation,283177,TX,APPROVED,2017-06-01,"HOOVER CAPITAL MANAGEMENT, LLC","HOOVER CAPITAL MANAGEMENT, LLC"
iapd,iapd_state_compilation,283253,TX,APPROVED,2016-05-11,ANDERSON & ASSOCIATES INT. LLC,ANDERSON & ASSOCIATES INT. LLC
iapd,iapd_state_compilation,283301,TX,APPROVED,2016-06-16,ACRIBUS CAPITAL LLC,ACRIBUS CAPITAL LLC
iapd,iapd_state_compilation,283332,TX,APPROVED,2018-10-16,INNOVATE WEALTH,"INNOVATE WEALTH, LLC"
iapd,iapd_state_compilation,283375,TX,APPROVED,2016-08-03,"CIMARRON CAPITAL MANAGEMENT, LLC","CIMARRON CAPITAL MANAGEMENT, LLC"
iapd,iapd_state_compilation,283475,TX,APPROVED,2016-09-21,"COMPENDIUM WEALTH ADVISORS, LLC","COMPENDIUM WEALTH ADVISORS, LLC"
iapd,iapd_state_compilation,283481,TX,APPROVED,2017-05-31,US FREEDOM CAPITAL ADVISORS LLC,US FREEDOM CAPITAL ADVISORS LLC
iapd,iapd_state_compilation,283554,TX,APPROVED,2018-03-29,"STONE LAKE WEALTH MANAGEMENT, LLC","STONE LAKE WEALTH MANAGEMENT, LLC"
iapd,iapd_state_compilation,283561,TX,APPROVED,2016-06-20,"SIMONET FINANCIAL GROUP, LLC","SIMONET FINANCIAL GROUP, LLC"
iapd,iapd_state_compilation,283593,TX,APPROVED,2016-05-25,WELLSPRING PLANNING GROUP LLC,WELLSPRING PLANNING GROUP LLC
iapd,iapd_state_compilation,283773,TX,APPROVED,2016-06-24,"SOUTH TEXAS CAPITAL ADVISORS, LLC","SOUTH TEXAS CAPITAL ADVISORS, LLC"
iapd,iapd_state_compilation,283785,TX,APPROVED,2016-08-02,S SQUARED ADVISORS LLC,S SQUARED ADVISORS LLC
iapd,iapd_state_compilation,283911,TX,APPROVED,2016-08-05,FUTURE WEALTH LLC,FUTURE WEALTH LLC
iapd,iapd_state_compilation,283921,TX,APPROVED,2016-10-11,"SHOREBREAK CAPITAL, LLC","SHOREBREAK CAPITAL, LLC"
iapd,iapd_state_compilation,283964,TX,APPROVED,2016-10-11,SIGNATURE FINANCIAL ADVISORS,"SIGNATURE FA, LLC"
iapd,iapd_state_compilation,284016,TX,APPROVED,2016-08-05,NESTEGG WEALTH ADVISORS,"NESTEGG WEALTH ADVISORS, LLC"
iapd,iapd_state_compilation,284070,TX,APPROVED,2023-08-08,TIGRIS CONSULTING LLC,TIGRIS CONSULTING LLC
iapd,iapd_state_compilation,284128,TX,APPROVED,2016-09-02,AMERICAN INVESTMENT MANAGEMENT GROUP LLC,AMERICAN INVESTMENT MANAGEMENT GROUP LLC
iapd,iapd_state_compilation,284132,TX,APPROVED,2016-06-15,OLIVE WEALTH MANAGEMENT,"OLIVE WEALTH MANAGEMENT, LLC"
iapd,iapd_state_compilation,284268,TX,APPROVED,2025-12-04,FOXSTONE FINANCIAL,"RAVSTEN WEALTH MANAGEMENT, LLC"
iapd,iapd_state_compilation,284297,TX,APPROVED,2021-04-29,"REMOTE FINANCIAL PLANNER, LLC","REMOTE FINANCIAL PLANNER, LLC"
iapd,iapd_state_compilation,284360,TX,APPROVED,2018-08-29,BAYWORTH CAPITAL,"XCEED CAPITAL MANAGEMENT, LLC"
iapd,iapd_state_compilation,284395,TX,APPROVED,2016-10-11,"BONFANTI INVESTMENT SERVICES, LLC","BONFANTI INVESTMENT SERVICES, LLC"
iapd,iapd_state_compilation,284399,TX,APPROVED,2016-11-07,SUMMA WEALTH MANAGEMENT,"SUMMA WEALTH MANAGEMENT, LLC"
iapd,iapd_state_compilation,284400,TX,APPROVED,2016-08-11,NICHOLS WEALTH ADVISORS,"NICHOLS WEALTH ADVISORS, LLC"
iapd,iapd_state_compilation,284432,TX,APPROVED,2016-09-02,LEGACY & WEALTH FINANCIAL ADVISORS,LEGACY & WEALTH FINANCIAL ADVISORS LLC
iapd,iapd_state_compilation,284466,TX,APPROVED,2016-12-02,"BARTEE CAPITAL MANAGEMENT, LLC","BARTEE CAPITAL MANAGEMENT, LLC"
iapd,iapd_state_compilation,284535,TX,APPROVED,2016-09-02,"ROBERT HUNT FINANCIAL, LLC","ROBERT HUNT FINANCIAL, LLC"
iapd,iapd_state_compilation,284543,TX,APPROVED,2016-09-09,"JASTON CAPITAL, LLC","JASTON CAPITAL, LLC"
iapd,iapd_state_compilation,284650,TX,APPROVED,2021-01-04,"WEALTHCARE FINANCIAL GROUP, INC.","WEALTHCARE FINANCIAL GROUP, INC."
iapd,iapd_state_compilation,284660,TX,APPROVED,2017-06-01,"JOURNEY CAPITAL ADVISERS, LLC","JOURNEY CAPITAL ADVISERS, LLC"
iapd,iapd_state_compilation,284688,TX,APPROVED,2016-09-21,"HEIGHTS INVESTMENT PARTNERS, LLC","HEIGHTS INVESTMENT PARTNERS, LLC"
iapd,iapd_state_compilation,284703,TX,APPROVED,2017-07-25,JENNY WILLIAMS FINANCIAL SERVICES LLC,JENNY WILLIAMS FINANCIAL SERVICES LLC
iapd,iapd_state_compilation,284745,TX,APPROVED,2017-01-20,POYDRAS CAPITAL PARTNERS,"POYDRAS CAPITAL PARTNERS, LLC"
iapd,iapd_state_compilation,284746,TX,APPROVED,2022-11-11,"MILLENNIAL WEALTH MANAGEMENT, LLC","MILLENNIAL WEALTH MANAGEMENT, LLC"
iapd,iapd_state_compilation,284770,TX,APPROVED,2017-05-17,PARISH INVESTMENT ADVISORS LLC,PARISH INVESTMENT ADVISORS LLC
iapd,iapd_state_compilation,284872,TX,APPROVED,2023-07-18,WORTHYNEST LLC,WORTHYNEST LLC
iapd,iapd_state_compilation,284975,TX,APPROVED,2019-08-26,"D'ARCY WEALTH MANAGEMENT, INC. - A CALIFORNIA  CORPORATION","D'ARCY WEALTH MANAGEMENT, INC."
iapd,iapd_state_compilation,284978,TX,APPROVED,2016-09-21,"CANDOR ASSET ADVISORS, LLC","CANDOR ASSET ADVISORS, LLC"
iapd,iapd_state_compilation,285050,TX,APPROVED,2016-10-05,ZUWA FINANCIAL LLC,ZUWA FINANCIAL LLC
iapd,iapd_state_compilation,285119,TX,APPROVED,2016-10-26,"BROYLES ADVISORY, LLC","BROYLES ADVISORY, LLC"
iapd,iapd_state_compilation,285180,TX,APPROVED,2016-11-17,ADAMS WEALTH MANAGEMENT,ADAMS WEALTH MANAGEMENT GROUP LLC
iapd,iapd_state_compilation,285206,TX,APPROVED,2017-11-09,PEGASUS WEALTH MANAGEMENT,"PEGASUS WEALTH MANAGEMENT, LLC"
iapd,iapd_state_compilation,285221,TX,APPROVED,2017-01-03,BROWNSBORO FINANCIAL,"BROWNSBORO FINANCIAL, LLC"
iapd,iapd_state_compilation,285226,TX,APPROVED,2021-01-22,"HILTON FINANCIAL GROUP, LLC","HILTON FINANCIAL GROUP, LLC"
iapd,iapd_state_compilation,285376,TX,APPROVED,2016-11-07,"OTHNIEL FINANCIAL ADVISORY SERVICES, LLC","OTHNIEL FINANCIAL ADVISORY SERVICES, LLC"
iapd,iapd_state_compilation,285443,TX,APPROVED,2017-02-17,MY HARVEST FIELD FINANCIAL LLC,MY HARVEST FIELD FINANCIAL LLC
iapd,iapd_state_compilation,285572,TX,APPROVED,2021-12-15,BOSSERT CAPITAL LLC,BOSSERT CAPITAL LLC
iapd,iapd_state_compilation,285610,TX,APPROVED,2022-01-03,INTEGRA WEALTH ADVISORS,"THE GAMBLIN GROUP, LLC"
iapd,iapd_state_compilation,285685,TX,APPROVED,2018-12-03,VESTECH ASSET MANAGEMENT INC.,VESTECH ASSET MANAGEMENT INC.
iapd,iapd_state_compilation,285779,TX,APPROVED,2017-02-08,CLEVERINVESTING LLC,CLEVERINVESTING LLC
iapd,iapd_state_compilation,285898,TX,APPROVED,2017-02-08,"TEXAS WEALTH MANAGEMENT, LLC","TEXAS WEALTH MANAGEMENT, LLC"
iapd,iapd_state_compilation,285907,TX,APPROVED,2017-05-23,SCOTTSDALE WEALTH ADVISORY LLC,SCOTTSDALE WEALTH ADVISORY LLC
iapd,iapd_state_compilation,286100,TX,APPROVED,2021-05-26,"LOGBOOK FINANCIAL PLANNING, LLC","LOGBOOK FINANCIAL PLANNING, LLC"
iapd,iapd_state_compilation,286106,TX,APPROVED,2017-10-13,"KESSLER ENERGY, LLC","KESSLER ENERGY, LLC"
iapd,iapd_state_compilation,286134,TX,APPROVED,2017-02-11,"MONEY SCRIPT WEALTH MANAGEMENT, PLLC","MONEY SCRIPT WEALTH MANAGEMENT, PLLC"
iapd,iapd_state_compilation,286157,TX,APPROVED,2018-12-04,INTENTIONAL WEALTH PARTNERS,"GREAT LAKES INVESTMENT MANAGEMENT, LLC"
iapd,iapd_state_compilation,286216,TX,APPROVED,2017-01-23,"D.L. FIELDS ADVISORY GROUP, LLC","D.L. FIELDS ADVISORY GROUP, LLC"
iapd,iapd_state_compilation,286274,TX,APPROVED,2017-03-09,MERAKI ADVISORS LLC,MERAKI ADVISORS LLC
iapd,iapd_state_compilation,286280,TX,APPROVED,2026-05-12,JT WEALTH MANAGEMENT,"THOMAS, JASON HOWARD"
iapd,iapd_state_compilation,286284,TX,APPROVED,2017-03-22,SAMMONS WEALTH,SAMMONS WEALTH MANAGEMENT LLC
iapd,iapd_state_compilation,286305,TX,APPROVED,2017-04-10,"FIDELIS FS, LLC","FIDELIS FS, LLC"
iapd,iapd_state_compilation,286359,TX,APPROVED,2017-02-17,"SPROUT CAPITAL MANAGEMENT, LLC","SPROUT CAPITAL MANAGEMENT, LLC"
iapd,iapd_state_compilation,286403,TX,APPROVED,2018-10-31,DINERGY,"DINERGY WEALTH MANAGEMENT, LLC"
iapd,iapd_state_compilation,286414,TX,APPROVED,2026-02-02,"POINT 16 CAPITAL, LLC","POINT 16 CAPITAL, LLC"
iapd,iapd_state_compilation,286416,TX,APPROVED,2017-02-09,TACTICAL WEALTH PARTNERS,"TACTICAL WEALTH PARTNERS, LLC"
iapd,iapd_state_compilation,286421,TX,APPROVED,2017-03-22,ABERLE INVESTMENT MANAGEMENT LLC,ABERLE INVESTMENT MANAGEMENT LLC
iapd,iapd_state_compilation,286625,TX,APPROVED,2021-01-09,VANDENBURG CAPITAL MANAGEMENT,VANDENBURG CAPITAL MANAGEMENT INC.
iapd,iapd_state_compilation,286651,TX,APPROVED,2018-07-11,"JG WEALTH MANAGEMENT, LLC","JG WEALTH MANAGEMENT, LLC"
iapd,iapd_state_compilation,286662,TX,APPROVED,2017-04-18,PORTIA CAPITAL MANAGEMENT,"PORTIA CAPITAL MANAGEMENT, LLC"
iapd,iapd_state_compilation,286692,TX,APPROVED,2017-03-13,PALMER WEALTH MANAGEMENT LLC,PALMER WEALTH MANAGEMENT LLC
iapd,iapd_state_compilation,287459,TX,APPROVED,2019-03-15,OMEGA ADVISORY LLC,OMEGA ADVISORY LLC
iapd,iapd_state_compilation,287494,TX,APPROVED,2017-03-31,H CUBED FINANCIAL SOLUTIONS,"HHH FINANCIAL SOLUTIONS, LLC"
iapd,iapd_state_compilation,287551,TX,APPROVED,2019-08-13,"ADVISER ALLIANCE, LLC","ADVISER ALLIANCE, LLC"
iapd,iapd_state_compilation,287555,TX,APPROVED,2017-04-12,"GARRETT INVESTMENT ADVISORY SERVICES, LLC","GARRETT INVESTMENT ADVISORY SERVICES, LLC"
iapd,iapd_state_compilation,287572,TX,APPROVED,2025-07-02,SRS WEALTH MANGEMENT,SRS WEALTH MANAGEMENT LLC
iapd,iapd_state_compilation,287644,TX,APPROVED,2026-08-14,STEWARDRIGHT,STEWARDRIGHT LLC
iapd,iapd_state_compilation,287669,TX,APPROVED,2025-04-24,"EDM CAPITAL, LLC","EDM CAPITAL, LLC"
iapd,iapd_state_compilation,287711,TX,APPROVED,2017-03-13,ASK CAPITAL INVESTMENT MANAGERS,"ASK CAPITAL INVESTMENT MANAGERS, LLC"
iapd,iapd_state_compilation,287725,TX,APPROVED,2017-08-30,TOTAL WEALTH PARTNERS,"TWPTX, LLC"
iapd,iapd_state_compilation,287808,TX,APPROVED,2017-08-31,PROFESSIONAL RETIREMENT STRATEGIES LLC,PROFESSIONAL RETIREMENT STRATEGIES LLC
iapd,iapd_state_compilation,287827,TX,APPROVED,2025-02-04,"TREW ADVISORS, LLC","TREW ADVISORS, LLC"
iapd,iapd_state_compilation,287968,TX,APPROVED,2024-08-02,SPRINGTIDE PARTNERS,"SPRINGTIDE PARTNERS, LLC"
iapd,iapd_state_compilation,287975,TX,APPROVED,2018-01-10,"ASSOCIATION FINANCIAL SERVICES, LLC","ASSOCIATION FINANCIAL SERVICES, LLC"
iapd,iapd_state_compilation,288035,TX,APPROVED,2017-05-01,KITSMAN INVESTMENT MANAGEMENT,"CBYRDK, LLC"
iapd,iapd_state_compilation,288130,TX,APPROVED,2017-07-25,HACKBERRY CAPITAL MANAGEMENT,"HACKBERRY CAPITAL MANAGEMENT, LLC"
iapd,iapd_state_compilation,288141,TX,APPROVED,2017-05-02,THE UJANO ADVISORY GROUP LLC,THE UJANO ADVISORY GROUP LLC
iapd,iapd_state_compilation,288155,TX,APPROVED,2017-07-28,RANCHWOOD CAPITAL MANAGEMENT,"RANCHWOOD CAPITAL MANAGEMENT, LLC"
iapd,iapd_state_compilation,288187,TX,APPROVED,2017-07-19,SUGAR CREEK CONSULTING,"HUNT, CALVIN C."
iapd,iapd_state_compilation,288240,TX,APPROVED,2023-03-30,COMPOUND WEALTH ADVISORS,"COMPOUND WEALTH ADVISORS, LLC."
iapd,iapd_state_compilation,288245,TX,APPROVED,2017-07-28,"RESPIRE WEALTH MANAGEMENT, LLC","RESPIRE WEALTH MANAGEMENT, LLC"
iapd,iapd_state_compilation,288252,TX,APPROVED,2017-07-13,"JOHN-LUKE FINANCIAL, LLC",MLDL HOLDINGS LLC
iapd,iapd_state_compilation,288268,TX,APPROVED,2017-05-15,"GATENS FINANCIAL, LLC","GATENS FINANCIAL, LLC"
iapd,iapd_state_compilation,288327,TX,APPROVED,2021-09-14,MARIN FINANCIAL GROUP,MARIN FINANCIAL GROUP INC
iapd,iapd_state_compilation,288407,TX,APPROVED,2022-07-20,WEXFORD WEALTH ADVISORS LLC,WEXFORD WEALTH ADVISORS LLC
iapd,iapd_state_compilation,288435,TX,APPROVED,2017-08-11,"TORO BRAVO INVESTMENT ADVISORS, LLC","TORO BRAVO INVESTMENT ADVISORS, LLC"
iapd,iapd_state_compilation,288456,TX,APPROVED,2017-06-27,APEX WEALTH MANAGEMENT,EMS INC
iapd,iapd_state_compilation,288500,TX,APPROVED,2022-08-31,PRUDENT FINANCIAL PLANNING,PRUDENT FINANCIAL PLANNING LLC
iapd,iapd_state_compilation,288531,TX,APPROVED,2017-08-14,RABKIN ADVISORS LLC,RABKIN ADVISORS LLC
iapd,iapd_state_compilation,288538,TX,APPROVED,2018-08-31,"DEERWOOD CAPITAL, LLC","DEERWOOD CAPITAL, LLC"
iapd,iapd_state_compilation,288646,TX,APPROVED,2017-08-28,POTENTIAL WEALTH MANAGEMENT LLC,POTENTIAL WEALTH MANAGEMENT LLC
iapd,iapd_state_compilation,288703,TX,APPROVED,2017-07-28,GAP FINANCIAL SERVICES OR GAP FINANCIAL,"GAP FINANCIAL SERVICES, LLC"
iapd,iapd_state_compilation,288716,TX,APPROVED,2018-01-10,"WARNER INVESTMENTS, LLC","WARNER INVESTMENTS, LLC"
iapd,iapd_state_compilation,288769,TX,APPROVED,2017-06-26,"FAMILY CFO, LLC","FAMILY CFO, LLC"
iapd,iapd_state_compilation,288794,TX,APPROVED,2017-07-19,"COMPLETE WEALTH MANAGEMENT, LLC","COMPLETE WEALTH MANAGEMENT, LLC"
iapd,iapd_state_compilation,288825,TX,APPROVED,2017-07-25,"APPS WEALTH MANAGEMENT, INC.","APPS WEALTH MANAGEMENT, INC."
iapd,iapd_state_compilation,288829,TX,APPROVED,2017-09-14,M2 CAPITAL ADVISORS,M2 FINANCIAL LLC
iapd,iapd_state_compilation,288844,TX,APPROVED,2017-09-26,"TOWERVIEW CAPITAL, LLC","TOWERVIEW CAPITAL, LLC"
iapd,iapd_state_compilation,288883,TX,APPROVED,2024-12-06,SAGEPOINTE ADVISORS LLC,SAGEPOINTE ADVISORS LLC
iapd,iapd_state_compilation,288954,TX,APPROVED,2017-08-28,"DFW WEALTHCARE ADVISORS, LLC","DFW WEALTHCARE ADVISORS, LLC"
iapd,iapd_state_compilation,288957,TX,APPROVED,2017-08-23,"FAYKUS FINANCIAL, LLC","FAYKUS FINANCIAL, LLC"
iapd,iapd_state_compilation,289049,TX,APPROVED,2017-11-02,MARIENPLATZ WEALTH MANAGEMENT LLC,MARIENPLATZ WEALTH MANAGEMENT LLC
iapd,iapd_state_compilation,289109,TX,APPROVED,2017-07-25,"MARK MUECKE CAPITAL MANAGEMENT, LLC","MARK MUECKE CAPITAL MANAGEMENT, LLC"
iapd,iapd_state_compilation,289125,TX,APPROVED,2017-09-06,PATHFINDER FINANCIAL SERVICES,PATHFINSERV LLC
iapd,iapd_state_compilation,289132,TX,APPROVED,2017-10-13,ENVISIONVEST,"ENVISIONVEST, LLC"
iapd,iapd_state_compilation,289204,TX,APPROVED,2020-06-26,"COVE FORT CAPITAL, LLC","COVE FORT CAPITAL, LLC"
iapd,iapd_state_compilation,289320,TX,APPROVED,2017-08-23,"9M INVESTMENTS, LLC","9M INVESTMENTS, LLC"
iapd,iapd_state_compilation,289333,TX,APPROVED,2017-08-31,"KEHLET CAPITAL MANAGEMENT, LLC","KEHLET CAPITAL MANAGEMENT, LLC"
iapd,iapd_state_compilation,289340,TX,APPROVED,2024-07-30,APM WEALTH,"APM WEALTH, LLC"
iapd,iapd_state_compilation,289368,TX,APPROVED,2017-12-22,INCREASE CONSULTANTS LLC,INCREASE CONSULTANTS LLC
iapd,iapd_state_compilation,289452,TX,APPROVED,2017-08-28,"THINK818, LLC","THINK818, LLC"
iapd,iapd_state_compilation,289533,TX,APPROVED,2021-09-09,PINE VALLEY PRIVATE WEALTH,"SHINGLE OAK ADVISORS, LLC"
iapd,iapd_state_compilation,289537,TX,APPROVED,2017-10-16,ESQUIRES GROUP LLC,ESQUIRES GROUP LLC
iapd,iapd_state_compilation,289549,TX,APPROVED,2019-10-22,PELICAN WEALTH MANAGEMENT,"PELICAN WEALTH MANAGEMENT, LLC"
iapd,iapd_state_compilation,289771,TX,APPROVED,2021-02-05,"DERAMUS WEALTH MANAGEMENT, LLC","DERAMUS WEALTH MANAGEMENT, LLC"
iapd,iapd_state_compilation,289853,TX,APPROVED,2018-02-05,"BLACK RAVEN INVESTMENTS, LLC","BLACK RAVEN INVESTMENTS, LLC"
iapd,iapd_state_compilation,289880,TX,APPROVED,2017-10-24,"FIRST MOVE FINANCIAL, LLC","FIRST MOVE FINANCIAL, LLC"
iapd,iapd_state_compilation,289955,TX,APPROVED,2017-10-27,NASHIONAL INVESTMENTS,NASHIONAL INDEPENDENT INVESTMENT MANAGEMENT LLC
iapd,iapd_state_compilation,289993,TX,APPROVED,2017-10-24,"WEALTH ARCHITECTS, LLC","WEALTH ARCHITECTS, LLC"
iapd,iapd_state_compilation,290044,TX,APPROVED,2018-01-17,"SUBNANI INVESTMENT RESEARCH, LLC","SUBNANI INVESTMENT RESEARCH, LLC"
iapd,iapd_state_compilation,290067,TX,APPROVED,2017-11-29,ELEVATED ASSET MANAGEMENT LLC,ELEVATED ASSET MANAGEMENT LLC
iapd,iapd_state_compilation,290159,TX,APPROVED,2020-05-04,FITBUX RIA LLC,FITBUX RIA LLC
iapd,iapd_state_compilation,290213,TX,APPROVED,2017-11-02,MAY TREE FINANCIAL PLANNING LLC,MAY TREE FINANCIAL PLANNING LLC
iapd,iapd_state_compilation,290272,TX,APPROVED,2017-11-21,"WILLIAMS FINANCIAL PLANNING, INC.","WILLIAMS FINANCIAL PLANNING, INC."
iapd,iapd_state_compilation,290278,TX,APPROVED,2017-10-30,PENN STREET CAPITAL MANAGEMENT LLC,PENN STREET CAPITAL MANAGEMENT LLC
iapd,iapd_state_compilation,290423,TX,APPROVED,2025-10-15,FAMILY RETIREMENT LLC,FAMILY RETIREMENT LLC
iapd,iapd_state_compilation,290448,TX,APPROVED,2024-02-12,KNIGHTSBRIDGE VENTURES,KNIGHTSBRIDGE VENTURES LTD CO
iapd,iapd_state_compilation,290650,TX,APPROVED,2017-11-29,"CATES FP, CATES TAX ADVISORY",CATES FINANCIAL PLANNING LLC
iapd,iapd_state_compilation,290690,TX,APPROVED,2017-12-07,"BEYOND BALANCED FINANCIAL PLANNING, LLC","BEYOND BALANCED FINANCIAL PLANNING, LLC"
iapd,iapd_state_compilation,290726,TX,APPROVED,2018-01-19,FONDREN OAKS CAPITAL MANAGEMENT,"FONDREN OAKS CAPITAL MANAGEMENT, LLC"
iapd,iapd_state_compilation,290736,TX,APPROVED,2018-02-22,"FAMILY WEALTH COACHING, LLC","FAMILY WEALTH COACHING, LLC"
iapd,iapd_state_compilation,290740,TX,APPROVED,2017-11-21,"INTERLINC FINANCIAL ADVISORS, INC.","INTERLINC FINANCIAL ADVISORS, INC."
iapd,iapd_state_compilation,290753,TX,APPROVED,2017-12-07,"MRM FINANCIAL ADVISORS, LLC","MRM FINANCIAL ADVISORS, LLC"
iapd,iapd_state_compilation,290862,TX,APPROVED,2018-01-02,PARKER PRESCOTT CAPITAL MANAGEMENT,"PARKER PRESCOTT CAPITAL MANAGEMENT, LLC"
iapd,iapd_state_compilation,290902,TX,APPROVED,2018-02-15,"THE ROSAMOND FINANCIAL GROUP WEALTH MANAGEMENT, LLC","THE ROSAMOND FINANCIAL GROUP WEALTH MANAGEMENT, LLC"
iapd,iapd_state_compilation,290938,TX,APPROVED,2018-02-08,"56 CAPITAL PARTNERS, LTD","56 CAPITAL PARTNERS, LTD"
iapd,iapd_state_compilation,291038,TX,APPROVED,2017-12-07,SCP STEWARD CAPITAL ADVISERS LLC,SCP STEWARD CAPITAL ADVISERS LLC
iapd,iapd_state_compilation,291176,TX,APPROVED,2018-04-11,"SABER AND SHIELD WEALTH MANAGEMENT, L.L.C","SABER AND SHIELD WEALTH MANAGEMENT, L.L.C"
iapd,iapd_state_compilation,291182,TX,APPROVED,2018-04-17,"HUDSON WEALTH MANAGEMENT, LLC","HUDSON WEALTH MANAGEMENT, LLC"
iapd,iapd_state_compilation,291315,TX,APPROVED,2018-01-24,PLW FINANCIAL,"PLW FINANCIAL, LLC"
iapd,iapd_state_compilation,291373,TX,APPROVED,2018-02-09,"PDE WEALTH ADVISORS, LLC","PDE WEALTH ADVISORS, LLC"
iapd,iapd_state_compilation,291399,TX,APPROVED,2021-07-06,MEDDENT SOLUTIONS,HIGH SPEED ALLIANCE LLC
iapd,iapd_state_compilation,291482,TX,APPROVED,2020-08-31,"M STEVENS WEALTH ADVISORS, LLC","M STEVENS WEALTH ADVISORS, LLC"
iapd,iapd_state_compilation,291495,TX,APPROVED,2019-05-31,"PRIVUS FINANCIAL, LLC","PRIVUS FINANCIAL, LLC"
iapd,iapd_state_compilation,291541,TX,APPROVED,2018-01-11,WESTCENTER ADVISORS LTD,WESTCENTER ADVISORS LTD
iapd,iapd_state_compilation,291718,TX,APPROVED,2018-02-20,LIFE BALANCE FINANCIAL,FINANCIAL LIFE BALANCE LLC
iapd,iapd_state_compilation,291763,TX,APPROVED,2018-04-11,SHAH TAX AND FINANCIAL PLANNING,ASHISHRONAK LLC
iapd,iapd_state_compilation,291787,TX,APPROVED,2021-12-11,HARVARD AVENUE INVESTMENT ADVISORY,"HARVARD AVENUE CONSULTANTS, LLC"
iapd,iapd_state_compilation,291812,TX,APPROVED,2024-07-03,THE TABLE FINANCIAL PLANNING LLC,THE TABLE FINANCIAL PLANNING LLC
iapd,iapd_state_compilation,291852,TX,APPROVED,2022-08-02,ASCENDING ASSETS,"ASCENDING ASSETS, LLC"
iapd,iapd_state_compilation,291856,TX,APPROVED,2018-02-15,TUBREAUXS WEALTH & LEGACY SOLUTIONS,TUBREAUXS WEALTH & LEGACY SOLUTIONS LLC
iapd,iapd_state_compilation,291911,TX,APPROVED,2018-07-11,COMPASS CAPITAL INVESTMENTS LLC,COMPASS CAPITAL INVESTMENTS LLC
iapd,iapd_state_compilation,291986,TX,APPROVED,2018-08-07,VIRTUEVIAN VENTURES,VIRTUEVIAN VENTURES CORPORATION
iapd,iapd_state_compilation,292010,TX,APPROVED,2018-03-13,UPSPRING CAPITAL LLC,UPSPRING CAPITAL LLC
iapd,iapd_state_compilation,292064,TX,APPROVED,2018-10-22,"FURRIER AND CROWN INVESTMENTS, LLC","FURRIER AND CROWN INVESTMENTS, LLC"
iapd,iapd_state_compilation,292120,TX,APPROVED,2020-12-08,LIFETIME CAPITAL PLANNING GROUP LLC,LIFETIME CAPITAL PLANNING GROUP LLC
iapd,iapd_state_compilation,292136,TX,APPROVED,2018-02-09,BLUEPRINT 360 LLC,BLUEPRINT 360 LLC
iapd,iapd_state_compilation,292139,TX,APPROVED,2018-07-10,SUNLIGHT INVESTMENTS,"SAMMAN, EMAD A."
iapd,iapd_state_compilation,292141,TX,APPROVED,2018-02-15,AUSTIN 180 ADVISORY GROUP LLC,AUSTIN 180 ADVISORY GROUP LLC
iapd,iapd_state_compilation,292171,TX,APPROVED,2018-02-08,"ROLAND, CRISS INVESTMENT RESEARCH, LLC","ROLAND, CRISS INVESTMENT RESEARCH, LLC"
iapd,iapd_state_compilation,292227,TX,APPROVED,2018-02-08,EDK ADVISORY,"EDK ADVISORY, PLLC"
iapd,iapd_state_compilation,292230,TX,APPROVED,2024-08-21,BOW STREAM INVESTMENTS LLC,BOW STREAM INVESTMENTS LLC
iapd,iapd_state_compilation,292253,TX,APPROVED,2019-01-09,PROSPERITY FIRST WEALTH MANAGEMENT,PROSPERITY FIRST WEALTH MANAGEMENT LLC
iapd,iapd_state_compilation,292258,TX,APPROVED,2018-05-11,"DICKSON FINANCIAL GROUP, LLC.","DICKSON FINANCIAL GROUP, LLC."
iapd,iapd_state_compilation,292299,TX,APPROVED,2018-04-11,"MONTLAKE CAPITAL MANAGEMENT, LLC","MONTLAKE CAPITAL MANAGEMENT, LLC"
iapd,iapd_state_compilation,292344,TX,APPROVED,2018-02-23,BOLLINGER WEALTH MANAGEMENT LLC,BOLLINGER WEALTH MANAGEMENT LLC
iapd,iapd_state_compilation,292346,TX,APPROVED,2018-08-23,DEVKOTA CAPITAL ADVISORS,DEVKOTA CAPITAL ADVISORS LLC
iapd,iapd_state_compilation,292356,TX,APPROVED,2021-07-06,GCB PRIVATE WEALTH,GCB PRIVATE WEALTH LLC
iapd,iapd_state_compilation,292418,TX,APPROVED,2018-03-29,"THRIFTY SCOTTY FINANCIAL, LLC","THRIFTY SCOTTY FINANCIAL, LLC"
iapd,iapd_state_compilation,292442,TX,APPROVED,2018-04-05,HEDGEFIELD WEALTH MANAGEMENT,HEDGEFIELD WEALTH MANAGEMENT
iapd,iapd_state_compilation,292524,TX,APPROVED,2018-06-18,ROOSEVELT ADVISORS LLC,ROOSEVELT ADVISORS LLC
iapd,iapd_state_compilation,292616,TX,APPROVED,2018-05-11,ROCKBOUND WEALTH MANAGEMENT,"ELEPHANT INVESTMENT GROUP MANAGEMENT, LLC"
iapd,iapd_state_compilation,292622,TX,APPROVED,2021-11-19,BRILLIANT FINANCIAL STRATEGIES LLC,BRILLIANT FINANCIAL STRATEGIES LLC
iapd,iapd_state_compilation,292903,TX,APPROVED,2018-08-01,"BRAXTON FINANCIAL GROUP, LLC","BRAXTON FINANCIAL GROUP, LLC"
iapd,iapd_state_compilation,292923,TX,APPROVED,2018-05-23,"IDEOLOGY WEALTH ADVISORS, LLC","IDEOLOGY WEALTH ADVISORS, LLC"
iapd,iapd_state_compilation,292972,TX,APPROVED,2018-06-18,MERCER STREET PERSONAL FINANCIAL SERVICES,MERCER STREET PROFESSIONAL SERVICES LLC
iapd,iapd_state_compilation,292974,TX,APPROVED,2018-03-16,BELONGING WEALTH MANAGEMENT,BRANDON RENFRO LLC
iapd,iapd_state_compilation,293068,TX,APPROVED,2024-01-30,VIBRANT WEALTH,VIBRANT WEALTH ADVISORS LLC
iapd,iapd_state_compilation,293138,TX,APPROVED,2018-06-08,"DBM ADVISORS, LLC","DBM ADVISORS, LLC"
iapd,iapd_state_compilation,293157,TX,APPROVED,2018-03-13,"JHM ASSET MANAGEMENT, LLC","JHM ASSET MANAGEMENT, LLC"
iapd,iapd_state_compilation,293331,TX,APPROVED,2020-02-07,"INCLINE INVESTMENT ADVISORS, LLC","INCLINE INVESTMENT ADVISORS, LLC"
iapd,iapd_state_compilation,293446,TX,APPROVED,2021-05-21,PA MANAGEMENT LLC,PA MANAGEMENT LLC
iapd,iapd_state_compilation,293508,TX,APPROVED,2019-01-29,"WESTMOUNT REALTY ADVISORS, LLC","WESTMOUNT REALTY ADVISORS, LLC"
iapd,iapd_state_compilation,293564,TX,APPROVED,2018-06-18,CONCURRENT WEALTH MANAGEMENT,"CONCURRENT FINANCIAL PLANNING CENTER, LLC"
iapd,iapd_state_compilation,293701,TX,APPROVED,2018-06-05,"ANCHORY, LLC","ANCHORY, LLC"
iapd,iapd_state_compilation,293721,TX,APPROVED,2018-04-30,PRUDENCE ADVISORY SERVICES,"PRUDENCE ADVISORY SERVICES, LLC"
iapd,iapd_state_compilation,294310,TX,APPROVED,2018-04-20,"K&S WEALTH ADVISORS, LLC","K&S WEALTH ADVISORS, LLC"
iapd,iapd_state_compilation,294775,TX,APPROVED,2018-08-10,"10 KEY CONSULTING, LLC","10 KEY CONSULTING, LLC"
iapd,iapd_state_compilation,294890,TX,APPROVED,2024-05-24,"ARMIS FINANCIAL, LLC","ARMIS FINANCIAL, LLC"
iapd,iapd_state_compilation,295401,TX,APPROVED,2018-04-18,FLOURISH FINANCIAL PLANNING,"SDG FINANCIAL PLANNING, LLC"
iapd,iapd_state_compilation,295507,TX,APPROVED,2022-01-25,TB SUNRIDGE ADVISORS LLC,TB SUNRIDGE ADVISORS LLC
iapd,iapd_state_compilation,295689,TX,APPROVED,2026-01-09,MOMENTUM WEALTH MANAGEMENT,MOMENTUM WEALTH MANAGEMENT LLC
iapd,iapd_state_compilation,296319,TX,APPROVED,2018-07-17,PRS WEALTH MANAGEMENT,ROOS BROS. LLC
iapd,iapd_state_compilation,296479,TX,APPROVED,2018-07-17,"XENITH FINANCIAL ADVISORY SERVICES, LLC","XENITH FINANCIAL ADVISORY SERVICES, LLC"
iapd,iapd_state_compilation,296591,TX,APPROVED,2018-04-30,HOLMAN WEALTH MANAGEMENT,"HOLMAN WEALTH MANAGEMENT, LLC"
iapd,iapd_state_compilation,296924,TX,APPROVED,2018-09-06,"REG DAVIS INVESTMENTS, LLC","REG DAVIS INVESTMENTS, LLC"
iapd,iapd_state_compilation,296961,TX,APPROVED,2018-06-18,TORRE FINANCIAL,"TORRE, FEDERICO"
iapd,iapd_state_compilation,296992,TX,APPROVED,2018-08-31,NXT:GEN FINANCIAL PLANNING,NXT:GEN FINANCIAL PLANNING LLC
iapd,iapd_state_compilation,297028,TX,APPROVED,2018-06-05,"NORSTAR FINANCIAL OF PLANO, LLC","NORSTAR FINANCIAL OF PLANO, LLC"
iapd,iapd_state_compilation,297138,TX,APPROVED,2026-03-10,GREAT LAKES BAY FINANCIAL,GREAT LAKES BAY FINANCIAL LLC
iapd,iapd_state_compilation,297161,TX,APPROVED,2021-04-23,LIGHT CAPITAL MANAGEMENT LLC,LIGHT CAPITAL MANAGEMENT LLC
iapd,iapd_state_compilation,297199,TX,APPROVED,2022-05-06,"RUSSELL ADVISORY GROUP, INC","RUSSELL ADVISORY GROUP, INC"
iapd,iapd_state_compilation,297277,TX,APPROVED,2018-08-16,REDEFINE FINANCIAL,REDEFINE FINANCIAL LLC
iapd,iapd_state_compilation,297423,TX,APPROVED,2024-10-31,"EAGLES COAST WEALTH MANAGEMENT, LLC","EAGLES COAST WEALTH MANAGEMENT, LLC"
iapd,iapd_state_compilation,297440,TX,APPROVED,2019-11-26,"COMPOSEDPRO, INC.","COMPOSEDPRO, INC."
iapd,iapd_state_compilation,297486,TX,APPROVED,2018-08-16,"RNS WEALTH MANAGEMENT, LLC","RNS WEALTH MANAGEMENT, LLC"
iapd,iapd_state_compilation,297528,TX,APPROVED,2018-08-29,VERSAI WEALTH MANAGEMENT LLC,VERSAI WEALTH MANAGEMENT LLC
iapd,iapd_state_compilation,297601,TX,APPROVED,2019-12-05,THE PACIFIC GROUP,"PACIFIC ADVISORY CAPITAL GROUP, LLC"
iapd,iapd_state_compilation,297785,TX,APPROVED,2018-10-25,WHITE MCGOWAN,"MERAKI, LLC"
iapd,iapd_state_compilation,297835,TX,APPROVED,2018-08-16,SAFE LANDING FINANCIAL,SAFE LANDING FINANCIAL LLC
iapd,iapd_state_compilation,297921,TX,APPROVED,2024-08-27,ZAKI FINANCIAL LLC,ZAKI FINANCIAL LLC
iapd,iapd_state_compilation,297938,TX,APPROVED,2018-12-10,"BEACON FINANCIAL PLANNERS, INC","BEACON FINANCIAL PLANNERS, INC"
iapd,iapd_state_compilation,297943,TX,APPROVED,2018-08-07,"BISON WEALTH MANAGEMENT, LLC","BISON WEALTH MANAGEMENT, LLC"
iapd,iapd_state_compilation,297961,TX,APPROVED,2019-04-23,STONE WEALTH STRATEGIES,STONE ADVISORS INC
iapd,iapd_state_compilation,298052,TX,APPROVED,2018-09-12,TUYYO PLANNING GROUP,"TUYYO PLANNING GROUP, LLC"
iapd,iapd_state_compilation,298174,TX,APPROVED,2018-09-28,"SANTA MONICA WEALTH MANAGEMENT, LLC","SANTA MONICA WEALTH MANAGEMENT, LLC"
iapd,iapd_state_compilation,298200,TX,APPROVED,2018-09-17,ENDURE RETIREMENT LLC,ENDURE RETIREMENT LLC
iapd,iapd_state_compilation,298219,TX,APPROVED,2021-11-09,A-TEAM FINANCIAL INVESTMENTS,A-TEAM FINANCIAL INVESTMENTS LLC
iapd,iapd_state_compilation,298289,TX,APPROVED,2018-12-18,HUNTER VALUE CAPITAL LLC,"HUNTER VALUE CAPITAL, LLC"
iapd,iapd_state_compilation,298318,TX,APPROVED,2018-09-28,BULLOGIC WEALTH MANAGEMENT,BULLOGIC WEALTH MANAGEMENT LLC
iapd,iapd_state_compilation,298320,TX,APPROVED,2019-01-02,"SF VALUE CAPITAL, LLC","SF VALUE CAPITAL, LLC"
iapd,iapd_state_compilation,298338,TX,APPROVED,2018-11-05,"EGP WEALTH MANAGEMENT, LLC","EGP WEALTH MANAGEMENT, LLC"
iapd,iapd_state_compilation,298339,TX,APPROVED,2018-10-22,YOUR PATH FINANCIAL LLC,YOUR PATH FINANCIAL LLC
iapd,iapd_state_compilation,298405,TX,APPROVED,2018-09-28,CATALANO FINANCIAL,"CATALANO CONSULTING AND INSURANCE SERVICES, LLC"
iapd,iapd_state_compilation,298446,TX,APPROVED,2022-09-09,TAG WEALTH ADVISORS,TRANSITION ADVISORY GROUP LLC
iapd,iapd_state_compilation,298672,TX,APPROVED,2022-02-01,ENVISION WEALTH PLANNING INC.,ENVISION WEALTH PLANNING INC.
iapd,iapd_state_compilation,298744,TX,APPROVED,2018-12-03,"RIDGELINE ASSET MANAGEMENT, LLC","RIDGELINE ASSET MANAGEMENT, LLC"
iapd,iapd_state_compilation,298862,TX,APPROVED,2018-12-20,TITANIA INVESTMENTS LLC,TITANIA INVESTMENTS LLC
iapd,iapd_state_compilation,298931,TX,APPROVED,2018-12-04,FQI CAPITAL MANAGEMENT LLC,FQI CAPITAL MANAGEMENT LLC
iapd,iapd_state_compilation,298940,TX,APPROVED,2018-10-29,YENDREY WEALTH MANAGEMENT LLC,YENDREY WEALTH MANAGEMENT LLC
iapd,iapd_state_compilation,299046,TX,APPROVED,2019-04-18,"INTEGRITY PRIVATE WEALTH ADVISORS, LLC","INTEGRITY PRIVATE WEALTH ADVISORS, LLC"
iapd,iapd_state_compilation,299244,TX,APPROVED,2020-02-24,BIBLE & SOVEREIGN PARTNERS FINANCIAL SERVICES,"BIBLE & SOVEREIGN PARTNERS, LLC"
iapd,iapd_state_compilation,299284,TX,APPROVED,2018-12-06,M&A WEALTH,"MACKWANI & ASSOCIATES WEALTH MANAGEMENT, LLC"
iapd,iapd_state_compilation,299307,TX,APPROVED,2018-11-05,NEST FINANCIAL LLC,NEST FINANCIAL LLC
iapd,iapd_state_compilation,299320,TX,APPROVED,2019-01-15,HJ HARRELL INVESTMENTS,"HARRELL, HATLEY JOE"
iapd,iapd_state_compilation,299381,TX,APPROVED,2019-03-07,"WHITESTONE WEALTH ADVISORS, LLC","WHITESTONE WEALTH ADVISORS, LLC"
iapd,iapd_state_compilation,299389,TX,APPROVED,2023-11-27,PROVIDENT WEALTH MANAGEMENT,"PROVIDENT WEALTH MANAGEMENT, INC."
iapd,iapd_state_compilation,299406,TX,APPROVED,2022-02-28,BFG WEALTH MANAGEMENT LLC,BFG WEALTH MANAGEMENT LLC
iapd,iapd_state_compilation,299426,TX,APPROVED,2018-12-18,OLSON WEALTH MANAGEMENT,"OFSG, LLC"
iapd,iapd_state_compilation,299442,TX,APPROVED,2019-01-02,"HOUSTON WEALTH ADVISERS, LLC.","HOUSTON WEALTH ADVISERS, LLC."
iapd,iapd_state_compilation,299459,TX,APPROVED,2019-01-16,ASSURANCE WEALTH MANAGEMENT,GB WEALTH ADVISORS LLC
iapd,iapd_state_compilation,299546,TX,APPROVED,2019-01-10,FINPOWER,"FINPOWER, LLC"
iapd,iapd_state_compilation,299570,TX,APPROVED,2020-04-17,"TWO CENTURIES INVESTMENTS, LLC","TWO CENTURIES INVESTMENTS, LLC"
iapd,iapd_state_compilation,299636,TX,APPROVED,2019-01-16,ARETE ADVISORS,"ARETE INVESTMENTS, LLC"
iapd,iapd_state_compilation,299698,TX,APPROVED,2019-04-23,"O'HAVER WEALTH MANAGEMENT, LLC","O'HAVER WEALTH MANAGEMENT, LLC"
iapd,iapd_state_compilation,299823,TX,APPROVED,2019-03-12,"FS FINANCIAL ADVISORS, LLC","FS FINANCIAL ADVISORS, LLC"
iapd,iapd_state_compilation,299868,TX,APPROVED,2019-01-10,HARVEST CAPITAL MANAGEMENT,"MHB ADVISORY SERVICES, LLC"
iapd,iapd_state_compilation,299880,TX,APPROVED,2019-02-14,"LOWERCASE CAPITAL, LLC","LOWERCASE CAPITAL, LLC"
iapd,iapd_state_compilation,299889,TX,APPROVED,2024-06-19,CAIRN FINANCIAL GROUP,CAIRN FINANCIAL GROUP LLC
iapd,iapd_state_compilation,299891,TX,APPROVED,2022-02-17,SHIDOOSH WEALTH MANAGEMENT LLC,SHIDOOSH WEALTH MANAGEMENT LLC
iapd,iapd_state_compilation,299972,TX,APPROVED,2022-01-05,ARROW INVESTMENT MANAGEMENT LLC,ARROW INVESTMENT MANAGEMENT LLC
iapd,iapd_state_compilation,300005,TX,APPROVED,2019-02-28,"TUSKER WEALTH MANAGEMENT, LLC","TUSKER WEALTH MANAGEMENT, LLC"
iapd,iapd_state_compilation,300092,TX,APPROVED,2019-02-07,"PVB WEALTH MANAGEMENT, LLC","PVB WEALTH MANAGEMENT, LLC"
iapd,iapd_state_compilation,300120,TX,APPROVED,2019-03-22,ONUS FINANCIAL LLC,ONUS FINANCIAL LLC
iapd,iapd_state_compilation,300270,TX,APPROVED,2019-02-25,"PRESIDIO FINANCIAL, LLC","PRESIDIO FINANCIAL, LLC"
iapd,iapd_state_compilation,300278,TX,APPROVED,2019-08-02,PLANB TAX & WEALTH ADVISORS LLC,PLANB TAX & WEALTH ADVISORS LLC
iapd,iapd_state_compilation,300320,TX,APPROVED,2019-02-12,ORCHARD FINANCIAL,ORCHARD FINANCIAL GROUP LLC
iapd,iapd_state_compilation,300367,TX,APPROVED,2019-05-29,THIRD GENERATION CAPITAL MANAGEMENT,"THIRD GENERATION CAPITAL MANAGEMENT, LLC"
iapd,iapd_state_compilation,300372,TX,APPROVED,2019-03-01,OVERSHARE,"OVERSHARE ADVICE AND PLANNING, LLC"
iapd,iapd_state_compilation,300386,TX,APPROVED,2019-05-13,SIMARIS FINANCIAL,"SIMARIS, LLC"
iapd,iapd_state_compilation,300414,TX,APPROVED,2019-03-25,"CAPITAL ADVICE, LLC","CAPITAL ADVICE, LLC"
iapd,iapd_state_compilation,300423,TX,APPROVED,2019-06-21,"KICKPOINT FINANCIAL, LLC","KICKPOINT FINANCIAL, LLC"
iapd,iapd_state_compilation,300479,TX,APPROVED,2019-03-01,FERRI INVESTMENT SOLUTIONS,"RICK FERRI, LLC"
iapd,iapd_state_compilation,300602,TX,APPROVED,2020-11-20,"OUTPOST ADVISORS, LLC","OUTPOST ADVISORS, LLC"
iapd,iapd_state_compilation,300614,TX,APPROVED,2023-04-19,NINETY WEST GLOBAL WEALTH,HORIZON FINANCIAL PLANNING LLC
iapd,iapd_state_compilation,300615,TX,APPROVED,2019-09-06,"CRG WEALTH, LLC","CRG WEALTH, LLC"
iapd,iapd_state_compilation,300652,TX,APPROVED,2023-11-27,AAN WEALTH ADVISORS LLC,AAN WEALTH ADVISORS LLC
iapd,iapd_state_compilation,300698,TX,APPROVED,2019-05-23,"DH ASSET MANAGEMENT, LLC","DH ASSET MANAGEMENT, LLC"
iapd,iapd_state_compilation,300702,TX,APPROVED,2019-04-02,GOLDEN GUIDANCE LLC,GOLDEN GUIDANCE LLC
iapd,iapd_state_compilation,300771,TX,APPROVED,2019-07-15,CORE PARTNERS,"CORE INVESTMENT GROUP, LLC"
iapd,iapd_state_compilation,300779,TX,APPROVED,2021-01-15,RETIREMITTEN FINANCIAL LLC,RETIREMITTEN FINANCIAL LLC
iapd,iapd_state_compilation,300797,TX,APPROVED,2019-08-26,"ALPHA SQUARED CAPITAL, LLC","ALPHA SQUARED CAPITAL, LLC"
iapd,iapd_state_compilation,300859,TX,APPROVED,2019-03-15,TWO PILLARS ASSET MANAGEMENT,"JACHIN & BOAZ ASSET MANAGEMENT, LLC"
iapd,iapd_state_compilation,300876,TX,APPROVED,2019-07-26,BLUE ROCK CAPITAL,"BLUE ROCK CAPITAL, LLC"
iapd,iapd_state_compilation,300955,TX,APPROVED,2019-04-18,"OVERLOOK PARK WEALTH, LLC","OVERLOOK PARK WEALTH, LLC"
iapd,iapd_state_compilation,300977,TX,APPROVED,2022-02-18,PARK WALK INVESTMENTS LLC,PARK WALK INVESTMENTS LLC
iapd,iapd_state_compilation,300984,TX,APPROVED,2019-04-04,"FIDELIUM INVESTMENT ADVISERS, LLC","FIDELIUM INVESTMENT ADVISERS, LLC"
iapd,iapd_state_compilation,300990,TX,APPROVED,2019-04-04,SYMPHONY RETIREMENT PARTNERS LLC,SYMPHONY RETIREMENT PARTNERS LLC
iapd,iapd_state_compilation,301085,TX,APPROVED,2019-05-13,"CROSS FINANCIAL STRATEGIES, LLC","CROSS FINANCIAL STRATEGIES, LLC"
iapd,iapd_state_compilation,301160,TX,APPROVED,2019-06-12,"AESOP ADVISOR, LLC","AESOP ADVISOR, LLC"
iapd,iapd_state_compilation,301188,TX,APPROVED,2019-05-07,WOOD WEALTH MANAGEMENT LLC,WOOD WEALTH MANAGEMENT LLC
iapd,iapd_state_compilation,301192,TX,APPROVED,2019-11-07,ZE CAPITAL LLC,ZE CAPITAL LLC
iapd,iapd_state_compilation,301304,TX,APPROVED,2019-04-11,PHAN CAPITAL,"PHAN CAPITAL MANAGEMENT, LLC"
iapd,iapd_state_compilation,301316,TX,APPROVED,2019-05-02,LAUGHTER FINANCIAL,"LAUGHTER FINANCIAL, LLC"
iapd,iapd_state_compilation,301318,TX,APPROVED,2021-04-26,"SHUTZER INVESTMENTS, LLC","SHUTZER INVESTMENTS, LLC"
iapd,iapd_state_compilation,301506,TX,APPROVED,2020-08-04,SPIRE INVESTMENT MANAGEMENT LLC,SPIRE INVESTMENT MANAGEMENT LLC
iapd,iapd_state_compilation,301522,TX,APPROVED,2019-06-11,BRIGHT VISION WEALTH,"BOND WEALTH PLANNING & INVESTMENTS, PLLC"
iapd,iapd_state_compilation,302033,TX,APPROVED,2019-06-04,RIDGEWOOD WEALTH MANAGEMENT LLC,RIDGEWOOD WEALTH MANAGEMENT LLC
iapd,iapd_state_compilation,302087,TX,APPROVED,2026-02-05,KOMONS FINANCIAL LLC,KOMONS FINANCIAL LLC
iapd,iapd_state_compilation,304119,TX,APPROVED,2019-06-26,TAX PRO ADVISOR,TAX PRO ADVISOR LLC
iapd,iapd_state_compilation,304191,TX,APPROVED,2019-05-31,TBMS WEALTH LLC,TBMS WEALTH LLC
iapd,iapd_state_compilation,304200,TX,APPROVED,2025-02-20,VAN NOSTRAND WEALTH MANAGEMENT LLC,VAN NOSTRAND WEALTH MANAGEMENT LLC
iapd,iapd_state_compilation,304226,TX,APPROVED,2019-06-19,VALUETREE FINANCIAL LLC,VALUETREE FINANCIAL LLC
iapd,iapd_state_compilation,304351,TX,APPROVED,2019-07-11,KINETIX FINANCIAL PLANNING,KINETIX FINANCIAL PLANNING LLC
iapd,iapd_state_compilation,304358,TX,APPROVED,2019-07-11,"DESMO WEALTH ADVISORS, LLC","DESMO WEALTH ADVISORS, LLC"
iapd,iapd_state_compilation,304452,TX,APPROVED,2019-07-15,LAKE HIGHLANDS CAPITAL MANAGEMENT,"LAKE HIGHLANDS CAPITAL MANAGEMENT, LLC"
iapd,iapd_state_compilation,304542,TX,APPROVED,2019-07-11,CHRIS REDDICK FINANCIAL PLANNING,"CHRIS REDDICK FINANCIAL PLANNING, LLC"
iapd,iapd_state_compilation,304561,TX,APPROVED,2020-09-27,"DEWITT AND DUNN FINANCIAL SERVICES, LLC","DEWITT AND DUNN FINANCIAL SERVICES, LLC"
iapd,iapd_state_compilation,304611,TX,APPROVED,2019-07-19,BLUEPRINT RETIREMENT ADVISORS LLC,BLUEPRINT RETIREMENT ADVISORS LLC
iapd,iapd_state_compilation,304613,TX,APPROVED,2019-08-15,KRISHNA WEALTH PLANNING,KRISHNA WEALTH PLANNING LLC
iapd,iapd_state_compilation,304651,TX,APPROVED,2019-08-02,"HOYLE CAPITAL, LLC","HOYLE CAPITAL, LLC"
iapd,iapd_state_compilation,304695,TX,APPROVED,2021-05-18,REAL LIFE PLANNING,"REAL LIFE PLANNING, LLC"
iapd,iapd_state_compilation,304717,TX,APPROVED,2019-12-12,"FOURPARK ADVISORS, LLC","FOURPARK ADVISORS, LLC"
iapd,iapd_state_compilation,304778,TX,APPROVED,2019-08-27,"SKB ADVISORY, LLC","SKB ADVISORY, LLC"
iapd,iapd_state_compilation,304831,TX,APPROVED,2019-08-26,"CONCERT FINANCIAL PLANNING, LLC","CONCERT FINANCIAL PLANNING, LLC"
iapd,iapd_state_compilation,304860,TX,APPROVED,2025-04-08,CAMPOS FINANCIAL,CAMPOS FINANCIAL LLC
iapd,iapd_state_compilation,304861,TX,APPROVED,2019-07-26,GUZMAN WEALTH MANAGEMENT,"SCG FINANCIAL SERVICES, LLC"
iapd,iapd_state_compilation,304864,TX,APPROVED,2019-09-06,THE WEALTH OBSERVATORY,"SMALLWILLOW, LLC"
iapd,iapd_state_compilation,304880,TX,APPROVED,2019-09-03,PERCEPTIVE WEALTH ADVISORS LLC,PERCEPTIVE WEALTH ADVISORS LLC
iapd,iapd_state_compilation,304973,TX,APPROVED,2019-10-17,"ROYAL ROAD WEALTH PARTNERS, LLC","ROYAL ROAD WEALTH PARTNERS, LLC"
iapd,iapd_state_compilation,304976,TX,APPROVED,2020-02-04,"BALANCED INVESTMENT ADVISORS, LLC","BALANCED INVESTMENT ADVISORS, LLC"
iapd,iapd_state_compilation,305116,TX,APPROVED,2022-04-13,"JOSHI CAPITAL MANAGEMENT, LLC","JOSHI CAPITAL MANAGEMENT, LLC"
iapd,iapd_state_compilation,305120,TX,APPROVED,2020-04-21,"FINANCIAL CORNERSTONES, LLC","FINANCIAL CORNERSTONES, LLC"
iapd,iapd_state_compilation,305172,TX,APPROVED,2020-04-29,OLD VINE CAPITAL,"OLD VINE CAPITAL, LLC"
iapd,iapd_state_compilation,305202,TX,APPROVED,2019-09-03,HERRINGTON WEALTH MANAGEMENT CORPORATION,HERRINGTON WEALTH MANAGEMENT CORPORATION
iapd,iapd_state_compilation,305247,TX,APPROVED,2019-08-26,COMPLETE VIEW FINANCIAL LLC,COMPLETE VIEW FINANCIAL LLC
iapd,iapd_state_compilation,305257,TX,APPROVED,2019-09-06,"BEARING FINANCIAL ADVISORS, LLC","BEARING FINANCIAL ADVISORS, L.L.C."
iapd,iapd_state_compilation,305267,TX,APPROVED,2020-05-03,"FINANCIAL SYNERGISTICS GROUP, INC.","FINANCIAL SYNERGISTICS GROUP, INC."
iapd,iapd_state_compilation,305270,TX,APPROVED,2019-10-29,"CHALK CREEK PARTNERS, LLC","CHALK CREEK PARTNERS, LLC"
iapd,iapd_state_compilation,305339,TX,APPROVED,2021-05-28,"PLANNING ASSOCIATES WEALTH MANAGEMENT, LLC","PLANNING ASSOCIATES WEALTH MANAGEMENT, LLC"
iapd,iapd_state_compilation,305467,TX,APPROVED,2019-09-24,"BAYROCK FINANCIAL, L.L.C.","BAYROCK FINANCIAL, L.L.C."
iapd,iapd_state_compilation,305469,TX,APPROVED,2021-05-21,"MOUNTAIN FLOWER INVESTMENTS & PLANNING, LLC","MOUNTAIN FLOWER INVESTMENTS & PLANNING, LLC"
iapd,iapd_state_compilation,305482,TX,APPROVED,2019-11-18,"ACRUENCE CAPITAL, LLC","ACRUENCE CAPITAL, LLC"
iapd,iapd_state_compilation,305502,TX,APPROVED,2019-10-22,MOMENTUM PRIVATE WEALTH MANAGEMENT,MOMENTUM PRIVATE WEALTH MANAGEMENT LLC
iapd,iapd_state_compilation,305653,TX,APPROVED,2019-10-22,FAITHFUL FINANCIAL LLC,FAITHFUL FINANCIAL LLC
iapd,iapd_state_compilation,305687,TX,APPROVED,2020-12-09,NEW STREET ADVISORS GROUP LLC,NEW STREET ADVISORS GROUP LLC
iapd,iapd_state_compilation,305698,TX,APPROVED,2022-02-18,BOGGS WALLACE WEALTH PARTNERS LLC,BOGGS WALLACE WEALTH PARTNERS LLC
iapd,iapd_state_compilation,305740,TX,APPROVED,2025-08-10,"EAGLE WEALTH MANAGEMENT, INC.","EAGLE WEALTH MANAGEMENT, INC."
iapd,iapd_state_compilation,305807,TX,APPROVED,2023-12-04,PEERLESS WEALTH,PEERLESS WEALTH LLC
iapd,iapd_state_compilation,305920,TX,APPROVED,2019-10-29,DEEP THINK INVESTMENTS,"DEEP THINK INVESTMENTS, LLC"
iapd,iapd_state_compilation,306032,TX,APPROVED,2020-03-12,JPN ADVISORS LLC,JPN ADVISORS LLC
iapd,iapd_state_compilation,306038,TX,APPROVED,2019-11-01,"DOUBLE SEVEN WEALTH GROUP, LLC","DOUBLE SEVEN WEALTH GROUP, LLC"
iapd,iapd_state_compilation,306040,TX,APPROVED,2019-11-07,INVESTMENTS PLUS LLC,INVESTMENTS PLUS LLC
iapd,iapd_state_compilation,306087,TX,APPROVED,2020-01-08,"RICHARDS FINANCIAL PLANNING, LLC","RICHARDS FINANCIAL PLANNING, LLC"
iapd,iapd_state_compilation,306099,TX,APPROVED,2026-02-03,"WINGO ASSET MANAGEMENT, LLC","WINGO ASSET MANAGEMENT, LLC"
iapd,iapd_state_compilation,306116,TX,APPROVED,2022-03-14,WHAT ABOUT US FINANCIAL,WHAT ABOUT US FINANCIAL LLC
iapd,iapd_state_compilation,306196,TX,APPROVED,2021-06-15,"WEALTHGEN ADVISORS, LLC","WEALTHGEN ADVISORS, LLC"
iapd,iapd_state_compilation,306286,TX,APPROVED,2022-01-28,KELLY KLINGAMAN FINANCIAL PLANNING LLC,KELLY KLINGAMAN FINANCIAL PLANNING LLC
iapd,iapd_state_compilation,306300,TX,APPROVED,2021-09-24,ADAIR FINANCIAL PRIVATE CLIENT GROUP,ADAIR FINANCIAL PRIVATE CLIENT GROUP LLC
iapd,iapd_state_compilation,306303,TX,APPROVED,2020-03-03,CEDAR VALLEY CAPITAL LLC,CEDAR VALLEY CAPITAL LLC
iapd,iapd_state_compilation,306305,TX,APPROVED,2020-03-04,"FOCUSED COMPOUNDING CAPITAL MANAGEMENT, LLC","FOCUSED COMPOUNDING CAPITAL MANAGEMENT, LLC"
iapd,iapd_state_compilation,306353,TX,APPROVED,2025-07-24,MANENT CAPITAL,MANENT CAPITAL LLC
iapd,iapd_state_compilation,306511,TX,APPROVED,2024-03-15,ORDERLY FINANCE,"ORDERLY FINANCE, LLC"
iapd,iapd_state_compilation,306564,TX,APPROVED,2020-04-10,SLATON CAPITAL ADVISORS,SLATON CAPITAL ADVISORS LTD
iapd,iapd_state_compilation,306672,TX,APPROVED,2022-04-22,KINGHORN LAW | FINANCIAL,"KINGHORN LAW, LLC"
iapd,iapd_state_compilation,306690,TX,APPROVED,2021-08-05,SUMMIT INVESTMENT ADVISORY GROUP LLC,SUMMIT INVESTMENT ADVISORY GROUP LLC
iapd,iapd_state_compilation,306759,TX,APPROVED,2020-01-21,EMERGING OAKS CAPITAL LLC,EMERGING OAKS CAPITAL LLC
iapd,iapd_state_compilation,306763,TX,APPROVED,2021-12-15,BULL RUN INVESTMENT MANAGEMENT LLC,BULL RUN INVESTMENT MANAGEMENT LLC
iapd,iapd_state_compilation,306787,TX,APPROVED,2020-01-13,IS CAPITAL MANAGEMENT,"IS CAPITAL MANAGEMENT, LIMITED LIABILITY COMPANY"
iapd,iapd_state_compilation,306933,TX,APPROVED,2025-02-12,WORLD MARKET ADVISORS,"WORLD MARKET ADVISORS, LLC"
iapd,iapd_state_compilation,306946,TX,APPROVED,2020-03-12,"FORCE ACRES, LLC","FORCE ACRES, LLC"
iapd,iapd_state_compilation,306973,TX,APPROVED,2020-03-31,MIDWEST WEALTH MANAGEMENT INC,MIDWEST WEALTH MANAGEMENT INC
iapd,iapd_state_compilation,306976,TX,APPROVED,2020-04-01,IMPACTFUL WEALTH SOLUTIONS,"IMPACTFUL BUSINESS SOLUTIONS, LLC"
iapd,iapd_state_compilation,307039,TX,APPROVED,2020-09-12,ADVENTURE WEALTH ADVISORS,"ADVENTURE WEALTH ADVISORS, LLC"
iapd,iapd_state_compilation,307069,TX,APPROVED,2025-01-13,PORTFOLIO DYNAMIX,PORTFOLIO DYNAMIX
iapd,iapd_state_compilation,307157,TX,APPROVED,2021-12-10,RETIREMENT INVESTMENT ADVISORS INC.,RETIREMENT INVESTMENT ADVISORS INC.
iapd,iapd_state_compilation,307224,TX,APPROVED,2024-09-26,COASTAL CAPITAL ADVISORS,"COASTAL CAPITAL ADVISORS, LLC"
iapd,iapd_state_compilation,307266,TX,APPROVED,2020-03-12,"323 WEALTH MANAGEMENT, LLC","323 WEALTH MANAGEMENT, LLC"
iapd,iapd_state_compilation,307283,TX,APPROVED,2020-08-24,"HERITAGE ADVISORS GROUP, INC.","HERITAGE ADVISORS GROUP, INC."
iapd,iapd_state_compilation,307290,TX,APPROVED,2020-04-02,EDWARDS FINANCIAL & INSURANCE SERVICES,"EDWARDS FINANCIAL & INSURANCE SERVICES, LLC"
iapd,iapd_state_compilation,307469,TX,APPROVED,2021-10-08,"SCARECROW ADVISORS, LLC","SCARECROW ADVISORS, LLC"
iapd,iapd_state_compilation,307479,TX,APPROVED,2020-03-17,SAGE PATH SOLUTIONS,"BARBARA J NORMAN, LLC"
iapd,iapd_state_compilation,307539,TX,APPROVED,2020-08-10,"SPRING DELTA ASSET MANAGEMENT, LLC","SPRING DELTA ASSET MANAGEMENT, LLC"
iapd,iapd_state_compilation,307616,TX,APPROVED,2023-01-30,GLADIATOR CAPITAL MANAGEMENT,"GLADIATOR CAPITAL MANAGEMENT, LLC"
iapd,iapd_state_compilation,307670,TX,APPROVED,2022-12-08,GRANITE CAPITAL WEALTH MANAGEMENT LLC,GRANITE CAPITAL WEALTH MANAGEMENT LLC
iapd,iapd_state_compilation,307679,TX,APPROVED,2021-01-19,"CRESTRIDGE WEALTH ADVISORS, LLC","CRESTRIDGE WEALTH ADVISORS, LLC"
iapd,iapd_state_compilation,307709,TX,APPROVED,2020-04-01,SERENDIB CAPITAL MANAGEMENT LLC,SERENDIB CAPITAL MANAGEMENT LLC
iapd,iapd_state_compilation,307839,TX,APPROVED,2020-07-08,LLOYDS INTREPID WEALTH MANAGEMENT,LLOYDS INTREPID LLC
iapd,iapd_state_compilation,307853,TX,APPROVED,2023-06-14,GRASS CAPITAL LLC,GRASS CAPITAL LLC
iapd,iapd_state_compilation,308014,TX,APPROVED,2020-05-08,NASCHE ASSET MANAGEMENT LLC,NASCHE ASSET MANAGEMENT LLC
iapd,iapd_state_compilation,308157,TX,APPROVED,2024-06-19,"AMC WEALTH MANAGEMENT, LLC","AMC WEALTH MANAGEMENT, LLC"
iapd,iapd_state_compilation,308177,TX,APPROVED,2020-04-29,WAYMAKER FINANCIAL PLANNING,WAYMAKER FINANCIAL PLANNING LLC
iapd,iapd_state_compilation,308216,TX,APPROVED,2020-03-29,HORIZONS FINANCIAL PLANNING,HORIZONS FINANCIAL PLANNING LLC
iapd,iapd_state_compilation,308370,TX,APPROVED,2020-08-04,WHITE ASPEN CAPITAL LLC,WHITE ASPEN CAPITAL LLC
iapd,iapd_state_compilation,308424,TX,APPROVED,2025-02-04,"AEON CAPITAL PARTNERS, LLC","AEON CAPITAL PARTNERS, LLC"
iapd,iapd_state_compilation,308463,TX,APPROVED,2020-11-09,ORIS WEALTH DESIGNS LLC,ORIS WEALTH DESIGNS LLC
iapd,iapd_state_compilation,308877,TX,APPROVED,2025-11-24,THEORY PLANNING PARTNERS,"THEORY PLANNING PARTNERS, LLC"
iapd,iapd_state_compilation,308896,TX,APPROVED,2020-08-25,"QUILLPEN ADVISORS, LLC","QUILLPEN ADVISORS, LLC"
iapd,iapd_state_compilation,308906,TX,APPROVED,2020-06-17,AZ LEGACY WEALTH LLC,AZ LEGACY WEALTH LLC
iapd,iapd_state_compilation,308953,TX,APPROVED,2023-05-24,WESTSIDE FINANCIAL ADVISORS LLC,WESTSIDE FINANCIAL ADVISORS LLC
iapd,iapd_state_compilation,308965,TX,APPROVED,2021-06-21,INNOVATIVE WEALTH MANAGEMENT,"IWM ADVISORY, LLC"
iapd,iapd_state_compilation,309104,TX,APPROVED,2021-09-29,"ABW, LLC","ABW, LLC"
iapd,iapd_state_compilation,309157,TX,APPROVED,2020-06-12,J BEAVER INVESTMENT ADVISORS INC,J BEAVER INVESTMENT ADVISORS INC
iapd,iapd_state_compilation,309162,TX,APPROVED,2020-06-14,FIRST CHOICE FINANCIAL PLANNING LLC,FIRST CHOICE FINANCIAL PLANNING LLC
iapd,iapd_state_compilation,309164,TX,APPROVED,2020-06-02,"EQUILIBRIUM VENTURES, LLC","EQUILIBRIUM VENTURES, LLC"
iapd,iapd_state_compilation,309184,TX,APPROVED,2020-09-16,"KWS ADVISORY GROUP, LLC","KWS ADVISORY GROUP, LLC"
iapd,iapd_state_compilation,309189,TX,APPROVED,2020-05-29,"ANIMUS WEALTH MANAGEMENT, LLC.","ANIMUS WEALTH MANAGEMENT, LLC."
iapd,iapd_state_compilation,309221,TX,APPROVED,2021-02-12,REAL ADVISERS LLC RIA SERIES,REAL ADVISERS LLC RIA SERIES
iapd,iapd_state_compilation,309278,TX,APPROVED,2021-01-01,CRESTWAY ADVISORY GROUP,"CRESTWAY INSURANCE GROUP, LLC DBA"
iapd,iapd_state_compilation,309290,TX,APPROVED,2020-05-29,BDJ WEALTH MANAGEMENT LLC,BDJ WEALTH MANAGEMENT LLC
iapd,iapd_state_compilation,309325,TX,APPROVED,2020-06-25,"RISTAU CAPITAL, LLC","RISTAU CAPITAL, LLC"
iapd,iapd_state_compilation,309352,TX,APPROVED,2020-06-27,COMAL WEALTH MANAGEMENT,COMAL WEALTH MANAGEMENT LLC
iapd,iapd_state_compilation,309438,TX,APPROVED,2020-07-16,"VOLKMAN WEALTH MANAGEMENT, LLC","VOLKMAN WEALTH MANAGEMENT, LLC"
iapd,iapd_state_compilation,309446,TX,APPROVED,2025-01-13,WISDOM OAK FUND MANAGEMENT LLC,WISDOM OAK FUND MANAGEMENT LLC
iapd,iapd_state_compilation,309601,TX,APPROVED,2020-07-28,KAPELA,"OASIS WEALTH ADVISORS, LLC"
iapd,iapd_state_compilation,309636,TX,APPROVED,2020-07-08,ANALOG CAPITAL PARTNERS LLC,ANALOG CAPITAL PARTNERS LLC
iapd,iapd_state_compilation,309643,TX,APPROVED,2020-07-10,"BREXTON FAMILY FINANCIAL, LLC","BREXTON FAMILY FINANCIAL, LLC"
iapd,iapd_state_compilation,309669,TX,APPROVED,2020-10-10,"PLANVEST, LLC","PLANVEST, LLC"
iapd,iapd_state_compilation,309689,TX,APPROVED,2024-09-14,ALLSTREET WEALTH,ALLSTREET WEALTH LLC
iapd,iapd_state_compilation,309694,TX,APPROVED,2022-07-07,"WEALTH MANAGEMENT ADVISORS RIA, INC.","WEALTH MANAGEMENT ADVISORS RIA, INC."
iapd,iapd_state_compilation,309712,TX,APPROVED,2020-08-21,"AMPLIO WEALTH MANAGEMENT, INC.","AMPLIO WEALTH MANAGEMENT, INC."
iapd,iapd_state_compilation,309759,TX,APPROVED,2020-10-05,OAKS WEALTH MANAGEMENT,OWM ADVICE AND ASSET MANAGEMENT INC.
iapd,iapd_state_compilation,309772,TX,APPROVED,2021-08-10,SOAR FINANCIAL LLC,SOAR FINANCIAL LLC
iapd,iapd_state_compilation,309782,TX,APPROVED,2020-08-07,MAGUIRE STEWARDSHIP PARTNERS,"MAGUIRE STEWARDSHIP PARTNERS, LLC"
iapd,iapd_state_compilation,309799,TX,APPROVED,2020-08-04,"HICKS MANAGEMENT & FINANCIAL SERVICES, LLC","HICKS MANAGEMENT & FINANCIAL SERVICES, LLC"
iapd,iapd_state_compilation,309802,TX,APPROVED,2020-11-06,"HELPING HAND RIA, LLC","HELPING HAND RIA, LLC"
iapd,iapd_state_compilation,309886,TX,APPROVED,2021-12-08,CHANAKYA BUSINESS VENTURES LLC,CHANAKYA BUSINESS VENTURES LLC
iapd,iapd_state_compilation,309957,TX,APPROVED,2020-08-18,CLEAR AND SIMPLE FINANCIAL GROUP LLC,CLEAR AND SIMPLE FINANCIAL GROUP LLC
iapd,iapd_state_compilation,309992,TX,APPROVED,2020-10-02,"JMJRG, INC. DBA STRATEGIC WEALTH MANAGEMENT GROUP","JMJRG, INC"
iapd,iapd_state_compilation,309996,TX,APPROVED,2022-11-22,"JOSEPH WEALTH MANAGEMENT, LLC","JOSEPH WEALTH MANAGEMENT, LLC"
iapd,iapd_state_compilation,310134,TX,APPROVED,2020-12-08,TAO FINANCIAL,TAO FINANCIAL INC.
iapd,iapd_state_compilation,310235,TX,APPROVED,2024-01-30,DESLA WEALTH MANAGEMENT,DESLA WEALTH MANAGEMENT LLC
iapd,iapd_state_compilation,310255,TX,APPROVED,2020-12-15,"BOWLINE FINANCIAL, LLC","BOWLINE FINANCIAL, LLC"
iapd,iapd_state_compilation,310270,TX,APPROVED,2023-02-17,THE RAFFIN GROUP LLC,THE RAFFIN GROUP LLC
iapd,iapd_state_compilation,310390,TX,APPROVED,2021-06-23,CORVUM INVESTMENT MANAGEMENT,"CORVUM INVESTMENT MANAGEMENT, LLC"
iapd,iapd_state_compilation,310413,TX,APPROVED,2022-03-15,"LOTUSMENT ADVISORS, LLC","LOTUSMENT ADVISORS, LLC"
iapd,iapd_state_compilation,310458,TX,APPROVED,2020-09-15,ELGON FINANCIAL ADVISORS,ELGON FINANCIAL ADVISORS LLC
iapd,iapd_state_compilation,310471,TX,APPROVED,2021-01-08,"GWD CAPITAL MANAGEMENT, LLC","GWD CAPITAL MANAGEMENT, LLC"
iapd,iapd_state_compilation,310539,TX,APPROVED,2020-10-08,ARK ALLIANCE FINANCIAL LLC,ARK ALLIANCE FINANCIAL LLC
iapd,iapd_state_compilation,310547,TX,APPROVED,2020-09-16,COMBS CAPITAL PARTNERS,COMBS CAPITAL PARTNERS LLC
iapd,iapd_state_compilation,310585,TX,APPROVED,2020-10-10,Y2K FINANCIAL LLC,Y2K FINANCIAL LLC
iapd,iapd_state_compilation,310588,TX,APPROVED,2020-10-23,DYNAMIQUE CAPITAL ADVISORS,"DYNAMIQUE CAPITAL ADVISORS, LLC"
iapd,iapd_state_compilation,310597,TX,APPROVED,2021-10-09,SG WEALTH MANAGERS LLC,SG WEALTH MANAGERS LLC
iapd,iapd_state_compilation,310659,TX,APPROVED,2020-09-27,"OLYMPUS CAPITAL, LLC","OLYMPUS CAPITAL, LLC"
iapd,iapd_state_compilation,310668,TX,APPROVED,2022-05-24,WINGED WEALTH MANAGEMENT AND FINANCIAL PLANNING,WINGED WEALTH MANAGEMENT AND FINANCIAL PLANNING LLC
iapd,iapd_state_compilation,310697,TX,APPROVED,2021-01-05,"GORDON OAK FINANCIAL, LLC","GORDON OAK FINANCIAL, LLC"
iapd,iapd_state_compilation,310735,TX,APPROVED,2020-11-06,ROCKWALL WEALTH ADVISORS,ROCKWALL WEALTH ADVISORS LLC
iapd,iapd_state_compilation,310741,TX,APPROVED,2021-01-22,SIEGEL ASSET MANAGEMENT PARTNERS,Y C SIEGEL LLC
iapd,iapd_state_compilation,310799,TX,APPROVED,2022-04-26,545 INVESTMENTS,"545 INVESTMENTS, LLC"
iapd,iapd_state_compilation,310802,TX,APPROVED,2020-09-30,QUOINAGE CAPITAL LLC,QUOINAGE CAPITAL LLC
iapd,iapd_state_compilation,310807,TX,APPROVED,2023-03-09,RETIRE WITH SWAN,"SWAN CAPITAL GROUP, LLC"
iapd,iapd_state_compilation,310851,TX,APPROVED,2022-02-01,"KOPKIN CAPITAL MANAGEMENT, LLC",KOPKIN CAPITAL MANAGEMENT
iapd,iapd_state_compilation,310867,TX,APPROVED,2020-10-29,"AZURE SKY FINANCIAL LIFE PLANNING, LLC","AZURE SKY FINANCIAL LIFE PLANNING, LLC"
iapd,iapd_state_compilation,310869,TX,APPROVED,2020-10-19,"EXOS WEALTH STRATEGIES, LLC","EXOS WEALTH STRATEGIES, LLC"
iapd,iapd_state_compilation,310894,TX,APPROVED,2021-01-24,HOZIE CONSULTING,"HOZIE CONSULTING, LLC"
iapd,iapd_state_compilation,310927,TX,APPROVED,2022-04-29,RETIREMENT SYSTEMS LLC,RETIREMENT SYSTEMS LLC
iapd,iapd_state_compilation,310941,TX,APPROVED,2020-11-18,A-TEAM ADVISORS,ANNIE WERNER LLC
iapd,iapd_state_compilation,310974,TX,APPROVED,2020-10-30,"INTEGRITY FINANCIAL PLANNING, LLC","INTEGRITY FINANCIAL PLANNING, LLC"
iapd,iapd_state_compilation,311066,TX,APPROVED,2025-01-09,JSSR CAPITAL LLC,JSSR CAPITAL LLC
iapd,iapd_state_compilation,311083,TX,APPROVED,2020-11-02,SOVEREIGN ASSET ADVISORS LLC,SOVEREIGN ASSET ADVISORS LLC
iapd,iapd_state_compilation,311106,TX,APPROVED,2020-11-10,REAL WEALTH PLANNING,"FIDUCIARY FINANCIAL PLANNING GROUP, LLC"
iapd,iapd_state_compilation,311160,TX,APPROVED,2023-01-19,"LAWRENCE, ALAN","LAWRENCE, ALAN"
iapd,iapd_state_compilation,311199,TX,APPROVED,2023-02-20,TRIUMPH PRIVATE WEALTH,TRIUMPH PRIVATE WEALTH LLC
iapd,iapd_state_compilation,311263,TX,APPROVED,2020-11-02,VISION TECH FINANCIAL ADVISORS,VISION TECH GROUP LLC
iapd,iapd_state_compilation,311399,TX,APPROVED,2020-11-30,"JOHN LINE, CPA, INC.","JOHN LINE, CPA, INC."
iapd,iapd_state_compilation,311403,TX,APPROVED,2021-07-01,"ALEXANDER, DEAN D.","ALEXANDER, DEAN D."
iapd,iapd_state_compilation,311423,TX,APPROVED,2020-12-19,MOVEUP FINANCIAL LLC,MOVEUP FINANCIAL LLC
iapd,iapd_state_compilation,311430,TX,APPROVED,2021-04-15,RINCON WEALTH MANAGEMENT,"MAL-1 FINANCIAL, LLC"
iapd,iapd_state_compilation,311472,TX,APPROVED,2021-01-05,NEXT STEP FINANCIAL TRANSITIONS,"NEXT STEP FINANCIAL TRANSITIONS, LLC"
iapd,iapd_state_compilation,311485,TX,APPROVED,2021-01-05,SONMORE FINANCIAL LLC,SONMORE FINANCIAL LLC
iapd,iapd_state_compilation,311490,TX,APPROVED,2020-11-13,"ALPHA-TECH INVESTMENTS, LLC","ALPHA-TECH INVESTMENTS, LLC"
iapd,iapd_state_compilation,311507,TX,APPROVED,2020-12-22,PILOT RETIREMENT ADVISORS,PILOT RETIREMENT ADVISORS LLC
iapd,iapd_state_compilation,311522,TX,APPROVED,2021-01-15,"CARRINGTON ADVISORS, LLC","CARRINGTON ADVISORS, LLC"
iapd,iapd_state_compilation,311543,TX,APPROVED,2021-07-15,VETERINARY FINANCIAL GROUP LLC,VETERINARY FINANCIAL GROUP LLC
iapd,iapd_state_compilation,311577,TX,APPROVED,2021-01-15,"UBEQUITY WEALTH MANAGEMENT, LLC","UBEQUITY WEALTH MANAGEMENT, LLC"
iapd,iapd_state_compilation,311705,TX,APPROVED,2021-01-20,"HODOS WEALTH GROUP, LLC","HODOS WEALTH GROUP, LLC"
iapd,iapd_state_compilation,311765,TX,APPROVED,2021-01-15,FAIR OAKS FINANCIAL LLC,FAIR OAKS FINANCIAL LLC
iapd,iapd_state_compilation,311779,TX,APPROVED,2021-01-01,GUIDING FINANCIAL,GUIDING FINANCIAL LLC
iapd,iapd_state_compilation,311791,TX,APPROVED,2021-01-01,"QHH CAPITAL MANAGEMENT, LLC","QHH CAPITAL MANAGEMENT, LLC"
iapd,iapd_state_compilation,311814,TX,APPROVED,2022-01-14,"MALNIK WEALTH MANAGEMENT, LLC","MALNIK WEALTH MANAGEMENT, LLC"
iapd,iapd_state_compilation,311887,TX,APPROVED,2024-07-10,"MANNA WEALTH STRATEGIES, LLC","MANNA WEALTH STRATEGIES, LLC"
iapd,iapd_state_compilation,311898,TX,APPROVED,2021-04-26,WB ADVISORS TEXAS LLC,WB ADVISORS TEXAS LLC
iapd,iapd_state_compilation,311963,TX,APPROVED,2021-03-11,ALTAIR INVESTMENT MANAGEMENT,ROBERT KENNETH LOOP
iapd,iapd_state_compilation,311964,TX,APPROVED,2021-01-21,CF FINANCIAL,CF FINANCIAL LLC
iapd,iapd_state_compilation,312036,TX,APPROVED,2023-03-16,VEGA FINANCIAL LLC,VEGA FINANCIAL LLC
iapd,iapd_state_compilation,312055,TX,APPROVED,2026-05-01,MISSION ADVISORY GROUP,"MISSION ADVISORY GROUP, LLC"
iapd,iapd_state_compilation,312084,TX,APPROVED,2020-12-13,"ACCESS FINANCIAL GROUP, LLC","ACCESS FINANCIAL GROUP, LLC"
iapd,iapd_state_compilation,312103,TX,APPROVED,2022-04-29,DROST FINANCIAL,"DROST FINANCIAL, LLC"
iapd,iapd_state_compilation,312110,TX,APPROVED,2021-02-09,INAEYA WEALTH MANAGEMENT LLC,INAEYA WEALTH MANAGEMENT LLC
iapd,iapd_state_compilation,312136,TX,APPROVED,2021-01-01,KOINONIA FINANCIAL,"KOINONIA WEALTH, LLC"
iapd,iapd_state_compilation,312141,TX,APPROVED,2025-07-17,NYTRX LLC,NYTRX LLC
iapd,iapd_state_compilation,312204,TX,APPROVED,2021-03-16,ASPEN WEALTH ADVISORS LLC,ASPEN WEALTH ADVISORS LLC
iapd,iapd_state_compilation,312231,TX,APPROVED,2021-04-07,"CARVALHO INVESTMENT GROUP, LLC","CARVALHO INVESTMENT GROUP, LLC"
iapd,iapd_state_compilation,312295,TX,APPROVED,2023-02-06,CAPLO ADVISORY LLC,CAPLO ADVISORY LLC
iapd,iapd_state_compilation,312336,TX,APPROVED,2022-09-22,VINEYARD FAMILY WEALTH ADVISORS,"VINEYARD FAMILY WEALTH, LLC"
iapd,iapd_state_compilation,312352,TX,APPROVED,2024-03-19,MAINSTAY CAPITAL,MAINSTAY CAPITAL LLC
iapd,iapd_state_compilation,312430,TX,APPROVED,2022-08-09,WISE WEALTH MANAGEMENT,WISE WEALTH LLC
iapd,iapd_state_compilation,312499,TX,APPROVED,2021-03-26,EAGAN VENTURES LLC,EAGAN VENTURES LLC
iapd,iapd_state_compilation,312500,TX,APPROVED,2021-02-25,INTENTIONAL LIVING FP,INTENTIONAL LIVING FP LLC
iapd,iapd_state_compilation,312513,TX,APPROVED,2021-05-28,"SIMPLIFIED WEALTH MANAGEMENT, LLC","SIMPLIFIED WEALTH MANAGEMENT, LLC"
iapd,iapd_state_compilation,312562,TX,APPROVED,2023-10-11,AIS ASSET MANAGEMENT,"ADVANCED INVESTMENT STRATEGIES, LLC"
iapd,iapd_state_compilation,312577,TX,APPROVED,2021-04-07,"STREET LIGHT WEALTH MANAGEMENT, LLC","STREET LIGHT WEALTH MANAGEMENT, LLC"
iapd,iapd_state_compilation,312592,TX,APPROVED,2021-06-29,THE TEMPEST FINANCIAL GROUP PLLC,THE TEMPEST FINANCIAL GROUP PLLC
iapd,iapd_state_compilation,312671,TX,APPROVED,2021-05-10,EFC WEALTH MANAGEMENT FIRM LLC,EFC WEALTH MANAGEMENT FIRM LLC
iapd,iapd_state_compilation,312720,TX,APPROVED,2021-08-18,"ANAVRIN CAPITAL MANAGEMENT, LP","ANAVRIN CAPITAL MANAGEMENT, LP"
iapd,iapd_state_compilation,312743,TX,APPROVED,2021-08-18,OPEN WEALTH MANAGEMENT LLC,OPEN WEALTH MANAGEMENT LLC
iapd,iapd_state_compilation,312782,TX,APPROVED,2022-09-13,MALONE WEALTH VENTURES LLC,MALONE WEALTH VENTURES LLC
iapd,iapd_state_compilation,312791,TX,APPROVED,2021-02-26,BLACKBOX CAPITAL MANAGEMENT LLC,BLACKBOX CAPITAL MANAGEMENT LLC
iapd,iapd_state_compilation,312793,TX,APPROVED,2022-06-29,"KLESIS ADVISORS, LLC","KLESIS ADVISORS, LLC"
iapd,iapd_state_compilation,312891,TX,APPROVED,2024-12-16,G.P. LEACH SECURITIES LLC,G.P. LEACH SECURITIES LLC
iapd,iapd_state_compilation,312972,TX,APPROVED,2022-02-14,E2 ADVISORY,GARY TRENTON DAVIS
iapd,iapd_state_compilation,313002,TX,APPROVED,2021-04-21,"AQUIFER ASSET MANAGEMENT, LLC","AQUIFER ASSET MANAGEMENT, LLC"
iapd,iapd_state_compilation,313044,TX,APPROVED,2021-03-10,PERSONAL PROSPERITY LLC,B2 INNOVATIONS LLC
iapd,iapd_state_compilation,313214,TX,APPROVED,2021-05-12,GEDDI CAPITAL LLC,GEDDI CAPITAL LLC
iapd,iapd_state_compilation,313215,TX,APPROVED,2021-04-21,LTS FINANCIAL GROUP,LTS FINANCIAL GROUP
iapd,iapd_state_compilation,313226,TX,APPROVED,2021-11-19,SANCUS WEALTH MANAGEMENT LLC,SANCUS WEALTH MANAGEMENT LLC
iapd,iapd_state_compilation,313311,TX,APPROVED,2025-01-09,NHABLA,NHABLA LLC
iapd,iapd_state_compilation,313395,TX,APPROVED,2021-05-08,GNRFUNDS LLC,GNRFUNDS LLC
iapd,iapd_state_compilation,313406,TX,APPROVED,2021-05-12,MOUNT FINANCIAL FREEDOM,MOUNT FINANCIAL FREEDOM LLC
iapd,iapd_state_compilation,313434,TX,APPROVED,2021-12-03,PROVISOR ASSET MANAGEMENT LLC,PROVISOR ASSET MANAGEMENT LLC
iapd,iapd_state_compilation,313444,TX,APPROVED,2021-06-14,PREMCA LLC,PREMCA LLC
iapd,iapd_state_compilation,313559,TX,APPROVED,2021-08-18,"MERGENT WEALTH, LLC","MERGENT WEALTH, LLC"
iapd,iapd_state_compilation,313656,TX,APPROVED,2021-05-11,MEASURE TWICE FINANCIAL LLC,MEASURE TWICE FINANCIAL LLC
iapd,iapd_state_compilation,313686,TX,APPROVED,2026-02-23,STELLARIS WEALTH MANAGEMENT LLC,STELLARIS WEALTH MANAGEMENT LLC
iapd,iapd_state_compilation,313690,TX,APPROVED,2023-02-09,"WINCHESTER CAPITAL SERVICES, LLC","WINCHESTER CAPITAL SERVICES, LLC"
iapd,iapd_state_compilation,313698,TX,APPROVED,2021-06-23,ORION WEALTH MANAGEMENT LLC,ORION WEALTH MANAGEMENT LLC
iapd,iapd_state_compilation,313722,TX,APPROVED,2021-09-19,WHITE RIVER INVESTMENTS,WHITE RIVER CONSULTING LLC
iapd,iapd_state_compilation,313753,TX,APPROVED,2021-05-15,TIMOTHY CRAIG STEENWYK,TIMOTHY CRAIG STEENWYK
iapd,iapd_state_compilation,314128,TX,APPROVED,2025-06-02,HONEY BADGER ADVISORS LLC,HONEY BADGER ADVISORS LLC
iapd,iapd_state_compilation,314196,TX,APPROVED,2021-05-25,"PARK 64 CAPITAL, LLC","PARK 64 CAPITAL, LLC"
iapd,iapd_state_compilation,314338,TX,APPROVED,2021-04-28,LEGACY FINANCIAL DESIGNS,"LEGACY FINANCIAL DESIGNS, LLC"
iapd,iapd_state_compilation,314356,TX,APPROVED,2021-08-06,ARSLAN CAPITAL MANAGEMENT LLC,ARSLAN CAPITAL MANAGEMENT LLC
iapd,iapd_state_compilation,314359,TX,APPROVED,2021-05-10,HILL AND LABARRE WEALTH MANAGEMENT,PREMIER INVESTMENT SERVICES LLC
iapd,iapd_state_compilation,314379,TX,APPROVED,2021-05-18,OPEN DOOR FINANCIAL ADVISORS,OPEN DOOR FINANCIAL ADVISORS LLC
iapd,iapd_state_compilation,314459,TX,APPROVED,2021-06-24,"WEALTHPORTRAIT FINANCIAL, LLC",WEALTHPORTRAIT FINANCIAL LLC
iapd,iapd_state_compilation,314497,TX,APPROVED,2021-04-28,EMPOWERMENT FINANCIAL ADVISORS LLC,EMPOWERMENT FINANCIAL ADVISORS LLC
iapd,iapd_state_compilation,314610,TX,APPROVED,2021-06-04,COLLINS WEALTH MANAGEMENT,COLLINS WEALTH MANAGEMENT LLC
iapd,iapd_state_compilation,314620,TX,APPROVED,2021-05-28,"LADEWIG INVESTMENT MANAGEMENT, LLC","LADEWIG INVESTMENT MANAGEMENT, LLC"
iapd,iapd_state_compilation,314649,TX,APPROVED,2024-09-27,OCEANUS RESEARCH LLC,OCEANUS RESEARCH LLC
iapd,iapd_state_compilation,314669,TX,APPROVED,2021-12-03,EVENING STAR ADVISORS,EVENING STAR LLC
iapd,iapd_state_compilation,314713,TX,APPROVED,2021-08-03,"OSGOOD CAPITAL MANAGEMENT, INC.","OSGOOD CAPITAL MANAGEMENT, INC."
iapd,iapd_state_compilation,314727,TX,APPROVED,2021-07-15,BLUE ARIS,BLUE ARIS SYSTEMS LLC
iapd,iapd_state_compilation,314744,TX,APPROVED,2022-01-03,LUSKIN FINANCIAL PLANNING,"JON LUSKIN, LLC"
iapd,iapd_state_compilation,314767,TX,APPROVED,2021-07-29,"EVIDENCE WEALTH, LLC","EVIDENCE WEALTH, LLC"
iapd,iapd_state_compilation,314812,TX,APPROVED,2021-11-09,POWERING YOUR RETIREMENT,"POWERING YOUR RETIREMENT, LLC"
iapd,iapd_state_compilation,314817,TX,APPROVED,2022-11-15,HARMONY WEALTH,HARMONY WEALTH LLC
iapd,iapd_state_compilation,314823,TX,APPROVED,2021-06-16,RADAR FINANCIAL INVESTMENTS CORPORATION,RADAR FINANCIAL INVESTMENTS CORPORATION
iapd,iapd_state_compilation,314959,TX,APPROVED,2021-07-12,NEW HEIGHTS PLANNING,"NEW HEIGHTS PLANNING, LLC"
iapd,iapd_state_compilation,315040,TX,APPROVED,2021-06-21,"FIREHORSE STRATEGIC INVESTING, LLC","FIREHORSE STRATEGIC INVESTING, LLC"
iapd,iapd_state_compilation,315059,TX,APPROVED,2024-01-18,DOUGLAS CAPITAL ADVISORS,"DOUGLAS CAPITAL ADVISORS, LLC"
iapd,iapd_state_compilation,315125,TX,APPROVED,2021-12-22,ADAM DOTY COMPANY,POLYTECHNIC RESEARCH OPERATIONS LLC
iapd,iapd_state_compilation,315147,TX,APPROVED,2022-04-13,"PIERCE WEALTH PARTNERS, INC.","PIERCE WEALTH PARTNERS, INC."
iapd,iapd_state_compilation,315179,TX,APPROVED,2026-01-15,VALOR WEALTH PARTNERS,"VALOR WEALTH PARTNERS, LLC"
iapd,iapd_state_compilation,315226,TX,APPROVED,2021-06-16,BASKETS CAPITAL LLC,BASKETS CAPITAL LLC
iapd,iapd_state_compilation,315242,TX,APPROVED,2022-09-22,DEVELOPING FINANCIAL,DEVELOPING FINANCIAL LLC
iapd,iapd_state_compilation,315251,TX,APPROVED,2023-10-11,"SUNLIGHT PEAKS FINANCIAL PARTNERS, LLC","SUNLIGHT PEAKS FINANCIAL PARTNERS, LLC"
iapd,iapd_state_compilation,315303,TX,APPROVED,2022-01-03,NET EQUITY CAPITAL,"NET EQUITY CAPITAL, LLC"
iapd,iapd_state_compilation,315309,TX,APPROVED,2021-09-29,BULL & BEAR ADVISORS LLC,BULL & BEAR ADVISORS LLC
iapd,iapd_state_compilation,315366,TX,APPROVED,2021-09-29,"ARKAGOS ADVISORS & ASSET MANAGEMENT, INC.","ARKAGOS ADVISORS & ASSET MANAGEMENT, INC."
iapd,iapd_state_compilation,315375,TX,APPROVED,2026-01-23,"LAMPADOS FINANCIAL GROUP, LLC","LAMPADOS FINANCIAL GROUP, LLC"
iapd,iapd_state_compilation,315408,TX,APPROVED,2021-10-22,WARDLAW WEALTH MANAGEMENT LLC,WARDLAW WEALTH MANAGEMENT LLC
iapd,iapd_state_compilation,315459,TX,APPROVED,2025-01-03,SAFE FUTURE WEALTH PARTNERS LLC,SAFE FUTURE WEALTH PARTNERS LLC
iapd,iapd_state_compilation,315472,TX,APPROVED,2022-08-04,"BIAR LEGACY, LLC","BIAR LEGACY, LLC"
iapd,iapd_state_compilation,315473,TX,APPROVED,2026-05-27,EMANCIPARE INVESTMENT ADVISORS,EMANCIPARE INVESTMENT ADVISORS LLC
iapd,iapd_state_compilation,315476,TX,APPROVED,2021-08-09,CRU WEALTH MANAGEMENT,CRU WEALTH MANAGEMENT LLC
iapd,iapd_state_compilation,315548,TX,APPROVED,2021-07-14,CAPITAL ALLIANCE WEALTH MANAGEMENT,"CAPITAL ALLIANCE WEALTH MANAGEMENT, LLC"
iapd,iapd_state_compilation,315575,TX,APPROVED,2021-11-09,"RIGHTEOUS FINANCIAL, LLC","RIGHTEOUS FINANCIAL, LLC"
iapd,iapd_state_compilation,315583,TX,APPROVED,2021-08-03,SYNERGOS CAPITAL MANAGEMENT,"KLUS, MICHEL JAROSLAV"
iapd,iapd_state_compilation,315744,TX,APPROVED,2021-08-02,THINK DIFFERENT WEALTH ADVISORS LLC,THINK DIFFERENT WEALTH ADVISORS LLC
iapd,iapd_state_compilation,315763,TX,APPROVED,2023-11-06,STRONGHOLD CAPITAL PARTNERS LLC,STRONGHOLD CAPITAL PARTNERS LLC
iapd,iapd_state_compilation,315830,TX,APPROVED,2021-08-05,BLUE MOUNTAIN FINANCIAL PLANNING,"BLUE MOUNTAIN FINANCIAL PLANNING, LLC"
iapd,iapd_state_compilation,315858,TX,APPROVED,2026-09-17,FIT WEALTH,"FIT WEALTH ADVISORS, LLC"
iapd,iapd_state_compilation,315864,TX,APPROVED,2021-09-01,"INSIDE EDGE CAPITAL MANAGEMENT, LLC","INSIDE EDGE CAPITAL MANAGEMENT, LLC"
iapd,iapd_state_compilation,315871,TX,APPROVED,2021-08-17,10X10Y LLC,10X10Y LLC
iapd,iapd_state_compilation,315885,TX,APPROVED,2024-01-19,"MOMENTUM FINANCIAL STRATEGIES, LLC","MOMENTUM FINANCIAL STRATEGIES, LLC"
iapd,iapd_state_compilation,315955,TX,APPROVED,2021-11-01,"NUBIAN SQUARE INVESTMENT ADVISORS, LLC","NUBIAN SQUARE INVESTMENT ADVISORS, LLC"
iapd,iapd_state_compilation,315964,TX,APPROVED,2021-10-26,MISSION RETIREMENT,JOSEPH HOPKINS AND ASSOCIATES LLC
iapd,iapd_state_compilation,315984,TX,APPROVED,2026-06-03,MACFARLANE INVESTORS,MACFARLANE INVESTORS LLC
iapd,iapd_state_compilation,316022,TX,APPROVED,2022-02-02,AMPLIFIED ALPHA,AMPLIFIED ALPHA CAPITAL MANAGEMENT LLC
iapd,iapd_state_compilation,316067,TX,APPROVED,2023-07-27,FESC ASSET MANAGEMENT LLC,FESC ASSET MANAGEMENT LLC
iapd,iapd_state_compilation,316097,TX,APPROVED,2021-10-14,SOLID ROCK CAPITAL MANAGEMENT,"SOLID ROCK CAPITAL MANAGEMENT, LLC"
iapd,iapd_state_compilation,316108,TX,APPROVED,2024-01-17,"SOF SPECTRUM CAPITAL MANAGEMENT, LLC","SOF SPECTRUM CAPITAL MANAGEMENT, LLC"
iapd,iapd_state_compilation,316140,TX,APPROVED,2021-10-08,LUMINARY WEALTH ADVISORS,"LUMINARY WEALTH ADVISORS, LLC"
iapd,iapd_state_compilation,316141,TX,APPROVED,2021-09-30,"WOODWARD INVESTMENT MANAGEMENT, LLC","WOODWARD INVESTMENT MANAGEMENT, LLC"
iapd,iapd_state_compilation,316180,TX,APPROVED,2023-01-26,"MIDWAY PARTNERS CAPITAL MANAGEMENT, LLC","MIDWAY PARTNERS CAPITAL MANAGEMENT, LLC"
iapd,iapd_state_compilation,316259,TX,APPROVED,2024-04-26,EAGLE INVESTORS LLC,EAGLE INVESTORS LLC
iapd,iapd_state_compilation,316410,TX,APPROVED,2022-03-31,"KELLEY LANE CAPITAL, LLC","KELLEY LANE CAPITAL, LLC"
iapd,iapd_state_compilation,316426,TX,APPROVED,2021-11-19,NAUTICAL STAR FINANCIAL GROUP LLC,NAUTICAL STAR FINANCIAL GROUP LLC
iapd,iapd_state_compilation,316449,TX,APPROVED,2021-12-08,"ASSURED ADVISORY GROUP, LLC","ASSURED ADVISORY GROUP, LLC"
iapd,iapd_state_compilation,316484,TX,APPROVED,2021-09-10,DESTEFANO WEALTH MANAGEMENT,"DESTEFANO WEALTH MANAGEMENT, LLC"
iapd,iapd_state_compilation,316517,TX,APPROVED,2021-11-05,FORWARD FINANCIAL LLC,FORWARD FINANCIAL LLC
iapd,iapd_state_compilation,316530,TX,APPROVED,2024-04-26,"KINGDOM CAPITAL ADVISORS, LLC","KINGDOM CAPITAL ADVISORS, LLC"
iapd,iapd_state_compilation,316548,TX,APPROVED,2021-10-19,AKG FINANCIAL GROUP,"AKG FINANCIAL, LLC"
iapd,iapd_state_compilation,316608,TX,APPROVED,2021-12-17,"RIVERCREST INVESTMENT ADVISORS, LLC","RIVERCREST INVESTMENT ADVISORS, LLC"
iapd,iapd_state_compilation,316620,TX,APPROVED,2026-08-04,ALPHAPLUS WEALTH MANAGEMENT LLC,ALPHAPLUS WEALTH MANAGEMENT LLC
iapd,iapd_state_compilation,316622,TX,APPROVED,2021-10-25,WORTHEN FINANCIAL ADVISORS,"WORTHEN FINANCIAL ADVISORS, INC."
iapd,iapd_state_compilation,316686,TX,APPROVED,2025-02-04,"BWS INVESTMENT MANAGEMENT, LLC","BWS INVESTMENT MANAGEMENT, LLC"
iapd,iapd_state_compilation,316688,TX,APPROVED,2021-10-13,HELM INVESTMENT,RIO OAKS LLC
iapd,iapd_state_compilation,316742,TX,APPROVED,2022-03-02,"JV GLOBAL CAPITAL, INC.","JV GLOBAL CAPITAL, INC."
iapd,iapd_state_compilation,316787,TX,APPROVED,2022-02-28,DAVIS FINANCIAL SERVICES,"DAVIS FINANCIAL ADVISORS, LLC"
iapd,iapd_state_compilation,316794,TX,APPROVED,2021-11-18,"NICHOL CAPITAL ADVISORS, LLC","NICHOL CAPITAL ADVISORS, LLC"
iapd,iapd_state_compilation,316812,TX,APPROVED,2021-10-21,WORTHWISE FINANCIAL PARTNERS,"WORTHWISE FINANCIAL PARTNERS, LLC"
iapd,iapd_state_compilation,316844,TX,APPROVED,2025-09-30,XENITH CAPITAL,RAY CAPITAL ADVISORS LLC
iapd,iapd_state_compilation,316859,TX,APPROVED,2021-11-16,"COMPREHENSIVE FINANCIAL PLANNING FOR DOCTORS, LLC","COMPREHENSIVE FINANCIAL PLANNING FOR DOCTORS, LLC"
iapd,iapd_state_compilation,316871,TX,APPROVED,2021-12-02,"SIMPLICIFI, LLC","SIMPLICIFI, LLC"
iapd,iapd_state_compilation,316874,TX,APPROVED,2021-12-07,"EBQUANT, LLC","EBQUANT, LLC"
iapd,iapd_state_compilation,316887,TX,APPROVED,2025-10-13,IDYLIAN CAPITAL,"IDYLIAN CAPITAL, LLC"
iapd,iapd_state_compilation,316901,TX,APPROVED,2021-11-22,"ROOK STRATEGIES WEALTH MANAGEMENT, PLLC","ROOK STRATEGIES WEALTH MANAGEMENT, PLLC"
iapd,iapd_state_compilation,316937,TX,APPROVED,2021-12-14,PEARL CAPITAL INVESTMENTS,PEARL CAPITAL INVESTMENTS LLC
iapd,iapd_state_compilation,316965,TX,APPROVED,2021-11-19,DATA ONE CAPITAL MANAGEMENT LLC,"DATAONE CAPITAL MANAGEMENT, LLC"
iapd,iapd_state_compilation,316968,TX,APPROVED,2022-04-26,"PURPOSE FIRST FINANCIAL, LLC","PURPOSE FIRST FINANCIAL, LLC"
iapd,iapd_state_compilation,316969,TX,APPROVED,2022-04-19,SCOUT ASSET MANAGEMENT,TYLER S HILLIGOSS LLC
iapd,iapd_state_compilation,317020,TX,APPROVED,2023-04-26,ALGOTECH FINANCIAL LLC,ALGOTECH FINANCIAL LLC
iapd,iapd_state_compilation,317107,TX,APPROVED,2021-10-23,"KPC FINANCIAL SOLUTIONS, LLC","KPC FINANCIAL SOLUTIONS, LLC"
iapd,iapd_state_compilation,317202,TX,APPROVED,2022-01-07,BRIDGE TO WEALTH LLC,BRIDGE TO WEALTH LLC
iapd,iapd_state_compilation,317228,TX,APPROVED,2021-11-18,"GLOBAL ADVISORY PARTNERS, LLC","GLOBAL ADVISORY PARTNERS, LLC"
iapd,iapd_state_compilation,317283,TX,APPROVED,2021-10-27,CALDWELL INVESTMENT SERVICES LLC,CALDWELL INVESTMENT SERVICES LLC
iapd,iapd_state_compilation,317366,TX,APPROVED,2023-02-08,BETTER POCKETS FINANCIAL,BETTER POCKETS FINANCIAL LLC
iapd,iapd_state_compilation,317376,TX,APPROVED,2022-02-01,"ISF ADVISORY, LLC","ISF ADVISORY, LLC"
iapd,iapd_state_compilation,317383,TX,APPROVED,2022-01-03,THE DEDICATED DOLLAR,"THE DEDICATED DOLLAR, LLC"
iapd,iapd_state_compilation,317409,TX,APPROVED,2024-10-04,MODERN FINANCIAL,"MODERN FINANCIAL ASSET MANAGEMENT, LLC"
iapd,iapd_state_compilation,317411,TX,APPROVED,2022-04-26,"AUXIUS CAPITAL MANAGEMENT, LLC","AUXIUS CAPITAL MANAGEMENT, LLC"
iapd,iapd_state_compilation,317462,TX,APPROVED,2025-04-24,ARAGON ADVISORS,"ARAGON ASSET MANAGEMENT, LLC"
iapd,iapd_state_compilation,317484,TX,APPROVED,2022-09-27,SUN GLOBAL LLC,SUN GLOBAL LLC
iapd,iapd_state_compilation,317530,TX,APPROVED,2022-01-05,VASQUEZ FINANCIAL CONSULTING LLC,VASQUEZ FINANCIAL CONSULTING LLC
iapd,iapd_state_compilation,317550,TX,APPROVED,2022-06-21,GULF COAST RIA,GULF COAST REGISTERED INVESTMENT ADVISOR LLC
iapd,iapd_state_compilation,317575,TX,APPROVED,2025-02-03,FORT EAGLE WEALTH MANAGEMENT,"FORT EAGLE WEALTH MANAGEMENT, LLC"
iapd,iapd_state_compilation,317577,TX,APPROVED,2022-01-05,PATHSETTER FINANCIAL,FISHER WO ADVISORS LLC
iapd,iapd_state_compilation,317594,TX,APPROVED,2025-08-04,AKPRIDE FINANCIAL SERVICES,"AKPRIDE FINANCIAL, LLC"
iapd,iapd_state_compilation,317598,TX,APPROVED,2022-01-12,HG TAILORED FINANCIAL SERVICES,"HENRI GLOVER TAILORED FINANCIAL SERVICES, LLC"
iapd,iapd_state_compilation,317622,TX,APPROVED,2022-02-25,RINZLER CAPITAL LLC,RINZLER CAPITAL LLC
iapd,iapd_state_compilation,317626,TX,APPROVED,2022-12-01,"GRAYTON BEACH CAPITAL, LLC","GRAYTON BEACH CAPITAL, LLC"
iapd,iapd_state_compilation,317633,TX,APPROVED,2023-08-30,INSIGHT FAMILY FINANCIAL,"INSIGHT FAMILY FINANCIAL, LLC"
iapd,iapd_state_compilation,317634,TX,APPROVED,2022-01-03,EID CAPITAL,EID CAPITAL LLC
iapd,iapd_state_compilation,317642,TX,APPROVED,2022-04-29,1 TIMOTHY 6 V 7 LLC,1 TIMOTHY 6 V 7 LLC
iapd,iapd_state_compilation,317730,TX,APPROVED,2022-08-19,NUCLO WEALTH,NUCLO WEALTH LLC
iapd,iapd_state_compilation,317746,TX,APPROVED,2022-06-02,"HARVESTER WEALTH, LLC","HARVESTER WEALTH, LLC"
iapd,iapd_state_compilation,317804,TX,APPROVED,2022-01-07,"SHORTER, ALDEN M","SHORTER, ALDEN M"
iapd,iapd_state_compilation,317812,TX,APPROVED,2022-01-03,ANOVA MANAGEMENT,ANOVA MANAGEMENT INC.
iapd,iapd_state_compilation,317823,TX,APPROVED,2026-03-20,"KEYSTONE WEALTH ADVISORS, LLC","KEYSTONE WEALTH ADVISORS, LLC"
iapd,iapd_state_compilation,317925,TX,APPROVED,2022-01-03,STEVENSON ADVISORY SERVICES & INVESTMENTS,"STEVENSON, VINT, WAYNE"
iapd,iapd_state_compilation,318022,TX,APPROVED,2022-02-11,"RYERSON FINANCIAL, LLC","RYERSON FINANCIAL, LLC"
iapd,iapd_state_compilation,318040,TX,APPROVED,2021-12-21,FINCH CAPITAL MANAGEMENT LLC,FINCH CAPITAL MANAGEMENT LLC
iapd,iapd_state_compilation,318068,TX,APPROVED,2024-04-30,MINDSTATE CAPITAL LLC,MINDSTATE CAPITAL LLC
iapd,iapd_state_compilation,318095,TX,APPROVED,2022-02-17,MEADOW LAKE CAPITAL LLC,MEADOW LAKE CAPITAL LLC
iapd,iapd_state_compilation,318099,TX,APPROVED,2022-01-16,"VERITE FINANCIAL, LLC","VERITE FINANCIAL, LLC"
iapd,iapd_state_compilation,318132,TX,APPROVED,2022-01-25,EIGHTONE CAPITAL LLC,EIGHTONE CAPITAL LLC
iapd,iapd_state_compilation,318147,TX,APPROVED,2022-06-06,VITAL CAPITAL LLC,VITAL CAPITAL LLC
iapd,iapd_state_compilation,318162,TX,APPROVED,2025-12-16,CAIMAN CAPITAL GROUP LLC,CAIMAN CAPITAL GROUP LLC
iapd,iapd_state_compilation,318304,TX,APPROVED,2022-05-25,HOLT WEALTH MANAGEMENT LLC,HOLT WEALTH MANAGEMENT LLC
iapd,iapd_state_compilation,318393,TX,APPROVED,2022-03-22,MILLION PEBBLES,MILLION PEBBLES
iapd,iapd_state_compilation,318429,TX,APPROVED,2022-04-22,SMALL VICTORIES WEALTH,SMALL VICTORIES WEALTH LLC
iapd,iapd_state_compilation,318456,TX,APPROVED,2022-02-23,"MYFI WEALTH MANAGEMENT, LLC","MYFI WEALTH MANAGEMENT, LLC"
iapd,iapd_state_compilation,318482,TX,APPROVED,2022-02-08,LARSEN FINANCIAL MANAGEMENT,LARSEN FINANCIAL MANAGEMENT LLC
iapd,iapd_state_compilation,318595,TX,APPROVED,2022-04-04,"BAYOU BRIDGE CAPITAL ADVISORS, LLC","BAYOU BRIDGE CAPITAL ADVISORS, LLC"
iapd,iapd_state_compilation,318669,TX,APPROVED,2026-01-28,"LEFTSKEWED INVESTMENT MANAGEMENT, LLC","LEFTSKEWED INVESTMENT MANAGEMENT, LLC"
iapd,iapd_state_compilation,318676,TX,APPROVED,2022-04-13,"DURABLE DIVIDEND GROWTH STRATEGIES, L.P.","DURABLE DIVIDEND GROWTH STRATEGIES, L.P."
iapd,iapd_state_compilation,318709,TX,APPROVED,2022-02-23,ARTHAM ADVISORS,ARTHAM ADVISORS LLC
iapd,iapd_state_compilation,318720,TX,APPROVED,2022-03-22,"OLD DRAKE, LLC","OLD DRAKE, LLC"
iapd,iapd_state_compilation,318746,TX,APPROVED,2022-04-27,"WILKINS ADVISORS, LLC","WILKINS ADVISORS, LLC"
iapd,iapd_state_compilation,318763,TX,APPROVED,2022-02-22,"US GROWTH PARTNERS, LLC","US GROWTH PARTNERS, LLC"
iapd,iapd_state_compilation,318779,TX,APPROVED,2022-03-22,"SELVA EQUITIES, LLC","SELVA EQUITIES, LLC"
iapd,iapd_state_compilation,318877,TX,APPROVED,2022-11-02,INTEGRITY FINANCIAL GROUP,"COINER ENTERPRISES, LLC"
iapd,iapd_state_compilation,318917,TX,APPROVED,2022-03-17,GRB CAPITAL MANAGEMENT LLC,GRB CAPITAL MANAGEMENT LLC
iapd,iapd_state_compilation,318975,TX,APPROVED,2022-05-31,REATHERFORD WEALTH MANAGEMENT LLC,REATHERFORD WEALTH MANAGEMENT LLC
iapd,iapd_state_compilation,319000,TX,APPROVED,2023-08-15,QUALITY FINANCIAL PLANNING LLC,QUALITY FINANCIAL PLANNING LLC
iapd,iapd_state_compilation,319059,TX,APPROVED,2022-05-31,"MDO FINANCIAL PLANNING, LLC","MDO FINANCIAL PLANNING, LLC"
iapd,iapd_state_compilation,319119,TX,APPROVED,2022-06-01,"FRENCH FAMILY OFFICE, LLC","FRENCH FAMILY OFFICE, LLC"
iapd,iapd_state_compilation,319251,TX,APPROVED,2022-04-04,"FRESH BREAD INVESTMENTS, LLC","FRESH BREAD INVESTMENTS, LLC"
iapd,iapd_state_compilation,319291,TX,APPROVED,2022-06-18,FINANCIAL CLIENT,FINANCIAL CLIENT LLC
iapd,iapd_state_compilation,319340,TX,APPROVED,2022-04-13,7 SATURDAYS FINANCIAL,"7 SATURDAYS FINANCIAL, LLC"
iapd,iapd_state_compilation,319431,TX,APPROVED,2022-04-28,"BLUE LADDER FINANCIAL PLANNING, LLC","BLUE LADDER FINANCIAL PLANNING, LLC"
iapd,iapd_state_compilation,319482,TX,APPROVED,2022-07-07,SIMPLY HUMAN ADVISORS,SIMPLY HUMAN LLC
iapd,iapd_state_compilation,319496,TX,APPROVED,2022-05-31,AA WEALTH STRATEGIES LLC,AA WEALTH STRATEGIES LLC
iapd,iapd_state_compilation,319510,TX,APPROVED,2022-10-06,"BRAINTRUST CAPITAL, LLC","BRAINTRUST CAPITAL, LLC"
iapd,iapd_state_compilation,319528,TX,APPROVED,2022-05-04,RED TREE INVESTMENTS,RED TREE FINANCIAL LLC
iapd,iapd_state_compilation,319587,TX,APPROVED,2022-09-19,ENVISION RETIREMENT LLC,ENVISION RETIREMENT LLC
iapd,iapd_state_compilation,319629,TX,APPROVED,2022-09-28,MUELLER WEALTH ADVISORS,"MUELLER WEALTH, LLC"
iapd,iapd_state_compilation,319670,TX,APPROVED,2022-10-31,"BLESSED FINANCIAL INVESTMENTS, LLC","BLESSED FINANCIAL INVESTMENTS, LLC"
iapd,iapd_state_compilation,319760,TX,APPROVED,2022-05-04,"HARRIS FINANCIAL CONSULTING, PLLC","HARRIS FINANCIAL CONSULTING, PLLC"
iapd,iapd_state_compilation,320613,TX,APPROVED,2022-09-07,"FINANCIAL PLANNING HQ, LLC","FINANCIAL PLANNING HQ, LLC"
iapd,iapd_state_compilation,321126,TX,APPROVED,2022-06-15,GARZA FINANCIAL PLANNING,"GARZA FINANCIAL PLANNING, LLC"
iapd,iapd_state_compilation,321134,TX,APPROVED,2022-05-10,CHISHOLM WEALTH MANAGEMENT,CHISHOLM WEALTH MANAGEMENT LLC
iapd,iapd_state_compilation,321142,TX,APPROVED,2022-08-25,"COLLECTIVE WEALTH, LLC","COLLECTIVE WEALTH, LLC"
iapd,iapd_state_compilation,321174,TX,APPROVED,2022-06-02,"GATEWAY FINANCIAL ADVISORS TEXAS, LLC","GATEWAY FINANCIAL ADVISORS TEXAS, LLC"
iapd,iapd_state_compilation,321194,TX,APPROVED,2022-07-15,ALPHA CAPITAL LLC,ALPHA CAPITAL LLC
iapd,iapd_state_compilation,321197,TX,APPROVED,2022-12-16,"SCI, INC.","SALDANA CONSULTING INTERNATIONAL, INC."
iapd,iapd_state_compilation,321214,TX,APPROVED,2025-09-25,GERMANA CAPITAL LLC,GERMANA CAPITAL LLC
iapd,iapd_state_compilation,321221,TX,APPROVED,2022-08-12,MONEY HOLISTICS,BOUNDLESS WEALTH LLC
iapd,iapd_state_compilation,321611,TX,APPROVED,2022-06-03,ABERCROMBIE INVESTMENTS,"ABERCROMBIE INVESTMENTS, LP"
iapd,iapd_state_compilation,321853,TX,APPROVED,2022-06-02,"FINANCIAL SERENITY, LLC","FINANCIAL SERENITY, LLC"
iapd,iapd_state_compilation,321856,TX,APPROVED,2023-07-18,"LIFESTYLE PLANNING, LLC","LIFESTYLE PLANNING, LLC"
iapd,iapd_state_compilation,321873,TX,APPROVED,2022-07-15,CONCAP LLC,CONCAP LLC
iapd,iapd_state_compilation,321893,TX,APPROVED,2022-07-14,"IRONBRIDGE WEALTH COUNSEL, LLC","IRONBRIDGE WEALTH COUNSEL, LLC"
iapd,iapd_state_compilation,322040,TX,APPROVED,2023-09-21,IAFF-FC ADVISORS LLC,IAFF-FC ADVISORS LLC
iapd,iapd_state_compilation,322053,TX,APPROVED,2022-09-06,TIP GROUP LLC,TIP GROUP LLC
iapd,iapd_state_compilation,322123,TX,APPROVED,2023-01-05,WEALTH IN YOURSELF LLC,WEALTH IN YOURSELF LLC
iapd,iapd_state_compilation,322146,TX,APPROVED,2022-08-25,WEALTH READY,"WEALTH READY, LLC"
iapd,iapd_state_compilation,322177,TX,APPROVED,2022-07-26,"CORPORATE & INSTITUTIONAL SERVICES, LLC","CORPORATE & INSTITUTIONAL SERVICES, LLC"
iapd,iapd_state_compilation,322364,TX,APPROVED,2022-08-11,"LIME ROCK INVESTMENT MANAGEMENT COMPANY, INC.","LIME ROCK INVESTMENT MANAGEMENT COMPANY, INC."
iapd,iapd_state_compilation,322498,TX,APPROVED,2022-07-27,CAPITALALPHABET,CAPITALALPHABET LLC
iapd,iapd_state_compilation,322530,TX,APPROVED,2022-08-11,DECISION TREE ADVISOR,DECISION TREE ADVISOR LLC
iapd,iapd_state_compilation,322573,TX,APPROVED,2024-09-26,ASSET ACHIEVERS,ASSET ACHIEVERS LLC
iapd,iapd_state_compilation,322576,TX,APPROVED,2022-10-13,LAZARUS WEALTH MANAGEMENT LLC,LAZARUS WEALTH MANAGEMENT LLC
iapd,iapd_state_compilation,322623,TX,APPROVED,2023-01-23,"FORTH CAPITAL (USA), LLC","FORTH CAPITAL (USA), LLC"
iapd,iapd_state_compilation,322658,TX,APPROVED,2022-09-22,"FERN FINANCIAL GROUP, LLC","FERN FINANCIAL GROUP, LLC"
iapd,iapd_state_compilation,322754,TX,APPROVED,2022-07-29,BESPOKE TFC CAPITAL,"BESPOKE TFC CAPITAL, LLC"
iapd,iapd_state_compilation,322817,TX,APPROVED,2022-10-13,NEEDVILLE INSURANCE AGENCY INC,NEEDVILLE INSURANCE AGENCY INC
iapd,iapd_state_compilation,322840,TX,APPROVED,2026-01-22,NEWGEN WEALTH CREATION LLC,NEWGEN WEALTH CREATION LLC
iapd,iapd_state_compilation,322881,TX,APPROVED,2023-07-11,"PLUTUS21 CAPITAL MANAGEMENT, L.L.C","PLUTUS21 CAPITAL MANAGEMENT, L.L.C"
iapd,iapd_state_compilation,322890,TX,APPROVED,2023-03-01,MONTICELLO FINANCIAL ADVISORS,"MONTICELLO FINANCIAL ADVISORS, LLC"
iapd,iapd_state_compilation,322909,TX,APPROVED,2023-06-13,BAYNES INVESTMENT COUNSEL LLC,BAYNES INVESTMENT COUNSEL LLC
iapd,iapd_state_compilation,322978,TX,APPROVED,2022-09-15,"JANUS FINANCIAL PLANNING, LLC","JANUS FINANCIAL PLANNING, LLC"
iapd,iapd_state_compilation,323057,TX,APPROVED,2023-01-30,9I CAPITAL GROUP LLC,9I CAPITAL GROUP LLC
iapd,iapd_state_compilation,323177,TX,APPROVED,2023-01-06,MDRN WEALTH,MDRN WEALTH LLC
iapd,iapd_state_compilation,323256,TX,APPROVED,2023-07-11,G. DOUGLAS WEALTH MANAGEMENT,"BAUERBAND, DOUGLAS J"
iapd,iapd_state_compilation,323319,TX,APPROVED,2022-09-21,LEGACY FOLIOS,LEGACY FOLIOS LLC
iapd,iapd_state_compilation,323340,TX,APPROVED,2025-06-06,BLACKLINES FINANCIAL,BLACKLINES
iapd,iapd_state_compilation,323349,TX,APPROVED,2025-02-13,"OWTUR INVESTMENT ADVISORS, LLC","OWTUR INVESTMENT ADVISORS, LLC"
iapd,iapd_state_compilation,323394,TX,APPROVED,2024-09-18,"IMPACT FINANCIAL, LLC","IMPACT FINANCIAL, LLC"
iapd,iapd_state_compilation,323415,TX,APPROVED,2022-11-16,BENTWOOD INVESTMENT ADVISORY,BENTWOOD INVESTMENT ADVISORY LLC
iapd,iapd_state_compilation,323416,TX,APPROVED,2023-01-23,TAYLORS FINANCIAL,FTC PROSPERITY ADVISORS
iapd,iapd_state_compilation,323426,TX,APPROVED,2022-10-12,PINNACLE STREAM CAPITAL LLC,PINNACLE STREAM CAPITAL LLC
iapd,iapd_state_compilation,323427,TX,APPROVED,2022-10-27,ATAI CAPITAL MANAGEMENT LLC,ATAI CAPITAL MANAGEMENT LLC
iapd,iapd_state_compilation,323530,TX,APPROVED,2022-12-20,"TRAILWISE FINANCIAL PARTNERS, LLC","TRAILWISE FINANCIAL PARTNERS, LLC"
iapd,iapd_state_compilation,323536,TX,APPROVED,2024-02-21,"COR3 INVESTMENT PARTNERS, LLC","COR3 INVESTMENT PARTNERS, LLC"
iapd,iapd_state_compilation,323631,TX,APPROVED,2022-10-18,GERDES ENERGY RESEARCH LLC,GERDES ENERGY RESEARCH LLC
iapd,iapd_state_compilation,323700,TX,APPROVED,2023-04-12,ENTORO ADVISORS,"ENTORO ADVISORS, LLC"
iapd,iapd_state_compilation,323731,TX,APPROVED,2022-12-03,ATAROKE WEALTH,ATAROKE WEALTH LLC
iapd,iapd_state_compilation,323737,TX,APPROVED,2025-10-02,TWINLEAF FINANCIAL ADVISORS,"TWINLEAF FINANCIAL ADVISORS, LLC"
iapd,iapd_state_compilation,323740,TX,APPROVED,2022-10-25,NORMA FINANCIAL LLC,NORMA FINANCIAL LLC
iapd,iapd_state_compilation,323816,TX,APPROVED,2023-02-27,"INTEGRA PRIVATE WEALTH MANAGEMENT, LLC","INTEGRA PRIVATE WEALTH MANAGEMENT, LLC"
iapd,iapd_state_compilation,323916,TX,APPROVED,2022-12-07,FREEDOM DAY WEALTH MANAGEMENT LLC,FREEDOM DAY WEALTH MANAGEMENT LLC
iapd,iapd_state_compilation,323934,TX,APPROVED,2022-11-03,GOODRICH FINANCIAL ADVISORY LLC,GOODRICH FINANCIAL ADVISORY LLC
iapd,iapd_state_compilation,323987,TX,APPROVED,2023-10-12,KIPOS WEALTH,KIPOS WEALTH LLC
iapd,iapd_state_compilation,324021,TX,APPROVED,2023-06-19,INSTITUTIONAL INVESTING ENHANCEMENT LLC,INSTITUTIONAL INVESTING ENHANCEMENT LLC
iapd,iapd_state_compilation,324024,TX,APPROVED,2026-01-12,KEDREC LLC,KEDREC LLC
iapd,iapd_state_compilation,324033,TX,APPROVED,2024-10-30,CEDARLINE CAPITAL,"CEDARLINE CAPITAL, LLC"
iapd,iapd_state_compilation,324035,TX,APPROVED,2022-12-21,CST FINANCIAL ADVISORY LLC,CST FINANCIAL ADVISORY LLC
iapd,iapd_state_compilation,324051,TX,APPROVED,2022-12-21,"WEALTH FINANCIAL GROUP WEST, INC.","WEALTH FINANCIAL GROUP WEST, INC."
iapd,iapd_state_compilation,324061,TX,APPROVED,2023-03-06,VANTAGE WEALTH MANAGEMENT LLC,VANTAGE WEALTH MANAGEMENT LLC
iapd,iapd_state_compilation,324067,TX,APPROVED,2025-02-20,SECRETX ASSETS,SECRETX ASSETS LLC
iapd,iapd_state_compilation,324080,TX,APPROVED,2023-08-30,"SAN ANTONIO WEALTH, LLC","SAN ANTONIO WEALTH, LLC"
iapd,iapd_state_compilation,324083,TX,APPROVED,2023-02-06,"ELEVATION WEALTH PARTNERS, LLC","ELEVATION WEALTH PARTNERS, LLC"
iapd,iapd_state_compilation,324178,TX,APPROVED,2023-08-22,"FREEDOM WEALTH COACHING, LLC","FREEDOM WEALTH COACHING, LLC"
iapd,iapd_state_compilation,324256,TX,APPROVED,2023-01-03,OM INVESTMENTS,OM ONIYAMEDIA L.L.C
iapd,iapd_state_compilation,324378,TX,APPROVED,2023-03-07,FUTURE CAPITAL MANAGEMENT INC.,FUTURE CAPITAL MANAGEMENT INCORPORATED
iapd,iapd_state_compilation,324450,TX,APPROVED,2023-01-05,SEVEY WEALTH ADVISORS,"SEVEY WEALTH ADVISORS, LLC"
iapd,iapd_state_compilation,324453,TX,APPROVED,2023-04-14,WALNUT HILL WEALTH MANAGEMENT,"WALNUT HILL WEALTH MANAGEMENT, LLC"
iapd,iapd_state_compilation,324503,TX,APPROVED,2023-03-31,JPL WEALTH MANAGEMENT,JPL WEALTH MANAGEMENT INC.
iapd,iapd_state_compilation,324507,TX,APPROVED,2023-05-24,STROUD INVESTMENT CONSULTING,"STROUD INVESTMENT CONSULTING, LLC"
iapd,iapd_state_compilation,324543,TX,APPROVED,2023-02-13,SCIENTIFIC FINANCIAL,"SCIENTIFIC FINANCIAL, LLC"
iapd,iapd_state_compilation,324549,TX,APPROVED,2023-11-09,DIVERGENT CAPITAL ASSET MANAGEMENT LLC,DIVERGENT CAPITAL ASSET MANAGEMENT LLC
iapd,iapd_state_compilation,325004,TX,APPROVED,2023-03-23,"FRUIT OF THE VINE FINANCIAL, LLC","FRUIT OF THE VINE FINANCIAL, LLC"
iapd,iapd_state_compilation,325023,TX,APPROVED,2026-08-04,FEATHERSTONE INVESTMENT ADVISORY,FEATHERSTONE INVESTMENT ADVISORY LLC
iapd,iapd_state_compilation,325075,TX,APPROVED,2023-07-11,"ALLEGIANCE ADVISORS, INC","ALLEGIANCE ADVISORS, INC."
iapd,iapd_state_compilation,325151,TX,APPROVED,2025-07-17,LASTING MARK RETIREMENT GROUP LLC,LASTING MARK RETIREMENT GROUP LLC
iapd,iapd_state_compilation,325164,TX,APPROVED,2023-06-15,CAP SIX ADVISORS,CAP SIX ADVISORS LLC
iapd,iapd_state_compilation,325172,TX,APPROVED,2023-04-12,INTEGRATED PLANNING & INVESTMENTS,INTEGRATED PLANNING & INVESTMENTS
iapd,iapd_state_compilation,325196,TX,APPROVED,2024-02-01,CULBRETH WEALTH MANAGEMENT,"CULBRETH WEALTH MANAGEMENT, LLC"
iapd,iapd_state_compilation,325200,TX,APPROVED,2023-07-27,LEXUS WEALTH MANAGEMENT,"LEXUS WEALTH MANAGEMENT, LLC"
iapd,iapd_state_compilation,325215,TX,APPROVED,2023-05-30,BARTON FINANCIAL GROUP LLC,BARTON FINANCIAL GROUP LLC
iapd,iapd_state_compilation,325239,TX,APPROVED,2023-03-23,MARIN FINANCIAL LLC,MARIN FINANCIAL LLC
iapd,iapd_state_compilation,325242,TX,APPROVED,2024-05-09,TACTICAL TAX WEALTH MANAGEMENT,"TACTICAL TAX WEALTH MANAGEMENT, LLC"
iapd,iapd_state_compilation,325264,TX,APPROVED,2023-04-20,AMAZONITE INVESTMENTS LLC,AMAZONITE INVESTMENTS LLC
iapd,iapd_state_compilation,325296,TX,APPROVED,2023-08-22,"DIGNITY WEALTH, PLLC","DIGNITY WEALTH, PLLC"
iapd,iapd_state_compilation,325301,TX,APPROVED,2023-07-17,AMANA ADVISORS,AMANA ADVISORS LLC
iapd,iapd_state_compilation,325331,TX,APPROVED,2023-08-09,NEK FINANCIAL INC,NEK FINANCIAL INC
iapd,iapd_state_compilation,325335,TX,APPROVED,2023-04-19,DHL WEALTH MANAGEMENT LLC,DHL WEALTH MANAGEMENT LIMITED LIABILITY COMPANY
iapd,iapd_state_compilation,325454,TX,APPROVED,2025-09-17,OBRAN CAPITAL ADVISORS LLC,"OBRAN CAPITAL ADVISORS, LLC"
iapd,iapd_state_compilation,325459,TX,APPROVED,2023-05-16,OVERFLOW FINANCIAL,OVERFLOW FINANCIAL LLC
iapd,iapd_state_compilation,325543,TX,APPROVED,2023-04-26,CMH WEALTH MANAGEMENT,"CMH WEALTH MANAGEMENT, LLC"
iapd,iapd_state_compilation,325643,TX,APPROVED,2023-04-03,FINANCE WISDOM,FINANCE WISDOM LLC
iapd,iapd_state_compilation,325688,TX,APPROVED,2023-05-17,CYPRESS LANE ADVISORS,CYPRESS LANE ADVISORS LLC
iapd,iapd_state_compilation,325700,TX,APPROVED,2023-03-23,KODA WEALTH MANAGEMENT,KODA WEALTH MANAGEMENT LLC
iapd,iapd_state_compilation,325710,TX,APPROVED,2023-09-26,"COHO ADVISORY SERVICES, LLC","COHO ADVISORY SERVICES, LLC"
iapd,iapd_state_compilation,325722,TX,APPROVED,2023-08-25,NOBLE INVESTORS LLC,NOBLE INVESTORS LLC
iapd,iapd_state_compilation,325810,TX,APPROVED,2023-04-17,"GOLDEN SPREAD WEALTH, LLC","GOLDEN SPREAD WEALTH, LLC"
iapd,iapd_state_compilation,325837,TX,APPROVED,2024-09-09,MOORING BAY CAPITAL MANAGEMENT,"MOORING BAY CAPITAL MANAGEMENT, LLC"
iapd,iapd_state_compilation,325946,TX,APPROVED,2023-11-02,RELIC WEALTH MANAGEMENT LLC,RELIC WEALTH MANAGEMENT LLC
iapd,iapd_state_compilation,326311,TX,APPROVED,2025-09-12,"STARKEL WEALTH ADVISORS, LLC","STARKEL WEALTH ADVISORS, LLC"
iapd,iapd_state_compilation,326528,TX,APPROVED,2026-08-21,BRICE FINANCIAL ADVISORS INC,BRICE FINANCIAL ADVISORS INC
iapd,iapd_state_compilation,326538,TX,APPROVED,2023-07-21,FBS SECURITIES,FRISCO BUSINESS SOLUTIONS GROUP INC
iapd,iapd_state_compilation,326563,TX,APPROVED,2024-10-01,"364 INVESTING, LLC","364 INVESTING, LLC"
iapd,iapd_state_compilation,326568,TX,APPROVED,2023-08-07,ARKA FINANCIAL SERVICES L.L.C.,ARKA FINANCIAL SERVICES L.L.C.
iapd,iapd_state_compilation,326649,TX,APPROVED,2023-05-25,HAYWOOD WEALTH MANAGEMENT,"HAYWOOD WEALTH MANAGEMENT, LLC"
iapd,iapd_state_compilation,326769,TX,APPROVED,2023-08-02,WULLSCHLEGER GROUP,WULLSCHLEGER GROUP LLC
iapd,iapd_state_compilation,326772,TX,APPROVED,2023-08-06,WESTERN RESERVE WEALTH MANAGEMENT LLC,WESTERN RESERVE WEALTH MANAGEMENT LLC
iapd,iapd_state_compilation,326773,TX,APPROVED,2023-07-17,"TRILOGY WEALTH MANAGEMENT, LLC","TRILOGY WEALTH MANAGEMENT, LLC"
iapd,iapd_state_compilation,326786,TX,APPROVED,2023-07-17,FORTHRIGHT FINANCIAL SERVICES,FORTHRIGHT FINANCIAL SERVICES LLC
iapd,iapd_state_compilation,326852,TX,APPROVED,2023-10-10,MOUNTAIN AVENUE CAPITAL LLC,MOUNTAIN AVENUE CAPITAL LLC
iapd,iapd_state_compilation,326936,TX,APPROVED,2023-10-25,CAISHEN FINANCIAL,GRAND INVESTMENT GROUP LLC
iapd,iapd_state_compilation,327049,TX,APPROVED,2023-09-06,THOMAS MEYER INVESTMENTS,THOMAS MEYER INVESTMENT MANAGEMENT LLC
iapd,iapd_state_compilation,327064,TX,APPROVED,2023-10-06,DERIK TORRES CPA PC,DERIK TORRES CPA PC
iapd,iapd_state_compilation,327087,TX,APPROVED,2023-10-03,"SPARROW ADVISORS, LLC","SPARROW ADVISORS, LLC"
iapd,iapd_state_compilation,327090,TX,APPROVED,2023-08-16,"ARMAS CAPITAL MANAGEMENT, LLC","ARMAS CAPITAL MANAGEMENT, LLC"
iapd,iapd_state_compilation,327183,TX,APPROVED,2024-01-25,"CONVEXITY WEALTH MANAGEMENT, LLC","CONVEXITY WEALTH MANAGEMENT, LLC"
iapd,iapd_state_compilation,327238,TX,APPROVED,2023-08-17,DITTRICH FINANCIAL GROUP LLC,DITTRICH FINANCIAL GROUP LLC
iapd,iapd_state_compilation,327273,TX,APPROVED,2023-10-25,"BF, LLC","BASS FINANCIAL, LLC"
iapd,iapd_state_compilation,327285,TX,APPROVED,2023-08-07,HRC FINANCIAL,"HRC FINANCIAL, LLC"
iapd,iapd_state_compilation,327314,TX,APPROVED,2023-08-17,"DAVID RHODES CANNON, C.P.A., LLC","DAVID RHODES CANNON, C.P.A., LLC"
iapd,iapd_state_compilation,327351,TX,APPROVED,2025-02-19,"COMPOUNDING GEMS ADVISORS, LLC","COMPOUNDING GEMS ADVISORS, LLC"
iapd,iapd_state_compilation,327364,TX,APPROVED,2023-08-18,IMPACT WEALTH GROUP,IMPACT WEALTH GROUP LLC
iapd,iapd_state_compilation,327389,TX,APPROVED,2023-08-07,FLYING FORWARD WEALTH MANAGEMENT,"FLYING FORWARD, L.L.C."
iapd,iapd_state_compilation,327428,TX,APPROVED,2023-08-31,MOTIF PLANNING,THRIVING MUSICIAN LLC
iapd,iapd_state_compilation,327490,TX,APPROVED,2024-01-18,GREYBRIDGE PRIVATE WEALTH,VISIONARY WEALTH PARTNERS LLC
iapd,iapd_state_compilation,327494,TX,APPROVED,2023-12-04,BLACK SEA INVESTMENT GROUP,BLACK SEA MANAGEMENT GROUP LLC
iapd,iapd_state_compilation,327545,TX,APPROVED,2023-08-28,HER PERSONAL FINANCE,ACCESS 401K LLC
iapd,iapd_state_compilation,327726,TX,APPROVED,2025-10-02,STONE WALL FINANCIAL,STONE WALL FINANCIAL GROUP LLC
iapd,iapd_state_compilation,327781,TX,APPROVED,2024-05-23,"LOCKWOOD WEALTH STRATEGIES, LLC","LOCKWOOD WEALTH STRATEGIES, LLC"
iapd,iapd_state_compilation,327815,TX,APPROVED,2023-10-12,FREEMAN & FREEMAN PRIVATE WEALTH MANAGEMENT LLC,FREEMAN & FREEMAN PRIVATE WEALTH MANAGEMENT LLC
iapd,iapd_state_compilation,327855,TX,APPROVED,2025-05-06,STERLING ADVISORY GROUP LLC,STERLING ADVISORY GROUP LLC
iapd,iapd_state_compilation,327872,TX,APPROVED,2023-10-04,MONIES WEALTH LLC,MONIES WEALTH LLC
iapd,iapd_state_compilation,327898,TX,APPROVED,2024-02-05,COAST BRIDGE CAPITAL,"COAST BRIDGE CAPITAL, LLC"
iapd,iapd_state_compilation,327908,TX,APPROVED,2023-11-02,SONDO FI,"SONDO FI, INC."
iapd,iapd_state_compilation,327921,TX,APPROVED,2023-12-11,SECOND OPINION FINANCIAL,"SECOND OPINION FINANCIAL, LLC"
iapd,iapd_state_compilation,328001,TX,APPROVED,2023-10-25,"DALLAS FINANCIAL ADVISORS, LLC","DALLAS FINANCIAL ADVISORS, LLC"
iapd,iapd_state_compilation,328035,TX,APPROVED,2023-10-12,MALONE FINANCIAL PLANNING LLC,MALONE FINANCIAL PLANNING LLC
iapd,iapd_state_compilation,328036,TX,APPROVED,2024-04-10,"PARKER WEALTH GROUP, LLC","PARKER WEALTH GROUP, LLC"
iapd,iapd_state_compilation,328037,TX,APPROVED,2023-09-18,GROWTH HORIZONS WEALTH MANAGEMENT LLC,GROWTH HORIZONS WEALTH MANAGEMENT LLC
iapd,iapd_state_compilation,328066,TX,APPROVED,2025-01-16,GMI GLOBAL PARTNERS LLC,GMI GLOBAL PARTNERS LLC
iapd,iapd_state_compilation,328074,TX,APPROVED,2026-02-13,"PARTNERS CAPITAL, LLC","PARTNERS CAPITAL, LLC"
iapd,iapd_state_compilation,328095,TX,APPROVED,2023-11-03,VIVID WEALTH MANAGEMENT LLC,VIVID WEALTH MANAGEMENT LLC
iapd,iapd_state_compilation,328157,TX,APPROVED,2024-01-05,"ATWOOD CAPITAL MANAGEMENT, LLC","ATWOOD CAPITAL MANAGEMENT, LLC"
iapd,iapd_state_compilation,328165,TX,APPROVED,2023-10-13,"DECCA PRIVATE WEALTH MANAGEMENT, INC.","DECCA PRIVATE WEALTH MANAGEMENT, INC."
iapd,iapd_state_compilation,328238,TX,APPROVED,2024-07-08,MOBIUS FUND,MOBIUS FUND LLC
iapd,iapd_state_compilation,328249,TX,APPROVED,2023-11-01,ANCAP FINANCIAL,ANCAP FINANCIAL LLC
iapd,iapd_state_compilation,328254,TX,APPROVED,2023-11-30,"CONKIN FINANCIAL GROUP, INC.","CONKIN FINANCIAL GROUP, INC."
iapd,iapd_state_compilation,328275,TX,APPROVED,2023-11-06,LIFETIME FINANCIAL PLANNERS LLC,LIFETIME FINANCIAL PLANNERS LLC
iapd,iapd_state_compilation,328342,TX,APPROVED,2023-11-28,FINANCIAL EMPOWERMENT,FINANCIAL EMPOWERMENT LLC
iapd,iapd_state_compilation,328412,TX,APPROVED,2023-11-29,COMPASS FINANCIAL GROUP,"SECURE RETIREMENT SOLUTIONS, LLC"
iapd,iapd_state_compilation,328424,TX,APPROVED,2024-07-03,RIVERLAND WEALTH MANAGEMENT,"RIVERLAND WEALTH MANAGEMENT, LLC"
iapd,iapd_state_compilation,328426,TX,APPROVED,2023-11-02,SOUTHMORE FINANCIAL ADVISORY LLC,SOUTHMORE OPPORTUNITY INVESTMENT LLC
iapd,iapd_state_compilation,328563,TX,APPROVED,2024-01-02,"DUTTON FINANCIAL PLANNING, LLC","DUTTON FINANCIAL PLANNING, LLC"
iapd,iapd_state_compilation,328568,TX,APPROVED,2024-01-12,"PIVOT INVESTMENT PLANNING, LLC","PIVOT INVESTMENT PLANNING, LLC"
iapd,iapd_state_compilation,328571,TX,APPROVED,2024-12-16,"ANGELUS WEALTH, LLC","ANGELUS WEALTH, LLC"
iapd,iapd_state_compilation,328631,TX,APPROVED,2024-02-14,ONE WEALTH PLANNING LLC,ONE WEALTH PLANNING LLC
iapd,iapd_state_compilation,328638,TX,APPROVED,2024-09-05,"UPFRONT FINANCIAL PLANNING, LLC","UPFRONT FINANCIAL PLANNING, LLC"
iapd,iapd_state_compilation,328732,TX,APPROVED,2024-02-07,PROVIDENCE CAPITAL,PROVIDENCE CAPITAL LLC
iapd,iapd_state_compilation,328745,TX,APPROVED,2023-11-15,INVESTMENT TRENDS CAPITAL GROUP LLC,INVESTMENT TRENDS CAPITAL GROUP LLC
iapd,iapd_state_compilation,328751,TX,APPROVED,2025-03-20,REDEMPTIVE WEALTH MANAGEMENT LLC,REDEMPTIVE WEALTH MANAGEMENT LLC
iapd,iapd_state_compilation,328755,TX,APPROVED,2023-11-27,"LOOK BOTH WAYS FINANCIAL, LLC",PERDUE HOLDINGS LLC
iapd,iapd_state_compilation,328835,TX,APPROVED,2023-12-18,"EXPONENTIAL WEALTH MANAGEMENT, LLC","EXPONENTIAL WEALTH MANAGEMENT, LLC"
iapd,iapd_state_compilation,328860,TX,APPROVED,2024-02-21,TAURSAS INVESTMENTS,TAURSAS INVESTMENTS LLC
iapd,iapd_state_compilation,328912,TX,APPROVED,2024-01-25,TEXWEALTH,TEXWEALTH LLC
iapd,iapd_state_compilation,328925,TX,APPROVED,2024-01-26,MULLETT FINANCIAL LLC,MULLETT FINANCIAL LLC
iapd,iapd_state_compilation,328929,TX,APPROVED,2024-08-17,CORAL REEF ADVISORS LLC,CORAL REEF ADVISORS LLC
iapd,iapd_state_compilation,328986,TX,APPROVED,2024-02-29,"GLEAN FINANCIAL, INC.","GLEAN FINANCIAL, INC."
iapd,iapd_state_compilation,328994,TX,APPROVED,2026-04-21,BOONIPAT ADVISORY LLC,BOONIPAT ADVISORY LLC
iapd,iapd_state_compilation,329023,TX,APPROVED,2024-02-07,PORTAFOLIO CAPITAL MANAGEMENT,PORTAFOLIO CAPITAL MANAGEMENT LLC
iapd,iapd_state_compilation,329092,TX,APPROVED,2026-02-12,GULF COAST FINANCIAL ADVISORS,GULF COAST FINANCIAL ADVISORS LLC
iapd,iapd_state_compilation,329122,TX,APPROVED,2024-01-23,VELAGA ADVISORS,VELAGA ADVISORS LLC
iapd,iapd_state_compilation,329226,TX,APPROVED,2024-04-01,CLARIFIED WEALTH ADVISORY,"CLARIFIED WEALTH MANAGEMENT, LLC"
iapd,iapd_state_compilation,329285,TX,APPROVED,2025-03-20,"EMBARCADERO CAPITAL ADVISORS, INC.","EMBARCADERO CAPITAL ADVISORS, INC."
iapd,iapd_state_compilation,329352,TX,APPROVED,2024-04-12,"XPONIFY, INC.","XPONIFY, INC."
iapd,iapd_state_compilation,329356,TX,APPROVED,2024-02-28,"GEORGE, MORGAN & SNEED, P.C.","GEORGE, MORGAN & SNEED, P.C."
iapd,iapd_state_compilation,329446,TX,APPROVED,2024-03-19,"SAMCO PROPRIETARY TRADING, INC.","SAMCO PROPRIETARY TRADING, INC."
iapd,iapd_state_compilation,329502,TX,APPROVED,2024-02-23,DRUMOND WEALTH MANAGEMENT,DRUMOND WEALTH MANAGEMENT LLC
iapd,iapd_state_compilation,329568,TX,APPROVED,2024-03-15,"SYMPHONY ONE CAPITAL MANAGEMENT, LLC","SYMPHONY ONE CAPITAL MANAGEMENT, LLC"
iapd,iapd_state_compilation,329570,TX,APPROVED,2024-02-20,CASMILNER CONSULTING LLC,CASMILNER CONSULTING LLC
iapd,iapd_state_compilation,329683,TX,APPROVED,2024-07-17,ROOT WEALTH MANAGEMENT,ROOT WEALTH MANAGEMENT LLC
iapd,iapd_state_compilation,329772,TX,APPROVED,2024-02-01,AS INVESTMENT PARTNERS LLC,AS INVESTMENT PARTNERS LLC
iapd,iapd_state_compilation,329781,TX,APPROVED,2024-06-21,CHAMBERS FINANCIAL CONSULTING,"CHAMBERS FINANCIAL CONSULTING, LLC"
iapd,iapd_state_compilation,329782,TX,APPROVED,2024-05-06,BALL INVESTMENTS CORPORATION,BALL INVESTMENTS CORPORATION
iapd,iapd_state_compilation,329834,TX,APPROVED,2024-03-28,GHOST STRATEGIES LLC,GHOST STRATEGIES LLC
iapd,iapd_state_compilation,329866,TX,APPROVED,2024-03-04,ALPHAVISTA ASSET MANAGEMENT LLC,ALPHAVISTA ASSET MANAGEMENT LLC
iapd,iapd_state_compilation,329881,TX,APPROVED,2024-02-29,"SMITH, MICHAEL, GLEN","SMITH, MICHAEL, GLEN"
iapd,iapd_state_compilation,329913,TX,APPROVED,2024-06-17,"PERENNIAL WEALTH ADVISORS, LLC","PERENNIAL WEALTH ADVISORS, LLC"
iapd,iapd_state_compilation,329940,TX,APPROVED,2024-04-05,ONE XVI WEALTH,"ONE XVI WEALTH, LLC"
iapd,iapd_state_compilation,329951,TX,APPROVED,2024-05-16,"CANDOR WEALTH MANAGEMENT, LLC","CANDOR WEALTH MANAGEMENT, LLC"
iapd,iapd_state_compilation,329967,TX,APPROVED,2024-05-07,SOPHRONIA WEALTH ADVISORS,"SOPHRONIA WEALTH ADVISORS, INC."
iapd,iapd_state_compilation,329989,TX,APPROVED,2024-05-08,"TWOTEN PLANNING, PLLC","TWOTEN PLANNING, PLLC"
iapd,iapd_state_compilation,330015,TX,APPROVED,2024-02-14,ARGON ADVISORS,ARGON ADVISORS LLC
iapd,iapd_state_compilation,330023,TX,APPROVED,2024-04-26,LONGITUDE FINANCIAL PLANNING,"LONGITUDE FINANCIAL PLANNING, LLC"
iapd,iapd_state_compilation,330048,TX,APPROVED,2025-05-06,"SHARPER IMAGE FINANCIAL SERVICES, LLC","SHARPER IMAGE FINANCIAL SERVICES, LLC"
iapd,iapd_state_compilation,330124,TX,APPROVED,2024-05-09,MAGNOLIA WEALTH,"HUBER WEALTH MANAGEMENT, LLC"
iapd,iapd_state_compilation,330163,TX,APPROVED,2024-04-26,EXEMPLAR WEALTH PARTNERS LLC,EXEMPLAR WEALTH PARTNERS LLC
iapd,iapd_state_compilation,330194,TX,APPROVED,2024-04-12,FORMA FINANCIAL PLANNING,FORMA FINANCIAL PLANNING LLC
iapd,iapd_state_compilation,330474,TX,APPROVED,2026-01-23,"OUTLIER FINANCIAL PARTNERS, LLC","OUTLIER FINANCIAL PARTNERS, LLC"
iapd,iapd_state_compilation,330479,TX,APPROVED,2024-04-30,FLEXHEDZ GROUP LLC,FLEXHEDZ GROUP LLC
iapd,iapd_state_compilation,330516,TX,APPROVED,2025-01-30,FREEDOM FINANCIAL ADVISORS,"FREEDOM FINANCIAL ADVISORS, LLC"
iapd,iapd_state_compilation,330543,TX,APPROVED,2024-10-15,LCM FINANCIAL,LEWIS CALDWELL MITCHELL INC.
iapd,iapd_state_compilation,330561,TX,APPROVED,2024-10-17,BLUE MONARCH FINANCIAL INC.,BLUE MONARCH FINANCIAL INC.
iapd,iapd_state_compilation,330575,TX,APPROVED,2025-09-22,ARCHER WEALTH ADVISORS,"ARCHER WEALTH ADVISORS, LLC"
iapd,iapd_state_compilation,330589,TX,APPROVED,2024-07-16,HSCORE ADVISORS LLC,HSCORE ADVISORS LLC
iapd,iapd_state_compilation,330600,TX,APPROVED,2024-04-15,OH CAP ASSET MANAGEMENT,OH CAP ASSET MANAGEMENT LLC
iapd,iapd_state_compilation,330630,TX,APPROVED,2024-05-07,"HOYL WEALTH MANAGEMENT, LLC","HOYL WEALTH MANAGEMENT, LLC"
iapd,iapd_state_compilation,330842,TX,APPROVED,2024-05-03,GRATUS WEALTH STRATEGIES LLC,GRATUS WEALTH STRATEGIES LLC
iapd,iapd_state_compilation,330891,TX,APPROVED,2024-04-26,ASPIRED WEALTH,ASPIRED WEALTH PLANNING LLC
iapd,iapd_state_compilation,330919,TX,APPROVED,2024-11-12,PENNY EARNED FINANCIAL,DEDRICK CURTIS LLC
iapd,iapd_state_compilation,331046,TX,APPROVED,2026-06-09,PLANDEAVOR,PLANDEAVOR LLC
iapd,iapd_state_compilation,331141,TX,APPROVED,2024-05-07,"SALINAS ASSET MANAGEMENT, LLC","SALINAS ASSET MANAGEMENT, LLC"
iapd,iapd_state_compilation,331145,TX,APPROVED,2024-06-03,SF PLANNING GROUP LLC,SF PLANNING GROUP LLC
iapd,iapd_state_compilation,331211,TX,APPROVED,2024-05-29,MONEY CALCULUS LLC,MONEY CALCULUS LLC
iapd,iapd_state_compilation,331322,TX,APPROVED,2024-07-16,MINDFUL INVESTING LLC,MINDFUL INVESTING LLC
iapd,iapd_state_compilation,331404,TX,APPROVED,2025-09-08,MCWILLIAMS ASSET MANAGEMENT INC.,MCWILLIAMS ASSET MANAGEMENT INC.
iapd,iapd_state_compilation,331427,TX,APPROVED,2024-07-24,EASTLAKE PLANNING LLC,EASTLAKE PLANNING LLC
iapd,iapd_state_compilation,331432,TX,APPROVED,2024-09-27,JOS PLANNING,JOS PLANNING FIRM LLC
iapd,iapd_state_compilation,331564,TX,APPROVED,2026-04-02,UNITAS PARTNERS LLC,UNITAS PARTNERS LLC
iapd,iapd_state_compilation,331629,TX,APPROVED,2024-09-05,AMWH ASSET MANAGEMENT LLC,AMWH ASSET MANAGEMENT LLC
iapd,iapd_state_compilation,331647,TX,APPROVED,2026-09-21,"BESPOKE CAPITAL ADVISORS, INC.","BESPOKE CAPITAL ADVISORS, INC."
iapd,iapd_state_compilation,331693,TX,APPROVED,2024-07-03,ANCHORED WEALTH,ANCHORED WEALTH MANAGEMENT LLC
iapd,iapd_state_compilation,331695,TX,APPROVED,2024-07-15,MCCULLOUGH WEALTH MANAGEMENT LLC,MCCULLOUGH WEALTH MANAGEMENT LLC
iapd,iapd_state_compilation,331725,TX,APPROVED,2024-09-06,"ILS FINANCIAL, LLC","ILS FINANCIAL, LLC"
iapd,iapd_state_compilation,331746,TX,APPROVED,2024-12-06,SIMPLI-FI ALPHA LLC,SIMPLI-FI ALPHA LLC
iapd,iapd_state_compilation,331750,TX,APPROVED,2024-12-20,"ROSS WEALTH GROUP, LLC","ROSS WEALTH GROUP, LLC"
iapd,iapd_state_compilation,331821,TX,APPROVED,2024-08-29,TRUVIZE FINANCIAL PLANNING,TRUVIZE FINANCIAL PLANNING LLC
iapd,iapd_state_compilation,331825,TX,APPROVED,2024-07-16,MIKEL WEALTH MANAGEMENT,"MIKEL WEALTH MANAGEMENT, LLC"
iapd,iapd_state_compilation,331945,TX,APPROVED,2024-08-08,CRESCENT INVESTMENT SOLUTIONS LLC,CRESCENT INVESTMENT SOLUTIONS LLC
iapd,iapd_state_compilation,331971,TX,APPROVED,2024-08-29,SHARPEDGE FINANCIAL,SHARPEDGE FINANCIAL LLC
iapd,iapd_state_compilation,331995,TX,APPROVED,2024-10-22,WEALTH BEYOND MATH,WEALTH BEYOND MATH LLC
iapd,iapd_state_compilation,332066,TX,APPROVED,2024-07-26,STILLFOREST WEALTH MANAGEMENT,STILLFOREST WEALTH MANAGEMENT LLC
iapd,iapd_state_compilation,332181,TX,APPROVED,2024-11-12,INKED INVESTMENTS,"INKED INVESTMENTS, LLC"
iapd,iapd_state_compilation,332190,TX,APPROVED,2024-09-09,PRIME PERSONAL FINANCE,"GARDNER, NATHANIEL JAMESON"
iapd,iapd_state_compilation,332191,TX,APPROVED,2024-09-05,"DE ROSA ASSET MANAGEMENT, LLC","DE ROSA ASSET MANAGEMENT, LLC"
iapd,iapd_state_compilation,332194,TX,APPROVED,2024-09-26,LEWIS WEIL CO.,LEWIS WEIL COMPANY LLC
iapd,iapd_state_compilation,332216,TX,APPROVED,2025-07-08,"MESSINA WEALTH MANAGEMENT, LLC","MESSINA WEALTH MANAGEMENT, LLC"
iapd,iapd_state_compilation,332291,TX,APPROVED,2024-08-27,"FARNEY PRIVATE WEALTH MANAGEMENT, LLC","FARNEY PRIVATE WEALTH MANAGEMENT, LLC"
iapd,iapd_state_compilation,332333,TX,APPROVED,2024-08-02,PISTOL HILL CAPITAL,"PISTOL HILL CAPITAL, LLC"
iapd,iapd_state_compilation,332397,TX,APPROVED,2024-08-07,STABLEFORD CAPITAL PARTNERS,STABLEFORD CAPITAL PARTNERS LLC
iapd,iapd_state_compilation,332428,TX,APPROVED,2024-10-24,"FLAGSHIP WEALTH MANAGEMENT GROUP, LLC","FLAGSHIP WEALTH MANAGEMENT GROUP, LLC"
iapd,iapd_state_compilation,332430,TX,APPROVED,2024-11-21,"LEADERSHIP FINANCIAL ADVISORS, LLC","LEADERSHIP FINANCIAL ADVISORS, LLC"
iapd,iapd_state_compilation,332454,TX,APPROVED,2025-01-09,"JI FINANCIAL SERVICES, LLC","JI FINANCIAL SERVICES, LLC"
iapd,iapd_state_compilation,332457,TX,APPROVED,2024-12-06,"QUIVIRA ADVISORS, LLC","QUIVIRA ADVISORS, LLC"
iapd,iapd_state_compilation,332464,TX,APPROVED,2025-11-20,MOUNTAIN GOAT WEALTH MANAGEMENT LLC,MOUNTAIN GOAT WEALTH MANAGEMENT LLC
iapd,iapd_state_compilation,332510,TX,APPROVED,2024-09-14,ANNUALITIX,"ALPHAWAVE INVESTMENTS, LLC."
iapd,iapd_state_compilation,332564,TX,APPROVED,2024-08-27,QUANTWEALTH ADVISORS LLC,QUANTWEALTH ADVISORS LLC
iapd,iapd_state_compilation,332672,TX,APPROVED,2024-10-24,SIERRA HOTEL FINANCIAL LLC,SIERRA HOTEL FINANCIAL LLC
iapd,iapd_state_compilation,332723,TX,APPROVED,2024-11-21,"ALTERE FINANCIAL, LLC","ALTERE FINANCIAL, LLC"
iapd,iapd_state_compilation,332751,TX,APPROVED,2026-09-24,CONVICTION WEALTH MANAGEMENT LLC,CONVICTION WEALTH MANAGEMENT LLC
iapd,iapd_state_compilation,332755,TX,APPROVED,2024-10-30,ASSETFUSION,"ASSETFUSION, LLC"
iapd,iapd_state_compilation,332761,TX,APPROVED,2024-09-26,"BEE FINANCIAL PARTNERS WEALTH, LLC","BEE FINANCIAL PARTNERS WEALTH, LLC"
iapd,iapd_state_compilation,332763,TX,APPROVED,2024-10-01,BAUCOM WEALTH MANAGEMENT LLC,BAUCOM WEALTH MANAGEMENT LLC
iapd,iapd_state_compilation,332779,TX,APPROVED,2024-11-21,BPW ADVISORY SERVICES LLC,BPW ADVISORY SERVICES LLC
iapd,iapd_state_compilation,332816,TX,APPROVED,2024-10-24,A SMALL INVESTMENT,"A SMALL INVESTMENT, LLC"
iapd,iapd_state_compilation,332862,TX,APPROVED,2025-07-17,THIRD WAVE CAPITAL LLC,THIRD WAVE CAPITAL LLC
iapd,iapd_state_compilation,332898,TX,APPROVED,2024-10-17,"RIVAL CAPITAL MANAGEMENT, LLC","RIVAL CAPITAL MANAGEMENT, LLC"
iapd,iapd_state_compilation,332937,TX,APPROVED,2025-03-28,NORTHERN MONARCH CAPITAL LLC,NORTHERN MONARCH CAPITAL LLC
iapd,iapd_state_compilation,332962,TX,APPROVED,2024-10-30,ANALYTICEDGE FINANCE,ANALYTICEDGE FINANCE
iapd,iapd_state_compilation,333020,TX,APPROVED,2025-03-31,"SUREPATH WEALTH MANAGEMENT, LLC","SUREPATH WEALTH MANAGEMENT, LLC"
iapd,iapd_state_compilation,333053,TX,APPROVED,2024-11-12,NEW HORIZON RETIREMENT ADVISORS,KMP FINANCIAL LLC
iapd,iapd_state_compilation,333129,TX,APPROVED,2024-10-01,GLYNN CAPITAL ADVISORS,"GLYNN CAPITAL ADVISORS, LLC"
iapd,iapd_state_compilation,333173,TX,APPROVED,2026-05-04,BASED CAPITAL WEALTH LLC,BASED CAPITAL WEALTH LLC
iapd,iapd_state_compilation,333177,TX,APPROVED,2026-03-20,"ASPEN RIDGE WEALTH MANAGEMENT, LLC","ASPEN RIDGE WEALTH MANAGEMENT, LLC"
iapd,iapd_state_compilation,333216,TX,APPROVED,2024-11-19,"FAMILY FREEDOM WEALTH MANAGEMENT, LLC","FAMILY FREEDOM WEALTH MANAGEMENT, LLC"
iapd,iapd_state_compilation,333243,TX,APPROVED,2025-02-14,AFROBLOC,AFROBLOC LLC
iapd,iapd_state_compilation,333244,TX,APPROVED,2025-01-09,RAINEY FINANCIAL LLC,RAINEY FINANCIAL LLC
iapd,iapd_state_compilation,333252,TX,APPROVED,2024-11-12,CRESVITA CAPITAL,CRESVITA CAPITAL LLC
iapd,iapd_state_compilation,333264,TX,APPROVED,2024-10-17,CRESCENDO WEALTH GROUP LLC,CRESCENDO WEALTH GROUP LLC
iapd,iapd_state_compilation,333333,TX,APPROVED,2024-12-06,TRIO ADVISORS LONGVIEW LLC,TRIO ADVISORS LONGVIEW LLC
iapd,iapd_state_compilation,333375,TX,APPROVED,2025-02-20,EMORY WEALTH LLC,EMORY WEALTH LLC
iapd,iapd_state_compilation,333390,TX,APPROVED,2024-11-21,CORTEZ WEALTH MANAGEMENT,"CORTEZ WEALTH MANAGEMENT, LLC"
iapd,iapd_state_compilation,333411,TX,APPROVED,2025-11-25,PRIME SENTRY WEALTH MANAGEMENT LLC,PRIME SENTRY WEALTH MANAGEMENT LLC
iapd,iapd_state_compilation,333416,TX,APPROVED,2025-01-30,EXPONENTIAL ADVISORS LLC,EXPONENTIAL ADVISORS LLC
iapd,iapd_state_compilation,333431,TX,APPROVED,2025-01-30,FREEMAN WEALTH MANAGEMENT,"FREEMAN WEALTH MANAGEMENT, LLC"
iapd,iapd_state_compilation,333542,TX,APPROVED,2025-01-09,POMIFER CAPITAL PARTNERS LLC,POMIFER CAPITAL PARTNERS LLC
iapd,iapd_state_compilation,333585,TX,APPROVED,2026-09-29,UNIVERSAL WEALTH MANAGEMENT LLC,UNIVERSAL WEALTH MANAGEMENT LLC
iapd,iapd_state_compilation,333652,TX,APPROVED,2025-01-09,SENDERA WEALTH ADVISORS,"SENDERA WEALTH ADVISORS, LLC"
iapd,iapd_state_compilation,333659,TX,APPROVED,2025-01-31,PRUDENT PROSPERITY,"PRUDENT PROSPERITY OF TEXAS, LLC"
iapd,iapd_state_compilation,333678,TX,APPROVED,2025-03-28,CAPROCK WEALTH MANAGEMENT,CAPROCK WEALTH MANAGEMENT LIMITED LIABILITY COMPANY
iapd,iapd_state_compilation,333679,TX,APPROVED,2026-02-12,BSQUARE INVESTALYTIX LLC,BSQUARE INVESTALYTIX LLC
iapd,iapd_state_compilation,333819,TX,APPROVED,2025-06-13,LATITUDE INVESTMENT GROUP,"LATITUDE INVESTMENT GROUP, LLC"
iapd,iapd_state_compilation,333832,TX,APPROVED,2025-03-05,"MAROSEK, YUKA",YUKA OKAWA MAROSEK
iapd,iapd_state_compilation,333858,TX,APPROVED,2026-03-16,GLOBAL SOLUTIONS WEALTH CONSULTANTS,GLOBAL SOLUTIONS WEALTH CONSULTANTS LLC
iapd,iapd_state_compilation,333870,TX,APPROVED,2025-03-28,CONE WEALTH MANAGEMENT,"OKLAHOMA SENIOR PLANNING SOLUTIONS, LLC"
iapd,iapd_state_compilation,333883,TX,APPROVED,2025-02-05,"IN-CHRIST ASSET MANAGEMENT, LLC","IN-CHRIST ASSET MANAGEMENT, LLC"
iapd,iapd_state_compilation,333892,TX,APPROVED,2026-04-23,BRASS CAPITAL,"BRASS CAPITAL, LLC"
iapd,iapd_state_compilation,333905,TX,APPROVED,2025-09-22,"ALIGN FINANCIAL ADVISORS, LLC","ALIGN FINANCIAL ADVISORS, LLC"
iapd,iapd_state_compilation,333992,TX,APPROVED,2025-05-29,SEMPER SURSUM INVESTMENTS LLC,SEMPER SURSUM INVESTMENTS LLC
iapd,iapd_state_compilation,334030,TX,APPROVED,2025-09-10,"PINECREST ADVISORY SERVICES, LLC","PINECREST ADVISORY SERVICES, LLC"
iapd,iapd_state_compilation,334043,TX,APPROVED,2025-03-28,DELEON WEALTH LLC,DELEON WEALTH LLC
iapd,iapd_state_compilation,334075,TX,APPROVED,2025-03-11,SIEVE CAPITAL LLC,SIEVE CAPITAL LLC
iapd,iapd_state_compilation,334092,TX,APPROVED,2025-01-16,"CRESTVIEW WEALTH MANAGEMENT, LLC","CRESTVIEW WEALTH MANAGEMENT, LLC"
iapd,iapd_state_compilation,334095,TX,APPROVED,2025-01-24,SPENCER FINANCIAL STRATEGIES,"SPENDES1, LLC"
iapd,iapd_state_compilation,334123,TX,APPROVED,2026-09-23,CRIMSON WEALTH,CRIMSON WEALTH MANAGEMENT INC.
iapd,iapd_state_compilation,334229,TX,APPROVED,2025-12-22,ROBINSON WEALTH AND FINANCIAL PLANNING,ROBINSON WEALTH AND FINANCIAL PLANNING LLC
iapd,iapd_state_compilation,334235,TX,APPROVED,2025-03-28,AI INVESTOR 360,AI INVESTOR360 LLC
iapd,iapd_state_compilation,334284,TX,APPROVED,2025-04-04,EARLS FINANCIAL,EARLS FINANCIAL LLC
iapd,iapd_state_compilation,334342,TX,APPROVED,2025-01-30,HILLTOP PLANNING,HILLTOP PLANNING LLC
iapd,iapd_state_compilation,334371,TX,APPROVED,2025-06-02,PRO CAPITAL LLC,PRO CAPITAL LLC
iapd,iapd_state_compilation,334394,TX,APPROVED,2025-03-28,MEXUS WEALTH MANAGEMENT,MEXUS ADVISORY L.L.C.
iapd,iapd_state_compilation,334428,TX,APPROVED,2025-02-20,KWM PARTNERS LLC,KWM PARTNERS LLC
iapd,iapd_state_compilation,334443,TX,APPROVED,2025-11-20,STRIVE RETIREMENT GROUP,DARROW BENTLEY LLC
iapd,iapd_state_compilation,334445,TX,APPROVED,2025-02-21,IRON FORGE FINANCIAL,IRON FORGE FINANCIAL LLC
iapd,iapd_state_compilation,334451,TX,APPROVED,2025-04-07,CIRCADIA FINANCIAL PLANNING,CIRCADIA FINANCIAL PLANNING LLC
iapd,iapd_state_compilation,334503,TX,APPROVED,2025-04-08,FINANCIAL EXCAVATION,"FINANCIAL EXCAVATION, LLC"
iapd,iapd_state_compilation,334515,TX,APPROVED,2025-06-23,CUSTOM WEALTH SOLUTIONS,"KAREN LEA PONG, SOLE PROPRIETOR"
iapd,iapd_state_compilation,334519,TX,APPROVED,2025-08-19,EVERYPLAN FINANCIAL,EVERYPLAN FINANCIAL LLC
iapd,iapd_state_compilation,334537,TX,APPROVED,2025-05-06,WEIMER FINANCIAL ADVISORS LLC,WEIMER FINANCIAL ADVISORS LLC
iapd,iapd_state_compilation,334602,TX,APPROVED,2025-05-28,BALAI LAGAI WEALTH MANAGEMENT,BALAI LAGAI WEALTH MANAGEMENT LLC
iapd,iapd_state_compilation,334608,TX,APPROVED,2025-05-15,PLUMB FINANCIAL,PLUMB FINANCIAL LLC
iapd,iapd_state_compilation,334714,TX,APPROVED,2025-03-27,"ISMAIL, MUSTAFA","ISMAIL, MUSTAFA KHALID"
iapd,iapd_state_compilation,334719,TX,APPROVED,2025-04-15,NORMALTOWN FINANCIAL LLC,NORMALTOWN FINANCIAL LLC
iapd,iapd_state_compilation,334740,TX,APPROVED,2025-04-11,"ROSE WEALTH, LLC","ROSE WEALTH, LLC"
iapd,iapd_state_compilation,334749,TX,APPROVED,2025-05-20,"STRATIA WEALTH MANAGEMENT, LLC","STRATIA WEALTH MANAGEMENT, LLC"
iapd,iapd_state_compilation,334807,TX,APPROVED,2025-12-23,BELAY FINANCE,"BELAY FINANCE, LLC"
iapd,iapd_state_compilation,334836,TX,APPROVED,2026-02-05,DUNES FINANCIAL,DUNES FINANCIAL LLC
iapd,iapd_state_compilation,334855,TX,APPROVED,2026-02-18,JOURNEY ASSET MANAGEMENT LLC,JOURNEY ASSET MANAGEMENT LLC
iapd,iapd_state_compilation,334862,TX,APPROVED,2025-12-15,"THELINKU RIA, LLC","THELINKU RIA, LLC"
iapd,iapd_state_compilation,334865,TX,APPROVED,2025-12-19,"PRAESTANTIA CAPITAL, LLC","PRAESTANTIA CAPITAL, LLC"
iapd,iapd_state_compilation,334888,TX,APPROVED,2025-04-08,AXON CAPITAL MANAGEMENT,AXON CAPITAL MANAGEMENT LLC
iapd,iapd_state_compilation,334893,TX,APPROVED,2025-04-14,"ACEEDA WEALTH MANAGEMENT, INC.","ACEEDA WEALTH MANAGEMENT, INC."
iapd,iapd_state_compilation,335053,TX,APPROVED,2025-04-24,DORNICK WEALTH MANAGEMENT,DORNICK WEALTH MANAGEMENT LLC
iapd,iapd_state_compilation,335058,TX,APPROVED,2025-04-04,VEDANTA SENTINEL INVESTMENT ADVISORS,"VEDANTA SENTINEL INVESTMENT ADVISORS, LLC"
iapd,iapd_state_compilation,335087,TX,APPROVED,2025-05-28,KENOBI WEALTH,KENOBI WEALTH LLC
iapd,iapd_state_compilation,335111,TX,APPROVED,2025-05-15,HALAL ALPHA,HALAL ALPHA INC.
iapd,iapd_state_compilation,335113,TX,APPROVED,2025-09-12,BANCROFT BOOTH CAPITAL ADVISORS,JOHN WINSTON BOOTH
iapd,iapd_state_compilation,335228,TX,APPROVED,2025-06-18,FIVE KEYS PRIVATE ADVISORS LLC,FIVE KEYS PRIVATE ADVISORS LLC
iapd,iapd_state_compilation,335249,TX,APPROVED,2025-04-25,TAYLOR WILLIAMS PRIVATE WEALTH MANAGEMENT LLC,TAYLOR WILLIAMS PRIVATE WEALTH MANAGEMENT LLC
iapd,iapd_state_compilation,335293,TX,APPROVED,2025-06-11,TOPRAC FINANCIAL LLC,TOPRAC FINANCIAL LLC
iapd,iapd_state_compilation,335477,TX,APPROVED,2025-07-08,JMCMAHAN LLC,JMCMAHAN LLC
iapd,iapd_state_compilation,335544,TX,APPROVED,2026-01-13,STERLING CAPITAL ADVISORS,"STERLING CAPITAL ADVISORS, LLC"
iapd,iapd_state_compilation,335547,TX,APPROVED,2025-07-29,MAHOGANY FINANCIAL STRATEGIES LLC,MAHOGANY FINANCIAL STRATEGIES LLC
iapd,iapd_state_compilation,335646,TX,APPROVED,2025-06-13,HOFFMAN WEALTH ADVISORS,HOFFMAN WEALTH ADVISORS LLC
iapd,iapd_state_compilation,335725,TX,APPROVED,2025-06-13,OAKRIDGE FINANCIAL PLANNING LLC,OAKRIDGE FINANCIAL PLANNING LLC
iapd,iapd_state_compilation,335758,TX,APPROVED,2025-07-09,"72CAPITAL, LLC","72CAPITAL, LLC"
iapd,iapd_state_compilation,335766,TX,APPROVED,2025-06-26,"KCONNALLY STRATEGIES, LLC","KCONNALLY STRATEGIES, LLC"
iapd,iapd_state_compilation,335788,TX,APPROVED,2025-05-06,HIGH FLIGHT FINANCIAL LLC,HIGH FLIGHT FINANCIAL LLC
iapd,iapd_state_compilation,335823,TX,APPROVED,2026-05-07,ORION FINANCIAL GROUP,FLINT AND FLETCHING LLC
iapd,iapd_state_compilation,335828,TX,APPROVED,2026-06-26,VESICA WEALTH ACQUISITION,MILLENNIAL INVESTORS LTD. CO.
iapd,iapd_state_compilation,335904,TX,APPROVED,2025-05-28,GBS GROUP,"GBS WEALTH MANAGEMENT, LLC"
iapd,iapd_state_compilation,335988,TX,APPROVED,2025-09-03,TEXAS ASSURED FINANCIAL PLANNING LLC,TEXAS ASSURED FINANCIAL PLANNING LLC
iapd,iapd_state_compilation,336109,TX,APPROVED,2025-06-26,THE WEALTH EXPEDITION,"LANCITY ENTERPRISES, LLC"
iapd,iapd_state_compilation,336114,TX,APPROVED,2025-07-01,KNODE WEALTH MANAGEMENT LLC,KNODE WEALTH MANAGEMENT LLC
iapd,iapd_state_compilation,336137,TX,APPROVED,2026-05-15,TRUE PATH FINANCIAL LLC,TRUE PATH FINANCIAL LLC
iapd,iapd_state_compilation,336150,TX,APPROVED,2025-07-29,TRADESPRO LLC,TRADESPRO LLC
iapd,iapd_state_compilation,336166,TX,APPROVED,2026-05-08,CHARLES MCLEAN CAPITAL MANAGEMENT,"CHARLES MCLEAN CAPITAL MANAGEMENT, LLC"
iapd,iapd_state_compilation,336225,TX,APPROVED,2025-09-17,DONCASTER WEALTH LLC,DONCASTER WEALTH LLC
iapd,iapd_state_compilation,336230,TX,APPROVED,2026-07-28,"FARMERS ASSET MANAGEMENT, LLC","FARMERS ASSET MANAGEMENT, LLC"
iapd,iapd_state_compilation,336249,TX,APPROVED,2025-11-20,WEHLING INVESTMENT MANAGEMENT,"WEHLING INVESTMENT MANAGEMENT, LLC"
iapd,iapd_state_compilation,336260,TX,APPROVED,2025-11-06,EAGLE GUARDIAN ADVISORS,EAGLE GUARDIAN ADVISORS LLC
iapd,iapd_state_compilation,336386,TX,APPROVED,2025-08-19,BLUEGRASS LEGACY PLANNING,"BLUEGRASS LEGACY PLANNING, LLC"
iapd,iapd_state_compilation,336409,TX,APPROVED,2025-07-08,FSO WEALTH,GLOBAL FIDUCIARY PARTNERS LLC
iapd,iapd_state_compilation,336440,TX,APPROVED,2025-10-01,BLUEPRISM WEALTH MANAGEMENT LLC,BLUEPRISM WEALTH MANAGEMENT LLC
iapd,iapd_state_compilation,336450,TX,APPROVED,2025-08-10,"HONOR WEALTH MANAGEMENT, LLC","HONOR WEALTH MANAGEMENT, LLC"
iapd,iapd_state_compilation,336470,TX,APPROVED,2025-08-15,FOLSE FINANCIAL,"FOLSE FINANCIAL, LLC"
iapd,iapd_state_compilation,336614,TX,APPROVED,2025-07-29,RIDGEBACK FINANCIAL LLC,RIDGEBACK FINANCIAL LLC
iapd,iapd_state_compilation,336626,TX,APPROVED,2025-08-28,SABER ASSET MANAGEMENT,SABER 17 VENTURES LLC
iapd,iapd_state_compilation,336634,TX,APPROVED,2025-07-31,"ADVISING FOR LIFE, LLC","ADVISING FOR LIFE, LLC"
iapd,iapd_state_compilation,336802,TX,APPROVED,2025-07-31,PROCESS WEALTH LLC,PROCESS WEALTH LLC
iapd,iapd_state_compilation,336806,TX,APPROVED,2026-08-06,GEMINI WEALTH,GEMINI WEALTH LLC
iapd,iapd_state_compilation,336808,TX,APPROVED,2026-06-24,GAELIN LLC,GAELIN LLC
iapd,iapd_state_compilation,336818,TX,APPROVED,2025-11-19,AURI,"AURI HOLDINGS, INC."
iapd,iapd_state_compilation,336819,TX,APPROVED,2025-08-19,SYNERGY WEALTH MANAGEMENT,SYNERGY WEALTH MANAGEMENT LLC
iapd,iapd_state_compilation,336823,TX,APPROVED,2025-11-07,QUANTUM WEALTH ADVISORS LLC,QUANTUM WEALTH ADVISORS LLC
iapd,iapd_state_compilation,336848,TX,APPROVED,2026-06-15,TRIPLE PINE WEALTH MANAGEMENT LLC,TRIPLE PINE WEALTH MANAGEMENT LLC
iapd,iapd_state_compilation,336849,TX,APPROVED,2025-09-10,LIVINGSTON WEALTH ADVISORY,LIVINGSTON WEALTH ADVISORY LLC
iapd,iapd_state_compilation,337228,TX,APPROVED,2025-10-07,CHADWICK FINANCIAL,"THE CHAD GOLSETH AGENCY, INC"
iapd,iapd_state_compilation,337292,TX,APPROVED,2025-09-04,"BROKEN INVESTING, LLC","BROKEN INVESTING, LLC"
iapd,iapd_state_compilation,337314,TX,APPROVED,2026-07-30,DEAJ INSURANCE AND INVESTMENTS CONSULTING,"JAVIER, DOMINIC HILARIO, ESPIRITU"
iapd,iapd_state_compilation,337378,TX,APPROVED,2025-09-22,OFF-TRAIL WORKS LLC,OFF-TRAIL WORKS LLC
iapd,iapd_state_compilation,337395,TX,APPROVED,2025-08-19,"ANGEL LEGACY ADVISORS, LLC","ANGEL LEGACY ADVISORS, LLC"
iapd,iapd_state_compilation,337428,TX,APPROVED,2025-08-19,MUSLEH WEALTH MANAGEMENT LLC,MUSLEH WEALTH MANAGEMENT LLC
iapd,iapd_state_compilation,337453,TX,APPROVED,2025-08-26,REFINED WEALTH,REFINED WEALTH LLC
iapd,iapd_state_compilation,337477,TX,APPROVED,2026-03-23,SAMJU CAPITAL LLC,SAMJU CAPITAL LLC
iapd,iapd_state_compilation,337503,TX,APPROVED,2025-09-04,"ONPOINT FINANCIAL ADVICE, LLC","ONPOINT FINANCIAL ADVICE, LLC"
iapd,iapd_state_compilation,337524,TX,APPROVED,2025-11-05,"ELITEGATE WEALTH, LLC","ELITEGATE WEALTH, LLC"
iapd,iapd_state_compilation,337528,TX,APPROVED,2025-08-08,DIVERGENT PATH CAPITAL MANAGEMENT,DIVERGENT PATH CAPITAL MANAGEMENT LLC
iapd,iapd_state_compilation,337542,TX,APPROVED,2026-04-06,"ALLEN FINANCIAL ADVISEMENT, INC.","ALLEN FINANCIAL ADVISEMENT, INC."
iapd,iapd_state_compilation,337545,TX,APPROVED,2026-06-02,ALTA STRADA WEALTH MANAGEMENT,"ALTA STRADA WEALTH PARTNERS, LLC"
iapd,iapd_state_compilation,337564,TX,APPROVED,2025-10-16,"HIGHMARK, LLC","HIGHMARK, LLC"
iapd,iapd_state_compilation,337578,TX,APPROVED,2026-03-25,"GOTMAN-MATUSOVSKAYA, JULIE EVGENIEVNA","GOTMAN-MATUSOVSKAYA, JULIE EVGENIEVNA"
iapd,iapd_state_compilation,337609,TX,APPROVED,2025-11-13,BAKER GALLO,BAKER GALLO PLLC
iapd,iapd_state_compilation,337649,TX,APPROVED,2025-10-06,CLEARPOINT WEALTH MANAGEMENT,"CLEARPOINT WEALTH MANAGEMENT, LLC"
iapd,iapd_state_compilation,337681,TX,APPROVED,2025-11-05,TECHNOLOGIES ABX,TECHNOLOGIES ABX LLC
iapd,iapd_state_compilation,337706,TX,APPROVED,2026-01-09,TRG FINANCIAL,BREION LASHAY ROLLINS
iapd,iapd_state_compilation,337742,TX,APPROVED,2025-11-19,B365INVEST,B365INVEST LLC
iapd,iapd_state_compilation,337744,TX,APPROVED,2025-10-06,BLSH WEALTH MANAGEMENT,BLSH WEALTH MANAGEMENT LLC
iapd,iapd_state_compilation,337745,TX,APPROVED,2025-10-30,JW HALL FINANCIAL LLC,JW HALL FINANCIAL LLC
iapd,iapd_state_compilation,337811,TX,APPROVED,2025-09-12,RIDLEY WEALTH MANAGEMENT,RIDLEY WEALTH MANAGEMENT LLC
iapd,iapd_state_compilation,337831,TX,APPROVED,2025-10-01,CLEARWATER WEALTH MANAGEMENT,CLEARWATER WEALTH MANAGEMENT LLC
iapd,iapd_state_compilation,337865,TX,APPROVED,2025-12-08,YUKA CORP,YUKA CORP
iapd,iapd_state_compilation,337908,TX,APPROVED,2025-09-12,MARAVI CAPITAL MANAGEMENT,"MARAVI CAPITAL MANAGEMENT, LLC"
iapd,iapd_state_compilation,337978,TX,APPROVED,2025-11-05,"THERAWEALTH, LLC","THERAWEALTH, LLC"
iapd,iapd_state_compilation,338005,TX,APPROVED,2025-11-24,WHITE SANDS FAMILY OFFICE LLC,WHITE SANDS FAMILY OFFICE LLC
iapd,iapd_state_compilation,338047,TX,APPROVED,2025-11-14,"DOMINION FINANCIAL ADVISORS, LLC","DOMINION FINANCIAL ADVISORS, LLC"
iapd,iapd_state_compilation,338053,TX,APPROVED,2026-01-09,"ENVEST ADVISORS, LLC","ENVEST ADVISORS, LLC"
iapd,iapd_state_compilation,338070,TX,APPROVED,2025-11-13,SPENDITRIGHT LLC,SPENDITRIGHT LLC
iapd,iapd_state_compilation,338193,TX,APPROVED,2026-04-10,TEN SEVEN CAPITAL,TEN SEVEN CAPITAL INC.
iapd,iapd_state_compilation,338281,TX,APPROVED,2026-03-25,FIDUCIA WEALTH MANAGEMENT,FIDUCIA WEALTH MANAGEMENT LLC
iapd,iapd_state_compilation,338296,TX,APPROVED,2025-11-07,WG PLAN LLC,WG PLAN LLC
iapd,iapd_state_compilation,338319,TX,APPROVED,2025-09-30,ONE LIFE ADVISORY,"ONE LIFE ADVISORY, LLC"
iapd,iapd_state_compilation,338457,TX,APPROVED,2025-10-15,CASTELLANO WEALTH PLANNING,CASTELLANO WEALTH LLC
iapd,iapd_state_compilation,338553,TX,APPROVED,2025-12-04,LGBTQ WEALTH PLANNING LLC,LGBTQ WEALTH PLANNING LLC
iapd,iapd_state_compilation,338567,TX,APPROVED,2026-07-13,"ASCENSION LEGACY PARTNERS, INC.","ASCENSION LEGACY PARTNERS, INC."
iapd,iapd_state_compilation,338591,TX,APPROVED,2026-01-05,DALLAS FINANCIAL PLANNING LLC,DALLAS FINANCIAL PLANNING LLC
iapd,iapd_state_compilation,338596,TX,APPROVED,2026-01-23,VESSEL FINANCIAL PLANNING LLC,VESSEL FINANCIAL PLANNING LLC
iapd,iapd_state_compilation,338599,TX,APPROVED,2025-11-13,"RTB WEALTH ADVISORS, LLC","RTB WEALTH ADVISORS, LLC"
iapd,iapd_state_compilation,338600,TX,APPROVED,2026-02-06,SIGHTLINE CAPITAL LLC,SIGHTLINE CAPITAL LLC
iapd,iapd_state_compilation,338605,TX,APPROVED,2025-09-30,SILVERSTONE PRIVATE WEALTH,SILVERSTONE PRIVATE WEALTH LLC
iapd,iapd_state_compilation,338635,TX,APPROVED,2026-02-05,CONCEPTUM STRATEGIES,CONCEPTUM STRATEGIES LLC
iapd,iapd_state_compilation,338636,TX,APPROVED,2026-02-23,BENDER MONEY LLC,BENDER MONEY LLC
iapd,iapd_state_compilation,338642,TX,APPROVED,2026-02-10,SOMOS FINANCIAL PARTNERS LLC,SOMOS FINANCIAL PARTNERS LLC
iapd,iapd_state_compilation,338691,TX,APPROVED,2026-02-05,BLUE HORIZON INVESTMENTS LLC,BLUE HORIZON INVESTMENTS LLC
iapd,iapd_state_compilation,338709,TX,APPROVED,2026-01-16,FOUR PINES FINANCIAL,FOUR PINES FINANCIAL LLC
iapd,iapd_state_compilation,338710,TX,APPROVED,2026-04-20,SEVENWEALTH LLC,SEVENWEALTH LLC
iapd,iapd_state_compilation,338731,TX,APPROVED,2026-01-23,BEACON LIGHT WEALTH MANAGEMENT,BEACON LIGHT WEALTH MANAGEMENT LLC
iapd,iapd_state_compilation,338746,TX,APPROVED,2026-03-19,MAR FINANCIAL,MAR FINANCIAL GROUP LLC
iapd,iapd_state_compilation,338855,TX,APPROVED,2026-02-26,"NOBLEHOUSE FAMILY OFFICE, LLC","NOBLEHOUSE FAMILY OFFICE, LLC"
iapd,iapd_state_compilation,338930,TX,APPROVED,2026-01-12,"CRADLE TO COLLEGE FINANCIAL, LLC","CRADLE TO COLLEGE FINANCIAL, LLC"
iapd,iapd_state_compilation,338971,TX,APPROVED,2026-03-20,LAMBDA WEALTH MANAGEMENT LLC,LAMBDA WEALTH MANAGEMENT LLC
iapd,iapd_state_compilation,339003,TX,APPROVED,2026-03-19,REAP ASSET MANAGEMENT LLC,REAP ASSET MANAGEMENT LLC
iapd,iapd_state_compilation,339034,TX,APPROVED,2026-04-30,DUVALL WEALTH MANAGEMENT LLC,DUVALL WEALTH MANAGEMENT LLC
iapd,iapd_state_compilation,339056,TX,APPROVED,2026-01-28,"THREE-SIXTY WEALTH MANAGEMENT, LLC.","THREE-SIXTY WEALTH MANAGEMENT, LLC."
iapd,iapd_state_compilation,339071,TX,APPROVED,2026-02-10,"BARD INVESTMENT GROUP, LLC","BARD INVESTMENT GROUP, LLC"
iapd,iapd_state_compilation,339084,TX,APPROVED,2026-04-01,STF ADVISORY INC,STF ADVISORY INC
iapd,iapd_state_compilation,339100,TX,APPROVED,2026-02-18,"ASTUTE CONSULTING, LLC","ASTUTE CONSULTING, LLC"
iapd,iapd_state_compilation,339114,TX,APPROVED,2026-04-08,AYURASSET LLC,AYURASSET LLC
iapd,iapd_state_compilation,339118,TX,APPROVED,2026-01-07,WHISPER WEALTH ADVISORS LLC,WHISPER WEALTH ADVISORS LLC
iapd,iapd_state_compilation,339128,TX,APPROVED,2025-12-03,IRONWOOD INVESTMENT GROUP LLC,IRONWOOD INVESTMENT GROUP LLC
iapd,iapd_state_compilation,339132,TX,APPROVED,2026-02-13,LANKFORD CAPITAL MANAGEMENT LLC,LANKFORD CAPITAL MANAGEMENT LLC
iapd,iapd_state_compilation,339140,TX,APPROVED,2026-05-06,VESTTED WEALTH ADVISORS,"VESTTED, LLC."
iapd,iapd_state_compilation,339194,TX,APPROVED,2026-02-13,HYVORIAN FINANCIAL,HYVORIAN FINANCIAL LLC
iapd,iapd_state_compilation,339208,TX,APPROVED,2026-03-06,ARUSHA WEALTH LIMITED LIABILITY COMPANY,ARUSHA WEALTH LIMITED LIABILITY COMPANY
iapd,iapd_state_compilation,339217,TX,APPROVED,2026-01-14,AVORA WEALTH LLC,AVORA WEALTH LLC
iapd,iapd_state_compilation,339237,TX,APPROVED,2026-02-24,360 WEALTH CREATION,VWA LLC
iapd,iapd_state_compilation,339262,TX,APPROVED,2026-03-26,POTENTIA WEALTH ADVISORS LLC,POTENTIA WEALTH ADVISORS LLC
iapd,iapd_state_compilation,339284,TX,APPROVED,2026-03-18,"WORTH WEALTH ADVISORS, LLC","WORTH WEALTH ADVISORS, LLC"
iapd,iapd_state_compilation,339344,TX,APPROVED,2026-02-18,WEALTH AND PLAN,WEALTH AND PLAN LLC
iapd,iapd_state_compilation,339346,TX,APPROVED,2026-03-20,"DEFINITIVE ADVISOR GROUP, LLC.","DEFINITIVE ADVISOR GROUP, LLC."
iapd,iapd_state_compilation,339353,TX,APPROVED,2026-03-03,PEACH WEALTH MANAGEMENT,"PEACH WEALTH MANAGEMENT, LLC"
iapd,iapd_state_compilation,339372,TX,APPROVED,2026-03-03,584 NORTH LLC,584 NORTH LLC
iapd,iapd_state_compilation,339410,TX,APPROVED,2026-02-19,TIVERTON WEALTH,"TIVERTON WEALTH, LLC"
iapd,iapd_state_compilation,339415,TX,APPROVED,2026-02-10,"SOUTHERN CAPITAL PARTNERS, LLC","SOUTHERN CAPITAL PARTNERS, LLC"
iapd,iapd_state_compilation,339424,TX,APPROVED,2025-10-31,"OLD BEACH INVESTMENT ADVISORS, LLC","OLD BEACH INVESTMENT ADVISORS, LLC"
iapd,iapd_state_compilation,339464,TX,APPROVED,2026-03-05,VIRESCENT FINANCIAL LLC,VIRESCENT FINANCIAL LLC
iapd,iapd_state_compilation,339501,TX,APPROVED,2026-04-22,"HELIOS FINANCIAL SERVICES, LLC","HELIOS FINANCIAL SERVICES, LLC"
iapd,iapd_state_compilation,339554,TX,APPROVED,2026-02-24,"CRYSTAL OAK WEALTH MANAGEMENT, LLC","CRYSTAL OAK WEALTH MANAGEMENT, LLC"
iapd,iapd_state_compilation,339557,TX,APPROVED,2026-02-06,"CAMPBELL WEALTH PARTNERS, LLC","CAMPBELL WEALTH PARTNERS, LLC"
iapd,iapd_state_compilation,339602,TX,APPROVED,2026-04-22,LAKELINE FINANCIAL,LAKELINE FINANCIAL LLC
iapd,iapd_state_compilation,339644,TX,APPROVED,2026-08-07,KINDRED PEAK WEALTH MANAGEMENT LLC,KINDRED PEAK WEALTH MANAGEMENT LLC
iapd,iapd_state_compilation,339678,TX,APPROVED,2026-02-13,RIVERSIDE FINANCIAL ADVISORS LLC,RIVERSIDE FINANCIAL ADVISORS LLC
iapd,iapd_state_compilation,339768,TX,APPROVED,2026-07-09,PECUSAVVY FINANCIAL,"PECUSAVVY FINANCIAL, LLC"
iapd,iapd_state_compilation,339783,TX,APPROVED,2026-03-30,"ANALOG CAPITAL AI, LLC","ANALOG CAPITAL AI, LLC"
iapd,iapd_state_compilation,339804,TX,APPROVED,2026-05-12,FWM PARTNERS,"MDKB HOLDINGS, LLC"
iapd,iapd_state_compilation,339843,TX,APPROVED,2026-03-23,FIRST FIDELITY WEALTH MANAGEMENT LLC,FIRST FIDELITY WEALTH MANAGEMENT LLC
iapd,iapd_state_compilation,339878,TX,APPROVED,2026-07-06,INSPIRE WEALTH ADVISORY LLC,INSPIRE WEALTH ADVISORY LLC
iapd,iapd_state_compilation,339913,TX,APPROVED,2026-03-30,FRONTSTAGE FINANCIAL LLC,FRONTSTAGE FINANCIAL LLC
iapd,iapd_state_compilation,339938,TX,APPROVED,2026-04-20,CARDINAL WEALTH MANAGEMENT LLC,CARDINAL WEALTH MANAGEMENT LLC
iapd,iapd_state_compilation,340032,TX,APPROVED,2026-03-19,SHERPA WEALTH MANAGEMENT LLC,SHERPA WEALTH MANAGEMENT LLC
iapd,iapd_state_compilation,340070,TX,APPROVED,2026-06-11,RETIRE LAB LLC,RETIRE LAB LLC
iapd,iapd_state_compilation,340099,TX,APPROVED,2026-06-12,"THE FINANCIAL SCIENCES COMPANY, LLC","THE FINANCIAL SCIENCES COMPANY, LLC"
iapd,iapd_state_compilation,340110,TX,APPROVED,2026-08-05,"GRANTD WEALTH, INC.","GRANTD WEALTH, INC."
iapd,iapd_state_compilation,340256,TX,APPROVED,2026-03-03,BRAVO ZULU CAPITAL MANAGEMENT,BRAVO ZULU CAPITAL MANAGEMENT LLC
iapd,iapd_state_compilation,340315,TX,APPROVED,2026-08-02,GOSCH WEALTH ADVISORY,GOSCH WEALTH ADVISORY LLC
iapd,iapd_state_compilation,340335,TX,APPROVED,2026-06-04,"SILVERHAVEN STRATEGIC WEALTH, LLC","SILVERHAVEN STRATEGIC WEALTH, LLC"
iapd,iapd_state_compilation,340342,TX,APPROVED,2026-09-25,FINHIVE DISTRIBUTION,"FINHIVE DISTRIBUTION, LLC"
iapd,iapd_state_compilation,340391,TX,APPROVED,2026-09-01,BAT FINANCIAL SERVICES LLC,BAT FINANCIAL SERVICES LLC
iapd,iapd_state_compilation,340468,TX,APPROVED,2026-03-17,FRONTLINE WEALTH MANAGEMENT,FRONTLINE WEALTH MANAGEMENT LLC
iapd,iapd_state_compilation,340472,TX,APPROVED,2026-03-20,WAGNER WEALTH MANAGEMENT,"WAGNER WEALTH MANAGEMENT, PLLC"
iapd,iapd_state_compilation,340511,TX,APPROVED,2026-05-07,GRAYCHASE WEALTH ADVISORY LLC,GRAYCHASE WEALTH ADVISORY LLC
iapd,iapd_state_compilation,340513,TX,APPROVED,2026-04-23,JMD FINANCIAL PLANNING INC.,JMD FINANCIAL PLANNING INC.
iapd,iapd_state_compilation,340715,TX,APPROVED,2026-06-22,"TRINCHERA INVESTMENTS, LLC","TRINCHERA INVESTMENTS, LLC"
iapd,iapd_state_compilation,340845,TX,APPROVED,2026-06-15,SOUNDVIEW PRIVATE WEALTH ADVISORS,RIDGEVIEW HOLDINGS LIMITED LIABILITY COMPANY
iapd,iapd_state_compilation,340886,TX,APPROVED,2026-06-03,"ROOTN WEALTH MANAGEMENT, INC.","ROOTN WEALTH MANAGEMENT, INC."
iapd,iapd_state_compilation,340920,TX,APPROVED,2026-04-15,"B. LIVELY FINANCIAL, LLC","B. LIVELY FINANCIAL, LLC"
iapd,iapd_state_compilation,340921,TX,APPROVED,2026-08-20,5TH GENERATION FINANCIAL,FIFTH GENERATION FINANCIAL LLC
iapd,iapd_state_compilation,340942,TX,APPROVED,2026-08-20,AVANZZA INVESTMENTS LLC,AVANZZA INVESTMENTS LLC
iapd,iapd_state_compilation,341013,TX,APPROVED,2026-04-10,FORUM WEALTH GROUP,"FORUM WEALTH GROUP, LLC"
iapd,iapd_state_compilation,341190,TX,APPROVED,2026-07-28,SHEPHERD ADVISORY LLC,SHEPHERD ADVISORY LLC
iapd,iapd_state_compilation,341219,TX,APPROVED,2026-06-02,"TARTAN ROAD WEALTH ADVISORY, LLC","TARTAN ROAD WEALTH ADVISORY, LLC"
iapd,iapd_state_compilation,341329,TX,APPROVED,2026-04-15,PATTERSON STRATEGIC EQUITY LLC,PATTERSON STRATEGIC EQUITY LLC
iapd,iapd_state_compilation,341353,TX,APPROVED,2026-09-21,BLANCK FINANCIAL,"BLANCK FINANCIAL, LLC"
iapd,iapd_state_compilation,341355,TX,APPROVED,2026-06-12,GOLDENSTATE WEALTH MANAGEMENT,GOLDENSTATE WEALTH MANAGEMENT LLC
iapd,iapd_state_compilation,341491,TX,APPROVED,2026-09-16,"EVERGLADE CAPITAL, LLC","EVERGLADE CAPITAL, LLC"
iapd,iapd_state_compilation,341523,TX,APPROVED,2026-09-17,LAFAYETTE FINANCIAL PLANNING LLC,LAFAYETTE FINANCIAL PLANNING LLC
iapd,iapd_state_compilation,341589,TX,APPROVED,2026-09-23,83 FINANCIAL,"EIGHTY THREE FINANCIAL, LLC"
iapd,iapd_state_compilation,341678,TX,APPROVED,2026-07-21,VERIFY WEALTH,VERIFY WEALTH LLC
iapd,iapd_state_compilation,341830,TX,APPROVED,2026-06-05,ELITE DATA SOLUTIONS LLC,ELITE DATA SOLUTIONS LLC
iapd,iapd_state_compilation,341892,TX,APPROVED,2026-07-08,VIRTUE WEALTH MANAGEMENT,LAXMI RAJ PRIVATE WEALTH LLC
iapd,iapd_state_compilation,341909,TX,APPROVED,2026-08-06,IHSAN WEALTH,64BITS LLC
iapd,iapd_state_compilation,342107,TX,APPROVED,2026-07-08,DOUGLAS MARIA LLC,DOUGLAS MARIA LLC
iapd,iapd_state_compilation,342124,TX,APPROVED,2026-08-20,DVERSIFY ADVISORS LLC,DVERSIFY ADVISORS LLC
iapd,iapd_state_compilation,342184,TX,APPROVED,2026-07-09,THEORY79 WEALTH DESIGN LLC,THEORY79 WEALTH DESIGN LLC
iapd,iapd_state_compilation,342405,TX,APPROVED,2026-09-17,DYNAMIC LIFESTYLE PLANNING GROUP,DYNAMIC LIFESTYLE PLANNING GROUP LLC
iapd,iapd_state_compilation,342542,TX,APPROVED,2026-09-22,ALLZEN WEALTH AND FINANCIAL SERVICES,ALLZEN WEALTH AND FINANCIAL SERVICES LLC
iapd,iapd_state_compilation,342600,TX,APPROVED,2026-09-29,SAGEFOLIO ADVISORS,"SAGEFOLIO ADVISORS, LLC"
iapd,iapd_state_compilation,342706,TX,APPROVED,2026-09-01,VALCORRA CAPITAL,BARRETT WARD LLC
iapd,iapd_state_compilation,342755,TX,APPROVED,2026-09-25,NAX CAPITAL LLC,NAX CAPITAL LLC
iapd,iapd_state_compilation,342840,TX,APPROVED,2026-09-21,TRUE NORTH WEALTH STRATEGIES LLC,TRUE NORTH WEALTH STRATEGIES LLC
iapd,iapd_state_compilation,342921,TX,APPROVED,2026-07-30,MAVERICK THOMAS CAPITAL,MAVERICK THOMAS CAPITAL LLC
iapd,iapd_state_compilation,342970,TX,APPROVED,2026-09-22,NEXT WEALTH ADVISERS,"NEXT WEALTH ADVISERS, LLC."
iapd,iapd_state_compilation,343109,TX,APPROVED,2026-09-10,FIELDSTONE ADVISORY LLC,FIELDSTONE ADVISORY LLC
iapd,iapd_state_compilation,343166,TX,APPROVED,2026-09-10,CHRISTOPHER JAMES CAPITAL ADVISORS,CHRISTOPHER JAMES CAPITAL ADVISORS LLC
iapd,iapd_state_compilation,25706,WA,APPROVED,2009-04-20,LIBERTY CAPITAL,LIBERTY CAPITAL INVESTMENT CORPORATION
iapd,iapd_state_compilation,104214,WA,APPROVED,2012-06-28,"MKG FINANCIAL GROUP, INC.","MKG FINANCIAL GROUP, INC."
iapd,iapd_state_compilation,104343,WA,APPROVED,2017-10-12,COLORADO FINANCIAL SERVICE CORPORATION,COLORADO FINANCIAL SERVICE CORPORATION
iapd,iapd_state_compilation,105086,WA,APPROVED,2009-04-09,ARISTON CAPITAL MANAGEMENT CORP,ARISTON CAPITAL MANAGEMENT CORP
iapd,iapd_state_compilation,105607,WA,APPROVED,2012-06-26,"KAREL CAPITAL, INC.",KAREL CAPITAL INC
iapd,iapd_state_compilation,105824,WA,APPROVED,2012-06-29,INFORMED INVESTORS GROUP,KOENIG STEVEN MARK
iapd,iapd_state_compilation,106319,WA,APPROVED,2012-06-14,PENGRA CAPITAL MANAGEMENT INC,PENGRA CAPITAL MANAGEMENT INC
iapd,iapd_state_compilation,106439,WA,APPROVED,2012-06-22,BANNER INVESTMENT CONSULTANTS,FORETICH ROBERT MCCLELAND
iapd,iapd_state_compilation,108753,WA,APPROVED,1999-12-09,"CHIEF CAPITAL MANAGEMENT, INC","CHIEF CAPITAL MANAGEMENT, INC"
iapd,iapd_state_compilation,109737,WA,APPROVED,2003-03-25,"NORTHWEST INVESTMENT ADVISORS, INC","NORTHWEST INVESTMENT ADVISORS, INC"
iapd,iapd_state_compilation,110188,WA,APPROVED,2025-07-01,"SUMMIT INVESTMENT MANAGEMENT, LTD.","SUMMIT INVESTMENT MANAGEMENT, LTD."
iapd,iapd_state_compilation,110766,WA,APPROVED,2012-06-29,INVESTOR RESOURCES INC,INVESTOR RESOURCES INC
iapd,iapd_state_compilation,112299,WA,APPROVED,2001-07-09,PWR FINANCIAL SERVICES,"PWR FINANCIAL SERVICES, LLC"
iapd,iapd_state_compilation,113622,WA,APPROVED,2012-05-21,SHERWOOD INVESTMENTS,ERIC LINGER
iapd,iapd_state_compilation,114079,WA,APPROVED,2011-05-27,PEGASUS INVESTMENT MANAGEMENT LLC,PEGASUS INVESTMENT MANAGEMENT LLC
iapd,iapd_state_compilation,114586,WA,APPROVED,2000-07-13,POLARIS ASSET MANAGEMENT LLC,POLARIS ASSET MANAGEMENT LLC
iapd,iapd_state_compilation,114976,WA,APPROVED,2001-08-31,"FAP,LLC","FAP,LLC"
iapd,iapd_state_compilation,115592,WA,APPROVED,2001-01-19,SATORI FINANCIAL LLC,SATORI FINANCIAL LLC
iapd,iapd_state_compilation,115632,WA,APPROVED,2014-03-11,PEAK INVESTMENTS,MICHAEL DEAN MOORE
iapd,iapd_state_compilation,115767,WA,APPROVED,1994-03-03,COAST CAPITAL MANAGEMENT,"COAST CAPITAL MANAGEMENT, LLC"
iapd,iapd_state_compilation,115875,WA,APPROVED,1996-10-10,"SOUND FINANCIAL ADVISORS, INC.","SOUND FINANCIAL ADVISORS, INC."
iapd,iapd_state_compilation,115983,WA,APPROVED,1999-06-03,"WEALTH MANAGEMENT NORTHWEST, INC.","WEALTH MANAGEMENT NORTHWEST, INC."
iapd,iapd_state_compilation,116052,WA,APPROVED,1996-07-12,ADVITICA FINANCIAL PLANNING LLC,ADVITICA FINANCIAL PLANNING LLC
iapd,iapd_state_compilation,116149,WA,APPROVED,2022-06-07,"ASPEN FINANCIAL MANAGEMENT, INC.","ASPEN FINANCIAL MANAGEMENT, INC."
iapd,iapd_state_compilation,116276,WA,APPROVED,2001-10-02,"BERNTSON PORTER WEALTH MANAGEMENT, LLC","BERNTSON PORTER WEALTH MANAGEMENT, LLC"
iapd,iapd_state_compilation,116282,WA,APPROVED,1987-12-09,ROBERT BERGSTROM,"BERGSTROM, ROBERT L."
iapd,iapd_state_compilation,116392,WA,APPROVED,2000-09-25,ADELE BRADY BOLSON CPA PS,ADELE BRADY BOLSON CPA PS
iapd,iapd_state_compilation,116462,WA,APPROVED,2012-06-22,"GOODRICH & ASSOCIATES, LLC","GOODRICH & ASSOCIATES, LLC."
iapd,iapd_state_compilation,116575,WA,APPROVED,1992-02-19,PERFORMANCE TRACKING INC.,PERFORMANCE TRACKING INC.
iapd,iapd_state_compilation,116643,WA,APPROVED,1998-03-23,GILLESPIE ASSOCIATES LLC.,GILLESPIE ASSOCIATES LLC.
iapd,iapd_state_compilation,116741,WA,APPROVED,1995-03-10,TACOMA INVESTMENT GROUP,"TACOMA INVESTMENT GROUP, INC."
iapd,iapd_state_compilation,116752,WA,APPROVED,2012-06-13,"PAYSSE JENNISON FINANCIAL ADVISORS,  PAYSSE JENNISON","PAYSSE JENNISON, INC."
iapd,iapd_state_compilation,116810,WA,APPROVED,1996-06-19,"FLECKENSTEIN CAPITAL, INC.","FLECKENSTEIN CAPITAL, INC."
iapd,iapd_state_compilation,116879,WA,APPROVED,1999-07-27,DENNER CAPITAL MANAGEMENT,"DENNER, STEVE"
iapd,iapd_state_compilation,116880,WA,APPROVED,1997-08-06,"WILKISON INVESTMENT SERVICES, LLC","WILKISON INVESTMENT SERVICES, LLC"
iapd,iapd_state_compilation,117053,WA,APPROVED,1997-04-08,TALLEY FINANCIAL,"TALLEY FINANCIAL, INC"
iapd,iapd_state_compilation,117090,WA,APPROVED,2001-02-01,"WATERHILL CAPITAL, LLC","WATERHILL CAPITAL, LLC"
iapd,iapd_state_compilation,117094,WA,APPROVED,1999-09-01,"CORNERSTONE ASSET MANAGEMENT, LLC",CORNERSTONE ASSET MANAGEMENT
iapd,iapd_state_compilation,117125,WA,APPROVED,1997-06-17,ALEGRIA ASSET MANAGEMENT,"BBM FINANCIAL SERVICES, INC."
iapd,iapd_state_compilation,117174,WA,APPROVED,1995-02-09,"TOEPEL INVESTMENT COUNSEL, INC.","TOEPEL INVESTMENT COUNSEL, INC."
iapd,iapd_state_compilation,117183,WA,APPROVED,1990-03-05,"APEX ADVISORY GROUP, INC.","APEX ADVISORY GROUP, INC."
iapd,iapd_state_compilation,117200,WA,APPROVED,1996-02-01,"JOHN N. CARMODY D.D.S. CFP, INC.","JOHN N. CARMODY D.D.S. CFP, INC."
iapd,iapd_state_compilation,117204,WA,APPROVED,1990-11-07,"WERNER & C0. RIA, PLLC","WERNER & C0. RIA, PLLC"
iapd,iapd_state_compilation,117233,WA,APPROVED,1996-12-03,MELLOR & ASSOCIATES LLC,MELLOR & ASSOCIATES LLC
iapd,iapd_state_compilation,117257,WA,APPROVED,1997-10-20,"SENIOR FINANCIAL ADVISORS, INC.","SENIOR FINANCIAL ADVISORS, INC."
iapd,iapd_state_compilation,117477,WA,APPROVED,2025-07-29,MCRAE CAPITAL MANAGEMENT L.L.C.,MCRAE CAPITAL MANAGEMENT L.L.C.
iapd,iapd_state_compilation,117523,WA,APPROVED,1994-08-28,"SEATTLE ASSET MANAGEMENT, INC.","SEATTLE ASSET MANAGEMENT, INC"
iapd,iapd_state_compilation,117549,WA,APPROVED,1995-03-09,STRATEGIC ASSET MANAGEMENT,STRATEGIC ASSET MANAGEMENT LLC
iapd,iapd_state_compilation,118068,WA,APPROVED,1999-12-17,"FOCUS CAPITAL, LLC","FOCUS CAPITAL, LLC"
iapd,iapd_state_compilation,118085,WA,APPROVED,1997-04-25,J DOSTAL INVESTMENTS,J DOSTAL INVESTMENTS INC.
iapd,iapd_state_compilation,118159,WA,APPROVED,1992-06-29,CLARK NUBER WEALTH MANAGEMENT,"CLARK NUBER WEALTH MANAGEMENT, LLC"
iapd,iapd_state_compilation,118309,WA,APPROVED,1995-09-28,"QUANTUM SOLUTIONS, INC.","QUANTUM SOLUTIONS, INC."
iapd,iapd_state_compilation,118776,WA,APPROVED,2007-12-17,"R & R RETIREMENT SERVICES, INC","R & R RETIREMENT SERVICES, INC"
iapd,iapd_state_compilation,119120,WA,APPROVED,2001-02-14,PACIFIC HORIZON INVESTMENT MANAGEMENT LLC,PACIFIC HORIZON INVESTMENT MANAGEMENT LLC
iapd,iapd_state_compilation,119481,WA,APPROVED,2002-03-27,CAPITAL INVESTMENT MANAGEMENT,"CIM FINANCIAL GROUP, INC."
iapd,iapd_state_compilation,119933,WA,APPROVED,2026-01-02,"JOHN T. MCCARTHY, LLC","JOHN T. MCCARTHY, LLC"
iapd,iapd_state_compilation,121157,WA,APPROVED,1999-10-05,"OBSIDIAN INVESTMENT ADVISERS, LLC","OBSIDIAN INVESTMENT ADVISERS, LLC"
iapd,iapd_state_compilation,121567,WA,APPROVED,2002-07-31,"CAPITAL INVESTMENT SERVICES, LLC","CAPITAL INVESTMENT SERVICES, LLC"
iapd,iapd_state_compilation,122278,WA,APPROVED,2007-09-20,"ANSELME CAPITAL, INC.","ANSELME CAPITAL, INC."
iapd,iapd_state_compilation,122383,WA,APPROVED,2011-07-29,LCI ADVISORS,"LEWIS & CLARK ADVISORS, LLC"
iapd,iapd_state_compilation,122686,WA,APPROVED,2002-12-18,ROBERT A. UNDERHILL P.C.,ROBERT A. UNDERHILL P.C.
iapd,iapd_state_compilation,123471,WA,APPROVED,2015-06-29,PARIVEDA INVESTMENT MANAGEMENT,"PARIVEDA, INC."
iapd,iapd_state_compilation,124216,WA,APPROVED,2003-01-02,"SKAGGS FINANCIAL PLANNING, LLC","SKAGGS FINANCIAL PLANNING, LLC"
iapd,iapd_state_compilation,125134,WA,APPROVED,2015-01-14,"SMITH, BLAIR","SMITH, BLAIR DAVID"
iapd,iapd_state_compilation,125381,WA,APPROVED,2007-07-13,OMEGA FINANCIAL INVESTMENTS & INSURANCE,"OMEGA FINANCIAL CORPORATION, INC."
iapd,iapd_state_compilation,125767,WA,APPROVED,2003-09-09,SOUND FINANCIAL CENTER LLC,"SOUND FINANCIAL CENTER, LLC"
iapd,iapd_state_compilation,126934,WA,APPROVED,2022-09-02,"FISCALIS ADVISORY, INC.","FISCALIS ADVISORY, INC."
iapd,iapd_state_compilation,128178,WA,APPROVED,2004-06-15,KYARSIP FINANCIAL ADVISORS LLC,KYARSIP FINANCIAL ADVISORS LLC
iapd,iapd_state_compilation,128968,WA,APPROVED,2003-12-19,"ADVANCED TAX AND FINANCIAL SERVICES, INC.","ADVANCED TAX AND FINANCIAL SERVICES,INC."
iapd,iapd_state_compilation,129190,WA,APPROVED,2004-01-21,THOME FINANCIAL,"THOME FINANCIAL MANAGEMENT, LLC"
iapd,iapd_state_compilation,129285,WA,APPROVED,2004-01-02,GALLAGHER CAPITAL CORP.,GALLAGHER CAPITAL CORP.
iapd,iapd_state_compilation,130419,WA,APPROVED,2004-03-18,"HOOVER CAPITAL, L.L.C.","HOOVER CAPITAL, L.L.C."
iapd,iapd_state_compilation,130456,WA,APPROVED,2004-09-13,IJD EVERGREEN FINANCIAL SERVICES LLC,IJD EVERGREEN FINANCIAL SERVICES LLC
iapd,iapd_state_compilation,131592,WA,APPROVED,2004-06-23,BEACON ROCK WEALTH ADVISORS,"BR CAPITAL, INC."
iapd,iapd_state_compilation,131685,WA,APPROVED,2004-11-24,"SKG INVESTMENT SERVICES, LLC","SKG INVESTMENT SERVICES, LLC"
iapd,iapd_state_compilation,132172,WA,APPROVED,2004-11-02,ON COURSE FINANCIAL PLANNING,"ON COURSE FINANCIAL PLANNING, LLC"
iapd,iapd_state_compilation,132288,WA,APPROVED,2017-09-28,BRADFORDCRANE COMPANY LLC,BRADFORDCRANE COMPANY LLC
iapd,iapd_state_compilation,132928,WA,APPROVED,2004-11-01,COOPER POINT ADVISORS LLC,COOPER POINT ADVISORS LLC
iapd,iapd_state_compilation,133626,WA,APPROVED,2020-07-07,QUANTUM FINANCIAL PLANNING LLC,QUANTUM FINANCIAL PLANNING LLC
iapd,iapd_state_compilation,134306,WA,APPROVED,2012-03-16,GUARDIAN PLUS INC,GUARDIAN PLUS INC
iapd,iapd_state_compilation,134545,WA,APPROVED,2024-08-13,"ADAMS FINANCIAL CONCEPTS, LLC","ADAMS FINANCIAL CONCEPTS, LLC"
iapd,iapd_state_compilation,134699,WA,APPROVED,2016-04-26,"SITKA PACIFIC CAPITAL MANAGEMENT, LLC","SITKA PACIFIC CAPITAL MANAGEMENT, LLC"
iapd,iapd_state_compilation,135079,WA,APPROVED,2005-10-12,KELP CAPITAL LLC,KELP CAPITAL LLC
iapd,iapd_state_compilation,136554,WA,APPROVED,2010-01-19,MYICON,MYICON
iapd,iapd_state_compilation,136585,WA,APPROVED,2026-04-02,PETERSON WEALTH MANAGEMENT,"PETERSON WEALTH MANAGEMENT, LLC"
iapd,iapd_state_compilation,136594,WA,APPROVED,2020-02-19,"MCHENRY CAPITAL, L.L.C.","MCHENRY CAPITAL, L.L.C."
iapd,iapd_state_compilation,137046,WA,APPROVED,2006-03-07,"PENN COVE FINANCIAL, LLC","PENN COVE FINANCIAL, LLC"
iapd,iapd_state_compilation,137613,WA,APPROVED,2010-05-26,"GABRIEL CAPITAL, LLC","GABRIEL CAPITAL, LLC"
iapd,iapd_state_compilation,138089,WA,APPROVED,2006-03-21,ERIKSEN CAPITAL MANAGEMENT,ERIKSEN CAPITAL MANAGEMENT LLC
iapd,iapd_state_compilation,138274,WA,APPROVED,2006-01-05,"CREATIVE RETIREMENT PLANNING, INC.","CREATIVE RETIREMENT PLANNING, INC."
iapd,iapd_state_compilation,138836,WA,APPROVED,2010-09-24,"FLEET CAPITAL MANAGEMENT, LLC","FLEET CAPITAL MANAGEMENT, LLC"
iapd,iapd_state_compilation,139180,WA,APPROVED,2006-04-03,"MERIDAN CAPITAL, LLC","MERIDAN CAPITAL, LLC"
iapd,iapd_state_compilation,139249,WA,APPROVED,2012-10-10,"MILLER FINANCIAL GROUP, LLC","MILLER FINANCIAL GROUP, LLC"
iapd,iapd_state_compilation,139727,WA,APPROVED,2006-09-19,"LONG VIEW FINANCIAL SERVICES, INC","LONG VIEW FINANCIAL SERVICES, INC"
iapd,iapd_state_compilation,140128,WA,APPROVED,2018-12-20,FEARLESS WEALTH,"PECK WEALTH MANAGEMENT, LLC"
iapd,iapd_state_compilation,140582,WA,APPROVED,2006-06-15,PUGET SOUND CAPITAL SERVICES LLC,PUGET SOUND CAPITAL SERVICES LLC
iapd,iapd_state_compilation,140876,WA,APPROVED,2018-01-30,"MCMILLEN & COMPANY, INC.","MCMILLEN & COMPANY, INC."
iapd,iapd_state_compilation,141280,WA,APPROVED,2013-10-28,PERIDOT CAPITAL MANAGEMENT,PERIDOT CAPITAL MANAGEMENT LLC
iapd,iapd_state_compilation,141440,WA,APPROVED,2012-06-26,"SOUND INVESTMENT STRATEGIES, INC.","SOUND INVESTMENT STRATEGIES, INC."
iapd,iapd_state_compilation,142084,WA,APPROVED,2006-11-22,FIREWALL CAPITAL MANAGEMENT,FIREWALL CAPITAL MANAGEMENT LLC
iapd,iapd_state_compilation,142236,WA,APPROVED,2006-11-27,"BRYANT WEALTH MANAGEMENT, INC.","BRYANT WEALTH MANAGEMENT, INC."
iapd,iapd_state_compilation,142387,WA,APPROVED,2019-01-02,"ALC CAPITAL MANAGEMENT, LLC","ALC CAPITAL MANAGEMENT, LLC"
iapd,iapd_state_compilation,142586,WA,APPROVED,2006-11-28,"GALILEO PLANNING GROUP, INC","GALILEO PLANNING GROUP, INC"
iapd,iapd_state_compilation,142603,WA,APPROVED,2007-11-21,"BEDFIELD ASSET MANAGEMENT, LLC","BEDFIELD ASSET MANAGEMENT, LLC"
iapd,iapd_state_compilation,142840,WA,APPROVED,2015-01-14,"INTERWEST INVESTMENT ADVISORS, INC","INTERWEST INVESTMENT ADVISORS, INC"
iapd,iapd_state_compilation,143055,WA,APPROVED,2007-02-13,"PONDEROSA INVESTMENT GROUP, LLC","PONDEROSA INVESTMENT GROUP, LLC"
iapd,iapd_state_compilation,143223,WA,APPROVED,2012-07-05,"MCBEE ADVISORS, INC.","MCBEE ADVISORS, INC."
iapd,iapd_state_compilation,143260,WA,APPROVED,2014-07-14,EUGENIO FINANCIAL,"CASCADE FINANCIAL CONCEPTS, INC."
iapd,iapd_state_compilation,143273,WA,APPROVED,2007-04-25,"MCM ADVISORY, LLC","MCM ADVISORY, LLC"
iapd,iapd_state_compilation,143382,WA,APPROVED,2019-12-23,"MACRO WEALTH MANAGEMENT, INC.","MACRO WEALTH MANAGEMENT, INC."
iapd,iapd_state_compilation,143579,WA,APPROVED,2007-04-03,SCOTT VALUE INVESTING,"SCOTT, ROGER STEPHEN"
iapd,iapd_state_compilation,143609,WA,APPROVED,2016-09-26,"PIONEER SQUARE ADVISORS, LLC","PIONEER SQUARE ADVISORS, LLC"
iapd,iapd_state_compilation,143629,WA,APPROVED,2016-05-10,"SABIN INVESTMENT MANAGEMENT, INC.","SABIN INVESTMENT MANAGEMENT, INC."
iapd,iapd_state_compilation,143842,WA,APPROVED,2025-04-28,SOUND ADVISORY SERVICES INC.,"SOUND INVESTMENT STRATEGIES, INC."
iapd,iapd_state_compilation,143908,WA,APPROVED,2007-06-15,VAN HUBLY INVESTMENTS LLC,VAN HUBLY INVESTMENTS LLC
iapd,iapd_state_compilation,144028,WA,APPROVED,2007-05-30,FINANCIAL LIFEMAPS,"HOPKINS, RICHARD D."
iapd,iapd_state_compilation,144352,WA,APPROVED,2007-07-24,"JANIS FINANCIAL, LLC","JANIS FINANCIAL, LLC"
iapd,iapd_state_compilation,144525,WA,APPROVED,2009-06-22,"TIMBERLINE INVESTMENT MANAGEMENT, LLC","TIMBERLINE INVESTMENT MANAGEMENT, LLC"
iapd,iapd_state_compilation,144565,WA,APPROVED,2008-04-17,BRIDGEBAY,BRIDGEBAY CONSULTING LLC
iapd,iapd_state_compilation,144741,WA,APPROVED,2021-05-17,"GATEWAY FINANCIAL & ESTATE PLANNING, INC.","GATEWAY FINANCIAL & ESTATE PLANNING, INC."
iapd,iapd_state_compilation,144894,WA,APPROVED,2022-10-21,"DOMO CAPITAL MANAGEMENT, LLC","DOMO CAPITAL MANAGEMENT, LLC"
iapd,iapd_state_compilation,146233,WA,APPROVED,2020-02-03,PARK + ELM INVESTMENT ADVISERS,PARK AND ELM INVESTMENT ADVISERS LLC
iapd,iapd_state_compilation,146899,WA,APPROVED,2008-05-30,"FOCUS ADVISORY, LLC","FOCUS ADVISORY, LLC"
iapd,iapd_state_compilation,146933,WA,APPROVED,2015-09-11,"JRS INVESTMENTS AND WEALTH PRESERVATION, LLC","JRS INVESTMENTS AND WEALTH PRESERVATION, LLC"
iapd,iapd_state_compilation,147392,WA,APPROVED,2008-08-01,"STONEBRIDGE CAPITAL MANAGEMENT NW, LLC","STONEBRIDGE CAPITAL MANAGEMENT NW, LLC"
iapd,iapd_state_compilation,147759,WA,APPROVED,2009-06-02,"EOD INVESTMENTS, LLC","EOD INVESTMENTS, LLC"
iapd,iapd_state_compilation,147782,WA,APPROVED,2015-03-30,MARQUAM CAPITAL,MARQUAM ASSET MANAGEMENT LLC
iapd,iapd_state_compilation,147961,WA,APPROVED,2009-08-12,CONSERVATIVE EQUITY INVESTMENT ADVISORS,"MYCROFT RESEARCH, LLC"
iapd,iapd_state_compilation,148225,WA,APPROVED,2008-12-02,"A.T. LLOYD'S, INC","A.T. LLOYD'S, INC"
iapd,iapd_state_compilation,148382,WA,APPROVED,2008-11-03,"ELLEN J WEBBER, CFP",WEBBER ELLEN JEAN
iapd,iapd_state_compilation,148481,WA,APPROVED,2009-03-24,"RELIANCE INVESTING, INC.","RELIANCE INVESTING, INC."
iapd,iapd_state_compilation,148920,WA,APPROVED,2009-01-02,"MATCHPOINT CAPITAL MANAGEMENT, LLC","MATCHPOINT CAPITAL MANAGEMENT, LLC"
iapd,iapd_state_compilation,149116,WA,APPROVED,2009-05-08,"LETTIN WEALTH MANAGEMENT GROUP, INC.","LETTIN WEALTH MANAGEMENT GROUP, INC."
iapd,iapd_state_compilation,150604,WA,APPROVED,2010-01-20,GK CAPITAL PARTNERS,GK CAPITAL PARTNERS LLC
iapd,iapd_state_compilation,150717,WA,APPROVED,2020-07-13,DPCM,DECADE PERSPECTIVE CAPITAL MANAGEMENT LLC
iapd,iapd_state_compilation,151192,WA,APPROVED,2009-09-16,"NWT ADVISORS, LLC","NWT ADVISORS, LLC"
iapd,iapd_state_compilation,151309,WA,APPROVED,2010-01-25,WATERROCK GLOBAL ASSET MANAGEMENT,WATERROCK GLOBAL ASSET MANAGEMENT
iapd,iapd_state_compilation,151580,WA,APPROVED,2017-10-20,"MAIN AVENUE FINANCIAL SERVICES, LLC","MAIN AVENUE FINANCIAL SERVICES, LLC"
iapd,iapd_state_compilation,151620,WA,APPROVED,2024-10-04,ATRATO ASSET MANAGEMENT LLC,ATRATO ASSET MANAGEMENT LLC
iapd,iapd_state_compilation,151633,WA,APPROVED,2010-08-09,PARK WEALTH MANAGEMENT,WA FINANCIAL GROUP INC
iapd,iapd_state_compilation,152140,WA,APPROVED,2010-03-19,VICEROY INVESTMENT ADVISORS LLC,VICEROY INVESTMENT ADVISORS LLC
iapd,iapd_state_compilation,152201,WA,APPROVED,2012-03-14,"FLIGHT CAPITAL MANAGEMENT, LLC","FLIGHT CAPITAL MANAGEMENT, LLC"
iapd,iapd_state_compilation,152279,WA,APPROVED,2010-01-10,WEIKART ADVISORY SERVICES LLC,WEIKART ADVISORY SERVICES LLC
iapd,iapd_state_compilation,152617,WA,APPROVED,2010-02-15,"HL WEALTH MANAGEMENT, LLC","HL WEALTH MANAGEMENT, LLC"
iapd,iapd_state_compilation,152865,WA,APPROVED,2011-08-24,SIMPLE WEALTH LLC,SIMPLE WEALTH LLC
iapd,iapd_state_compilation,153166,WA,APPROVED,2010-03-11,"TRANER SMITH WEALTH MANAGEMENT, INC.","TRANER SMITH WEALTH MANAGEMENT, INC."
iapd,iapd_state_compilation,153297,WA,APPROVED,2010-05-06,"BORTEL INVESTMENT MANAGEMENT, LLC","BORTEL INVESTMENT MANAGEMENT, LLC"
iapd,iapd_state_compilation,153301,WA,APPROVED,2010-10-22,"LIN CAPITAL MANAGEMENT, LLC","LIN CAPITAL MANAGEMENT, LLC"
iapd,iapd_state_compilation,153310,WA,APPROVED,2010-03-15,"PI SQUARE CAPITAL, LLC","PI SQUARE CAPITAL, LLC"
iapd,iapd_state_compilation,153678,WA,APPROVED,2010-04-29,GOLDBLOOM WEALTH MANAGEMENT LLC,GOLDBLOOM WEALTH MANAGEMENT LLC
iapd,iapd_state_compilation,153979,WA,APPROVED,2010-06-01,2020 FINANCIAL PLANNING LLC,2020 FINANCIAL PLANNING LLC
iapd,iapd_state_compilation,154129,WA,APPROVED,2026-03-03,JADE & COWRY LLC,JADE & COWRY LLC
iapd,iapd_state_compilation,154417,WA,APPROVED,2021-06-28,"HANDY & COMPANY FINANCIAL ADVISORS, INC.","HANDY & COMPANY FINANCIAL ADVISORS, INC."
iapd,iapd_state_compilation,154628,WA,APPROVED,2010-08-13,"AN IRRATIONAL MIND, LLC","AN IRRATIONAL MIND, LLC"
iapd,iapd_state_compilation,155250,WA,APPROVED,2024-01-02,SETTLEMENT CAPITAL ADVISORS,"SETTLEMENT CAPITAL ADVISORS, LLC"
iapd,iapd_state_compilation,155361,WA,APPROVED,2011-01-03,SAPLING WEALTH MANAGEMENT,"SAPLING WEALTH MANAGEMENT, LLC"
iapd,iapd_state_compilation,155619,WA,APPROVED,2026-06-25,"ADB CAPITAL MANAGEMENT, LLC","ADB CAPITAL MANAGEMENT, LLC"
iapd,iapd_state_compilation,155774,WA,APPROVED,2010-12-13,"PACIFIC CREST FINANCIAL ADVISORS, LLC","PACIFIC CREST FINANCIAL ADVISORS, LLC"
iapd,iapd_state_compilation,155821,WA,APPROVED,2019-01-07,"MARRAM INVESTMENT MANAGEMENT, LLC","MARRAM INVESTMENT MANAGEMENT, LLC"
iapd,iapd_state_compilation,156433,WA,APPROVED,2011-02-23,HERNANDEZ FINANCIAL,"HERNANDEZ, JESSE"
iapd,iapd_state_compilation,156518,WA,APPROVED,2022-03-01,"TRANQUILITY PATH INVESTMENT ADVISORS, LLC","TRANQUILITY PATH INVESTMENT ADVISORS, LLC"
iapd,iapd_state_compilation,157396,WA,APPROVED,2011-08-10,"TWIGHT FINANCIAL EDUCATION, LLC","TWIGHT FINANCIAL EDUCATION, LLC"
iapd,iapd_state_compilation,157549,WA,APPROVED,2011-05-17,"ASYMMETRIC ADVANTAGE CAPITAL MANAGEMENT, LLC","ASYMMETRIC ADVANTAGE CAPITAL MANAGEMENT, LLC"
iapd,iapd_state_compilation,157591,WA,APPROVED,2011-05-31,"FIOH GLOBAL ASSET MANAGEMENT AND STRATEGIES, LLC","FIOH GLOBAL ASSET MANAGEMENT AND STRATEGIES, LLC"
iapd,iapd_state_compilation,157667,WA,APPROVED,2011-08-09,AA FINANCIAL SERVICES,"CASTANEDA, CESAR QUIJANO"
iapd,iapd_state_compilation,157724,WA,APPROVED,2012-05-08,ERLANDSON WEALTH MANAGEMENT,"ERLANDSON WEALTH MANAGEMENT, LLC"
iapd,iapd_state_compilation,158475,WA,APPROVED,2011-09-29,"TIMEPIECE FINANCIAL PLANNING, INC.","TIMEPIECE FINANCIAL PLANNING, INC."
iapd,iapd_state_compilation,158620,WA,APPROVED,2011-09-02,KAMADA INVESTMENT MANAGEMENT,"KAMADA INVESTMENT MANAGEMENT, LLC"
iapd,iapd_state_compilation,158636,WA,APPROVED,2011-08-30,"CADENCE WEALTH MANAGEMENT, LLC","CADENCE WEALTH MANAGEMENT, LLC"
iapd,iapd_state_compilation,159132,WA,APPROVED,2012-01-03,"NOAH INVESTMENT MANAGEMENT, LLC","NOAH INVESTMENT MANAGEMENT, LLC"
iapd,iapd_state_compilation,159282,WA,APPROVED,2013-01-11,"FLOHR ASSET MANAGEMENT, LLC","FLOHR ASSET MANAGEMENT, LLC"
iapd,iapd_state_compilation,159312,WA,APPROVED,2011-12-13,BLACKBURN FINANCIAL,"BLACKBURN FINANCIAL, LLC"
iapd,iapd_state_compilation,159314,WA,APPROVED,2025-02-25,WORDHOUSE WEALTH COACHING,"WORDHOUSE WEALTH COACHING, INC"
iapd,iapd_state_compilation,159464,WA,APPROVED,2015-11-13,ANGELES PARTNERS LLC,ANGELES PARTNERS LLC
iapd,iapd_state_compilation,159484,WA,APPROVED,2013-11-25,JAMES CAPITAL MANAGEMENT LLC,JAMES CAPITAL MANAGEMENT LLC
iapd,iapd_state_compilation,159934,WA,APPROVED,2018-11-09,"ECKMAN WEALTH MANAGEMENT, LLC","ECKMAN WEALTH MANAGEMENT, LLC"
iapd,iapd_state_compilation,160134,WA,APPROVED,2012-03-05,"PERCENSION WEALTH ADVISORS, LLC","PERCENSION WEALTH ADVISORS, LLC"
iapd,iapd_state_compilation,161124,WA,APPROVED,2024-01-05,"LIFETIME FINANCIAL, INC.","LIFETIME FINANCIAL, INC."
iapd,iapd_state_compilation,162125,WA,APPROVED,2012-08-13,RAINIER WEALTH MANAGEMENT LLC,RAINIER WEALTH MANAGEMENT LLC
iapd,iapd_state_compilation,162326,WA,APPROVED,2012-06-27,"WRIGHT WEALTH MANAGEMENT, LLC","WRIGHT WEALTH MANAGEMENT, LLC"
iapd,iapd_state_compilation,164119,WA,APPROVED,2015-04-07,"JARROD ADAMS INVESTING, LLC","JARROD ADAMS INVESTING, LLC"
iapd,iapd_state_compilation,164170,WA,APPROVED,2012-07-30,OBJECTIVE ADVISORS LLC,OBJECTIVE ADVISORS LLC
iapd,iapd_state_compilation,164813,WA,APPROVED,2013-11-05,"BOZEMAN, L.L.C.","BOZEMAN, L.L.C."
iapd,iapd_state_compilation,164887,WA,APPROVED,2012-10-05,"LIN & COMPANY, LLC","LIN & COMPANY, LLC"
iapd,iapd_state_compilation,165612,WA,APPROVED,2013-07-01,ROGOWSKI WEALTH MANAGEMENT LLC,ROGOWSKI WEALTH MANAGEMENT LLC
iapd,iapd_state_compilation,165709,WA,APPROVED,2013-02-08,"HOWE FINANCIAL ADVISORY, LLC","HOWE FINANCIAL ADVISORY, LLC"
iapd,iapd_state_compilation,165785,WA,APPROVED,2016-06-24,"WAITS INVESTMENTS, LLC","WAITS INVESTMENTS, LLC"
iapd,iapd_state_compilation,165927,WA,APPROVED,2015-09-15,STEVE PEARSON CAPITAL MANAGEMENT LLC,STEVE PEARSON CAPITAL MANAGEMENT LLC
iapd,iapd_state_compilation,166113,WA,APPROVED,2023-01-23,EMERALD BLUE ADVISORS,EMERALD BLUE ADVISORS INC.
iapd,iapd_state_compilation,166548,WA,APPROVED,2013-04-30,"B P FINANCIAL ASSOCIATES, LLC.","B P FINANCIAL ASSOCIATES, LLC."
iapd,iapd_state_compilation,166767,WA,APPROVED,2013-06-20,TRACKER RESEARCH LLC,TRACKER RESEARCH LLC
iapd,iapd_state_compilation,167033,WA,APPROVED,2021-07-29,INTERACTIVE WEALTH ADVISORS,"INTERACTIVE WEALTH ADVISORS, INCORPORATED"
iapd,iapd_state_compilation,167064,WA,APPROVED,2013-05-08,"AMBASSADOR WEALTH MANAGEMENT, LLC","AMBASSADOR WEALTH MANAGEMENT, LLC"
iapd,iapd_state_compilation,167376,WA,APPROVED,2013-08-13,SHAI WEINBAUM INVESTMENT MANAGEMENT,"WEINBAUM, SHAI"
iapd,iapd_state_compilation,167443,WA,APPROVED,2013-05-03,CHURCH CAPITAL,PATRICK EUGENE CHURCH
iapd,iapd_state_compilation,167564,WA,APPROVED,2013-07-25,"PRIVATE WEALTH MANAGEMENT SOLUTIONS, LLC","PRIVATE WEALTH MANAGEMENT SOLUTIONS, LLC"
iapd,iapd_state_compilation,167656,WA,APPROVED,2021-04-14,GEN Y PLANNING,GEN Y PLANNING LLC
iapd,iapd_state_compilation,167851,WA,APPROVED,2014-01-03,BOZ & COMPANY LLC,BOZ & COMPANY LLC
iapd,iapd_state_compilation,167975,WA,APPROVED,2014-04-14,"SALMON BAY WEALTH MANAGEMENT, LLC","SALMON BAY WEALTH MANAGEMENT, LLC"
iapd,iapd_state_compilation,167976,WA,APPROVED,2013-09-10,ARRIVITY FINANCIAL PLANNING,"603 FINANCIAL, INC."
iapd,iapd_state_compilation,168089,WA,APPROVED,2013-08-29,ERA CAPITAL MANAGEMENT LLC,ERA CAPITAL MANAGEMENT LLC
iapd,iapd_state_compilation,168497,WA,APPROVED,2015-01-02,ESOTERIC WEALTH PARTNERS LLC,ESOTERIC WEALTH PARTNERS LLC
iapd,iapd_state_compilation,168530,WA,APPROVED,2013-10-10,"PRISM FINANCIAL PLANNING, LLC","PRISM FINANCIAL PLANNING, LLC"
iapd,iapd_state_compilation,168667,WA,APPROVED,2014-01-01,"RH2 WEALTH ADVISORS, LLC","RH2 WEALTH ADVISORS, LLC"
iapd,iapd_state_compilation,168938,WA,APPROVED,2014-01-21,"CLARITY NORTHWEST WEALTH MANAGEMENT, LLC","CLARITY NORTHWEST WEALTH MANAGEMENT, LLC"
iapd,iapd_state_compilation,168959,WA,APPROVED,2016-04-04,WESTFACE FINANCIAL ADVISORY,PACELINE LLC
iapd,iapd_state_compilation,169022,WA,APPROVED,2017-08-02,TRIMARAN CAPITAL,TRIMARAN CAPITAL LLC
iapd,iapd_state_compilation,169043,WA,APPROVED,2014-01-07,"HEGDAHL INVESTMENT MANAGEMENT, LLC","HEGDAHL INVESTMENT MANAGEMENT, LLC"
iapd,iapd_state_compilation,169448,WA,APPROVED,2014-01-01,"MG FINANCIAL, INC.","MG FINANCIAL, INC."
iapd,iapd_state_compilation,170057,WA,APPROVED,2014-05-15,"CLEARBROOK INVESTMENT MANAGEMENT, LLC","CLEARBROOK INVESTMENT MANAGEMENT, LLC"
iapd,iapd_state_compilation,170085,WA,APPROVED,2014-03-11,"CSW PARTNERS, LLC","CSW PARTNERS, LLC"
iapd,iapd_state_compilation,170147,WA,APPROVED,2014-03-21,"ALDER COVE CAPITAL, LLC","ALDER COVE CAPITAL, LLC"
iapd,iapd_state_compilation,170170,WA,APPROVED,2014-03-10,"MARKET STREET ADVISORS, LLC","MARKET STREET ADVISORS, LLC"
iapd,iapd_state_compilation,170194,WA,APPROVED,2014-02-06,SAR WEALTH MANAGEMENT,SAR GROUP LLC
iapd,iapd_state_compilation,170734,WA,APPROVED,2025-07-08,GUIDE FINANCIAL PLANNING,"GUIDE FINANCIAL PLANNING, LLC"
iapd,iapd_state_compilation,171043,WA,APPROVED,2014-09-23,LATTICEWORK CAPITAL,"LATTICEWORK CAPITAL, LLC"
iapd,iapd_state_compilation,171261,WA,APPROVED,2016-11-01,MADRONA WEALTH MANAGEMENT LLC,MADRONA WEALTH MANAGEMENT LLC
iapd,iapd_state_compilation,171313,WA,APPROVED,2014-10-13,"SUMMIT FAMILY OFFICE SERVICES, LLC","SUMMIT FAMILY OFFICE SERVICES, LLC"
iapd,iapd_state_compilation,171331,WA,APPROVED,2022-03-10,"BLUEPRINT FINANCIAL ADVISORS, LLC",BLUEPRINT FINANCIAL CONSULTANTS LLC
iapd,iapd_state_compilation,171766,WA,APPROVED,2014-08-12,"FSR WEALTH MANAGEMENT, LLC","FSR WEALTH MANAGEMENT, LLC"
iapd,iapd_state_compilation,171808,WA,APPROVED,2015-04-15,TENERE FINANCIAL,TENERE LLC
iapd,iapd_state_compilation,172147,WA,APPROVED,2014-07-10,"ARROWSTONE WEALTH, LLC","ARROWSTONE WEALTH, LLC"
iapd,iapd_state_compilation,172209,WA,APPROVED,2025-04-03,CLEAR CAPITAL MANAGEMENT LP,CLEAR CAPITAL MANAGEMENT LP
iapd,iapd_state_compilation,172296,WA,APPROVED,2014-12-04,WLFB INC,WLFB INC
iapd,iapd_state_compilation,172429,WA,APPROVED,2014-11-10,PNW ASSET MANAGEMENT,"PACIFIC NORTHWEST ASSET MANAGEMENT, LLC"
iapd,iapd_state_compilation,172639,WA,APPROVED,2023-02-09,"NOMAD CAPITAL GROUP, LLC","NOMAD CAPITAL GROUP, LLC"
iapd,iapd_state_compilation,172692,WA,APPROVED,2019-04-04,BUSINE WEALTH,BUSINE LLC
iapd,iapd_state_compilation,173028,WA,APPROVED,2016-05-16,FIT FINANCIAL CONSULTING LLC,FIT FINANCIAL CONSULTING LLC
iapd,iapd_state_compilation,173397,WA,APPROVED,2014-12-11,"VAIL RIDGE CAPITAL, LLC","VAIL RIDGE CAPITAL, LLC"
iapd,iapd_state_compilation,173809,WA,APPROVED,2021-05-05,SAMATVA WEALTH MANAGEMENT LLC,SAMATVA WEALTH MANAGEMENT LLC
iapd,iapd_state_compilation,174041,WA,APPROVED,2015-01-29,STARBORD LLC,STARBORD LLC
iapd,iapd_state_compilation,174344,WA,APPROVED,2015-04-10,AFFIRMATIVE FINANCIAL SERVICES,"YAMASAKI, DENNIS K"
iapd,iapd_state_compilation,174383,WA,APPROVED,2024-01-02,"GSR CAPITAL MANAGEMENT, INC.","GSR CAPITAL MANAGEMENT, INC."
iapd,iapd_state_compilation,174473,WA,APPROVED,2018-07-24,ACENTRUS FINANCIAL PARTNERS LLC,ACENTRUS FINANCIAL PARTNERS LLC
iapd,iapd_state_compilation,174727,WA,APPROVED,2015-06-15,RISK OVERLAY ASSOCIATES LLC,RISK OVERLAY ASSOCIATES LLC
iapd,iapd_state_compilation,175485,WA,APPROVED,2015-08-28,"WILLIAMS 360 FINANCIAL ADVISORY, LLC","WILLIAMS 360 FINANCIAL ADVISORY, LLC"
iapd,iapd_state_compilation,182522,WA,APPROVED,2015-06-17,UNLEASHED FINANCIAL LLC,UNLEASHED FINANCIAL LLC
iapd,iapd_state_compilation,202511,WA,APPROVED,2015-06-04,"REPPOND INVESTMENTS, INC.","REPPOND INVESTMENTS, INC."
iapd,iapd_state_compilation,213517,WA,APPROVED,2015-09-25,LAKESIDE FINANCIAL INC.,LAKESIDE FINANCIAL INC.
iapd,iapd_state_compilation,218515,WA,APPROVED,2015-06-23,"CONCINNUS FINANCIAL, INC","CONCINNUS FINANCIAL, INC"
iapd,iapd_state_compilation,222516,WA,APPROVED,2015-05-20,"SIGNAL FINANCIAL PLANNING, LLC","SIGNAL FINANCIAL PLANNING, LLC"
iapd,iapd_state_compilation,226679,WA,APPROVED,2017-06-22,"RAVENWOOD CAPITAL MANAGEMENT, LLC","RAVENWOOD CAPITAL MANAGEMENT, LLC"
iapd,iapd_state_compilation,226712,WA,APPROVED,2015-10-05,KRAMMER FINANCIAL,KRAMMER FINANCIAL LLC
iapd,iapd_state_compilation,235789,WA,APPROVED,2015-07-20,SUNRISE CAPITAL MANAGEMENT LLC,SUNRISE CAPITAL MANAGEMENT LLC
iapd,iapd_state_compilation,268791,WA,APPROVED,2015-10-02,"BROWN BRIDGE CAPITAL, LLC","BROWN BRIDGE CAPITAL, LLC"
iapd,iapd_state_compilation,268808,WA,APPROVED,2015-09-17,FORTIS WEALTH MANAGEMENT,FORTIS WEALTH MANAGEMENT LLC
iapd,iapd_state_compilation,268825,WA,APPROVED,2015-08-17,DELPHI WEALTH PARTNERS,WEST SLOPE ADVISORY SERVICES LLC
iapd,iapd_state_compilation,269975,WA,APPROVED,2017-03-02,"EUREKA FINANCIAL PLANNERS, LLC","EUREKA FINANCIAL PLANNERS, LLC"
iapd,iapd_state_compilation,281222,WA,APPROVED,2015-10-08,SAWSTON WEALTH MANAGEMENT LLC,SAWSTON WEALTH MANAGEMENT LLC
iapd,iapd_state_compilation,281868,WA,APPROVED,2015-12-16,"CARLSON FINANCIAL ADVISORY, LLC","CARLSON FINANCIAL ADVISORY, LLC"
iapd,iapd_state_compilation,281934,WA,APPROVED,2016-04-26,"FLOW FINANCIAL PLANNING, L.L.C.","FLOW FINANCIAL PLANNING, L.L.C."
iapd,iapd_state_compilation,281987,WA,APPROVED,2016-03-09,PAIR LENDING LLC,PAIR LENDING LLC
iapd,iapd_state_compilation,282052,WA,APPROVED,2016-01-04,"CHAIR SIX FINANCIAL PLANNING, PLLC","CHAIR SIX FINANCIAL PLANNING, PLLC"
iapd,iapd_state_compilation,282490,WA,APPROVED,2016-03-11,"REBAR & ASSOCIATES STRATEGIC SERVICES, LLC","REBAR & ASSOCIATES STRATEGIC SERVICES, LLC"
iapd,iapd_state_compilation,282892,WA,APPROVED,2016-06-17,"1 UNION MANAGEMENT, LLC","1 UNION MANAGEMENT, LLC"
iapd,iapd_state_compilation,282915,WA,APPROVED,2016-06-10,THOMPSON FINANCIAL LLC,THOMPSON FINANCIAL LLC
iapd,iapd_state_compilation,282962,WA,APPROVED,2016-09-01,"SCRUGGS ADVISORS, LLC","SCRUGGS ADVISORS, LLC"
iapd,iapd_state_compilation,282977,WA,APPROVED,2016-06-22,"FRANKLIN TREND INVESTMENT MANAGEMENT, LLC","FRANKLIN TREND INVESTMENT MANAGEMENT, LLC"
iapd,iapd_state_compilation,283082,WA,APPROVED,2016-11-29,CSLA FINANCIAL INC,CSLA FINANCIAL INC
iapd,iapd_state_compilation,283186,WA,APPROVED,2024-05-07,SYMPLECTIC CAPITAL LLC,SYMPLECTIC CAPITAL LLC
iapd,iapd_state_compilation,283480,WA,APPROVED,2016-06-08,STEWARD CAPITAL LLC.,STEWARD CAPITAL LLC.
iapd,iapd_state_compilation,283663,WA,APPROVED,2021-07-26,"BRIDGE CAPITAL CONSULTING, LLC","BRIDGE CAPITAL CONSULTING, LLC"
iapd,iapd_state_compilation,283752,WA,APPROVED,2016-05-18,"MERCER ISLAND CAPITAL MANAGEMENT, LLC","MERCER ISLAND CAPITAL MANAGEMENT, LLC"
iapd,iapd_state_compilation,283801,WA,APPROVED,2016-08-24,"NTH DEGREE WM, LLC","NTH DEGREE WM, LLC"
iapd,iapd_state_compilation,283951,WA,APPROVED,2016-06-21,"FINANCIAL TREX, LLC","FINANCIAL TREX, LLC"
iapd,iapd_state_compilation,283975,WA,APPROVED,2016-10-05,"OLYMPIC FINANCIAL ADVISORS, LLC","OLYMPIC FINANCIAL ADVISORS, LLC"
iapd,iapd_state_compilation,284196,WA,APPROVED,2017-01-01,CHAKKAL GROUP,"CHAKKAL CAPITAL MANAGEMENT, LLC"
iapd,iapd_state_compilation,284357,WA,APPROVED,2017-04-05,CREATIVE MONEY LLC,CREATIVE MONEY LLC
iapd,iapd_state_compilation,284561,WA,APPROVED,2016-08-02,NORTH FINANCIAL INC,NORTH FINANCIAL INC
iapd,iapd_state_compilation,284628,WA,APPROVED,2020-06-11,"INSURAWEALTH, LLC","INSURAWEALTH, LLC"
iapd,iapd_state_compilation,285147,WA,APPROVED,2016-10-11,ADAIR WEALTH MANAGEMENT,ADAIR WEALTH MANAGEMENT LLC
iapd,iapd_state_compilation,285362,WA,APPROVED,2016-11-02,STOCK PRO,"BROCKMAN CAPITAL MANAGEMENT, LLC"
iapd,iapd_state_compilation,285455,WA,APPROVED,2017-04-10,"ADVISORS ASSET MANAGEMENT, INC.","ADVISORS ASSET MANAGEMENT, INC."
iapd,iapd_state_compilation,285724,WA,APPROVED,2025-06-01,LOOKAHEAD WEALTH LLC,LOOKAHEAD WEALTH LLC
iapd,iapd_state_compilation,285779,WA,APPROVED,2017-09-06,CLEVERINVESTING LLC,CLEVERINVESTING LLC
iapd,iapd_state_compilation,285898,WA,APPROVED,2019-09-04,"TEXAS WEALTH MANAGEMENT, LLC","TEXAS WEALTH MANAGEMENT, LLC"
iapd,iapd_state_compilation,285941,WA,APPROVED,2017-01-24,"COMUS INVESTMENT, LLC","COMUS INVESTMENT, LLC"
iapd,iapd_state_compilation,286042,WA,APPROVED,2017-02-17,SFM FINANCIAL ADVISORS LLC,SFM FINANCIAL ADVISORS LLC
iapd,iapd_state_compilation,286467,WA,APPROVED,2017-03-16,INSIGHT FINANCIAL,"INSIGHT FINANCIAL, INC."
iapd,iapd_state_compilation,286565,WA,APPROVED,2017-08-17,"PRENTICE FINANCIAL PLANNING, LLC","PRENTICE FINANCIAL PLANNING, LLC"
iapd,iapd_state_compilation,286651,WA,APPROVED,2017-06-30,"JG WEALTH MANAGEMENT, LLC","JG WEALTH MANAGEMENT, LLC"
iapd,iapd_state_compilation,286654,WA,APPROVED,2017-03-16,FIDALGO FINANCIAL PLANNING,FIDALGO FINANCIAL PLANNING LLC
iapd,iapd_state_compilation,287472,WA,APPROVED,2023-05-09,ENCOMPASS FINANCIAL PLANNING,"ENCOMPASS FINANCIAL PLANNING, INC."
iapd,iapd_state_compilation,287601,WA,APPROVED,2017-09-08,XSTAR FUND MANAGEMENT LLC,XSTAR FUND MANAGEMENT LLC
iapd,iapd_state_compilation,287967,WA,APPROVED,2024-10-07,AMERICAN LEGACY CAPITAL LLC,AMERICAN LEGACY CAPITAL LLC
iapd,iapd_state_compilation,288105,WA,APPROVED,2020-07-27,BUFF YOUR FINANCES,"BUFF YOUR FINANCES, LLC"
iapd,iapd_state_compilation,288196,WA,APPROVED,2017-08-24,"JULIE A. WURST, CFP, LLC","JULIE A. WURST, CFP, LLC"
iapd,iapd_state_compilation,288411,WA,APPROVED,2011-01-04,BC FINANCIAL,"BC FINANCIAL, LLC"
iapd,iapd_state_compilation,288579,WA,APPROVED,2017-07-21,"CEDAR RIVER CAPITAL, LLC","CEDAR RIVER CAPITAL, LLC"
iapd,iapd_state_compilation,288599,WA,APPROVED,2017-06-28,"LEVERAGE PLANNERS WEALTH MANAGEMENT, LLC","LEVERAGE PLANNERS WEALTH MANAGEMENT, LLC"
iapd,iapd_state_compilation,288702,WA,APPROVED,2017-10-06,"AVEA FINANCIAL PLANNING, LLC","AVEA FINANCIAL PLANNING, LLC"
iapd,iapd_state_compilation,288720,WA,APPROVED,2017-11-02,COLUMBIA WEALTH ADVISORS LLC,COLUMBIA WEALTH ADVISORS LLC
iapd,iapd_state_compilation,288790,WA,APPROVED,2017-08-30,MAINSPRING WEALTH ADVISORS,"MAINSPRING WEALTH ADVISORS, LLC"
iapd,iapd_state_compilation,288809,WA,APPROVED,2020-07-08,PHYSICIAN ADVISING LLC,PHYSICIAN ADVISING LLC
iapd,iapd_state_compilation,289007,WA,APPROVED,2017-07-17,"ZION FINANCIAL PLANNING, LLC","ZION FINANCIAL PLANNING, LLC"
iapd,iapd_state_compilation,289095,WA,APPROVED,2017-10-09,MASDEVALLIA LLC,MASDEVALLIA LLC
iapd,iapd_state_compilation,289191,WA,APPROVED,2018-01-09,"COLMINA, LLC","COLMINA, LLC"
iapd,iapd_state_compilation,289303,WA,APPROVED,2017-09-14,SUSTAIN FINANCIAL INC.,SUSTAIN FINANCIAL INC.
iapd,iapd_state_compilation,289532,WA,APPROVED,2017-08-17,CLEAR WEALTH MANAGEMENT,"CLEAR WEALTH MANAGEMENT, LLC"
iapd,iapd_state_compilation,289985,WA,APPROVED,2026-05-28,DBA SEASIDE FINANCIAL & INSURANCE SERVICES,"SEASIDE ADVISORY SERVICES, INC."
iapd,iapd_state_compilation,290179,WA,APPROVED,2026-01-02,CLARITY CAPITAL MANAGEMENT LLC,CLARITY CAPITAL MANAGEMENT LLC
iapd,iapd_state_compilation,290212,WA,APPROVED,2017-12-13,FEDERAL BENEFITS ADVISORS,MARILYN M. MILLER
iapd,iapd_state_compilation,290239,WA,APPROVED,2018-07-26,RED TOP ADVISORS LLC,RED TOP ADVISORS LLC
iapd,iapd_state_compilation,290423,WA,APPROVED,2018-01-03,FAMILY RETIREMENT LLC,FAMILY RETIREMENT LLC
iapd,iapd_state_compilation,290723,WA,APPROVED,2018-01-05,PROVIDENT LIVING ADVISORS LLC,PROVIDENT LIVING ADVISORS LLC
iapd,iapd_state_compilation,291012,WA,APPROVED,2025-09-25,BRIGGS FINANCIAL INC.,BRIGGS FINANCIAL INC.
iapd,iapd_state_compilation,291260,WA,APPROVED,2018-01-17,CAPITAL PARTNERS WEALTH MANAGEMENT,"PRESIDIO FINANCIAL GROUP, INC"
iapd,iapd_state_compilation,291404,WA,APPROVED,2025-02-06,CARAPACE FINANCIAL ADVISORS LLC,CARAPACE FINANCIAL ADVISORS LLC
iapd,iapd_state_compilation,291482,WA,APPROVED,2019-04-16,"M STEVENS WEALTH ADVISORS, LLC","M STEVENS WEALTH ADVISORS, LLC"
iapd,iapd_state_compilation,292094,WA,APPROVED,2018-04-27,US FUND MANAGER LLC,US FUND MANAGER LLC
iapd,iapd_state_compilation,292154,WA,APPROVED,2018-04-17,"FIREBRAND WEALTH MANAGEMENT, LLC","FIREBRAND WEALTH MANAGEMENT, LLC"
iapd,iapd_state_compilation,292524,WA,APPROVED,2018-10-04,ROOSEVELT ADVISORS LLC,ROOSEVELT ADVISORS LLC
iapd,iapd_state_compilation,292624,WA,APPROVED,2018-06-07,"IRONSTREAM CAPITAL, LLC","IRONSTREAM CAPITAL, LLC"
iapd,iapd_state_compilation,293070,WA,APPROVED,2018-07-17,KLAHANIE INVESTMENT LLC,KLAHANIE INVESTMENT LLC
iapd,iapd_state_compilation,293533,WA,APPROVED,2018-08-31,PLANIT FINANCIAL LLC,PLANIT FINANCIAL LLC
iapd,iapd_state_compilation,293988,WA,APPROVED,2018-05-08,"CRUZ WEALTH MANAGEMENT, LLC","CRUZ WEALTH MANAGEMENT, LLC"
iapd,iapd_state_compilation,294291,WA,APPROVED,2021-10-14,RETEGY LLC,RETEGY LLC
iapd,iapd_state_compilation,296786,WA,APPROVED,2018-08-22,ONE DAY WEALTH,ONE DAY LLC
iapd,iapd_state_compilation,296817,WA,APPROVED,2021-04-19,3 PEAKS FINANCIAL,"3 PEAKS FINANCIAL ADVISORS, LLC"
iapd,iapd_state_compilation,297011,WA,APPROVED,2018-06-27,"STRATEGIC RETIREMENT PARTNERS, LLC","STRATEGIC RETIREMENT PARTNERS, LLC"
iapd,iapd_state_compilation,297238,WA,APPROVED,2018-07-13,ICICLE CREEK INVESTMENTS,ICICLE INVESTMENTS LLC
iapd,iapd_state_compilation,297471,WA,APPROVED,2018-08-17,THE DAYTON COMPANY INC,THE DAYTON COMPANY INC
iapd,iapd_state_compilation,297580,WA,APPROVED,2019-07-10,"BUSINESS WISE INSURANCE, PLLC","BUSINESS WISE INSURANCE, PLLC"
iapd,iapd_state_compilation,297592,WA,APPROVED,2018-10-02,"SPRYLEN WEALTH MANAGEMENT, LLC","SPRYLEN WEALTH MANAGEMENT, LLC"
iapd,iapd_state_compilation,297652,WA,APPROVED,2019-05-21,"ACT SECURITIES, LLC","ACT SECURITIES, LLC"
iapd,iapd_state_compilation,297657,WA,APPROVED,2018-08-17,"PACIFIC WEALTH ADVISORY, LLC","PACIFIC WEALTH ADVISORY, LLC"
iapd,iapd_state_compilation,297916,WA,APPROVED,2018-10-02,NORTHWEST PLANNING ADVISORS LLC,NORTHWEST PLANNING ADVISORS LLC
iapd,iapd_state_compilation,297952,WA,APPROVED,2018-09-18,STARKLOGIC LLC,STARKLOGIC LLC
iapd,iapd_state_compilation,298095,WA,APPROVED,2019-04-01,WOOD RIVER CONSULTING,"WOOD RIVER CONSULTING, LLC"
iapd,iapd_state_compilation,298206,WA,APPROVED,2018-12-04,TWO FIRS FINANCIAL,TWO FIRS LLC
iapd,iapd_state_compilation,298350,WA,APPROVED,2018-09-12,ELDERROCK FINANCIAL LLC,ELDERROCK FINANCIAL LLC
iapd,iapd_state_compilation,298637,WA,APPROVED,2018-11-13,UPLEFT ASSET MANAGEMENT,"UPLEFT, LLC"
iapd,iapd_state_compilation,298758,WA,APPROVED,2018-10-30,IWMS LLC,IWMS LLC
iapd,iapd_state_compilation,298761,WA,APPROVED,2018-12-11,"FIRM FOUNDATION WEALTH MANAGEMENT, LLC","FIRM FOUNDATION WEALTH MANAGEMENT, LLC"
iapd,iapd_state_compilation,298927,WA,APPROVED,2018-12-06,MACLACHLAN WEALTH MANAGEMENT,"MACLACHLAN WEALTH MANAGEMENT, LLC"
iapd,iapd_state_compilation,299002,WA,APPROVED,2018-12-11,MOSS BAY CAPITAL,"MOSS BAY CAPITAL, LLC"
iapd,iapd_state_compilation,299413,WA,APPROVED,2019-05-03,MOUNTAIN LAKES CAPITAL MANAGEMENT LLC,MOUNTAIN LAKES CAPITAL MANAGEMENT LLC
iapd,iapd_state_compilation,300046,WA,APPROVED,2022-04-15,"BIRCH ELLIOTT FINANCIAL, LLC","BIRCH ELLIOTT FINANCIAL, LLC"
iapd,iapd_state_compilation,300052,WA,APPROVED,2019-02-28,"MITZ WEALTH MANAGEMENT, LLC","MITZ WEALTH MANAGEMENT, LLC"
iapd,iapd_state_compilation,300112,WA,APPROVED,2023-07-19,SIMPLICITY WEALTH MANAGEMENT,SIMPLICITY WEALTH MANAGEMENT LLC
iapd,iapd_state_compilation,300202,WA,APPROVED,2021-03-30,STAG ROCK LLC,STAG ROCK LLC
iapd,iapd_state_compilation,300544,WA,APPROVED,2025-05-01,PIHL FINANCIAL PLANNING,PIHL FINANCIAL PLANNING LLC
iapd,iapd_state_compilation,300874,WA,APPROVED,2019-04-10,"ALPHA OMEGA FINANCIAL ADVISORS, LLC","ALPHA OMEGA FINANCIAL ADVISORS, LLC"
iapd,iapd_state_compilation,301389,WA,APPROVED,2019-09-30,"NEXT STEPS ADVISORS, INC.","NEXT STEPS ADVISORS, INC."
iapd,iapd_state_compilation,301508,WA,APPROVED,2019-08-28,"WEALTH SOLUTIONS BY DESIGN, PLLC","WEALTH SOLUTIONS BY DESIGN, PLLC"
iapd,iapd_state_compilation,301964,WA,APPROVED,2020-01-01,CONESTOGA WEALTH PARTNERS,"CONESTOGA WEALTH PARTNERS, LLC"
iapd,iapd_state_compilation,302104,WA,APPROVED,2020-01-10,"NORTH CREEK CAPITAL, LLC","NORTH CREEK CAPITAL, LLC"
iapd,iapd_state_compilation,304021,WA,APPROVED,2019-07-24,SYNERGOS ADVISORY,SYNERGOS ADVISORY LLC
iapd,iapd_state_compilation,304113,WA,APPROVED,2024-06-05,EQUAL VOICES WEALTH LLC,EQUAL VOICES WEALTH LLC
iapd,iapd_state_compilation,304311,WA,APPROVED,2019-08-16,RAINIER CAPITAL INVESTMENTS LLC,RAINIER CAPITAL INVESTMENTS LLC
iapd,iapd_state_compilation,304326,WA,APPROVED,2019-09-25,CMC ADVISORS LLC,CMC ADVISORS LLC
iapd,iapd_state_compilation,304531,WA,APPROVED,2026-03-31,"ALTURAS WEALTH MANAGEMENT, LLC","ALTURAS WEALTH MANAGEMENT, LLC"
iapd,iapd_state_compilation,304550,WA,APPROVED,2020-02-04,VAN RAY WEALTH MANAGEMENT,"VAN RAY FINANCIAL, LLC"
iapd,iapd_state_compilation,304593,WA,APPROVED,2019-08-23,DELPHI ADVISERS,"DELPHI ADVISERS, LLC"
iapd,iapd_state_compilation,304883,WA,APPROVED,2019-08-30,MARIPOSA WEALTH SOLUTIONS LLC,MARIPOSA WEALTH SOLUTIONS LLC
iapd,iapd_state_compilation,304903,WA,APPROVED,2019-09-26,"SERENE WEALTH PLANNING, LLC","SERENE WEALTH PLANNING, LLC"
iapd,iapd_state_compilation,305027,WA,APPROVED,2019-09-18,"WHOLE FAMILY FINANCIAL SERVICES, INC.","WHOLE FAMILY FINANCIAL SERVICES, INC."
iapd,iapd_state_compilation,305095,WA,APPROVED,2020-01-24,SUNRISE PLANNING & ADVISORY LLC,SUNRISE PLANNING & ADVISORY LLC
iapd,iapd_state_compilation,305164,WA,APPROVED,2020-03-27,"VIEWPOINT ADVISORY, LLC","VIEWPOINT ADVISORY, LLC"
iapd,iapd_state_compilation,305230,WA,APPROVED,2020-04-29,"DPC WEALTH ADVISORY SERVICES, LLC.","DPC WEALTH ADVISORY SERVICES, LLC."
iapd,iapd_state_compilation,305458,WA,APPROVED,2021-03-19,HERITAGE ROAD ADVISORS,"HERITAGE ROAD ADVISORS, INC."
iapd,iapd_state_compilation,305821,WA,APPROVED,2019-10-21,WOMEN'S WEALTH,WOMEN'S WEALTH LLC
iapd,iapd_state_compilation,305925,WA,APPROVED,2020-06-25,"CONCEPTS FINANCIAL SERVICES, LLC","CONCEPTS FINANCIAL SERVICES, LLC"
iapd,iapd_state_compilation,305952,WA,APPROVED,2019-11-21,LONG BRIDGE CAPITAL MANAGEMENT,"LONG BRIDGE CAPITAL MANAGEMENT, LLC"
iapd,iapd_state_compilation,305975,WA,APPROVED,2020-02-07,ANCHOR CAPITAL MANAGEMENT LLC,ANCHOR CAPITAL MANAGEMENT LLC
iapd,iapd_state_compilation,306141,WA,APPROVED,2022-02-23,LAURELHURST ASSET MANAGEMENT LLC,LAURELHURST ASSET MANAGEMENT LLC
iapd,iapd_state_compilation,306315,WA,APPROVED,2020-11-02,"INTIRETY, LLC","INTIRETY, LLC"
iapd,iapd_state_compilation,306537,WA,APPROVED,2020-06-26,"SPENCER FINANCIAL PLANNING, LLC","SPENCER FINANCIAL PLANNING, LLC"
iapd,iapd_state_compilation,306567,WA,APPROVED,2022-01-03,THE GOODLAND GROUP,"NATALIE TAYLOR CONSULTING SERVICES, LLC"
iapd,iapd_state_compilation,306654,WA,APPROVED,2020-04-07,BERETS FINANCIAL SERVICES LLC,BERETS FINANCIAL SERVICES LLC
iapd,iapd_state_compilation,306824,WA,APPROVED,2020-04-01,JWC ADVISORS,JWC ADVISORS LLC
iapd,iapd_state_compilation,306891,WA,APPROVED,2020-05-11,PROMENADE WEALTH,PROMENADE WEALTH LLC
iapd,iapd_state_compilation,306929,WA,APPROVED,2020-05-21,TRIANGULUM WEALTH MANAGEMENT,TRIANGULUM WEALTH MANAGEMENT LLC
iapd,iapd_state_compilation,306964,WA,APPROVED,2020-07-31,"TRUE FIDUCIARY CAPITAL, LLC","TRUE FIDUCIARY CAPITAL, LLC"
iapd,iapd_state_compilation,306966,WA,APPROVED,2020-08-31,"COLUMBIA STRATEGIC WEALTH ADVISORS, LLC","COLUMBIA STRATEGIC WEALTH ADVISORS, LLC"
iapd,iapd_state_compilation,307013,WA,APPROVED,2020-02-24,TAYLOR GODDARD INVESTMENTS,TEMPUS INVESTMENT CORP
iapd,iapd_state_compilation,307035,WA,APPROVED,2020-04-29,"EDWIN LANE FINANCIAL SERVICES, LLC","EDWIN LANE FINANCIAL SERVICES, LLC"
iapd,iapd_state_compilation,307311,WA,APPROVED,2020-05-19,"RED HAVEN ADVISORS, LLC","RED HAVEN ADVISORS, LLC"
iapd,iapd_state_compilation,307499,WA,APPROVED,2020-07-16,KEITH MCBRIDE FINANCIAL SERVICES INC.,KEITH MCBRIDE FINANCIAL SERVICES INC.
iapd,iapd_state_compilation,308060,WA,APPROVED,2020-11-30,KANNO CAPITAL,"KANNO CAPITAL, LLC"
iapd,iapd_state_compilation,308179,WA,APPROVED,2020-05-18,MONTEITH WEALTH,"MONTEITH WEALTH, LLC."
iapd,iapd_state_compilation,308378,WA,APPROVED,2020-06-11,TOYER INVESTMENT ADVISORS LLC,TOYER INVESTMENT ADVISORS LLC
iapd,iapd_state_compilation,308409,WA,APPROVED,2025-08-28,ANALOGOUS INVESTMENT MANAGEMENT LIMITED LIABILITY COMPANY,ANALOGOUS INVESTMENT MANAGEMENT LIMITED LIABILITY COMPANY
iapd,iapd_state_compilation,308877,WA,APPROVED,2024-07-22,THEORY PLANNING PARTNERS,"THEORY PLANNING PARTNERS, LLC"
iapd,iapd_state_compilation,308915,WA,APPROVED,2020-07-20,WESTLAKE WEALTH MANAGEMENT LLC,WESTLAKE WEALTH MANAGEMENT LLC
iapd,iapd_state_compilation,309007,WA,APPROVED,2020-11-09,PALLADIO CONSULTING LLC,PALLADIO CONSULTING LLC
iapd,iapd_state_compilation,309337,WA,APPROVED,2020-08-21,"MARATHON WEALTH MANAGEMENT, LLC","MARATHON WEALTH MANAGEMENT, LLC"
iapd,iapd_state_compilation,309344,WA,APPROVED,2026-06-09,"STEVENS GROUP WEALTH COACHES, INC. D/B/A ALASKA ADVISORS","STEVENS GROUP WEALTH COACHES, INC."
iapd,iapd_state_compilation,309348,WA,APPROVED,2020-08-21,FOLGMANN FINANCIAL GROUP LLC,FOLGMANN FINANCIAL GROUP LLC
iapd,iapd_state_compilation,309479,WA,APPROVED,2020-09-25,BMMS WEALTH ADVISORY LLC,BMMS WEALTH ADVISORY LLC
iapd,iapd_state_compilation,309482,WA,APPROVED,2020-08-26,WYATT WEALTH MANAGEMENT,BBWYATT LLC
iapd,iapd_state_compilation,309661,WA,APPROVED,2020-08-17,"HART INVESTMENT MANAGEMENT, LLC","HART INVESTMENT MANAGEMENT, LLC"
iapd,iapd_state_compilation,309676,WA,APPROVED,2020-12-15,EVOLVE FINANCIAL,JEWELER AND ASSOCIATES LLC
iapd,iapd_state_compilation,309852,WA,APPROVED,2021-04-02,SWISS AMERICAN ASSET MANAGEMENT,"SWISS AMERICAN ASSET MANAGEMENT, LLC"
iapd,iapd_state_compilation,310081,WA,APPROVED,2021-01-21,ANCHOR FINANCIAL,ANCHOR FINANCIAL LLC
iapd,iapd_state_compilation,310089,WA,APPROVED,2020-08-17,GREENROCK ASSET MANAGEMENT LLC,GREENROCK ASSET MANAGEMENT LLC
iapd,iapd_state_compilation,310260,WA,APPROVED,2020-09-17,TWIN HARBORS WEALTH MANAGEMENT LLC,TWIN HARBORS WEALTH MANAGEMENT LLC
iapd,iapd_state_compilation,310280,WA,APPROVED,2020-10-02,RADIANT WEALTH PLANNING,"RADIANT WEALTH PLANNING, LLC"
iapd,iapd_state_compilation,310413,WA,APPROVED,2020-09-23,"LOTUSMENT ADVISORS, LLC","LOTUSMENT ADVISORS, LLC"
iapd,iapd_state_compilation,310424,WA,APPROVED,2021-01-08,KAVOUT ALGO FINANCIAL LLC,KAVOUT ALGO FINANCIAL LLC
iapd,iapd_state_compilation,310460,WA,APPROVED,2025-01-02,2260 WEST,"2260 WEST, LLC"
iapd,iapd_state_compilation,310562,WA,APPROVED,2020-10-01,BRIARWOOD FINANCIAL,BRIARWOOD FINANCIAL PLANNING LLC
iapd,iapd_state_compilation,310747,WA,APPROVED,2021-02-09,APEX TAX & FINANCIAL PLANNING,APEX TAX & FINANCIAL PLANNING LLC
iapd,iapd_state_compilation,310809,WA,APPROVED,2022-06-08,VESSEL WEALTH ADVISORS LLC,VESSEL WEALTH ADVISORS LLC
iapd,iapd_state_compilation,310877,WA,APPROVED,2021-02-05,TDT FINANCIAL INC,TDT FINANCIAL INC
iapd,iapd_state_compilation,311372,WA,APPROVED,2020-12-11,WMS WEALTH MANAGEMENT LLC,WMS WEALTH MANAGEMENT LLC
iapd,iapd_state_compilation,311481,WA,APPROVED,2021-02-09,INTEGRITY FINANCIAL STRATEGIES,INTEGRITY FINANCIAL STRATEGIES LLC
iapd,iapd_state_compilation,311674,WA,APPROVED,2021-04-21,CHIMERA WEALTH,CHIMERA WEALTH LLC
iapd,iapd_state_compilation,311684,WA,APPROVED,2021-01-04,CHAMPION FINANCIAL PLANNING LLC,CHAMPION FINANCIAL PLANNING LLC
iapd,iapd_state_compilation,311872,WA,APPROVED,2021-04-01,"SOUND INVESTMENT ADVICE, LLC","SOUND INVESTMENT ADVICE, LLC"
iapd,iapd_state_compilation,311924,WA,APPROVED,2021-05-05,PACE WEALTH ADVISORS,HALL CONSULTING LLC
iapd,iapd_state_compilation,311963,WA,APPROVED,2024-04-10,ALTAIR INVESTMENT MANAGEMENT,ROBERT KENNETH LOOP
iapd,iapd_state_compilation,311988,WA,APPROVED,2021-02-19,"WIPPLE CREEK, LLC","WIPPLE CREEK, LLC"
iapd,iapd_state_compilation,311991,WA,APPROVED,2026-03-12,ZEN TRENDS CAPITAL LLC,ZEN TRENDS CAPITAL LLC
iapd,iapd_state_compilation,311995,WA,APPROVED,2021-03-26,BETTER TOMORROW FINANCIAL,LONG HABIT LLC
iapd,iapd_state_compilation,312016,WA,APPROVED,2022-08-17,CICLO WEALTH LLC,CICLO WEALTH LLC
iapd,iapd_state_compilation,312036,WA,APPROVED,2021-03-08,VEGA FINANCIAL LLC,VEGA FINANCIAL LLC
iapd,iapd_state_compilation,312269,WA,APPROVED,2021-04-30,"RYAN FINANCIAL SOLUTIONS, LLC","RYAN FINANCIAL SOLUTIONS, LLC"
iapd,iapd_state_compilation,312656,WA,APPROVED,2021-03-11,JAR ADVISOR,JAR.AI LLC
iapd,iapd_state_compilation,312926,WA,APPROVED,2025-03-05,DIFFERENTIAL PLANNING LLC,DIFFERENTIAL PLANNING LLC
iapd,iapd_state_compilation,313155,WA,APPROVED,2021-09-01,EMERALD PACIFIC INVESTMENT ADVISORS LLC,EMERALD PACIFIC INVESTMENT ADVISORS LLC
iapd,iapd_state_compilation,313233,WA,APPROVED,2026-09-02,MOMENTUM FINANCIAL AND INSURANCE SERVICES LLC,MOMENTUM FINANCIAL AND INSURANCE SERVICES LLC
iapd,iapd_state_compilation,313446,WA,APPROVED,2021-08-17,RETIREMENT STRATEGIES,SABATIER WEALTH LLC
iapd,iapd_state_compilation,313535,WA,APPROVED,2021-07-02,"VISION CASTING FINANCIAL PLANNING, LLC","VISION CASTING FINANCIAL PLANNING, LLC"
iapd,iapd_state_compilation,313667,WA,APPROVED,2021-03-31,SOPHOS WEALTH MANAGEMENT,"SOPHOS WEALTH MANAGEMENT, LLC"
iapd,iapd_state_compilation,313679,WA,APPROVED,2021-08-19,"SMITHBROOK, LLC","SMITHBROOK, LLC"
iapd,iapd_state_compilation,314200,WA,APPROVED,2023-03-10,SNAKE RIVER INVESTMENT COUNSEL LLC,SNAKE RIVER INVESTMENT COUNSEL LLC
iapd,iapd_state_compilation,314404,WA,APPROVED,2021-09-08,TIGER MOUNTAIN CAPITAL,"TIGER MOUNTAIN CAPITAL, LLC"
iapd,iapd_state_compilation,314531,WA,APPROVED,2025-01-17,BALANCED CAPITAL,BALANCED CAPITAL INVESTMENTS LLC
iapd,iapd_state_compilation,314561,WA,APPROVED,2021-07-06,KIRWIN FINANCIAL LLC,KIRWIN FINANCIAL LLC
iapd,iapd_state_compilation,314646,WA,APPROVED,2021-06-11,ABACUS FINANCIAL PLANNING,"ABACUS FINANCIAL PLANNING, LLC"
iapd,iapd_state_compilation,314657,WA,APPROVED,2021-07-26,MAURA MADDEN FINANCIAL PLANNING,MAURA MADDEN FINANCIAL PLANNING LLC
iapd,iapd_state_compilation,314744,WA,APPROVED,2022-05-06,LUSKIN FINANCIAL PLANNING,"JON LUSKIN, LLC"
iapd,iapd_state_compilation,314811,WA,APPROVED,2022-01-03,"RMA CAPITAL MANAGEMENT, LLC","RMA CAPITAL MANAGEMENT, LLC"
iapd,iapd_state_compilation,315123,WA,APPROVED,2021-07-16,INLAND FINANCIAL PLANNING,CULLEN FINANCIAL PLANNING LLC
iapd,iapd_state_compilation,315349,WA,APPROVED,2023-08-31,PAVILION FINANCIAL PLANNING,PAVILION FINANCIAL PLANNING LLC
iapd,iapd_state_compilation,315462,WA,APPROVED,2021-09-15,"BLACK BISHOP FINANCIAL GROUP, LLC.","BLACK BISHOP FINANCIAL GROUP, LLC."
iapd,iapd_state_compilation,315904,WA,APPROVED,2022-01-03,NW STRAITS FINANCIAL SERVICES,NW STRAITS FINANCIAL SERVICES LLC
iapd,iapd_state_compilation,315984,WA,APPROVED,2021-10-01,MACFARLANE INVESTORS,MACFARLANE INVESTORS LLC
iapd,iapd_state_compilation,316256,WA,APPROVED,2021-09-15,"BORMANN WEALTH MANAGEMENT, LLC","BORMANN WEALTH MANAGEMENT, LLC"
iapd,iapd_state_compilation,316257,WA,APPROVED,2022-01-03,GLOBAL FREEDOM FINANCIAL LLC,GLOBAL FREEDOM FINANCIAL LLC
iapd,iapd_state_compilation,316426,WA,APPROVED,2021-12-17,NAUTICAL STAR FINANCIAL GROUP LLC,NAUTICAL STAR FINANCIAL GROUP LLC
iapd,iapd_state_compilation,316454,WA,APPROVED,2021-11-26,CENTURION FINANCIAL STRATEGIES LLC,CENTURION FINANCIAL STRATEGIES LLC
iapd,iapd_state_compilation,316923,WA,APPROVED,2022-01-19,KINDNESS FINANCIAL PLANNING,"KINDNESS FINANCIAL PLANNING, LLC"
iapd,iapd_state_compilation,316969,WA,APPROVED,2022-04-20,SCOUT ASSET MANAGEMENT,TYLER S HILLIGOSS LLC
iapd,iapd_state_compilation,317112,WA,APPROVED,2021-12-01,LEFT COAST INVESTMENT STRATEGIES LLC,LEFT COAST INVESTMENT STRATEGIES LLC
iapd,iapd_state_compilation,317484,WA,APPROVED,2026-02-03,SUN GLOBAL LLC,SUN GLOBAL LLC
iapd,iapd_state_compilation,317587,WA,APPROVED,2023-10-11,"NEST FINANCIAL PLANNING, LLC","NEST FINANCIAL PLANNING, LLC"
iapd,iapd_state_compilation,317708,WA,APPROVED,2022-01-03,KANSO CAPITAL,KANSO CAPITAL LLC
iapd,iapd_state_compilation,317768,WA,APPROVED,2026-08-05,A&M ADVISORY LLC,A&M ADVISORY LLC
iapd,iapd_state_compilation,317814,WA,APPROVED,2021-12-09,TKG FINANCIAL LLC,TKG FINANCIAL LLC
iapd,iapd_state_compilation,318068,WA,APPROVED,2023-01-19,MINDSTATE CAPITAL LLC,MINDSTATE CAPITAL LLC
iapd,iapd_state_compilation,318072,WA,APPROVED,2023-07-18,CROSSROADS ADVISOR NETWORK LLC,CROSSROADS ADVISOR NETWORK LLC
iapd,iapd_state_compilation,318216,WA,APPROVED,2022-01-31,CEG LIFE FINANCIAL SERVICES,"CEG LIFE FINANCIAL SERVICES, LLC"
iapd,iapd_state_compilation,318314,WA,APPROVED,2023-03-07,BLUE RIDGE INVESTMENTS LLC,BLUE RIDGE INVESTMENTS LLC
iapd,iapd_state_compilation,318576,WA,APPROVED,2022-05-18,DIOGENES FINANCIAL LLC,DIOGENES FINANCIAL LLC
iapd,iapd_state_compilation,318774,WA,APPROVED,2022-05-06,FINN WEALTH MANAGEMENT LLC,FINN WEALTH MANAGEMENT LLC
iapd,iapd_state_compilation,318918,WA,APPROVED,2022-03-04,"PENNY LANE WEALTH MANAGEMENT, LLC","PENNY LANE WEALTH MANAGEMENT, LLC"
iapd,iapd_state_compilation,319006,WA,APPROVED,2026-01-02,NEOKAI CAPITAL,NEOKAI CAPITAL LLC
iapd,iapd_state_compilation,319246,WA,APPROVED,2022-07-13,FIRST MAIN CAPITAL,FIRST MAIN CAPITAL LLC
iapd,iapd_state_compilation,319384,WA,APPROVED,2022-06-08,FIVE CEDARS,"FIVE CEDARS FINANCIAL, LLC"
iapd,iapd_state_compilation,319442,WA,APPROVED,2022-09-06,"COMPTON FINANCIAL GROUP, LLC","COMPTON FINANCIAL GROUP, LLC"
iapd,iapd_state_compilation,321103,WA,APPROVED,2025-05-29,TWM WEALTH MANAGEMENT CORP,TWM WEALTH MANAGEMENT CORP
iapd,iapd_state_compilation,321145,WA,APPROVED,2024-02-26,GREEN OCEAN GLOBAL ADVISORS LLC,GREEN OCEAN GLOBAL ADVISORS LLC
iapd,iapd_state_compilation,321148,WA,APPROVED,2024-03-01,ALBATROX CAPITAL,ALBATROX CAPITAL LLC
iapd,iapd_state_compilation,321166,WA,APPROVED,2022-08-29,"RIDINGER WEALTH MANAGEMENT, LLC","RIDINGER WEALTH MANAGEMENT, LLC"
iapd,iapd_state_compilation,321728,WA,APPROVED,2022-08-10,SCALED FINANCE LLC,SCALED FINANCE LLC
iapd,iapd_state_compilation,321967,WA,APPROVED,2024-09-19,1B - INBUNDANCE WEALTH MANAGEMENT,"INBUNDANCE, LLC"
iapd,iapd_state_compilation,322040,WA,APPROVED,2025-01-02,IAFF-FC ADVISORS LLC,IAFF-FC ADVISORS LLC
iapd,iapd_state_compilation,322054,WA,APPROVED,2024-08-16,BRAVA FINANCIAL,"BRAVA FINANCIAL, LLC"
iapd,iapd_state_compilation,322069,WA,APPROVED,2023-02-09,ELDON REESE ADVISORY GROUP,"BOLINGER SOLUTIONS, LLC"
iapd,iapd_state_compilation,322267,WA,APPROVED,2022-10-12,RUBY PEBBLE FINANCIAL PLANNING LLC,RUBY PEBBLE FINANCIAL PLANNING LLC
iapd,iapd_state_compilation,322316,WA,APPROVED,2022-08-29,"AKSUM WEALTH, LLC","AKSUM WEALTH, LLC"
iapd,iapd_state_compilation,322387,WA,APPROVED,2023-07-26,WYOMING SYSTEMS GROUP OF BUSINESSES,WYOMING SYSTEMS INC
iapd,iapd_state_compilation,322401,WA,APPROVED,2022-09-07,STRIDE FINANCIAL PLANNING,STRIDE FINANCIAL PLANNING LLC
iapd,iapd_state_compilation,322427,WA,APPROVED,2022-09-07,HIGH NOTE FINANCIAL LLC,HIGH NOTE FINANCIAL LLC
iapd,iapd_state_compilation,322439,WA,APPROVED,2023-07-12,PLANFUL FINANCE LLC,PLANFUL FINANCE LLC
iapd,iapd_state_compilation,322476,WA,APPROVED,2023-04-07,LEGION PRIVATE WEALTH MANAGEMENT,"LEGION CAPITAL MANAGEMENT, LLC"
iapd,iapd_state_compilation,322497,WA,APPROVED,2023-03-24,SCHREINER FINANCIAL SOLUTIONS,"SCHREINER, SUSAN, ANTOINETTE"
iapd,iapd_state_compilation,322829,WA,APPROVED,2022-12-21,FAIRE CAPITAL GROUP,"FAIRE CAPITAL GROUP, LLC"
iapd,iapd_state_compilation,322886,WA,APPROVED,2024-10-09,WIDE EYE CAPITAL,WIDE EYE CAPITAL LLC
iapd,iapd_state_compilation,323075,WA,APPROVED,2025-09-12,SUNNYBRANCH WEALTH LLC,SUNNYBRANCH WEALTH LLC
iapd,iapd_state_compilation,323352,WA,APPROVED,2023-01-20,EMBOLDENFP,EMBOLDEN FINANCIAL PLANNING LLC
iapd,iapd_state_compilation,323358,WA,APPROVED,2023-02-15,CRAIG FAMILY OFFICE,CRAIG CAPITAL LLC
iapd,iapd_state_compilation,323372,WA,APPROVED,2023-01-09,"ADVENT CAPITAL STRATEGIES, LLC","ADVENT CAPITAL STRATEGIES, LLC"
iapd,iapd_state_compilation,323381,WA,APPROVED,2023-03-15,GALLO LUPO LLC,GALLO LUPO LLC
iapd,iapd_state_compilation,323391,WA,APPROVED,2024-01-19,"STRATEGY CAP, LLC","STRATEGY CAP, LLC"
iapd,iapd_state_compilation,323521,WA,APPROVED,2023-06-16,BUOYANCY CAPITAL,"BUOYANCY CAPITAL,LLC"
iapd,iapd_state_compilation,323561,WA,APPROVED,2023-06-22,CEVA ADVISORS,CEVA CAPITAL LLC
iapd,iapd_state_compilation,324406,WA,APPROVED,2023-05-22,WALTIUM INVESTMENT ADVISORS,WALTIUM INVESTMENT ADVISORS LLC
iapd,iapd_state_compilation,324413,WA,APPROVED,2024-12-12,VANTAGE WEALTH MANAGEMENT LLC,VANTAGE WEALTH MANAGEMENT LLC
iapd,iapd_state_compilation,324529,WA,APPROVED,2023-04-07,HILTY WEALTH MANAGEMENT LLC,HILTY WEALTH MANAGEMENT LLC
iapd,iapd_state_compilation,324604,WA,APPROVED,2023-06-28,"VICTOR JONES CPA, PC","VICTOR JONES CPA, P.C."
iapd,iapd_state_compilation,324663,WA,APPROVED,2023-12-06,"CURATED WEALTH SOLUTIONS, LLC","CURATED WEALTH SOLUTIONS, LLC"
iapd,iapd_state_compilation,325178,WA,APPROVED,2023-07-14,HUMANIZE WEALTH,HUMANIZE WEALTH PARTNERS LLC
iapd,iapd_state_compilation,325321,WA,APPROVED,2023-07-25,ALTA VIA FINANCIAL PLANNING,ALTA VIA FINANCIAL PLANNING LLC
iapd,iapd_state_compilation,325340,WA,APPROVED,2025-02-19,"LG FINANCIAL SERVICES, LLC","LG FINANCIAL SERVICES, LLC"
iapd,iapd_state_compilation,325584,WA,APPROVED,2024-01-22,GET RICH SLOWLY LLC,GET RICH SLOWLY LLC
iapd,iapd_state_compilation,325643,WA,APPROVED,2023-09-15,FINANCE WISDOM,FINANCE WISDOM LLC
iapd,iapd_state_compilation,325710,WA,APPROVED,2024-05-10,"COHO ADVISORY SERVICES, LLC","COHO ADVISORY SERVICES, LLC"
iapd,iapd_state_compilation,326296,WA,APPROVED,2024-07-17,ALITUS FINANCIAL SERVICES,GMR CAPITAL MANAGEMENT LLC
iapd,iapd_state_compilation,326449,WA,APPROVED,2023-10-18,KENNEY WEALTH PLANNING & MANAGEMENT,KENNEY WEALTH PLANNING & MANAGEMENT LLC
iapd,iapd_state_compilation,326737,WA,APPROVED,2024-01-09,RX WEALTH MANAGEMENT,"RX WEALTH MANAGEMENT, LLC"
iapd,iapd_state_compilation,326918,WA,APPROVED,2024-01-02,FINANCIAL PLANNING FOR REAL PEOPLE PLLC,FINANCIAL PLANNING FOR REAL PEOPLE PLLC
iapd,iapd_state_compilation,327128,WA,APPROVED,2024-04-02,ZETLMAIER WEALTH MANAGEMENT LLC,ZETLMAIER WEALTH MANAGEMENT LLC
iapd,iapd_state_compilation,327183,WA,APPROVED,2024-01-19,"CONVEXITY WEALTH MANAGEMENT, LLC","CONVEXITY WEALTH MANAGEMENT, LLC"
iapd,iapd_state_compilation,327351,WA,APPROVED,2024-01-02,"COMPOUNDING GEMS ADVISORS, LLC","COMPOUNDING GEMS ADVISORS, LLC"
iapd,iapd_state_compilation,327403,WA,APPROVED,2024-02-05,THE ROAD AHEAD WEALTH MANAGEMENT LLC,THE ROAD AHEAD WEALTH MANAGEMENT LLC
iapd,iapd_state_compilation,327439,WA,APPROVED,2024-03-11,TELOS WEALTH,"TELOS WEALTH MANAGEMENT, LLC"
iapd,iapd_state_compilation,327703,WA,APPROVED,2024-04-05,"RAIN OR SHINE PLANNING, LLC","RAIN OR SHINE PLANNING, LLC"
iapd,iapd_state_compilation,327869,WA,APPROVED,2024-04-11,EMP WEALTH MANAGEMENT LLC,EMP WEALTH MANAGEMENT LLC
iapd,iapd_state_compilation,328209,WA,APPROVED,2026-08-31,TELOS WEALTH ADVISORS,"TELOS WEALTH MANAGEMENT, LLC"
iapd,iapd_state_compilation,328264,WA,APPROVED,2024-03-12,WOODLAND WEALTH ADVISORS,"HOWATSON, LLC"
iapd,iapd_state_compilation,328329,WA,APPROVED,2024-03-07,RADIX WEALTH,RADIX WEALTH LLC
iapd,iapd_state_compilation,328633,WA,APPROVED,2024-04-09,RAIN DOG FINANCIAL,RAIN DOG LLC
iapd,iapd_state_compilation,328638,WA,APPROVED,2024-02-16,"UPFRONT FINANCIAL PLANNING, LLC","UPFRONT FINANCIAL PLANNING, LLC"
iapd,iapd_state_compilation,328828,WA,APPROVED,2025-07-31,STRATEGIC FINANCE INC.,STRATEGIC FINANCE INC.
iapd,iapd_state_compilation,328888,WA,APPROVED,2024-01-31,BLUE RIVER CAPITAL MANAGEMENT,"BLUE RIVER CAPITAL MANAGEMENT, LLC"
iapd,iapd_state_compilation,329289,WA,APPROVED,2024-07-16,EQUAL PATH INVESTMENTS,EQUAL PATH INVESTMENTS LLC
iapd,iapd_state_compilation,329515,WA,APPROVED,2025-04-08,FOLSOM WEALTH ADVISORS,"FOLSOM WEALTH ADVISORS, LLC"
iapd,iapd_state_compilation,329602,WA,APPROVED,2024-04-30,ONWARD FINANCIAL ADVISING LLC,ONWARD FINANCIAL ADVISING LLC
iapd,iapd_state_compilation,329680,WA,APPROVED,2025-01-10,FONDAHN FINANCIAL,"ADVANTUS GROUP, LLC"
iapd,iapd_state_compilation,329785,WA,APPROVED,2024-06-06,TRUVISTA ADVISORS LLC,TRUVISTA ADVISORS LLC
iapd,iapd_state_compilation,330085,WA,APPROVED,2024-07-30,"PENDLEBURY HALL ADVISORS, LLC","PENDLEBURY HALL ADVISORS, LLC"
iapd,iapd_state_compilation,330182,WA,APPROVED,2025-03-31,CHANGE WEALTH ADVISORS,"CHANGE WEALTH ADVISORS, LLC"
iapd,iapd_state_compilation,330196,WA,APPROVED,2024-10-14,BDL WEALTH MANAGEMENT PLLC,BDL WEALTH MANAGEMENT PLLC
iapd,iapd_state_compilation,330291,WA,APPROVED,2024-05-31,"VIENTO FINANCIAL GROUP, LLC","VIENTO FINANCIAL GROUP, LLC"
iapd,iapd_state_compilation,330459,WA,APPROVED,2024-06-26,"EVOKE FINANCIAL SERVICES, LLC","EVOKE FINANCIAL SERVICES, LLC"
iapd,iapd_state_compilation,330575,WA,APPROVED,2024-10-02,ARCHER WEALTH ADVISORS,"ARCHER WEALTH ADVISORS, LLC"
iapd,iapd_state_compilation,330616,WA,APPROVED,2025-01-10,"NABATA INVESTMENT GROUP, LLC","NABATA INVESTMENT GROUP, LLC"
iapd,iapd_state_compilation,330686,WA,APPROVED,2024-11-08,FANGORN WEALTH MANAGEMENT,FANGORN FINANCIAL SERVICES LLC
iapd,iapd_state_compilation,330769,WA,APPROVED,2024-08-21,BROWN PCFO,"KELCE ADVISORS, LLC"
iapd,iapd_state_compilation,330836,WA,APPROVED,2024-07-03,COTTONWOOD CAPITAL MANAGEMENT LLC,COTTONWOOD CAPITAL MANAGEMENT LLC
iapd,iapd_state_compilation,330891,WA,APPROVED,2024-07-11,ASPIRED WEALTH,ASPIRED WEALTH PLANNING LLC
iapd,iapd_state_compilation,330907,WA,APPROVED,2024-08-14,FINOMENON INVESTMENTS LLC,FINOMENON INVESTMENTS LLC
iapd,iapd_state_compilation,331144,WA,APPROVED,2025-10-14,THE ENSEMBLE TEAM,"THE ENSEMBLE TEAM, LLC"
iapd,iapd_state_compilation,331376,WA,APPROVED,2024-08-30,"YOUR FINANCIAL ADVOCATE, LLC","YOUR FINANCIAL ADVOCATE, LLC"
iapd,iapd_state_compilation,331386,WA,APPROVED,2026-09-29,"APAM, LLC","APAM, LLC"
iapd,iapd_state_compilation,331447,WA,APPROVED,2024-10-28,"NINJA WEALTH ADVISORS, LLC","NINJA WEALTH ADVISORS, LLC"
iapd,iapd_state_compilation,331746,WA,APPROVED,2025-01-09,SIMPLI-FI ALPHA LLC,SIMPLI-FI ALPHA LLC
iapd,iapd_state_compilation,331798,WA,APPROVED,2024-11-21,FIRM FOOTING FINANCIAL PLANNING,LEECE FP LLC
iapd,iapd_state_compilation,331841,WA,APPROVED,2025-06-12,SHORT PUT YIELD,"SHORT PUT YIELD, LLC"
iapd,iapd_state_compilation,331851,WA,APPROVED,2024-11-05,CULTIVATE WEALTH LLC,CULTIVATE WEALTH LLC
iapd,iapd_state_compilation,331926,WA,APPROVED,2025-01-02,BENHAM ADVISORY GROUP,"BENHAM WEALTH MANAGEMENT, LLC"
iapd,iapd_state_compilation,332008,WA,APPROVED,2025-05-08,RATTLESNAKE CREEK CAPITAL LLC,RATTLESNAKE CREEK CAPITAL LLC
iapd,iapd_state_compilation,332303,WA,APPROVED,2024-11-12,VITALITY WEALTH PLANNING,VITALITY WEALTH PLANNING LLC
iapd,iapd_state_compilation,332450,WA,APPROVED,2025-01-27,ALOFT FINANCIAL,ALOFT FINANCIAL LLC
iapd,iapd_state_compilation,332698,WA,APPROVED,2025-08-14,PARADISE ADVISOR GROUP LLC,PARADISE ADVISOR GROUP LLC
iapd,iapd_state_compilation,332937,WA,APPROVED,2025-02-26,NORTHERN MONARCH CAPITAL LLC,NORTHERN MONARCH CAPITAL LLC
iapd,iapd_state_compilation,333076,WA,APPROVED,2025-01-02,ASCEND WEALTH MANAGEMENT LLC,ASCEND WEALTH MANAGEMENT LLC
iapd,iapd_state_compilation,333128,WA,APPROVED,2025-01-22,MARTOS WEALTH MANAGEMENT,MARTOS WEALTH MANAGEMENT LLC
iapd,iapd_state_compilation,333173,WA,APPROVED,2025-02-26,BASED CAPITAL WEALTH LLC,BASED CAPITAL WEALTH LLC
iapd,iapd_state_compilation,333256,WA,APPROVED,2025-02-11,BLUE MOUNTAIN WEALTH MANAGEMENT,BLUE MOUNTAIN WEALTH MANAGEMENT LLC
iapd,iapd_state_compilation,333280,WA,APPROVED,2025-01-21,"VALIANT FINANCIAL PLANNING, LLC","VALIANT FINANCIAL PLANNING, LLC"
iapd,iapd_state_compilation,333505,WA,APPROVED,2025-06-10,OPP WEALTH ADVISORY LLC,OPP WEALTH ADVISORY LLC
iapd,iapd_state_compilation,333561,WA,APPROVED,2025-02-18,BAOBAB WEALTH MANAGEMENT,BAOBAB WEALTH LLC
iapd,iapd_state_compilation,333806,WA,APPROVED,2025-03-25,CHAPS LIFESTYLE LLC,CHAPS LIFESTYLE LLC
iapd,iapd_state_compilation,333855,WA,APPROVED,2025-05-02,"OXDRAWN CAPITAL, LLC","OXDRAWN CAPITAL, LLC"
iapd,iapd_state_compilation,333936,WA,APPROVED,2025-03-12,NARRATIVE FINANCIAL GROUP,NARRATIVE FINANCIAL GROUP LLC
iapd,iapd_state_compilation,334043,WA,APPROVED,2025-03-24,DELEON WEALTH LLC,DELEON WEALTH LLC
iapd,iapd_state_compilation,334046,WA,APPROVED,2025-08-20,MOMENTUM WEALTH STRATEGIES,"MOMENTUM WEALTH STRATEGIES, INC."
iapd,iapd_state_compilation,334088,WA,APPROVED,2025-05-01,"CLEARSTONE WEALTH MANAGEMENT, LLC","CLEARSTONE WEALTH MANAGEMENT, LLC"
iapd,iapd_state_compilation,334273,WA,APPROVED,2025-04-23,KIEPE WEALTH MANAGEMENT,KIEPE LLC
iapd,iapd_state_compilation,334313,WA,APPROVED,2025-03-25,A5 FINANCIAL LLC,A5 FINANCIAL LLC
iapd,iapd_state_compilation,334572,WA,APPROVED,2025-03-12,RETIREMENT PLANNING PARTNER LLC,RETIREMENT PLANNING PARTNER LLC
iapd,iapd_state_compilation,334679,WA,APPROVED,2025-08-15,"PALUMBO CAPITAL GROUP, LLC","PALUMBO CAPITAL GROUP, LLC"
iapd,iapd_state_compilation,334915,WA,APPROVED,2025-07-07,FEMPIRE MINDSET LLC,FEMPIRE MINDSET LLC
iapd,iapd_state_compilation,335023,WA,APPROVED,2025-05-21,WONDERLAND FINANCIAL PLANNING,"WONDERLAND FINANCIAL PLANNING, LLC"
iapd,iapd_state_compilation,335137,WA,APPROVED,2025-05-07,"DUAL DESERT WEALTH MANAGEMENT, LLC","DUAL DESERT WEALTH MANAGEMENT, LLC"
iapd,iapd_state_compilation,335162,WA,APPROVED,2025-06-02,WALLA WALLA WEALTH ADVISORS,"WALLA WALLA WEALTH ADVISORS, LLC"
iapd,iapd_state_compilation,335261,WA,APPROVED,2025-05-06,NORTHSHORE WEALTH MANAGEMENT,"CLARK, ALYSE, LEIGH"
iapd,iapd_state_compilation,335469,WA,APPROVED,2025-04-11,ENOUGHFP LLC,ENOUGHFP LLC
iapd,iapd_state_compilation,335661,WA,APPROVED,2025-07-02,RIDGE FALLS FINANCIAL PLANNING,"RIDGE FALLS FINANCIAL PLANNING, LLC"
iapd,iapd_state_compilation,335789,WA,APPROVED,2025-06-13,STREAMLINE ADVISORY,STREAMLINE ADVISORY LLC
iapd,iapd_state_compilation,335811,WA,APPROVED,2025-08-08,WALKER LEGACY INVESTMENTS,WALKER LEGACY INVESTMENTS LLC
iapd,iapd_state_compilation,336097,WA,APPROVED,2025-10-30,FREEDOM WEALTH MANAGEMENT LLC,FREEDOM WEALTH MANAGEMENT LLC
iapd,iapd_state_compilation,336511,WA,APPROVED,2026-04-01,"PATHWAY FINANCIAL ADVISORY, LLC","PATHWAY FINANCIAL ADVISORY, LLC"
iapd,iapd_state_compilation,336807,WA,APPROVED,2026-05-18,FLECK JURENKA WEALTH MANAGEMENT LLC,FLECK JURENKA WEALTH MANAGEMENT LLC
iapd,iapd_state_compilation,336847,WA,APPROVED,2025-08-15,NEXUS STRATEGIC WEALTH,"NEXUS STRATEGIC WEALTH, LLC"
iapd,iapd_state_compilation,337261,WA,APPROVED,2025-12-08,FAIRWAY PLANNING,FAIRWAY FINANCIAL PLANNING LLC
iapd,iapd_state_compilation,337630,WA,APPROVED,2026-01-02,THIRD STANZA GROUP,THIRD STANZA GROUP LLC
iapd,iapd_state_compilation,338402,WA,APPROVED,2026-06-11,SISU CAPITAL MANAGEMENT LLC,SISU CAPITAL MANAGEMENT LLC
iapd,iapd_state_compilation,338421,WA,APPROVED,2026-01-02,LAKEMONT WEALTH,LAKEMONT WEALTH MANAGEMENT LLC
iapd,iapd_state_compilation,339081,WA,APPROVED,2026-02-04,EVERLEAP FINANCIAL PLANNING,ZESTFUL FINANCIAL PLANNING LLC
iapd,iapd_state_compilation,339114,WA,APPROVED,2026-04-08,AYURASSET LLC,AYURASSET LLC
iapd,iapd_state_compilation,339242,WA,APPROVED,2026-03-31,PARKSIDE FAMILY OFFICE LLC,PARKSIDE FAMILY OFFICE LLC
iapd,iapd_state_compilation,339645,WA,APPROVED,2026-06-01,"DIXIE'S TAX & FINANCIAL SERVICES, L.L.C.","DIXIE'S TAX & FINANCIAL SERVICES, L.L.C."
iapd,iapd_state_compilation,339711,WA,APPROVED,2026-02-20,VIGNEC FINANCIAL LLC,VIGNEC FINANCIAL LLC
iapd,iapd_state_compilation,339914,WA,APPROVED,2026-06-02,CRESSCILA WEALTH MANAGEMENT,CRESSCILA LLC
iapd,iapd_state_compilation,339989,WA,APPROVED,2026-05-28,EVERGREEN INVESTMENT MANAGEMENT LLC,EVERGREEN INVESTMENT MANAGEMENT LLC
iapd,iapd_state_compilation,340148,WA,APPROVED,2026-07-17,REINHARDT CONSULTING,REINHARDT CONSULTING FIRM LLC
iapd,iapd_state_compilation,340257,WA,APPROVED,2026-06-01,ADVISIA FINANCIAL PLANNING,"ADVISIA FINANCIAL PLANNING, LLC"
iapd,iapd_state_compilation,340282,WA,APPROVED,2026-06-23,HULL WEALTH MANAGEMENT LLC,HULL WEALTH MANAGEMENT LLC
iapd,iapd_state_compilation,340872,WA,APPROVED,2026-06-25,"GENSPHERE PRIVATE WEALTH, LLC","GENSPHERE PRIVATE WEALTH, LLC"
iapd,iapd_state_compilation,340874,WA,APPROVED,2026-08-14,STEELHEAD CAPITAL MANAGEMENT LLC,STEELHEAD CAPITAL MANAGEMENT LLC
iapd,iapd_state_compilation,340983,WA,APPROVED,2026-09-10,HELIX ADVISORS LLC,HELIX ADVISORS LLC
iapd,iapd_state_compilation,342168,WA,APPROVED,2026-08-06,SERENITY ADVISING,SERENITY ADVISING LLC
iapd,iapd_state_compilation,342624,WA,APPROVED,2026-08-13,AVERTON WEALTH,AVERTON WEALTH MANAGEMENT LLC
iapd,iapd_state_compilation,342628,WA,APPROVED,2026-08-14,NORTH PINE STRATEGIC WEALTH,NORTH PINE STRATEGIC WEALTH LLC
iapd,iapd_state_compilation,343008,WA,APPROVED,2026-09-23,STRONG TOWER FINANCIAL GROUP,STRONG TOWER FINANCIAL GROUP LLC
