firm_crd,business_name,legal_name
8250,NEWPORT SECURITIES CORPORATION,NEWPORT SECURITIES CORPORATION
13037,"INVESTORS BROKERAGE OF TEXAS, LTD.","INVESTORS BROKERAGE OF TEXAS, LTD."
16798,MCCLURG CAPITAL CORPORATION,MCCLURG CAPITAL CORPORATION
18126,"OAK TREE SECURITIES, INC.","OAK TREE SECURITIES, INC."
19537,"FIRST WESTERN SECURITIES, INC.","FIRST WESTERN SECURITIES, INC."
22333,"REALIZED FINANCAL, INC.","REALIZED FINANCAL, INC."
23551,CWS INVESTMENTS,"CLAYTON, WILLIAMS & SHERWOOD INVESTMENTS"
25706,LIBERTY CAPITAL,LIBERTY CAPITAL INVESTMENT CORPORATION
29474,"ONYX PARTNERS, INCORPORATED","ONYX PARTNERS, INCORPORATED"
34786,"AMERIVET SECURITIES, INC.","AMERIVET SECURITIES, INC."
35331,"WEALTH SOLUTIONS, INC.","WEALTH SOLUTIONS, INC."
37711,STOCK TRADERS,"JOSLIN, JEFFREY ALEX"
39283,KUN-LUN DEVELOPMENT CORPORATION,KUN-LUN DEVELOPMENT CORPORATION
39985,"HIGGINS CAPITAL MANAGEMENT, INC.","HIGGINS CAPITAL MANAGEMENT, INC."
40259,THE LOGAN GROUP SECURITIES,"LOGAN, KEVIN CHRISTOPHER"
43242,SILICON VALLEY CAPITAL MANAGEMENT,SILICON VALLEY CAPITAL MANAGEMENT
43520,"J.H. DARBIE & CO., INC.","J.H. DARBIE & CO., INC."
47511,S.G. LONG & COMPANY,S.G. LONG & COMPANY
102800,INTERNET SECURITIES,"INTERNET SECURITIES, INCORPORATED"
104214,"MKG FINANCIAL GROUP, INC.","MKG FINANCIAL GROUP, INC."
104709,BORRIS NII & COMPANY,"HOWARD M. BORRIS & COMPANY, INC."
104750,GUNN & CO ASSET MANAGEMENT INC,GUNN & CO ASSET MANAGEMENT INC
104835,MARATHON FINANCIAL ADVISORS,JOHNSON LYNDA ANN
104922,MAXWELL INVESTMENT ADVISORY SERVICES,MAXWELL ADVISORY SERVICES INC
104923,"MILLER, FLEMING & ASSOCIATES",MILLER FLEMING & ASSOCIATES
105086,ARISTON CAPITAL MANAGEMENT CORP,ARISTON CAPITAL MANAGEMENT CORP
105096,"PROFESSIONAL INVESTMENT COUNSEL, INC","PROFESSIONAL INVESTMENT COUNSEL, INC"
105296,PROFESSIONAL FINANCIAL ADVISORS INC,PROFESSIONAL FINANCIAL ADVISORS INC
105359,THE PORTOLA GROUP INC,THE PORTOLA GROUP INC
105392,"BROWN AND BROWN FINANCIAL SERVICES, INC.","BROWN & BROWN FINANCIAL SERVICES, INC."
105473,WESTLAKE CAPITAL INC,WESTLAKE CAPITAL INC
105548,ALPHA & OMEGA,"ALPHA & OMEGA FINANCIAL MANAGEMENT CONSULTANTS, INC."
105592,MCKINNEY ASSET MANAGEMENT INC.,MCKINNEY ASSET MANAGEMENT INC.
105607,"KAREL CAPITAL, INC.",KAREL CAPITAL INC
105632,EQUITY MANAGEMENT GROUP,"EQUITY MANAGEMENT GROUP, LLC"
105634,PETERSON INVESTMENT MANAGEMENT INC,PETERSON INVESTMENT MANAGEMENT INC
105703,CLBI INVESTMENTS INC,CLBI INVESTMENTS INC
105824,INFORMED INVESTORS GROUP,KOENIG STEVEN MARK
105967,ASSET MANAGEMENT CORPORATION,ASSET MANAGEMENT CORP
106041,"STAMPER CAPITAL & INVESTMENTS, INC.","STAMPER CAPITAL & INVESTMENTS, INC."
106056,"VALUE MONITORING, INC","VALUE MONITORING, INC"
106121,"HAMMER ASSET MANAGEMENT, LLC",HAMMER ASSET MANAGEMENT LLC
106296,TAYLOR K A ASSOCIATES INC,TAYLOR K A ASSOCIATES INC
106319,PENGRA CAPITAL MANAGEMENT INC,PENGRA CAPITAL MANAGEMENT INC
106364,PROTECTED CAPITAL MANAGEMENT,SMITH RICHARD DELOY
106439,BANNER INVESTMENT CONSULTANTS,FORETICH ROBERT MCCLELAND
106601,"POST OAK INVESTMENT MANAGEMENT, INC","POST OAK INVESTMENT MANAGEMENT, INC"
106624,PACIFIC MANAGEMENT LTD,PACIFIC MANAGEMENT LTD
106719,RUNNYMEDE CAPITAL MANAGEMENT INC,RUNNYMEDE CAPITAL MANAGEMENT INC
106894,SEIDMAN INVESTMENT PORTFOLIOS,SEIDMAN DANIEL JAY
106897,FORTUNA ASSET MANAGEMENT LLC,FORTUNA ASSET MANAGEMENT LLC
107082,DE MAYO FINANCIAL,HEIDI BARBER
107112,"WALSTAD INVESTMENT COUNSEL, INC.",WALSTAD INVESTMENT COUNSEL INC
107216,WHELAN CAPITAL MANGEMENT,"WHELAN CAPITAL MANAGEMENT, INC."
107448,YOUNG CAPITAL MANAGEMENT INC,YOUNG CAPITAL MANAGEMENT INC
107456,FIRST FINANCIAL CONSULTING,FINANCIAL RESOURCES CONSULTING GROUP
107474,RITTER WEALTH COUNSEL,RITTER BRUCE CHARLES
107586,TRIVEST CAPITAL MANAGEMENT INC,TRIVEST CAPITAL MANAGEMENT INC
107602,"ALTOS FINANCIAL MANAGEMENT, LLC",ALTOS FINANCIAL MANAGEMENT LLC
107666,"ADVISOR SERVICES, INC.","ADVISOR SERVICES, INC."
107778,SMART INVESTMENTS ADVISORY INCORPORATED,SMART INVESTMENTS ADVISORY INCORPORATED
108013,ANDREWS CAPITAL MANAGEMENT INC,ANDREWS CAPITAL MANAGEMENT INC
108134,STAFFORD CAPITAL MANAGEMENT LLC,STAFFORD CAPITAL MANAGEMENT LLC
108137,"VOMUND INVESTMENT MANAGEMENT, LLC","VOMUND INVESTMENT MANAGEMENT, LLC"
108198,"REK ADVISORS, INC.","REK ADVISORS, INC."
108335,THE COLERIDGE GROUP LLC,THE COLERIDGE GROUP LLC
108368,CALEB LAWRENCE REGISTERED INVESTMENT ADVISER INC.,CALEB LAWRENCE REGISTERED INVESTMENT ADVISER INC.
108456,C. E. SKOWRUP & CO.,C. E. SKOWRUP & CO.
108603,DUNVEGAN ASSOCIATES INC,DUNVEGAN ASSOCIATES INC
108749,WEALTH MANAGEMENT GROUP,"WEALTH MANAGEMENT GROUP, INC."
108753,"CHIEF CAPITAL MANAGEMENT, INC","CHIEF CAPITAL MANAGEMENT, INC"
108854,GLOBAL TRENDS INVESTMENTS,LYDON ASSET MANAGEMENT INC
108889,"THE COOK COMPANY, LLC","THE COOK COMPANY, LLC"
109075,"RICHARD NEY & ASSOCIATES ASSET MANAGEMENT, INC.","RICHARD NEY & ASSOCIATES ASSET MANAGEMENT, INC."
109118,"AFFINITY CAPITAL, L.P.","A. MILLER INVESTMENT ADVISORS, L.P."
109195,"ATTIVO LEGACY ADVISORS, LLC","ATTIVO LEGACY ADVISORS, LLC"
109298,"MONEY METHODS, INC.","MONEY METHODS, INC."
109340,LA JOLLA INSTITUTE FOR WEALTH MANAGEMENT,"PROFESSIONAL PLANNING COUNSEL, INC."
109489,CARL F. PETERSEN. INC,"CARL F. PETERSEN, INC."
109661,HANSEN WEALTH MANAGEMENT,"HANSEN, BRIAN BENNETT"
109695,"GREEN INVESTMENT MANAGEMENT, INC.","GREEN INVESTMENT MANAGEMENT, INC."
109737,"NORTHWEST INVESTMENT ADVISORS, INC","NORTHWEST INVESTMENT ADVISORS, INC"
109806,MANAGED FINANCIAL SERVICES CORP INC,MANAGED FINANCIAL SERVICES CORP INC
110055,"TAYLOR STEPHENS, INC.",TAYLOR STEPHENS INC
110059,L. COOPER INVESTMENTS,COOPER LARRY CLARK
110083,CENTURION COUNSEL INC,"CENTURION COUNSEL,INC."
110155,ADVISORY FINANCIAL SERVICES LLC,ADVISORY FINANCIAL SERVICES LLC
110182,MOK CAPITAL MANAGEMENT,MOK STANLEY QUION
110192,HOWLAND ADVISORY CORPORATION,HOWLAND ADVISORY CORPORATION
110201,GAMBOA CAPITAL MANAGEMENT INC.,GAMBOA CAPITAL MANAGEMENT INC.
110266,ENVISION CAPITAL MANAGEMENT LTD,ENVISION CAPITAL MANAGEMENT LTD
110317,"SUCCESSFUL RESOURCE MANAGEMENT, LTD.","SUCCESSFUL RESOURCE MANAGEMENT, LLC"
110463,CORE ASSET MANAGEMENT COMPANY,CORE ASSET MANAGEMENT COMPANY
110467,FIRST FINANCIAL STRATEGIES INC,FIRST FINANCIAL STRATEGIES INC
110494,MONUMENT INVESTMENTS INC.,MONUMENT INVESTMENTS INC.
110564,GUERRA INVESTMENT ADVISORS,"THE RUBEN E. GUERRA COMPANY, LLC"
110644,MARTIN & ASSOCIATES INVESTMENT ADVISORY SERVICES LLC,"MARTIN & ASSOCIATES INVESTMENT ADVISORY SERVICES, LLC"
110660,"PAMPEL & ASSOCIATES, INC.","PAMPEL & ASSOCIATES, INC."
110678,"VM JONES FINANCIAL CONSULTING, L.L.C.","VM JONES FINANCIAL CONSULTING, L.L.C."
110705,"HUBER, CARDONO, MORING & RICHTER, L.P.","HUBER, CARDONO, MORING & RICHTER, L.P."
110766,INVESTOR RESOURCES INC,INVESTOR RESOURCES INC
110898,MRM GROUP,"MRM ASSET ALLOCATION GROUP, INC."
110925,"GOLD COAST SECURITIES, INC.","GOLD COAST SECURITIES, INC."
110990,LONG FAMILY OFFICE,"R.M. LONG INVESTMENT ADVISORY, INC."
111192,"ROYAL AMERICAN FINANCIAL ADVISORS, LLC","ROYAL AMERICAN FINANCIAL ADVISORS, LLC"
111203,DBA GENERATIONAL WEALTH STRATEGIES,"ADVANTAGE ASSET MANAGEMENT, INC."
111233,"MARKETFORCE, LLC","MARKETFORCE, LLC"
111238,SIMPSON CAPITAL MANAGEMENT,"SIMPSON CAPITAL MANAGMENT, INC"
111239,OPTIMUS ADVISORY GROUP,"OPTIMUS ADVISORY GROUP, LLC"
111249,VAUGHN INVESTMENT ADVISORS INC,VAUGHN INVESTMENT ADVISORS INC
111316,MCFARLAND ASSOCIATES,LANDSWORTH CORPORATION
111341,FINANCIAL STRATEGIES,"RUDD, FRED LYNN"
111367,O.V. DAVI,ORAZIO VINCENT DAVI
111396,BRIAN SLY AND COMPANY,BRIAN SLY AND COMPANY
111417,VERONA CAPITAL MANAGEMENT LLC,VERONA CAPITAL MANAGEMENT LLC
111548,BK CHIN,BRYAN K. CHIN & CO. ASSET MANAGEMENT INC.
111580,"LPR CAPITAL, INC.","LPR CAPITAL, INC."
111627,"OLESKY CAPITAL MANAGEMENT, LLC","OLESKY CAPITAL MANAGEMENT, LLC"
111653,"DON SCHOLL & ASSOCIATES, INC.","DON SCHOLL & ASSOCIATES, INC."
111780,PAUL R. WILLIAMS INVESTMENT ADVISOR,"WILLIAMS, PAUL RUDY"
111785,RICHARD LEES CAPITAL MANAGEMENT,RICHARD LEES CAPITAL MANAGEMENT
111801,ANCHOR FINANCIAL GROUP,ANCHOR FINANCIAL GROUP
111852,THE DELTA GROUP,DELTA ADVISORS
111892,"SOUND PLANNING AND INVESTMENTS, LLC","SOUND PLANNING AND INVESTMENTS, LLC"
111937,CAPSTAN LLC,CAPSTAN L.L.C.
111947,HEARTH CAPITAL MANAGEMENT,HEARTH CAPITAL MANAGEMENT
111954,RCV FINANCIAL SERVICES,RONALD CHRISTOPHER VERBECK
111971,"KENNETH E. BOONE WEALTH MANAGEMENT, LLC","KENNETH E. BOONE WEALTH MANAGEMENT, LLC"
112001,KOBATA FINANCIAL,"KOBATA, NELSON M."
112015,GERALD BUTRIMOVITZ WEALTH ADVISORY,"BUTRIMOVITZ, GERALD PAUL"
112052,"JACKSON ASSET MANAGEMENT, INC","JACKSON ASSET MANAGEMENT, INC"
112055,SIERRA CAPITAL MANAGEMENT,"GARRISON, STANLEY SCOTT"
112135,DBA STEIN INVESTMENT SERVICES,"JOHN PICARD STEIN , PH.D."
112168,"RESOURCE CONSULTING GROUP, INC.","RESOURCE CONSULTING GROUP, INC."
112229,"DIVERSIFIED PLANNING CONCEPTS, INC.","DIVERSIFIED PLANNING CONCEPTS, INC."
112299,PWR FINANCIAL SERVICES,"PWR FINANCIAL SERVICES, LLC"
112327,"LA JOLLA ASSET MANAGEMENT, INC.","LA JOLLA ASSET MANAGEMENT, INC."
112371,"BLACK SWAN MANAGEMENT GROUP, INC.","BLACK SWAN MANAGEMENT GROUP, INC."
112473,"LINDA A. WALKER, CFP","WALKER, LINDA ANN"
112502,ACCUMULATION STRATEGIES,"KAHN, RONNIE ALAN"
112507,"FLAGSTONE FINANCIAL ADVISORS, INC.","FLAGSTONE FINANCIAL ADVISORS, INC."
112537,GREGORY ADVISORS INC.,GREGORY ADVISORS INCORPORATED
112585,"PARTNERS CAPITAL MANAGEMENT, INC.","PARTNERS CAPITAL MANAGEMENT, INC."
112616,"WEIL ASSOCIATES, INC.","WEIL ASSOCIATES, INC."
112649,"ADVISERS INVESTMENT MANAGEMENT, INC.","ADVISERS INVESTMENT MANAGEMENT,INC"
112804,FINANCIAL TELESIS COMPANY,FINANCIAL TELESIS COMPANY
112837,"BLUE CHIP FINANCIAL PLANNING, LLC","BLUE CHIP FINANCIAL PLANNING, LLC"
112845,"MERIDIAN WEALTH MANAGEMENT, INC","MERIDIAN WEALTH MANAGEMENT, INC"
112862,"DOUGLAS W. JONES ASSOCIATES FINANCIAL & INSURANCE SERVICES, INC.","DOUGLAS W. JONES ASSOCIATES FINANCIAL & INSURANCE SERVICES, INC."
112877,"BFF WEALTH MANAGEMENT, INC.","BFF WEALTH MANAGEMENT, INC."
112929,"ROSLUND, JOHN CABELL","ROSLUND, JOHN CABELL"
112946,"MARELLO INVESTMENT ADVISORS, INC.","MARELLO INVESTMENT ADVISORS, INC."
112954,"FERNANDEZ FINANCIAL ADVISORY, LLC","FERNANDEZ FINANCIAL ADVISORY, L.L.C."
112976,"PROFIT STRATEGIES, INC.","PROFIT STRATEGIES, INCORPORATED"
112978,"CLIFFORD FINANCIAL PLANNING, INC.","CLIFFORD FINANCIAL PLANNING, INC."
113080,"DAVID DE KOEKKOEK, CFP, EA","DE KOEKKOEK, DAVID GLENN"
113095,DOUGLAS BRIAN NEYLAND,DOUGLAS BRIAN NEYLAND
113127,JIM MCKEEVER,"MCKEEVER, JAMES, LOUIS"
113273,"ASCEND FINANCIAL ADVISERS, INC","ASCEND FINANCIAL ADVISERS, INC"
113329,THE FINANCIAL ADVISORY GROUP,JAMES O. DAVIS
113351,"DOTY EQUITY ADVISORS, INC.","DOTY EQUITY ADVISORS, INC."
113450,OAKVALE INVESTMENTS INC.,OAKVALE INVESTMENTS INC.
113492,"PLAN AHEAD FINANCIAL MANAGEMENT, INC.","PLAN AHEAD FINANCIAL MANAGEMENT, INC."
113505,"BRASCIA INVESTMENT MANAGEMENT, INC.","BRASCIA INVESTMENT MANAGEMENT, INC."
113622,SHERWOOD INVESTMENTS,ERIC LINGER
113665,"WRWCO, LLC","WRWCO, LLC"
113719,BACHE CAPITAL MANAGEMENT,"BACHE CAPITAL MANAGEMENT, INC."
113726,FITCH FINANCIAL ADVISORS LLC,FITCH FINANCIAL ADVISORS LLC
113751,DESERT FINANCIAL ADVISERS,"DORFMAN, MIKHAIL"
113754,S.E. THORN & CO.,"THORN, STUART ELLIS"
113765,WITNAUER SLOAN & ASSOCIATES LLC,WITNAUER SLOAN & ASSOCIATES LLC
113778,"OAK BROOK ASSET MANAGEMENT, CORPORATION","OAK BROOK ASSET MANAGEMENT, CORPORATION"
113783,BECKER FINANCIAL SERVICES,BRAD JOHN BECKER
113813,"WILLIAM ROANE SKEETERS, INC.","WILLIAM ROANE SKEETERS, INC."
113828,"FINANCIAL COUNSEL, LLC","FINANCIAL COUNSEL, LLC"
113830,"THOMAS CAPITAL MANAGEMENT, LLC","THOMAS CAPITAL MANAGEMENT, LLC"
113856,"MEZIAB CAPITAL MANAGEMENT, INC.","MEZIAB CAPITAL MANAGEMENT, INC."
113862,KRUEGER FINANCIAL,"KRUEGER FINANCIAL SERVICES, INC."
113883,J.W. ADVISORS INC.,J.W. ADVISORS INC.
113942,PHYSICIANS CAPITAL INVESTMENT ADVISORS,"GESSNER & COMPANY, INC"
113980,RUBICON FINANCIAL NETWORK,"PFAFFMANN FINANCIAL, INC."
113999,"MERIT ADVISORS, INC.","MERIT ADVISORS, INC."
114010,WESLEY OWEN BALES INVESTMENT ADVISORY SERVICE,WESLEY OWEN BALES INVESTMENT ADVISORY SERVICES INC.
114022,BACON & COMPANY,BACON & COMPANY
114024,"SABINO INVESTMENT MANAGEMENT, L.L.C.","SABINO INVESTMENT MANAGEMENT, L.L.C."
114036,WILLIAM RUSSELL WELCH,WILLIAM RUSSELL WELCH
114047,RICHARD VEERMAN,RICHARD VEERMAN
114076,"WRIGHT FINANCIAL, LLC","WRIGHT FINANCIAL, LLC"
114079,PEGASUS INVESTMENT MANAGEMENT LLC,PEGASUS INVESTMENT MANAGEMENT LLC
114091,NIX WEALTH MANAGEMENT,"NIX, JOSEPH B."
114124,THE ASTRAEA CORPORATION,THE ASTRAEA CORPORATION
114127,"HAMILTON-BATES INVESTMENT RESEARCH, INC.","HAMILTON-BATES INVESTMENT RESEARCH, INC."
114131,"WILLIAM C. HOEFFER, JR. INC.","WILLIAM C. HOEFFER, JR. INC."
114136,"EDGEMONT INVESTMENT MANAGEMENT, LLC","EDGEMONT INVESTMENT MANAGEMENT, LLC"
114170,"CPA ADVISORY SERVICES, P.C.","CPA ADVISORY SERVICES, P.C."
114181,MATT MONTGOMERY,MATT MONTGOMERY
114199,ELM ASSET MANAGEMENT INC.,ELM ASSET MANAGEMENT INC.
114230,JAMES G. MCCLELLAN CPA,JAMES GILBERT MCCLELLAN
114240,OPSIS ADVISORY GROUP,NEDRA LOW
114262,CGM INVESTMENT MANAGEMENT,CHRISTOPHER GUY MARTIN
114264,"WEALTH CREATORS, LLC",LEWIS JOHNSON
114268,RHONDA L RUSSELL,"RHONDA L. RUSSELL, P.C."
114278,"GEOFFRY H. OSHMAN, CFP","OSHMAN, GEOFFRY HILLEL"
114282,"PERRY D. REED & COMPANY, P.C.","PERRY D. REED & COMPANY, P.C."
114285,"MISSION ADVISORS, LP","MCG CAPITAL, LLC"
114306,ECONOMIC LEADS,"EARLY, JOHN HARVEY"
114358,WINVEST INVESTMENTS L.P.,WINVEST INVESTMENTS L.P.
114359,"CHARLES MANNING & ASSOCIATES, INC.","CHARLES MANNING & ASSOCIATES, INC."
114360,CASH FLOW INVESTMENT SERVICES LLC,CASH FLOW INVESTMENT SERVICES LLC
114366,PORTER INVESTMENTS,"DAEDALUS CAPITAL GROUP, INC."
114380,COMPREHENSIVE PHYSICIANS RETIREMENT INVESTING,MAKKAR INC.
114394,"INTEGRA ASSET ADVISORS, L.C.","INTEGRA ASSET ADVISORS, L.C."
114408,"PHILLIPS RAY CAPITAL MANAGEMENT, INC.","PHILLIPS RAY CAPITAL MANAGEMENT, INC."
114457,THORNTON FINANCIAL MANAGEMENT AND SERVICES,JOHN DAVID THORNTON
114460,"AQUINAS ADVISORS, LLC","AQUINAS ADVISORS, LLC"
114468,"PRESCOTT INVESTOR SERVICES, INC.","PRESCOTT INVESTOR SERVICES, INC."
114479,MCWHORTER CAPITAL INVESTMENTS,GEORGE MICHAEL MCWHORTER
114486,"TORRES FINANCIAL SERVICES, INC.","TORRES FINANCIAL SERVICES, INC."
114492,"KINGSBURY FINANCIAL MANAGEMENT, INC.","KINGSBURY FINANCIAL MANAGEMENT, INC."
114509,"NEW CENTURY PARTNERS-THE NO-LOAD GROUP, INC.","NEW CENTURY PARTNERS-THE NO-LOAD GROUP, INC."
114519,"MFAC FINANCIAL ADVISORS, INC.","MFAC FINANCIAL ADVISORS, INC."
114540,"QUEST INVESTMENT PORTFOLIO MANAGEMENT, LIMITED","QUEST INVESTMENT PORTFOLIO MANAGEMENT, LIMITED"
114546,"ORSER INVESTMENT ADVISORS, INC.","ORSER INVESTMENT ADVISORS, INC."
114548,MICHAEL KEITH PARISH,MICHAEL KEITH PARISH
114551,FAIRBANKS FINANCIAL WEALTH MANAGEMENT,"LEBAIR FINANCIAL SERVICES, INC."
114577,TAYLOR FINANCIAL CONSULTING,JILL TAYLOR GORDON
114581,STRANBERG CAPITAL LLC,STRANBERG CAPITAL LLC
114585,NAWORSKI INVESTMENTS,NAWORSKI INVESTMENTS LLC
114586,POLARIS ASSET MANAGEMENT LLC,POLARIS ASSET MANAGEMENT LLC
114591,"THE LEGACY COLLABORATIVE, INC.","THE LEGACY COLLABORATIVE, INC."
114609,FINANCIAL EDGE,FINANCIAL EDGE
114618,"DBA FEE ONLY FINANCIAL PLANNING, INC.","HALVORSON-BOYD & BELL, INC."
114644,"R & R FINANCIAL SERVICES, LLC","R & R FINANCIAL SERVICES, LLC"
114651,"INTERNATIONAL ASSET MANAGEMENT, INC.","INTERNATIONAL ASSET MANAGEMENT, INC."
114653,"HG CAPITAL ADVISORS, LLC","HG CAPITAL ADVISORS, LLC"
114679,SUCRE'-VAIL WEALTH ADVISORS,"SUCRE-VAIL, INC"
114714,TEXAS ASSET MANAGEMENT,"TAM, LLC"
114720,"FELIX GARCIA, RIA","FELIX GARCIA, RIA"
114731,WISE INVESTMENT MANAGEMENT,WISE HOLDINGS INC.
114734,"ECAPITAL ADVISORS, INC.","ECAPITAL ADVISORS, INC."
114748,VAN DUIVENDYK CAPITAL MANAGEMENT,PHILIP RAY VAN DUIVENDYK
114752,"OLIMPIO NEU & ASSOCIATES, INC.","OLIMPIO NEU & ASSOCIATES, INC."
114777,B&F INVESTMENT STRATEGIES,"BROCK, DENNIS, TATE"
114782,"LINDUS ADVISORS, INC.","LINDUS ADVISORS, INC."
114798,"WILLIAM R. SCHEEL, INVESTMENT ADVISER",WILLIAM REGAN SCHEEL
114799,RJG FINANCIAL,"RJG FINANCIAL, LLC."
114810,"INNOVA CAPITAL MANAGEMENT, LLC","INNOVA CAPITAL MANAGEMENT, LLC"
114812,"CHARTMARK INVESTMENTS, INC.","CHARTMARK INVESTMENTS, INC."
114822,FINANCIAL PLANNING SERVICES,STEPHEN LEWIS GRAY
114834,INVESTORS CHOICE,DIFRAN CORPORATION
114849,CONCEPTWEALTH,MARK M. CAROLIN
114868,"LEGACY WEALTH ADVISORS, INC.","LEGACY WEALTH ADVISORS, INC."
114878,JOHN NAVIN NAVIDOMSKIS IV,JOHN NAVIN NAVIDOMSKIS IV
114906,"DOUGLAS ANDERSON, III","DOUGLAS ANDERSON, III"
114938,SUNDANCE WEALTH MANAGEMENT,"DEPASQUALE, JOHN, ROBERT"
114944,"BLUECHIP FINANCIAL PLANNING, INC.","BLUECHIP FINANCIAL PLANNING, INC."
114958,"FOUR SEASONS INVESTMENT MANAGEMENT, INC.","FOUR SEASONS INVESTMENT MANAGEMENT, INC."
114976,"FAP,LLC","FAP,LLC"
114996,KENTOR FINANCIAL,THE MICHAEL KENTOR COMPANY
115003,"ANDREW J. SPILLIOS, CFP","ANDREW JOHN SPILLIOS, CFP"
115007,RONALD RAY SCHULZE,RONALD RAY SCHULZE
115038,FJP PORTFOLIO MANAGEMENT,"PANTOJA, FRANCISCO JAVIER"
115058,CHILDRESS INVESTMENT MANAGEMENT,FRANK ALEXANDER CHILDRESS
115086,"BAKER JENSEN INVESTMENT ADVISORS, LLC","BAKER JENSEN INVESTMENT ADVISORS, LLC"
115092,"RUDD AND WISDOM, INC.","RUDD AND WISDOM, INC."
115110,OPTIFOLIO,"GLOBAL LEVERAGE AND INVESTMENTS, INC."
115115,WESTERN GROWERS FINANCIAL SERVICES,"WESTERN GROWERS FINANCIAL SERVICES, INC."
115218,"MICHAEL FULCHER, CPA",MICHAEL FULCHER
115255,BOYTER FINANCIAL SERVICES,MICHEAL LYNN BOYTER
115263,JON BOS FINANCIAL ADVISOR LLC,JON BOS FINANCIAL ADVISOR LLC
115291,"OAKMONT FINANCIAL SERVICES, L.L.C.","OAKMONT FINANCIAL SERVICES, L.L.C."
115305,BROOKS FINANCIAL SERVICES,KEVIN LYNN BROOKS
115310,MISSION STREET WEALTH PLANNING,"PIA, GARY ERNEST"
115318,"SPECTRUM STRATEGIES, L.L.C.","SPECTRUM STRATEGIES, L.L.C."
115336,"ENCORE WEALTH ADVISORS, LLC","ENCORE WEALTH ADVISORS, LLC"
115341,"FIVE PEAKS FINANCIAL CONSULTING, INC.","FIVE PEAKS FINANCIAL CONSULTING, INC."
115416,PURSUIT WEALTH MANAGEMENT,FINANCIAL INVESTMENTS RESEARCH & MANAGEMENT LLC
115488,"BARON CAPITAL MANAGEMENT, LLC","BARON CAPITAL MANAGEMENT,LLC"
115490,"PRO ADVISORS, LTD. DBA R J PICKLE FINANCIAL SERVICES","PRO ADVISORS, LTD. DBA R J PICKLE FINANCIAL SERVICES"
115498,RICH CAPITAL MANAGEMENT,BEVERLY ANN RICH
115524,"EDNA J. THOMPSEN, CFP","THOMPSEN, EDNA JEAN"
115537,"MENTOR FINANCIAL ADVISORY GROUP, LTD.","MENTOR FINANCIAL ADVISORY GROUP, LTD."
115545,STEINMETZ FINANCIAL PLANNING,"STEINMETZ, BARBARA LYNN"
115570,LINK FINANCIAL CORPORATION,LINK FINANCIAL CORPORATION
115592,SATORI FINANCIAL LLC,SATORI FINANCIAL LLC
115632,PEAK INVESTMENTS,MICHAEL DEAN MOORE
115676,"CRAWFORD ADVISORY GROUP, LLC","CRAWFORD ADVISORY GROUP, LLC"
115767,COAST CAPITAL MANAGEMENT,"COAST CAPITAL MANAGEMENT, LLC"
115796,"AMERICAN MARKET ADVISORS, INC.","AMERICAN MARKET ADVISORS, INC."
115826,MEDCENTRIC FINANCIAL NETWORK,MEDCENTRIC FINANCIAL NETWORK
115828,"FINANCIAL STRATEGIES, INC","FINANCIAL STRATEGIES, INC"
115838,PREMIER ADVISORY GROUP,WBM MANAGEMENT CORP.
115866,"EDWARD ALLEN BENSON, PHD.",EDWARD ALLEN BENSON
115875,"SOUND FINANCIAL ADVISORS, INC.","SOUND FINANCIAL ADVISORS, INC."
115901,LEGACY FINANCIAL GROUP,"LEGACY FINANCIAL GROUP, LLC"
115903,BRUCE JAMES THOMAS JR,"THOMAS,BRUCE JAMES JR."
115906,GOLDSTRAND PLANNING GROUP,"GOLDSTRAND, DENNIS JOSEPH"
115912,"YAVAPAI FINANCIAL PLANNING, L.L.C.","YAVAPAI FINANCIAL PLANNING, L.L.C."
115983,"WEALTH MANAGEMENT NORTHWEST, INC.","WEALTH MANAGEMENT NORTHWEST, INC."
116014,LIVING ROOM WEALTH MANAGEMENT,"RESOURCE DESIGN, INC."
116052,ADVITICA FINANCIAL PLANNING LLC,ADVITICA FINANCIAL PLANNING LLC
116077,"HERMENS CAPITAL MANAGEMENT, INC","HERMENS CAPITAL MANAGEMENT, INC"
116090,HUTCHISON INVESTMENT ADVISORS,HUTCHISON INVESTMENT ADVISORS INC
116172,"PREFERRED RETIREMENT OPTIONS, INC","PREFERRED RETIREMENT OPTIONS, INC"
116174,"PERCY E. BOLTON ASSOCIATES, INC.","PERCY E. BOLTON ASSOCIATES, INC."
116207,"MCBRIDE FINANCIAL SERVICES, INC.","MCBRIDE FINANCIAL SERVICES, INC."
116249,"CARTER ADVISORY SERVICES, INC","CARTER ADVISORY SERVICES, INC"
116276,"BERNTSON PORTER WEALTH MANAGEMENT, LLC","BERNTSON PORTER WEALTH MANAGEMENT, LLC"
116281,E. DEMMLER AND ASSOCIATES,EUGENE C. DEMMLER
116282,ROBERT BERGSTROM,"BERGSTROM, ROBERT L."
116348,SM  SCHERR FINANCIAL LLC,SM SCHERR FINANCIAL LLC
116368,"JAGUAR INVESTMENT SERVICES, LTD","JAGUAR INVESTMENT SERVICES, LTD"
116392,ADELE BRADY BOLSON CPA PS,ADELE BRADY BOLSON CPA PS
116413,"ALL WEATHER PORTFOLIO MANAGEMENT, INC.","ALL WEATHER PORTFOLIO MANAGEMENT, INC."
116462,"GOODRICH & ASSOCIATES, LLC","GOODRICH & ASSOCIATES, LLC."
116470,WISE WORLD INVESTMENT PLANNING,"WIN WIN INVESTMENT PLANNING, LLC"
116513,"BERGLAND WEALTH MANAGEMENT, INC.","BERGLAND WEALTH MANAGEMENT, INC."
116575,PERFORMANCE TRACKING INC.,PERFORMANCE TRACKING INC.
116643,GILLESPIE ASSOCIATES LLC.,GILLESPIE ASSOCIATES LLC.
116672,TED C. EARLE,THEODORE CHARLES EARLE
116707,CELTIC CAPITAL CORPORATION,CELTIC CAPITAL CORPORATION
116725,"GA BISHOP AND ASSOCIATES, LLC","GA BISHOP AND ASSOCIATES, LLC"
116741,TACOMA INVESTMENT GROUP,"TACOMA INVESTMENT GROUP, INC."
116752,"PAYSSE JENNISON FINANCIAL ADVISORS,  PAYSSE JENNISON","PAYSSE JENNISON, INC."
116791,BROCK ASSET MANAGEMENT,"BROCK ASSET MANAGEMENT, LLC"
116810,"FLECKENSTEIN CAPITAL, INC.","FLECKENSTEIN CAPITAL, INC."
116857,R.M. DUNCAN CAPITAL MANAGEMENT CORPORATION,R.M. DUNCAN CAPITAL MANAGEMENT CORPORATION
116869,FINANCIAL PROFESSIONALS INCORPORATED,FINANCIAL PROFESSIONALS INCORPORATED
116879,DENNER CAPITAL MANAGEMENT,"DENNER, STEVE"
116880,"WILKISON INVESTMENT SERVICES, LLC","WILKISON INVESTMENT SERVICES, LLC"
117053,TALLEY FINANCIAL,"TALLEY FINANCIAL, INC"
117075,ARROWHEAD ASSET MANAGEMENT,BOSCHERT RALPH ARTHUR
117090,"WATERHILL CAPITAL, LLC","WATERHILL CAPITAL, LLC"
117094,"CORNERSTONE ASSET MANAGEMENT, LLC",CORNERSTONE ASSET MANAGEMENT
117125,ALEGRIA ASSET MANAGEMENT,"BBM FINANCIAL SERVICES, INC."
117134,ESTATE & RETIREMENT STRATEGIES LLC,ESTATE & RETIREMENT STRATEGIES LLC
117136,MARK HARRIS SERVICES,"HARRIS, MARK"
117174,"TOEPEL INVESTMENT COUNSEL, INC.","TOEPEL INVESTMENT COUNSEL, INC."
117183,"APEX ADVISORY GROUP, INC.","APEX ADVISORY GROUP, INC."
117200,"JOHN N. CARMODY D.D.S. CFP, INC.","JOHN N. CARMODY D.D.S. CFP, INC."
117204,"WERNER & C0. RIA, PLLC","WERNER & C0. RIA, PLLC"
117222,"TWRU PRIVATE WEALTH MANAGEMENT, LLC","TWRU PRIVATE WEALTH MANAGEMENT, LLC"
117233,MELLOR & ASSOCIATES LLC,MELLOR & ASSOCIATES LLC
117256,"JOSEPH SEEP & ASSOCIATES, LLC",JOSEPH GLEN SEEP
117257,"SENIOR FINANCIAL ADVISORS, INC.","SENIOR FINANCIAL ADVISORS, INC."
117326,"THE INNES ASSOCIATES, LTD.","THE INNES ASSOCIATES, LTD."
117423,"LEGACY INVESTMENT STRATEGIES, LLC","LEGACY INVESTMENT STRATEGIES, LLC"
117461,"SUNDIAL CAPITAL MANAGEMENT, L.P.","SUNDIAL CAPITAL MANAGEMENT, L.P."
117477,MCRAE CAPITAL MANAGEMENT L.L.C.,MCRAE CAPITAL MANAGEMENT L.L.C.
117496,"HOUSTOUN CAPITAL MANAGEMENT, INC.","HOUSTOUN CAPITAL MANAGEMENT, INC."
117523,"SEATTLE ASSET MANAGEMENT, INC.","SEATTLE ASSET MANAGEMENT, INC"
117524,"TERRY PESCHL & ASSOCIATES, INC.","TERRY PESCHL & ASSOCIATES, INC."
117535,"NEW OBSERVER CAPITAL MANAGEMENT, LLC","NEW OBSERVER CAPITAL MANAGEMENT, LLC"
117549,STRATEGIC ASSET MANAGEMENT,STRATEGIC ASSET MANAGEMENT LLC
117551,LAGOS WEALTH ADVISORS,"LAGOS FINANCIAL & INSURANCE SERVICES, INC."
117598,"JR SNELL CAPITAL MANAGEMENT, LLC","JR SNELL CAPITAL MANAGEMENT, LLC"
117679,"PELLETON CAPITAL MANAGEMENT, LTD.","PELLETON CAPITAL MANAGEMENT, LTD."
117699,"CHRISTENSEN CAPITAL, LLC","CHRISTENSEN CAPITAL, LLC"
117700,"THE GETZEN GROUP, INC.","THE GETZEN GROUP, INC."
117845,FG WEALTH MANAGEMENT,"THE FOCUS GROUP ADVISORS, LLC"
117872,"NEW WEST INVESTMENT MANAGEMENT, INC.","NEW WEST INVESTMENT MANAGEMENT, INC."
117889,WAYNE GILBERT & COMPANY,"GILBERT, WAYNE EUGENE"
117903,HENSEL CAPITAL MANAGEMENT,"HENSEL,ROBERT,PAUL"
117921,"SAVOY INVESTMENT MANAGEMENT, INC.","SAVOY INVESTMENT MANAGEMENT, INC."
117968,TAYLOR & TAYLOR FINANCIAL SERVICES,"TAYLOR, BRITTON MICHAEL"
117979,US 1ST WEALTH MANAGEMENT,TEXAS FIRST WEALTH MANAGEMENT
117992,WHITE PINE INVESTMENTS,"KUSTAS, ANDREW LOUIS"
118002,"GQO INVESTMENT ADVISORS, INC.","GQO INVESTMENT ADVISORS, INC."
118004,"RIVERWAY ASSET MANAGEMENT, INC.","RIVERWAY ASSET MANAGEMENT, INC."
118068,"FOCUS CAPITAL, LLC","FOCUS CAPITAL, LLC"
118072,LAWRENCE FINANCIAL SERVICES,LARRY GLENN LAWRENCE D/B/A LAWRENCE FINANCIAL SERVICES
118081,"WOMACK INVESTMENT ADVISERS, INC","WOMACK INVESTMENT ADVISERS, INC"
118085,J DOSTAL INVESTMENTS,J DOSTAL INVESTMENTS INC.
118159,CLARK NUBER WEALTH MANAGEMENT,"CLARK NUBER WEALTH MANAGEMENT, LLC"
118168,EPL INVESTMENT ADVISORY LLC,EPL INVESTMENT ADVISORY LLC
118178,THE INVESTMENT AND PHILANTHROPY CORPORATION,THE INVESTMENT AND PHILANTHROPY CORPORATION
118187,LEGACY HARBOR,LEGACY HARBOR
118231,"PRIVATE GROUP WEALTH MANAGEMENT, LLC","PRIVATE GROUP WEALTH MANAGEMENT, LLC"
118282,THE ASPEN EQUITY GROUP,"THE ASPEN EQUITY GROUP, INC."
118309,"QUANTUM SOLUTIONS, INC.","QUANTUM SOLUTIONS, INC."
118324,ASPEN WEALTH PLANNERS LLC,ASPEN WEALTH PLANNERS LLC
118372,"SWEETWATER FINANCIAL ADVISORS, LLC","SWEETWATER FINANCIAL ADVISORS, LLC"
118383,"WESTERLY INVESTMENTS, INC.","WESTERLY INVESTMENTS, INC."
118391,"FRIED ASSET MANAGEMENT, INC.","FRIED ASSET MANAGEMENT, INC."
118417,"LIVE OAK ADVISORS, LLC","LIVE OAK ADVISORS, LLC"
118440,"WBB SECURITIES, LLC","WBB SECURITIES, LLC"
118512,"LEE, KIMUN","LEE, KIMUN"
118547,"FINANCIAL PLANNING CONSULTANTS, LLC","FINANCIAL PLANNING CONSULTANTS, LLC"
118607,HAVEN FINANCIAL ADVISORS,LKOKERNAK
118733,RETIREMENT SOLUTIONS,"WEBB,DARVON JAMES"
118767,"EPIC WEALTH ADVISORS, INC.","EPIC WEALTH ADVISORS, INC."
118776,"R & R RETIREMENT SERVICES, INC","R & R RETIREMENT SERVICES, INC"
118786,SCOTTSDALE CAPITAL ADVISORS CORPORATION,SCOTTSDALE CAPITAL ADVISORS CORPORATION
118805,"AFH ASSET MANAGEMENT, INC.","AFH ASSET MANAGEMENT, INC."
118857,HARRIS INVESTMENT ADVISORS LLC,HARRIS INVESTMENT ADVISORS LLC
118900,KLEIN FINANCIAL ADVISORS,JOHN HENRY MANAGEMENT COMPANY
118914,"SUN VALLEY ADVISORS, INC.","SUN VALLEY ADVISORS, INC."
118985,BOGUE ASSET MANAGEMENT LLC,"BOGUE ASSET MANAGEMENT, LLC"
119088,THE JUST COMPANY,THE JUST COMPANY
119120,PACIFIC HORIZON INVESTMENT MANAGEMENT LLC,PACIFIC HORIZON INVESTMENT MANAGEMENT LLC
119127,"WEALTH DEVELOPMENT STRATEGIES INVESTMENT ADVISORY, INC.","WEALTH DEVELOPMENT STRATEGIES INVESTMENT ADVISORY, INC."
119137,PRP,PROFESSIONAL RETIREMENT PLANNING INC.
119168,"FINANCIAL PLANNING CONCEPTS, INC.","FINANCIAL PLANNING CONCEPTS, INC."
119180,G. ALLEN FINANCIAL INC.,G. ALLEN FINANCIAL INC.
119181,CONSOLIDATED FINANCIAL MANAGEMENT CORP.,CONSOLIDATED FINANCIAL MANAGEMENT CORP.
119226,"NORTH COAST ASSET MANAGEMENT, INC.","NORTH COAST ASSET MANAGEMENT, INC."
119350,"LAWRENCE J. CHAZEN, INC.","LAWRENCE J. CHAZEN, INC."
119481,CAPITAL INVESTMENT MANAGEMENT,"CIM FINANCIAL GROUP, INC."
119486,EDMAN GLOBAL INVESTMENT MANAGEMENT LLC,EDMAN GLOBAL INVESTMENT MANAGEMENT LLC
119554,HANCOCK WEALTH ADVISORY,"HANCOCK, STEPHANIE RENAE"
119567,"AB HHELIO ASSOCIATES, INC.","AB HHELIO ASSOCIATES, INC."
119584,"HILLTOP ADVISORS, LLC","HILLTOP ADVISORS, LLC"
119628,"GLATT AND ASSOCIATES, LLC","GLATT AND ASSOCIATES, LLC"
119727,JAMES P. HANSON ACCOUNTANCY CORPORATION,JAMES P. HANSON ACCOUNTANCY CORPORATION
119796,"STOECKER FINANCIAL, INC.","STOECKER FINANCIAL, INC."
119798,"REDWOOD FINANCIAL ADVISORS, INC","REDWOOD FINANCIAL ADVISORS, INC"
120017,ASSET SOLUTIONS,"ASSET SOLUTIONS ADVISORY SERVICES, INC"
120040,POWER INVESTING,MICHAEL DAVID POWER
120056,"SOARES FINANCIAL, INC.","SOARES FINANCIAL, INC."
120132,"T.M. MURPHY INVESTMENT MANAGEMENT, INC.","T.M. MURPHY INVESTMENT MANAGEMENT, INC."
120177,"ABUNDA FINANCIAL, LLC","ABUNDA FINANCIAL, LLC"
120284,STELLAR FINANCIAL PLANNING,"STARR, MICHAEL, DBA STELLAR FINANCIAL PLANNING"
120343,INTEGRAL FINANCIAL LLC,INTEGRAL FINANCIAL LLC
120385,"SUNRISE WEALTH MANAGEMENT, LLC","SUNRISE WEALTH MANAGEMENT, LLC"
120425,"AKROS INVESTMENTS, INC.","AKROS INVESTMENTS, INC."
120587,STOUT CAPITAL MANAGEMENT LLC,STOUT CAPITAL MANAGEMENT LLC
120651,"MATHEMATICA CAPITAL MANAGEMENT, LLC","MATHEMATICA CAPITAL MANAGEMENT, LLC"
120678,"CORE CAPITAL MANAGEMENT, LLC","CORE CAPITAL MANAGEMENT, LLC"
120782,VIOS ASSET MANAGEMENT LLC,VIOS ASSET MANAGEMENT LLC
120828,"CANNOLES ASSET MANAGEMENT, INC.","CANNOLES ASSET MANAGEMENT, INC."
120866,CARION DOTY ADVISORS LLC,CARION DOTY ADVISORS LLC
121140,"MTR ADVISORY SERVICES, INC.","MTR ADVISORY SERVICES, INC."
121157,"OBSIDIAN INVESTMENT ADVISERS, LLC","OBSIDIAN INVESTMENT ADVISERS, LLC"
121205,"MCCLURE INVESTMENT MANAGEMENT, LLC","MCCLURE INVESTMENT MANAGEMENT, LLC"
121223,BERKELEY INVESTMENT ADVISORS,BERKELEY INVESTMENT ADVISORS
121244,"4LB INVESTMENTS, LLC","4LB INVESTMENTS, LLC"
121567,"CAPITAL INVESTMENT SERVICES, LLC","CAPITAL INVESTMENT SERVICES, LLC"
121635,ELEY-GRAHAM-AUSTGEN FINANCIAL ADVISORY SERVICES,ELEY-GRAHAM ADVISORY CORPORATION
121643,"APEX RESEARCH AND INVESTMENTS, LLC","APEX RESEARCH AND INVESTMENTS, LLC"
121661,TIMOTHY L. CONNER,TIMOTHY LEE CONNER
121784,"FIRESIDE FINANCIAL PLANNING, INC.","FIRESIDE FINANCIAL PLANNING, INC."
121808,"THE PLANNING ASSOCIATES, INC.","THE PLANNING ASSOCIATES, INC."
121845,EASAN KATIR WEALTH MANAGEMENT,"KATIR, EASAN"
121920,RIDGEWOOD CAPITAL MANAGEMENT,"RIDGEWOOD CAPITAL MANAGEMENT, INC."
121925,"WILSON, CLARK ALLEN","WILSON, CLARK ALLEN"
122072,"ELLIOTT FINANCIAL, LLC","ELLIOTT FINANCIAL, LLC"
122074,BWS FINANCIAL,BWS FINANCIAL INC.
122181,"BENEFITS PLUS, LLC","BENEFITS PLUS, LLC"
122230,"MAPLETON CAPITAL MANAGEMENT, LLC","MAPLETON CAPITAL MANAGEMENT, LLC"
122236,"ANWEILER FINANCIAL MANAGEMENT, LLC","ANWEILER FINANCIAL MANAGEMENT, LLC"
122345,"OPUS INVESTMENT ADVISORS, LLC","OPUS INVESTMENT ADVISORS, LLC"
122436,STERLING FUTURES,STERLING FUTURES
122443,STEVEN AYERS & COMPANY,STEVEN AYERS & COMPANY
122557,"THE LINKOUS GROUP, LTD.","THE LINKOUS GROUP, LTD."
122625,"FINANCIAL PLANNING ADVISORS, INC.","FINANCIAL PLANNING ADVISORS, INC."
122643,"FUNDAMENTAL ADVISORS, INC.","FUNDAMENTAL ADVISORS, INC."
122686,ROBERT A. UNDERHILL P.C.,ROBERT A. UNDERHILL P.C.
122821,"AVONDALE CONQUEST, LLC","AVONDALE CONQUEST, LLC"
122827,"FHT, LLC","FHT, LLC"
122892,"WEALTH MANAGEMENT INSTITUTE, INC.","WEALTH MANAGEMENT INSTITUTE, INC."
122907,"MCNALLY, DAVID D.","MCNALLY, DAVID D."
122910,THE INDEPENDENT FINANCIAL GROUP,"LORENZEN, JAMES MARION"
122944,TAYLOR & ASSOCIATES,"TAYLOR, NIGEL BRIAN"
123029,"GEBHART & ASSOCIATES, INC","GEBHART & ASSOCIATES, INC"
123069,CARTER CAPITAL MANAGEMENT,"CARTER, DAVID HENRY"
123173,"OPEN DOOR INVESTMENT ADVISORS, INC.","OPEN DOOR INVESTMENT ADVISORS, INC."
123181,"STONEBROOK CAPITAL MANAGEMENT, INC.","STONEBROOK CAPITAL MANAGEMENT, INC"
123189,"MAINSTREET FINANCIAL PLANNING, INC.","MAINSTREET FINANCIAL PLANNING, INC."
123233,RISING CAPITAL INC.,RISING CAPITAL INC.
123266,MONTECITO CAPITAL MANAGEMENT,"LYTEL, KIPLEY J."
123364,"FOUNTAIN FINANCIAL GROUP, INC.","FOUNTAIN FINANCIAL GROUP, INC."
123470,GILMAN HARRIS TRAVIOLI SLOVER ACCOUNTANCY CORPORATION,GILMAN HARRIS TRAVIOLI SLOVER ACCOUNTANCY CORPORATION
123471,PARIVEDA INVESTMENT MANAGEMENT,"PARIVEDA, INC."
123539,"GRAHAM & CO. ADVISORY, INC.","GRAHAM & CO. ADVISORY, INC."
123566,ROCKFORD ASSET MANAGEMENT LLC,ROCKFORD ASSET MANAGEMENT LLC
123610,W.K. COOPER II ASSET MANAGEMENT CORPORATION,W.K. COOPER II ASSET MANAGEMENT CORPORATION
123651,"THE LEONARD FINANCIAL GROUP, LLC","THE LEONARD FINANCIAL GROUP, LLC"
123659,FINANCIAL VISION LLC,FINANCIAL VISION LLC
123661,"MARSHALL WEALTH MANAGEMENT, LLC","MARSHALL WEALTH MANAGEMENT, LLC"
123688,VERDANT CAPITAL MANAGEMENT,VERDANT CAPITAL MANAGEMENT INC.
123716,"CLOVER PARTNERS, L.P.","CLOVER PARTNERS, L.P."
123747,"THE SOCIAL EQUITY GROUP, INC.","THE SOCIAL EQUITY GROUP, INC."
123754,AMERICAN BUSINESS CAPITAL,AMERICAN BUSINESS CAPITAL CORPORATION
123900,"SPAHR FINANCIAL GROUP, LLC","SPAHR FINANCIAL GROUP, LLC"
124036,"WEALTHTARGET INVESTMENT ADVISORS, LLC","WEALTHTARGET INVESTMENT ADVISORS, LLC"
124085,"FINANCIAL SECURITY SOLUTIONS, CORP.","FINANCIAL SECURITY SOLUTIONS, CORP."
124112,"NEAL FINANCIAL GROUP, L.P.","NEAL FINANCIAL GROUP, L.P."
124124,DOMANI INVESTMENTS INC.,DOMANI INVESTMENTS INC.
124177,"TUGGLE & RUSSELL, L.L.C.","TUGGLE & RUSSELL, L.L.C."
124216,"SKAGGS FINANCIAL PLANNING, LLC","SKAGGS FINANCIAL PLANNING, LLC"
124239,INVESTEK COMPANY,"INVESTEK COMPANY, LLC"
124267,"KAY INVESTMENTS, INC.","KAY INVESTMENTS, INC."
124289,NEW DIMENSIONS INVESTMENT COMPANY,"CHOW, BRIAN GEE-YIN"
124299,"BMA ADVISORS, LLC","BMA ADVISORS, LLC"
124363,HERRINGTON INVESTMENT SOLUTIONS,"HERRINGTON INVESTMENT SOLUTIONS, INC."
124368,"WEALTH ENHANCEMENT & PRESERVATION, INC.","WEALTH ENHANCEMENT & PRESERVATION, INC."
124369,EXECUTIVE ASSET ADVISORS LLC,EXECUTIVE ASSET ADVISORS LLC
124421,"MUSTANG CAPITAL MANAGEMENT, LLC","MUSTANG CAPITAL MANAGEMENT, LLC."
124490,"GILLILAND INVESTMENT MANAGEMENT, INC.","GILLILAND INVESTMENT MANAGEMENT, INC."
124492,"HAWTREE ADVISORY GROUP, LLC","HAWTREE ADVISORY GROUP, LLC"
124568,PETERSEN AND HICKS,PETERSEN AND HICKS
124634,"PRO TAX FINANCIAL SERVICES, LLC","PRO TAX FINANCIAL SERVICES, LLC"
124694,"RIBERA INVESTMENT MANAGEMENT, LLC","RIBERA INVESTMENT MANAGEMENT, LLC"
124751,HALEAKALA INVESTMENT ADVISORS,"GILREATH, MARK EDWARD"
124844,QEX CAPITAL MANAGEMENT INC,QEX CAPITAL MANAGEMENT INC
124945,FOWLER FINANCIAL MANAGEMENT,"WEALTH MANAGEMENT AND PRESERVATION, INC."
124965,SEMAPHORE INVESTMENTS,"SEMAPHORE INVESTMENTS,INC"
125134,"SMITH, BLAIR","SMITH, BLAIR DAVID"
125163,COGENT CAPITAL GROUP,"MIND SPAN, INC."
125306,TOWNE INVESTMENTS LLC,TOWNE INVESTMENTS LLC
125381,OMEGA FINANCIAL INVESTMENTS & INSURANCE,"OMEGA FINANCIAL CORPORATION, INC."
125451,SIERRA FINANCIAL PLANNING & ASSET MANAGEMENT,"JOHNSON, JACK IRVING"
125456,GOLD CANYON FINANCIAL PLANNING,GOLD CANYON FINANCIAL PLANNING LLC
125488,SMITH COMPANY FINANCIAL ADVISORS / FUSION FUNDS,FUSION ADVISOR
125676,RJ PACE FINANCIAL,"RJ PACE FINANCIAL, LLC"
125767,SOUND FINANCIAL CENTER LLC,"SOUND FINANCIAL CENTER, LLC"
125899,DE LUCHI INVESTMENT MANAGEMENT,"DE LUCHI, STEPHEN FRANK"
125974,"KENAI INVESTMENTS, INC.","KENAI INVESTMENTS, INC."
126058,"BUTTONWOOD ADVISORS, LLC","BUTTONWOOD ADVISORS, LLC"
126135,JOE CARTER,"CARTER, JR. JOE LOUIS"
126568,DOGWOOD CAPITAL MANAGEMENT,"DOGWOOD CAPITAL MANAGEMENT, INC."
126725,APPLIED ADVISOR,APPLIED ADVISOR LLC
126791,"STEVE GARRETT AND ASSOCIATES,INC.","STEVE GARRETT AND ASSOCIATES,INC."
126811,SIERRA SHORE FINANCIAL,"HOLLETT,EDWARD ALAN"
126813,"ABBEY HILL FINANCIAL ADVISORS, LLC","ABBEY HILL FINANCIAL ADVISORS, LLC"
126820,"SCHULZ FINANCIAL, LLC","SCHULZ FINANCIAL, LLC"
126834,CONTEMPORARY PLANNING ALTERNATIVES,"DEAN, RICHARD WAYNE"
126837,"OPULENT STRATEGIES, LLC","OPULENT STRATEGIES, LLC"
126899,"MARK BUSSEY & ASSOCIATES, LC","MARK BUSSEY & ASSOCIATES, LC"
126918,WORTHWHILE WEALTH COUNCIL,"WEALTH WISE, INC."
126934,"FISCALIS ADVISORY, INC.","FISCALIS ADVISORY, INC."
126952,"REGAL CAPITAL MANAGEMENT, INC.","REGAL CAPITAL MANAGEMENT, INC."
126981,"MICHAEL J.D. MCCALL, LLC","MICHAEL J.D. MCCALL, LLC"
126990,JERSIN FINANCIAL SERVICES,"JERSIN FINANCIAL SERVICES, INC."
127016,WILLIAM HENRY YARNALL III,"YARNALL III, WILLIAM HENRY"
127023,"CAPITAL INTELLIGENCE ADVISORS, INC.","CAPITAL INTELLIGENCE ADVISORS, INC."
127024,"DON A. SLABAUGH, LLC",DON A. SLABAUGH
127045,ANDORRA CAPITAL,"ANDORRA CAPITAL, LLC"
127066,"JASMIJN CAPITAL MANAGEMENT, LLC","JASMIJN CAPITAL MANAGEMENT, LLC"
127100,"SILBERMAN WEALTH STRATEGIES, INC.","SILBERMAN WEALTH STRATEGIES, INC."
127104,MUHR ADVISORY GROUP,"MUHR, JEFFREY, LOUIS"
127126,SYNERGIST WEALTH ADVISORS,SYNERGIST WEALTH ADVISORS LLC
127138,FINANCIAL LIFESTYLE MANAGEMENT,FLM FINANCIAL LIFESTYLE MANAGEMENT LLC
127273,FINANCIAL ADVANTAGE,MCMULLEN FINANCIAL
127350,"KELMAR CAPITAL MANAGEMENT, LLC","KELMAR CAPITAL MANAGEMENT, LLC"
127409,WINSHIP WEALTH PARTNERS,"WINSHIP PARK ASSET MANAGEMENT, LLC"
127450,BEN-DAVID FINANCIAL PLANNING,"BEN-DAVID, DORETE"
127465,"WILSHIRE-PENNINGTON GROUP, INC.","WILSHIRE-PENNINGTON GROUP, INC."
127508,MENON/BROWN ADVISORY GROUP,"MENON, SASHI"
127564,"HERMITAGE ADVISORS, LTD.","HERMITAGE ADVISORS, LTD."
127586,"MACRO WEALTH ADVISORS, INC.","MACRO FINANCIAL ADVISORS, INC"
127608,MK CAPITAL GROUP,"KONRAD, MARA , KATHLEEN"
127615,"PACIFIC INVESTMENT ADVISORS, LLC","PACIFIC INVESTMENT ADVISORS, LLC"
127634,CARTER & BALSAM ADVISERS,CARTER & BALSAM ADVISERS
127666,"CLASSIC FINANCIAL & INVESTMENT SERVICES, INC.","CLASSIC FINANCIAL & INVESTMENT SERVICES, INC."
127726,"BERMAN, GIL","BERMAN, YAGIL"
127727,"JONATHAN P.LUNDMARK, CPA,CFP","LUNDMARK, JONATHAN PAUL"
127800,ROBERT HOROWITZ WEALTH MANAGEMENT,"ROBERT V. HOROWITZ, LLC"
127822,LAMBERT CAPITAL MANAGEMENT,"LAMBERT, JOSEPH NEIL"
127904,"VEROS CAPITAL MANAGEMENT, INC.","VEROS CAPITAL MANAGEMENT, INC."
127922,"C & T FINANCIAL SERVICES GROUP, INC.","C & T FINANCIAL SERVICES GROUP, INC."
127924,STRATEGIC FINANCIAL,"KEN GROSS FINANCIAL, INC."
128028,"SECOND LOOK FINANCIAL, LLC.","SECOND LOOK FINANCIAL, LLC."
128064,"FORT ROSS CAPITAL MANAGEMENT, LLC","FORTROSS CAPITAL MANAGEMENT, LLC"
128077,"ROCKET CAPITAL MANAGEMENT, L.L.C.","ROCKET CAPITAL MANAGEMENT, L.L.C."
128079,"SENSIBLE INVESTMENT STRATEGIES, LLC","SENSIBLE INVESTMENT STRATEGIES, LLC"
128135,"TRADITIONS WEALTH ADVISORS, LLC.","TRADITIONS WEALTH ADVISORS, LLC."
128147,QUORUM ADVISORS,"BUCK, T.J."
128178,KYARSIP FINANCIAL ADVISORS LLC,KYARSIP FINANCIAL ADVISORS LLC
128187,"PRIAD INVESTMENT ADVISERS, L.L.C.","PRIAD.COM INVESTMENT ADVISERS,L.L.C."
128363,PINNACLE CAPITAL MANAGEMENT,"ELFONT, JEFFREY MICHAEL"
128421,COLEMAN RIVER CAPITAL LLC,COLEMAN RIVER CAPITAL LLC
128433,BARBARA S. GAULT,"GAULT, BARBARA STEWART"
128462,LAI CAPITAL MANAGEMENT LLC,LAI CAPITAL MANAGEMENT LLC
128472,PRUDENT MONEY FINANCIAL SERVICES,"RPBROOKS FINANCIAL, INC."
128494,"FAMILY WEALTH CONSULTANTS, INC.","FAMILY WEALTH CONSULTANTS, INC."
128566,GROSSMAN FINANCIAL MANAGEMENT,"GROSSMAN, LAWRENCE I"
128576,"BSIAS ADVISORS, LLC","BSIAS ADVISORS, LLC"
128617,CM FIRST CAPITAL CORP.,CM FIRST CAPITAL CORP.
128668,"WHITFILL INVESTMENT MANAGEMENT, LLC","WHITFILL INVESTMENT MANAGEMENT, LLC"
128702,TRINITY ASSET MANAGEMENT CO.,TRINITY ASSET MANAGEMENT CORPORATION
128714,"REDFIELD, BLONSKY & STARINSKY, LLC","REDFIELD, BLONSKY & STARINSKY, LLC"
128747,"BREAKWATER INVESTMENT GROUP, LLC","BREAKWATER INVESTMENT GROUP, LLC"
128781,"AI FINANCIAL, INC.","AI FINANCIAL, INC."
128852,"ROBERT WILLIAM SHOEMAKER,III","SHOEMAKER III, ROBERT, WILLIAM"
128855,"FAIRLEAD FINANCIAL ADVISORS, LLC","FAIRLEAD FINANCIAL ADVISORS, LLC"
128903,"RANDOLPH ELDER, CFP","ELDER,RANDOLPH,ALAN"
128926,INSIGHT ASSET MANAGEMENT,INSIGHT ASSET MANAGEMENT LLC
128968,"ADVANCED TAX AND FINANCIAL SERVICES, INC.","ADVANCED TAX AND FINANCIAL SERVICES,INC."
128976,JOHN FRIEDMAN FINANCIAL,FRIEDMAN JOHN RICHARD
129043,"SHRIER ASSOCIATES, LLC","SHRIER ASSOCIATES, LLC"
129090,"COAST WEALTH MANAGEMENT, INC.","COAST WEALTH MANAGEMENT, INC."
129128,"OSBORNE GLOBAL INVESTORS, INC.","OSBORNE GLOBAL INVESTMENTS, INC."
129190,THOME FINANCIAL,"THOME FINANCIAL MANAGEMENT, LLC"
129214,NORTHBAY ADVISORS,"NORTHBAY FINANCIAL GROUP, INC."
129223,"STARLING CAPITAL MANAGEMENT, LLC","STARLING CAPITAL MANAGEMENT, LLC"
129233,"MERIDIAN INVESTMENT MANAGEMENT, INC.","MERIDIAN INVESTMENT MANAGEMENT, INC."
129285,GALLAGHER CAPITAL CORP.,GALLAGHER CAPITAL CORP.
129348,K. D. CLEWLEY CAPITAL MANAGEMENT,K. D. CLEWLEY CAPITAL MANAGEMENT
129472,"COMMUNITY FINANCIAL GROUP, INC.","COMMUNITY FINANCIAL GROUP, INC."
129497,"P3 FINANCIAL MANAGEMENT, LLC","P3 FINANCIAL MANAGEMENT, LLC"
129504,CHERYL MORHAUSER & ASSOCIATES,"MORHAUSER, CHERYL ANN"
129534,TEPPER CAPITAL MANAGEMENT,"TEPPER, DAVID LOUIS"
129565,"J C TEXAS INVESTMENT ADVISORS, LTD.","J C TEXAS INVESTMENT ADVISORS, LTD."
129588,"WEALTH MANAGEMENT SERVICES OF AUSTIN, LLC","WEALTH MANAGEMENT SERVICES OF AUSTIN, LLC"
129647,WEISS FINANCIAL SERVICES,"WEISS, LISBETH KAY"
129695,"MW INVESTMENT ADVISOR, LLC","MW INVESTMENT ADVISOR, LLC"
129704,NET WORTH SOLUTIONS LLC,NET WORTH SOLUTIONS LLC
129823,YH&C INVESTMENTS INC.,YH&C INVESTMENTS INC.
129828,ASPIRE ADVISORY SERVICES,"WORCESTER JR, DAVID A"
129834,JOHN SCHOOLER JONES LLC,JOHN SCHOOLER JONES LLC
129862,"BENT TREE TRUST ADVISORS, LLC","BENT TREE TRUST ADVISORS, LLC"
129949,STRATEGIC INVESTMENT MANAGEMENT,SIM EMP
130015,"STONEWALL EQUITIES, LTD.","STONEWALL EQUITIES, LTD."
130053,SANSONE & ASSOCIATES,ANTHONY SANSONE
130161,"MAXIM CAPITAL ADVISORS, INC.","MAXIM CAPITAL ADVISORS, INC."
130185,PORTA INVESTMENT MANAGEMENT,"PORTA, THOMAS KABRICK"
130255,"AMPORN W. LEININGER, SUMMIT FINANCIAL SERVICES","AMPORN W. LEININGER, SUMMIT FINANCIAL SERVICES"
130291,"HILLBERG CAPITAL MANAGEMENT, LLC","HILLBERG CAPITAL MANAGEMENT, LLC"
130299,HARRY LICURSI TAX & RETIREMENT PLANNING,"LICURSI, HARRY EUGENE"
130319,"JIM HANNLEY, LLC","HANNLEY, JAMES P."
130351,BAKOS INVESTMENT MANAGEMENT,BAKOS INVESTMENT MANAGEMENT LLC
130419,"HOOVER CAPITAL, L.L.C.","HOOVER CAPITAL, L.L.C."
130444,"J.D. GAGNON, INC.","JD GAGNON, INC"
130456,IJD EVERGREEN FINANCIAL SERVICES LLC,IJD EVERGREEN FINANCIAL SERVICES LLC
130494,"BROMAN & GREIG ASSET MANAGEMENT, LLC","BROMAN & GREIG ASSET MANAGEMENT, LLC"
130565,SCINTO GROUP LLP,SCINTO GROUP LLP
130573,"GIRTON CAPITAL MANAGEMENT, INC.","GIRTON CAPITAL MANAGEMENT, INC."
130582,"FINANCIAL PLANNING FOR GENERATIONS, INC.","FINANCIAL PLANNING FOR GENERATIONS, INC."
130591,GUSTAFSON FINANCIAL SOLUTIONS,TERRENCE DUANE GUSTAFSON
130636,"GERRY DRANSFELDT RIA, INC","DRANSFELDT, GERRY BRUCE"
130701,"INS CAPITAL MANAGEMENT, LLC","INS CAPITAL MANAGEMENT, LLC"
130733,"BKB FINANCIAL ADVISORS, LLC","BKB FINANCIAL ADVISORS, LLC"
130785,SPORL & COMPANY,SPORL & COMPANY
130806,"HAMILTON INVESTMENT ADVISORS, LLC","HAMILTON INVESTMENT ADVISORS, LLC"
130841,CAPITAL FINANCIAL MANAGEMENT,"SHELDON, KIRK ROY"
130856,PACIFIC WEALTH CARE INC.,PACIFIC WEALTH CARE INC.
130864,"NORTHBROOK FINANCIAL GROUP, LLC","NORTHBROOK FINANCIAL GROUP, LLC"
130886,EXCELSUS CAPITAL MANAGEMENT,"EXCELSUS CAPITAL MANAGEMENT, INC."
130887,VALIDEA CAPITAL MANAGEMENT LLC,"SIGNALBRIDGE WEALTH, LLC"
130911,"FOCUSED FINANCES, LLC","FOCUSED FINANCES, LLC"
130946,"USA ASSET MANAGEMENT, LLC","USA ASSET MANAGEMENT, LLC"
130994,"BARTON CREEK ADVISORS, LLC","BARTON CREEK ADVISORS, LLC"
130999,"WINTERS & CO. ADVISORS, LLC","WINTERS & CO. ADVISORS, LLC"
131008,"HERITAGE FINANCIAL SOLUTIONS, LLC","DIVERSIFIED PORTFOLIO MANAGEMENT, LLC"
131014,"INDEX GURUS, INC.","INDEX GURUS, INC."
131040,BAINBRIDGE INVESTMENT ADVISORS LLC,BAINBRIDGE INVESTMENT ADVISORS LLC
131086,"GADIRAJU, RAJU","GADIRAJU, RAJU"
131112,THE CORNISH GROUP LLC DBA CORNISH FINANCIAL SERVICES GROUP,LINDA SUSAN CORNISH DBA CALHOUN FINANCIAL SERVICES COMPANY
131158,"QUALITY ASSET MANAGEMENT, LLC","QUALITY ASSET MANAGEMENT, LLC"
131172,YOUR MONEY COACH FINANCIAL SERVICES,"FAIR, DOUGLAS MARTIN"
131174,HFM ADVISORS,"HUYBRECHTS, DIRK JOSEPH"
131185,"PHINGERS AND TOZE INVESTMENTS, LLC","PHINGERS AND TOZE INVESTMENTS, LLC"
131188,"MCINTOSH CAPITAL ADVISORS, INC.","MCINTOSH CAPITAL ADVISORS, INC."
131190,SPRINGWOOD FINANCIAL ADVISORS,"KLE CONSULTING, LLC"
131238,"CHIEN, JOSEPHINE","CHIEN, JOSEPHINE"
131258,GRIDLEY ASSOCIATES INC,GRIDLEY ASSOCIATES INC.
131300,"TEXAS INSTITUTIONAL INVESTMENT MANAGEMENT, LLC","TEXAS INSTITUTIONAL INVESTMENT MANAGEMENT, LLC"
131379,QURIUM CAPITAL LLC,QURIUM CAPITAL LLC
131538,FERGUSON FINANCIAL PLANNING,TROY CHRISTIAN FERGUSON
131584,MONETARY MANAGEMENT CORPORATION,MONETARY MANAGEMENT CORPORATION
131588,"C.D. ALLEN WEALTH MANAGEMENT, LLC","C.D. ALLEN WEALTH MANAGEMENT, LLC"
131592,BEACON ROCK WEALTH ADVISORS,"BR CAPITAL, INC."
131632,FINANCIAL SOLUTIONS,"BOULTON, MICHAEL DORN"
131633,BETA MANAGEMENT CONSULTING,ERROL MARTIN
131685,"SKG INVESTMENT SERVICES, LLC","SKG INVESTMENT SERVICES, LLC"
131689,WASI,"WESTERN ANNUITY SERVICES, INC."
131836,RHG ADVISORS LLC,RHG ADVISORS LLC
131890,"MARK SMITH FINANCIAL SERVICES, INC.","MARK SMITH FINANCIAL SERVICES, INC."
131939,"COASTAL WEALTH MANAGEMENT, LP","COASTAL WEALTH MANAGEMENT, LP"
131944,"CLEARVIEW FINANCIAL, INC.","CLEARVIEW FINANCIAL, INC."
132040,VENTURA ADVISORS,VENTURA ADVISORS
132063,PACIFIC INVESTMENT RESEARCH,SCHULTZ FINANCIAL MANAGEMENT CORPORATION
132071,"SUMMIT EQUITY MANAGEMENT, INC.","SUMMIT EQUITY MANAGEMENT, INC."
132084,"SUZICK, CZAR MICHAEL","SUZICK, CZAR MICHAEL"
132105,"ROGUE ADVISORS, LLC","ROGUE ADVISORS, LLC"
132124,"BLEECK FINANCIAL MANAGEMENT, INC.","BLEECK FINANCIAL MANAGEMENT, INC."
132141,MAIN STREET FINANCIAL ADVISORS,"MITCHELL, STEVEN MARK"
132170,CHINESE ABRAHAM INVESTMENT ADVISORS LLC,CHINESE ABRAHAM INVESTMENT ADVISORS LLC
132172,ON COURSE FINANCIAL PLANNING,"ON COURSE FINANCIAL PLANNING, LLC"
132182,LENNOX FINANCIAL,JOHN L. BOYLE DBA LENNOX FINANCIAL
132224,CLC CAPITAL MANAGEMENT,"CLARK, CHARLES LEE JR."
132234,DABK FINANCIAL PLANNING SERVICES,"KHALILOLLAHI, DARYOOSH"
132251,BLACKHAWK WEALTH ADVISORS,BLACKHAWK WEALTH ADVISORS
132288,BRADFORDCRANE COMPANY LLC,BRADFORDCRANE COMPANY LLC
132290,MALAKOFF WEALTH,"MASTER WEALTH, LLC"
132314,"PACIFIC FINANCIAL PLANNERS, LLC","PACIFIC FINANCIAL PLANNERS, LLC"
132349,WIEDERMAN & ASSOCIATES,"WIEDERMAN & ASSOCIATES, CERTIFIED PUBLIC ACCOUNTANTS, A PROFESSI"
132373,"SEDONA ASSET MANAGEMENT SERVICES, LLC","SEDONA ASSET MANAGEMENT SERVICES, LLC"
132444,R.B. FINANCIAL GROUP,"MILLER, MICHAEL JON"
132594,"INTELLIWEALTH FINANCIAL ADVISORS, LTD","INTELLIWEALTH FINANCIAL ADVISORS, LTD."
132603,"GOLCONDA CAPITAL MANAGEMENT, LLC","GOLCONDA CAPITAL MANAGEMENT, LLC"
132638,CLIFTON MYERS FINANCIAL ADVISORY,"CLIFTON MYERS FINANCIAL ADVISORY, INC."
132645,"MARATHON CAPITAL MANAGEMENT, LLC","MARATHON CAPITAL MANAGEMENT, LLC"
132703,"HOCTOR FINANCIAL GROUP, LLC","HOCTOR, DAVID ROBERT II"
132722,"ROGERS INVESTMENT ADVISORS, LLC","ROGERS INVESTMENT ADVISORS, LLC"
132727,CORONADO FINANCIAL GROUP L.L.C.,CORONADO FINANCIAL GROUP L.L.C.
132867,CREW WEALTH MANAGEMENT,CREW WEALTH MANAGEMENT
132868,"PREMIER SOUTHWEST PLANNING GROUP, LLC","PREMIER SOUTHWEST PLANNING GROUP, LLC"
132874,"KURT OELZE, LLC","OELZE, MELVIN KURT"
132883,CARNEY PORTFOLIO MANAGEMENT INC.,CARNEY PORTFOLIO MANAGEMENT INC.
132894,"MARKETTREND ADVISORS, LTD.","MTA CAPITAL, LTD."
132907,TEXAS FIRST INVESTMENT MANAGEMENT COMPANY,"TEXAS FIRST INVESTMENT MANAGEMENT COMPANY, LP"
132912,"WILSON WEALTH MANAGEMENT GROUP, L. L. C.","WILSON WEALTH MANAGEMENT GROUP, L.L.C."
132928,COOPER POINT ADVISORS LLC,COOPER POINT ADVISORS LLC
132931,THE J R BAKER GROUP,THE J R BAKER GROUP LLC
132945,"BERGER ASSET MANAGEMENT, INC.","BERGER ASSET MANAGEMENT, INC."
133057,"GOLDEN GATE ADVISORS, INC","GOLDEN GATE ADVISORS, INC"
133061,"AUXAN CAPITAL ADVISORS, LLC","BLAICOL CAPITAL MANAGEMENT, LLC"
133067,"MAJESTIC OAK FINANCIAL, LLC","MAJESTIC OAK FINANCIAL, LLC"
133101,LAWRENCE RUSSELL AND COMPANY,LAWRENCE RUSSELL AND COMPANY
133190,"FIVE STONE CAPITAL, LLC","FIVE STONE CAPITAL, LLC"
133193,"KEVIN KENNEDY, LLC","KEVIN KENNEDY, LLC"
133240,AARON GEOFFREY TURNER,AARON GEOFFREY TURNER
133250,MICHAEL E. REICHEK DBA REICHEK FINANCIAL SERVICES,MICHAEL E. REICHEK
133254,"TONY CHRAMPANIS & CO., L.L.C.","TONY CHRAMPANIS & CO., L.L.C."
133255,"CHRISTIAN CURRY BATCHELDER, CFP","BATCHELDER, CHRISTIAN CURRY"
133270,"FLETCHER FINANCIAL, LLC","FLETCHER FINANCIAL, LLC"
133295,FMT INVESTMENT ADVISORY,"GREEN PARTNERS, LLC"
133335,"WILLIAMS WEALTH MANAGEMENT, INC.","WILLIAMS WEALTH MANAGEMENT, INC."
133336,"CHEN FINANCIAL GROUP, LLC","CHEN FINANCIAL GROUP, LLC"
133375,"GRANADA CAPITAL MANAGEMENT, LLC","GRANADA CAPITAL MANAGEMENT, LLC"
133418,"EDGEBROOK INVESTMENTS, LLC","EDGEBROOK INVESTMENTS, LLC"
133440,"ENVISION WEALTH MANAGEMENT, INC.","ENVISION WEALTH MANAGEMENT, INC."
133467,WEALTH MANAGEMENT PARTNERS LLC,WEALTH MANAGEMENT PARTNERS LLC
133472,"HURWITZ ASSOCIATES, INC.",HURWITZ ASSOCIATES INC.
133491,SCAMARDO FINANCIAL LLC,SCAMARDO FINANCIAL LLC
133537,"ANTHONY J. MANCINI, I.A.",ANTHONY JOSEPH MANCINI
133538,"PWJOHNSON WEALTH & LEGACY, LLC","PWJOHNSON WEALTH & LEGACY, LLC"
133586,SANSOTERRA GROUP LLC,SANSOTERRA GROUP LLC
133626,QUANTUM FINANCIAL PLANNING LLC,QUANTUM FINANCIAL PLANNING LLC
133657,"CAPITAL FINANCIAL CONSULTANTS GROUP, INC.","CAPITAL FINANCIAL CONSULTANTS GROUP, INC."
133666,ULIVI WEALTH MANAGEMENT,"ULIVI, RICARDO MARTIN"
133700,RJR FINANCIAL SERVICES,RJR FINANCIAL SERVICES
133771,"WILSON INVESTMENT ADVISORY SERVICES, LLC","WILSON INVESTMENT ADVISORY SERVICES, LLC"
133776,"FARAH PRIVATE WEALTH MANAGEMENT, INC","FARAH PRIVATE WEALTH MANAGEMENT, INC"
133850,"GLOBAL INVESTMENT SOLUTIONS, LLC","GLOBAL INVESTMENT SOLUTIONS, LLC"
133854,"THOMAS C. KLEIN AND COMPANY, LLC","THOMAS C. KLEIN AND COMPANY, LLC"
133911,"CREWS CAPITAL MANAGEMENT, LP","CREWS CAPITAL MANAGEMENT, LP"
133940,AMIN KHAKIANI,AMIN KHAKIANI LTD
133943,MICHAEL GARBER FINANCIAL PLANNING,"GARBER, MICHAEL JAN"
133948,"INTEGRATED FINANCIAL STRATEGIES, INC.","INTEGRATED FINANCIAL STRATEGIES, INC."
133975,"CYPRESS PATH CAPITAL, LLC","CYPRESS PATH CAPITAL, LLC"
133981,"PRIME SOURCE ENTERPRISES, INC","PRIME SOURCE ENTERPRISES, INC"
134022,"ETZLER FINANCIAL ADVISORS, LLC","ETZLER FINANCIAL ADVISORS, LLC"
134043,STEVEN WILLIAM SHERMAN,STEVEN WILLIAM SHERMAN
134049,"BUTLER FINANCIAL SERVICES, LTD.","BUTLER FINANCIAL SERVICES, LTD."
134053,"LUSSENHEIDE CAPITAL MANAGEMENT, INC","LUSSENHEIDE CAPITAL MANAGEMENT, INC"
134066,HARRIS & ASSOCIATES,"D.L. HARRIS & ASSOCIATES INSURANCE SERVICES, INC."
134089,DOLL CAPITAL ADVISORS INCORPORATED,"DOLL CAPITAL ADVISORS, INCORPORATED"
134100,KILZER WEALTH MANAGEMENT,"KILZER, BARRY MILO"
134105,ARDENT CAPITAL,ARDENT CAPITAL INCORPORATION
134122,"EMW CAPITAL ADVISORS, LLC","EMW CAPITAL ADVISORS, LLC"
134128,ROACH INVESTMENT SERVICES,"ROACH, PAUL, DOUGLAS"
134146,FLEMING FINANCIAL ADVISING,"FLEMING, ANN MURIEL"
134150,D. MATTERSDORFF LLC,D. MATTERSDORFF LLC
134151,"TIME VALUE OF MONEY, L.P.","TIME VALUE OF MONEY, L.P."
134163,ORF CAPITAL MANAGEMENT,MICHAEL G. ORF
134164,BRINKER ASSET MANAGEMENT,"NEW YORK LAS VEGAS, INC."
134215,LAJALA & ASSOCIATES,"LAJALA, STEPHEN EDWARD"
134230,BRICKS & MORTAR CAPITAL,"BRICKS & MORTAR CAPITAL, LLC"
134240,HUSAMI & ASSOCIATES,"HUSAMI, AHMAD BASHIR"
134243,"SCOTT ANDERSON FINANCIAL, INC.","SCOTT ANDERSON FINANCIAL, INC."
134276,"COTTINGHAM MANAGEMENT COMPANY, LLC","COTTINGHAM MANAGEMENT COMPANY, LLC"
134286,"MARSHA LEE & COMPANY,INC.","MARSHA LEE & COMPANY, INC."
134297,"RAMSDELL CAPITAL MANAGEMENT, LLC","RAMSDELL CAPITAL MANAGEMENT, LLC"
134306,GUARDIAN PLUS INC,GUARDIAN PLUS INC
134334,ABBOTT CAPITAL MANAGEMENT CORP.,ABBOTT CAPITAL MANAGEMENT CORP.
134346,MARK MONREAL & ASSOCIATES,"MONREAL,MARK"
134360,RICHARD N. SIROTT ACCOUNTANCY CORPORATION,RICHARD N. SIROTT ACCOUNTANCY CORP
134388,"FARRELL FINANCIAL, INC.","FARRELL FINANCIAL, INC."
134401,"EE FUND MANAGEMENT, LLC",EE FUND MANAGEMENT LLC
134402,"FRANCIS CAPITAL MANAGEMENT, INC.","FRANCIS CAPITAL MANAGEMENT, INC."
134444,"HELIOS WEALTH ADVISORS, LLC","HELIOS WEALTH ADVISORS, LLC"
134446,"FULLER ASSET MANAGEMENT, LLC","FULLER ASSET MANAGEMENT, LLC"
134456,SEASONAL STRATEGY,"GAVRICH, ROBERT JAN"
134458,"BOLLINGER CAPITAL MANAGEMENT, INC.","BOLLINGER CAPITAL MANAGEMENT, INC."
134478,SOUTHLAND INVESTMENTS,"NIEMANN, ULLI GERHARD"
134504,"WINDY HILL VENTURES, INC.","WINDY HILL VENTURES, INC."
134514,MONEYWELL,"GAVRICH, SUSAN PRICE"
134517,"OCEAN PARK CAPITAL MANAGEMENT, LLC","OCEAN PARK CAPITAL MANAGEMENT, LLC"
134545,"ADAMS FINANCIAL CONCEPTS, LLC","ADAMS FINANCIAL CONCEPTS, LLC"
134550,"LONGBOARD CAPITAL ADVISORS, LLC","LONGBOARD CAPITAL ADVISORS, LLC"
134587,"PARADIGM ASSET MANAGEMENT,INC.","PARADIGM ASSET MANAGEMENT,INC."
134598,"BENEDETTI FINANCIAL, INC.","BENEDETTI FINANCIAL, INC."
134599,TORREY CAPITAL INVESTMENTS,"JBK INVESTMENTS, INC"
134604,"LARSON, ORLAN BLAINE","LARSON, ORLAN BLAINE"
134622,KARAFILIS INVESTMENTS CORPORATION,KARAFILIS INVESTMENTS CORPORATION
134630,H H FINANCIAL CONSULTANTS,HERMAN HECTOR MONGE
134656,RETIREMENT PLANNERS,"WILLIAMS, VINCENT RAYNARD"
134695,"GEMMER, ROBERT ARDEN","GEMMER, ROBERT ARDEN"
134699,"SITKA PACIFIC CAPITAL MANAGEMENT, LLC","SITKA PACIFIC CAPITAL MANAGEMENT, LLC"
134729,"RG CAPITAL MANAGEMENT, LLC","RG CAPITAL MANAGEMENT, LLC"
134752,SUSAN CARLISLE,"CARLISLE, SUSAN"
134760,"FINANCIAL PLANNING SOLUTIONS, INC.","FINANCIAL PLANNING SOLUTIONS, INC."
134775,POSITIVE DELTA ASSET MANAGEMENT LLC,POSITIVE DELTA ASSET MANAGEMENT LLC
134785,MCMAHON CAPITAL MANAGEMENT,"MCMAHON, EASTON TOMPERS"
134797,LEGACY GROUP,"EVANS, MICHAEL WAYNE"
134836,"INVESTED INTERESTS, LLC","INVESTED INTERESTS, LLC"
134839,MCFARLANE INVESTMENT ADVISORY SERVICES INC.,MCFARLANE INVESTMENT ADVISORY SERVICES INC.
134840,RUSSELL DOE FINANCIAL SERVICES,"DOE, RUSSELL TUPPER"
134844,BRIGHTON ADVISORY GROUP,"BOSCOE INSURANCE SERVICES, INC."
134846,"PEAK INVESTMENT SOLUTIONS, LLC","PEAK INVESTMENT SOLUTIONS, LLC"
134853,BARRY F.T. BOLKER,"BOLKER, BARRY FRANCIS THADDEUS"
134964,"MOORE, RONALD KEITH","MOORE, RONALD KEITH"
134969,CAPITAL MANAGEMENT ADVISORS LP,CAPITAL MANAGEMENT ADVISORS LP
134992,"CASTLE GROUP INVESTMENT COUNSEL, INC.","CASTLE GROUP INVESTMENT COUNSEL, INC."
135035,"BAVARIAN WEALTH MANAGEMENT, INC.","BAVARIAN WEALTH MANAGEMENT, INC."
135079,KELP CAPITAL LLC,KELP CAPITAL LLC
135092,"ADVANTAGE WEALTH MANAGEMENT, L.L.C.","ADVANTAGE WEALTH MANAGEMENT, L.L.C."
135098,SVL INVESTMENT MANAGEMENT,SVL HOLDING CORPORATION
135120,INTELLIGENT INVESTING,"VANDER HEYDEN, RORY CRAIG"
135185,CARROLL & COMPANY CAPITAL MANAGEMENT,"CARROLL, JONATHAN PITTS"
135245,THOMAS SEAMAN COMPANY,THOMAS SEAMAN COMPANY
135248,"CONTINUUM GLOBAL ASSET MANAGEMENT, LLC","CONTINUUM GLOBAL ASSET MANAGEMENT, LLC"
135294,"THE HOLLAND GROUP, INC.","THE HOLLAND GROUP, INC."
135295,SURETY INVESTMENT SERVICES,"SURETY INVESTMENT SERVICES, INC."
135311,"MONUMENT RETIREMENT & WEALTH ADVISORY, LLC","MONUMENT RETIREMENT & WEALTH ADVISORY, LLC"
135324,"QUALIFIED PLAN ADVISORY, LLC","QUALIFIED PLAN ADVISORY, LLC"
135325,"P38 ENTERPRISES, INC.","P38 ENTERPRISES, INC."
135340,"MONEYPRO WEALTH MANAGEMENT, LLC","MONEYPRO WEALTH MANAGEMENT, LLC"
135364,TRI-QUEST INVESTMENT ADVISORS,SOLOMON GROUP III INC.
135388,YOUNG FINANCIAL & INSURANCE SERVICES,"YOUNG, GUY CAMERON"
135421,"AUXI ASSET MANAGEMENT, LLC","AUXI ASSET MANAGEMENT, LLC"
135429,FORWARD FINANCIAL ADVISORS LLC,FORWARD FINANCIAL ADVISORS LLC
135438,"WB FINANCIAL SERVICES, LLC","WB FINANCIAL SERVICES, LLC"
135450,"ARBOR CAPITAL MANAGEMENT, LLC","ARBOR CAPITAL MANAGEMENT, LLC"
135453,KRS TAX & INVESTMENTS INC.,KRS TAX & INVESTMENTS INC.
135454,COVEY & COVEY,"COVEY, KATHLEEN ANN"
135499,"AKRAM M. OMARI, CPA","OMARI, AKRAM MOTIE"
135506,SCOTT & ASSOCIATES INVESTMENT ADVISORY SERVICES,"SCOTT, PATRICK DOUGLAS"
135559,LAWRENCE LANDIS,LAWRENCE LANDIS
135560,STOKE CAPITAL,STOKE CAPITAL
135569,FINANCIAL SERVICES GROUP,MCGUIRE FINANCIAL SERVICES GROUP
135573,"CLOUD, MINTURN & ASSOCIATES, LLC","CLOUD, MINTURN & ASSOCIATES, LLC"
135583,MODICA FINANCIAL SERVICES,MODICA JR. JOSEPH NICHOLAS
135591,FINANCIAL BRIDGES,MOEHLENPAH GLENDA KRIS
135617,CAPITAL MANAGEMENT SERVICES,"BIEHL, DAVID BERNARD"
135618,JANE C. KELLEY,JANE CAROL KELLEY
135621,BALOPOLE INVESTMENT MANAGEMENT CORPORATION,BALOPOLE INVESTMENT MANAGEMENT CORPORATION
135626,BEACON FINANCIAL PARTNERS,"BEACON FINANCIAL PARTNERS, LLC"
135634,THE FINANCIAL ADVISORS,THE FINANCIAL PLANNING AND IMPLEMENTATION INC.
135642,CLIENT FIRST FINANCE LLC,CLIENT FIRST FINANCE LLC
135655,"BCN FINANCIAL, INC.","BCN FINANCIAL, INC."
135659,HOLT INVESTMENT ADVISORS,KEITH RUSSELL WHITING HOLT DBA HOLT INVESTMENT ADVISORS
135663,"ROYAL & ASSOCIATES, INC.","DAVID A. ROYAL & ASSOCIATES, INC."
135679,"CLINE FINANCIAL CONCEPTS, LLC","CLINE FINANCIAL CONCEPTS, LLC"
135681,"CARL W. LARGE, AN ACCOUNTANCY CORPORATION","CARL W. LARGE, AN ACCOUNTANCY CORPORATION"
135685,"JBB FINANCIAL, LLC","JBB FINANCIAL, LLC"
135698,"WINDWARD PARTNERS, L.L.C.","WINDWARD PARTNERS, L.L.C."
135700,"GAINES, JOHN ANDREW",JOHN ANDREW GAINES
135728,J. DYHR CAPITAL,"KIRKGARD, JOHN DYHR"
135737,"NANCY K WEEKS ASSOCIATES, LLC","NANCY K WEEKS ASSOCIATES, LLC"
135753,"MARK C. HUFFMAN, CPA/RIA","HUFFMAN, MARK C."
135755,"INVESTMENT GROWTH MANAGEMENT, INC","INVESTMENT GROWTH MANAGEMENT, INC"
135765,FATA FINANCIAL,FATA PATRICIA
135863,"MY ADVISORS, LLC","MY ADVISORS, LLC"
135877,"DANIEL M. STERN, LLC","DANIEL M. STERN, LLC"
135881,"ALADINO FINANCIAL SERVICES, INC.","ALADINO FINANCIAL SERVICES, INC."
135892,CADENA FINANCIAL PLANNING & TAX SERVICES,"CADENA, DANIEL, OWEN"
135896,NEWMYER WEALTH MANAGEMENT,STEVEN KENT NEWMYER
135923,ARSENIO CAPITAL MANAGEMENT LLC,ARSENIO CAPITAL MANAGEMENT LLC
135954,"COMPASS ROSE ADVISORS, INC.","COMPASS ROSE ADVISORS, INC."
135967,KESSLER FINANCIAL SERVICES,KESSLER JOHN INGLE ITALO
135984,FILICE RETIREMENT SERVICES,"JENSEN FINANCIAL SERVICES, INC."
135994,L.G. SMITH FINANCIAL SERVICES,L.G.SMITH FINANCIAL SERVICES
135995,"PUTMAN CAPITAL MANAGEMENT, INC.","PUTMAN CAPITAL MANAGEMENT, INC."
136001,"FINANCIAL ANALYTICAL SERVICES, INC.","FINANCIAL ANALYTICAL SERVICES, INC."
136007,COVEXIC LLC,COVEXIC LLC
136051,"WEALTH MANAGEMENT ADVISORS, LLC","WEALTH MANAGEMENT ADVISORS, LLC"
136071,QUALITY WEALTH MANAGEMENT,JAIME ALBERTO HINOJOSA
136073,SPRING CAPITAL MANAGEMENT,"SPRING, TOD MARC"
136091,"JLJ CAPITAL MANAGEMENT, LLC","JLJ CAPITAL MANAGEMENT, LLC"
136162,"PLAN B INVESTMENTS, INC.","PLAN B INVESTMENTS, INC."
136169,"FINANCIAL SECURITY PLANNING SERVICES, INC.","FINANCIAL SECURITY PLANNING SERVICES, INC."
136177,INTERFUNDS,"INTERFUNDS, INC."
136194,PLAYBOOK ADVISERS LLC,PLAYBOOK ADVISERS LLC
136200,JAMES A. JIMENEZ,"JIMENEZ, JAMES ANTHONY"
136210,"MCDONELL, MARK ROBERT","MCDONELL, MARK ROBERT"
136227,ALVARADO MANAGEMENT COMPANY,TALLAC CORPORATION
136249,"GILMORE FINANCIAL SERVICES, LLC","GILMORE FINANCIAL SERVICES, LLC"
136256,"BENNING FINANCIAL GROUP, LLC","BENNING FINANCIAL GROUP, LLC"
136282,"BARTLETT, LAWRENCE E","BARTLETT, LAWRENCE EUGENE"
136286,"MKG CAPITAL MANAGEMENT, LLC","MKG CAPITAL MANAGEMENT, LLC"
136290,BELVILLE FINANCIAL ADVISORS,"BELVILLE, DOROTHY MARGUERITE"
136295,JSW GLOBAL CAPITAL GROUP,"WONG, JIMMY SIU-YAN"
136297,"D & T FINANCIAL ADVISORS, INC.","DOWNS & TSURUDA, INC."
136308,"KS GLOBAL ADVISORS, INC.","KS GLOBAL ADVISORS, INC."
136309,NO-LOAD ASSET MANAGEMENT,"KING, MATTHEW COCHRANE"
136312,"ANTONIO ANDRADE, CFP",ANTONIO STEVEN ANDRADE
136319,"PHARAOH FINANCIAL GROUP, INC.","PHARAOH FINANCIAL GROUP, INC."
136331,PINNACLE RETIREMENT & FINANCIAL PLANNING,"TATTERSALL, NANCY CARROLL"
136344,"JMB FINANCIAL MANAGERS, INC.","JMB FINANCIAL MANAGERS, INC."
136387,EARNINGS INVESTMENT CO.,"MARSELLA, THOMAS CHARLES"
136411,"RMH CAPITAL ADVISORS, LLC","RMH CAPITAL ADVISORS, LLC"
136440,"ATIP, INC","ATIP, INC"
136441,ADVANTAGE FINANCIAL CONSULTANTS,"KUNS, TIMOTHY NEIL"
136447,"JAFFE FINANCIAL SERVICES, LLC","JAFFE FINANCIAL SERVICES, LLC"
136450,WEALTH & TAX PLANNERS LLC,WEALTH & TAX PLANNERS LLC
136458,LEE R. ROBINSON & ASSOCIATES,"ROBINSON, LEE ROBERT"
136489,LEWIS M. WALLENSKY ASSOCIATES,"WALLENSKY, LEWIS MORTON"
136517,"ADES INVESTMENT COUNSEL, INC.","ADES INVESTMENT COUNSEL, INC."
136527,BLUE LAWN ASSET MANAGEMENT LLC,BLUE LAWN ASSET MANAGEMENT LLC
136533,CRAIG V. CASTANOS CPA,"CASTANOS, CRAIG VINCENT"
136550,STEVEN ROBERT JAKOWCHIK,"JAKOWCHIK, STEVEN ROBERT"
136554,MYICON,MYICON
136569,ASSET & RETIREMENT MANAGEMENT,"NORTON, DALE FRANKLIN JR"
136585,PETERSON WEALTH MANAGEMENT,"PETERSON WEALTH MANAGEMENT, LLC"
136594,"MCHENRY CAPITAL, L.L.C.","MCHENRY CAPITAL, L.L.C."
136611,PICO ASSOCIATES,TONY TADASHI PICO
136620,"FLEMING & ASSOCIATES, LLC","FLEMING & ASSOCIATES, LLC"
136624,MEYERS FINANCIAL SERVICES,MEYERS FINANCIAL SERVICES INC.
136680,WIN TEAM ADVISORY SERVICES,"WIN TEAM INSURANCE SERVICES, INC."
136731,"H.S. FINANCIAL, INC.","H.S. FINANCIAL, INC."
136795,SIERRA FINANCIAL MANAGEMENT CO.,"GOLDEN, KENNETH HAROLD"
136806,"VISION CAPITAL INVESTMENT MANAGEMENT, INC.",VISION CAPITAL INVESTMENT MANAGEMENT INC
136813,"PACIFIC INVESTMENT COUNSEL, INC.","PACIFIC INVESTMENT COUNSEL, INC."
136834,"APPLIED FINANCIAL PLANNING, INC.","APPLIED FINANCIAL PLANNING, INC."
136849,RSG FINANCIAL GROUP INC,RSG FINANCIAL GROUP INC
136869,"KIRZ, PAUL H","KIRZ, PAUL H"
136880,"FINANCIAL CONCEPTS UNLIMITED, INC.","FINANCIAL CONCEPTS UNLIMITED, INC."
136882,DW FINANCIAL INC,DW FINANCIAL INC
136903,CYPRESS COAST INVESTMENTS,"SPOWART, SEAN STEVEN"
136914,BROXTON CAPITAL ADVISORS,BROXTON CAPITAL ADVISORS LLC
136947,"EVERGREEN WEALTH ADVISORS, INC.","EVERGREEN WEALTH ADVISORS, INC."
136953,G.C. STEELE & COMPANY,STEELE GREGORY CHARLES
136969,TRINITY FINANCIAL PARTNERS,"CLOVER FINANCIAL & INSURANCE SERVICES, INC."
137013,"JOHANNSEN & ASSOCIATES, INC.","JOHANNSEN & ASSOCIATES, INC."
137019,"ORANGE CAPITAL MANAGEMENT, INC.","ORANGE CAPITAL MANAGEMENT, INC."
137046,"PENN COVE FINANCIAL, LLC","PENN COVE FINANCIAL, LLC"
137067,STEPHANIE E. DOYLE INVESTMENT MANAGEMENT,"DOYLE, STEPHANIE ELIZABETH"
137095,EDDLEMAN & EDDLEMAN INC,ARCHETYPE INVESTMENT ADVISORS INC
137124,MILLENNIUM PORTFOLIO ADVISORS,"DEVOE, TED, ROBERT"
137151,"ELLIJA CAPITAL MANAGEMENT, LLC","ELLIJA CAPITAL MANAGEMENT, LLC"
137205,"THOMPSON WEALTH MANAGEMENT, INC.","THOMPSON WEALTH MANAGEMENT, INC."
137248,"SHELTON FINANCIAL ADVISORS, LLC","SHELTON FINANCIAL ADVISORS, LLC"
137253,TRUSTED FINANCIAL ADVISORS,MILLER GARY EDGAR
137255,BLUE DOCK CAPITAL LLC,BLUE DOCK CAPITAL LLC
137261,AMES FINANCIAL SERVICES,"AMES FINANCIAL SERVICES, INC."
137276,"MICHAEL W. DURAN, CPA, APC","MICHAEL W. DURAN, CPA, A PROFESSIONAL CORPORATION"
137293,"CALLAHAN & CALLAHAN ASSET MANAGEMENT, INC.","CALLAHAN & CALLAHAN ASSET MANAGEMENT, INC."
137307,MAXOUT SAVINGS ADVISORS LLC,MAXOUT SAVINGS ADVISORS LLC
137331,DOUBLE EAGLE FINANCIAL,"ROOT, CHARLES J. JR."
137366,"QUALITY WEALTH CARE, LLC.","QUALITY WEALTH CARE, LLC."
137373,"RONALD A. LEDERKRAMER, CPA, CFP",RONALD ALAN LEDERKRAMER
137405,ASTI FINANCIAL MANAGEMENT,ASTI FINANCIAL MANAGEMENT
137470,INVESTMENT COUNSELORS OF REDLANDS LLC,INVESTMENT COUNSELORS OF REDLANDS LLC
137496,NIGHTINGALE FINANCIAL ADVISORY,"NIGHTINGALE, JERRY"
137502,FINANCIAL PLANNING CONSULTANTS,"FINANCIAL PLANNING COUNSELORS, INC"
137527,"HARVEST FINANCIAL ADVISORS, INC.","HARVEST FINANCIAL ADVISORS, INC."
137543,TCM INVESTMENT ADVISERS,"BARRACLOUGH, TADD MICHAEL"
137573,GAMBLE CAPITAL STRATEGIES,"GAMBLE, ARTHUR RAY JR"
137579,"IAMMARINO, NICHOLAS J.","IAMMARINO, NICHOLAS J."
137602,AEGIS FINANCIAL ADVISORY,"AEGIS FINANCIAL ADVISORY, LLC"
137613,"GABRIEL CAPITAL, LLC","GABRIEL CAPITAL, LLC"
137638,"BEVERLY HILLS FINANCIAL PLANNERS, LLC","BEVERLY HILLS FINANCIAL PLANNERS, LLC"
137652,CATAMOUNT CAPITAL LLC,CATAMOUNT CAPITAL LLC
137712,"CORNERSTONE ASSET MANAGEMENT SERVICES, INC.","CORNERSTONE ASSET MANAGEMENT SERVICES, INC."
137718,"LUCEY INVESTMENT MANAGEMENT, LLC","LUCEY INVESTMENT MANAGEMENT, LLC"
137732,CALLIDUS CAPITAL PARTNERS LLC,CALLIDUS CAPITAL PARTNERS LLC
137780,WEALTH ONE ADVISORS,"ALVARADO, RICK"
137846,BISONWOOD FINANCIAL MANAGEMENT,"BISONWOOD INVESTMENTS, INC."
137989,"FACTOR INVESTMENT SOLUTIONS, LLC","FACTOR INVESTMENT SOLUTIONS, LLC"
138089,ERIKSEN CAPITAL MANAGEMENT,ERIKSEN CAPITAL MANAGEMENT LLC
138125,"CRONE WEALTH MANAGEMENT, PLLC","CRONE WEALTH MANAGEMENT, PLLC"
138144,AMERICAN STRATEGIC CAPITAL,"AMERICAN STRATEGIC CAPITAL, INC."
138152,"WHITE, DUNKIRK $ PRICE INVESTMENT ADVISORY INC.","WHITE, DUNKIRK & PRICE INVESTMENT ADVISORY INC."
138161,"JOHN H. LILES, CFP",LILES JOHN HARMON
138174,SPURGEON FINANCIAL GROUP,"SPURGEON, STEVEN L."
138186,"W. C. BUCKINGHAM, CPA","BUCKINGHAM, WILLIAM CLEAR"
138204,"FREDERICK, MARK D.","FREDERICK, MARK D."
138256,"FREEDOM CAPITAL MANAGEMENT, INC.","FREEDOM CAPITAL MANAGEMENT, INC."
138274,"CREATIVE RETIREMENT PLANNING, INC.","CREATIVE RETIREMENT PLANNING, INC."
138312,"SWEENEY ASSET MANAGEMENT, LLC","SWEENEY ASSET MANAGEMENT, LLC"
138372,WHITCRAFT CAPITAL MANAGEMENT,JONATHAN W. WHITCRAFT
138400,"PELION INVESTMENT ADVISORS, INC.","PELION INVESTMENT ADVISORS, INC."
138418,LIFETIME FINANCIAL ADVISORS INC,LIFETIME FINANCIAL ADVISORS INC
138738,ROBERT GUJRAL CPA,PAMINDER SINGH  GUJRAL
138820,"DEJARNATT, PAUL E","DEJARNATT, PAUL EDWARD"
138836,"FLEET CAPITAL MANAGEMENT, LLC","FLEET CAPITAL MANAGEMENT, LLC"
139058,"NICKEL INVESTMENT ADVISORS, INC.","NICKEL INVESTMENT ADVISORS, INC"
139136,THE JACOBS FINANCIAL GROUP,"JACOBS, RICHARD CYRIL"
139154,"SUEING INVESTMENTS, LLC","SUEING INVESTMENTS, LLC"
139180,"MERIDAN CAPITAL, LLC","MERIDAN CAPITAL, LLC"
139249,"MILLER FINANCIAL GROUP, LLC","MILLER FINANCIAL GROUP, LLC"
139264,IMPASSIONED WEALTH MANAGEMENT LTD,IMPASSIONED WEALTH MANAGEMENT LTD
139335,HAWLEY ADVISORS,"HAWLEY ADVISORS, LLC"
139492,"ROUND TABLE INVESTMENT STRATEGIES, LLC","ROUND TABLE INVESTMENT STRATEGIES, LLC"
139527,SONORAN CAPITAL MANAGEMENT LLC,SONORAN CAPITAL MANAGEMENT LLC
139552,SGMG ENTERPRISE LLC,SGMG ENTERPRISE LLC
139679,PATHFINDER  FINANCE AND INSURANCE SOLUTIONS,"REP CAL, INC."
139707,THALASSA CAPITAL LLC,THALASSA CAPITAL LLC
139722,KEVIN CLARIDAY INVESTMENT ADVISOR,KEVIN PATRICK CLARIDAY
139727,"LONG VIEW FINANCIAL SERVICES, INC","LONG VIEW FINANCIAL SERVICES, INC"
139792,7TH HARVEST INVESTMENTS,7TH HARVEST INVESTMENTS
139870,"OLHOEFT FINANCIAL, LLC","OLHOEFT FINANCIAL, LLC"
139892,REGENCY FINANCIAL GROUP,"YEDGARIAN, VAHICK, ARAM"
139909,"CATHERINE R. SMITH, FINANCIAL PLANNER, LLC","CATHERINE R. SMITH, FINANCIAL PLANNER, LLC"
139951,"HATHER, ROBERT K","HATHER, ROBERT KEVIN"
139954,"BELL STRATEGIC INVESTMENTS, INC.","BELL STRATEGIC INVESTMENTS, INC."
139958,"GOODRICH FINANCIAL GROUP, LLC","GOODRICH FINANCIAL GROUP, LLC"
139984,SUMMA CAPITAL MANAGEMENT LLC,SUMMA CAPITAL MANAGEMENT LLC
140015,"PF WEALTH MANAGEMENT GROUP, LLC","PF WEALTH MANAGEMENT GROUP, LLC"
140034,"ADVOWEALTH ADVISORS, LLC","ADVOWEALTH ADVISORS, LLC"
140120,"CAPITAL STRATEGIES GROUP, LLC","CAPITAL STRATEGIES GROUP, LLC"
140128,FEARLESS WEALTH,"PECK WEALTH MANAGEMENT, LLC"
140153,INVESTUS FINANCIAL,"INVESTUS FINANCIAL PLANNING, INC."
140181,"POTTLE FINANCIAL SERVICES, INC","POTTLE FINANCIAL SERVICES, INC"
140223,FARRAR FINANCIALS,"FARRAR, RHONDA SCHERBER"
140332,SUNSAGE CAPITAL MANAGEMENT,"SUNSAGE CAPITAL, LLC"
140420,JOHN WESSLER & ASSOCIATES,"TEXAS DENTAL PROGRAMS, INC."
140582,PUGET SOUND CAPITAL SERVICES LLC,PUGET SOUND CAPITAL SERVICES LLC
140630,"WEALTH ALLIANCE, LLC","WEALTH ALLIANCE, LLC"
140739,"INVESTMENT STRATEGIES, LLC","INVESTMENT STRATEGIES, LLC"
140805,ASAGE FINANCIAL LLC,ASAGE FINANCIAL LLC
140810,SANTA FE' WEALTH MANAGEMENT,"SANTA FE' WEALTH MANAGEMENT, INC."
140812,"METTE ASSOCIATES, LLC","METTE ASSOCIATES, LLC"
140864,"TAYAN CAPITAL MANAGEMENT, LLC","TAYAN CAPITAL MANAGEMENT, LLC"
140876,"MCMILLEN & COMPANY, INC.","MCMILLEN & COMPANY, INC."
140919,"BARNETT CAPITAL MANAGEMENT, LLC","BARNETT CAPITAL MANAGEMENT, LLC"
140922,"JOSEPH C. LONGO, ATTORNEY AT LAW","LONGO, JOSEPH COSMO"
140982,"SYNERGY CAPITAL ADVISORS, LLC","SYNERGY CAPITAL ADVISORS, LLC"
141173,"WALTER J. REYNA, INC.","WALTER J. REYNA, INC."
141219,RUBICON INVESTMENT MANAGEMENT & ANALYTICS,"RUBICON WEALTH ADVISORS, LLC"
141274,FOREST HILL FINANCIAL ADVISORY GROUP LLC,FOREST HILL FINANCIAL ADVISORY GROUP LLC
141275,NOTARO WEALTH ADVISORY,VECTOR ASSET MANAGEMENT LLC
141280,PERIDOT CAPITAL MANAGEMENT,PERIDOT CAPITAL MANAGEMENT LLC
141287,ROYALE INVESTMENT ADVISOR LLC,ROYALE INVESTMENT ADVISOR LLC
141333,YORKVILLE CAPITAL MANAGEMENT LLC,YORKVILLE CAPITAL MANAGEMENT LLC
141350,"JOHNSON, JASON L.","JOHNSON, JASON LAURENCE"
141355,"THE FINANCIAL TEAM, INC.","THE FINANCIAL TEAM, INC."
141372,SPIRITUS FINANCIAL PLANNING,"TALENT ACQUISITION GROUP, INC. DBA SPIRITUS FINANCIAL PLANNING"
141405,"ROCKROSE CAPITAL MANAGEMENT, LLC","ROCKROSE CAPITAL MANAGEMENT, LLC"
141440,"SOUND INVESTMENT STRATEGIES, INC.","SOUND INVESTMENT STRATEGIES, INC."
141468,"ANTONE ASSET MANAGEMENT, INC","ANTONE ASSET MANAGEMENT, INC"
141513,"BULLBEAR INVESTMENT MANAGEMENT, LLC","BULLBEAR INVESTMENT MANAGEMENT, LLC"
141537,"THE TILTED FUNDS GROUP, LLC","THE TILTED FUNDS GROUP, LLC"
141606,"LEEDOM ASSET MANAGEMENT, INC.","LEEDOM ASSET MANAGEMENT, INC."
141634,TWEDDELL GOLDBERG INVESTMENT MANAGEMENT,"TWEDDELL GOLDBERG, LLC"
141648,PACIFIC EMPIRE FINANCIAL,"PACIFIC EMPIRE FINANCIAL GROUP, LLC"
141693,FREEMAN GLOBAL INVESTMENT COUNSEL,"CROSS CONSULTING AND SERVICES, LLC"
141786,"ASIA GLOBAL ASSET MANAGEMENT, INC","ASIA GLOBAL ASSET MANAGEMENT, INC"
141789,O'REILLY WEALTH ADVISORS,O'REILLY WEALTH ADVISORS LLC
141807,"CADENCE FINANCIAL ADVISORS, LLC","CADENCE FINANCIAL ADVISORS, LLC"
141826,DONALD W. TRAYLOR,DONALD WINSTON TRAYLOR
141851,MUNRO ASSET MANAGEMENT L.L.C.,MUNRO ASSET MANAGEMENT L.L.C.
141887,"MARK L. WESTERMAN, CPA","WESTERMAN, MARK LEE"
141981,"WEST COAST CAPITAL MANAGEMENT, LLC","WEST COAST CAPITAL MANAGEMENT, LLC"
142038,"FAIRWAY ASSET MANAGEMENT, INC.","FAIRWAY ASSET MANAGEMENT, INC."
142084,FIREWALL CAPITAL MANAGEMENT,FIREWALL CAPITAL MANAGEMENT LLC
142085,JOHN H. BECKER,"BECKER, JOHN HOWARD"
142122,HARTMAN FINANCIAL PLANNING,"OPTIONS TRADING & EDUCATION, LLC"
142132,MCKEEL CAPITAL MANAGEMENT,"THE MCKEEL COMPANY, LLC"
142144,TIBURON RESEARCH GROUP,"TIBURON RESEARCH GROUP, INC."
142207,BEACON BAY ASSET MANAGEMENT LLC,BEACON BAY ASSET MANAGEMENT LLC
142236,"BRYANT WEALTH MANAGEMENT, INC.","BRYANT WEALTH MANAGEMENT, INC."
142270,"ARBOR FAMILY WEALTH ADVISORS, INC.","ARBOR FAMILY WEALTH ADVISORS, INC."
142312,TURTLE CREEK WEALTHCARE,"TURTLE CREEK WEALTHCARE, INC."
142363,BULLE ROCK,BULLE ROCK CAPITAL LP
142382,"HERMOSA CAPITAL MANAGEMENT, LLC","HERMOSA CAPITAL MANAGEMENT, LLC"
142387,"ALC CAPITAL MANAGEMENT, LLC","ALC CAPITAL MANAGEMENT, LLC"
142428,"RETIREMENT RESOURCES WEALTH MANAGEMENT, LP","RETIREMENT RESOURCES WEALTH MANAGEMENT, LP"
142446,EVLA HILLS EQUITY SERVICES LLC,EVLA HILLS EQUITY SERVICES LLC
142460,MONTEREY BAY ASSET MANAGEMENT LLC,MONTEREY BAY ASSET MANAGEMENT LLC
142510,SOHO FINANCIAL SERVICES LLC,SOHO FINANCIAL SERVICES LLC
142577,"INTERLAKE CAPITAL MANAGEMENT, LLC","INTERLAKE CAPITAL MANAGEMENT, LLC"
142586,"GALILEO PLANNING GROUP, INC","GALILEO PLANNING GROUP, INC"
142599,"A-V CAPITAL MANAGEMENT, LLC","A-V CAPITAL MANAGEMENT, LLC"
142603,"BEDFIELD ASSET MANAGEMENT, LLC","BEDFIELD ASSET MANAGEMENT, LLC"
142606,"CUMBIE ADVISORY SERVICES, INC","CUMBIE ADVISORY SERVICES, INC"
142636,"TRIDENT WEALTH MANAGEMENT, LLC","TRIDENT WEALTH MANAGEMENT, LLC"
142703,"JC FINANCIAL PLANNING & INVESTMENTS, LLC","JC FINANCIAL PLANNING & INVESTMENTS, LLC"
142729,RANDALL STONE FINANCIAL,RANDALL CARLTON STONE
142745,"PARK PLACE WEALTH ADVISORS, INC","PARK PLACE WEALTH ADVISORS, INC"
142783,"MURRAY SECURITIES, INC.","MURRAY SECURITIES, INC."
142792,"RESOLVE FINANCIAL, LLC","RESOLVE FINANCIAL, LLC"
142809,"FORTRESS ESTATE SOLUTIONS, PLLC","FORTRESS ESTATE SOLUTIONS, PLLC"
142840,"INTERWEST INVESTMENT ADVISORS, INC","INTERWEST INVESTMENT ADVISORS, INC"
142864,POLESTAR CAPITAL LLC,POLESTAR CAPITAL LLC
142899,GENEVA FINANCIAL GROUP LLC,GENEVA FINANCIAL GROUP LLC
142929,"ASSET LIFT WEALTH MANAGEMENT, LLC","ASSET LIFT WEALTH MANAGEMENT, LLC"
142938,"VINCOSE CAPITAL MANAGEMENT, LLC","VINCOSE CAPITAL MANAGEMENT, LLC"
142969,INTEGRATED RETIREMENT STRATEGIES,"PETERSON, DAVID WALTER"
142974,"JPS GLOBAL INVESTMENTS, LLC","JPS GLOBAL INVESTMENTS, LLC"
142992,SIMPLE LIFE FINANCIAL,K183 ENTERPRISES LLC
143054,"TRACHTENBERG CAPITAL MANAGEMENT, LLC","TRACHTENBERG CAPITAL MANAGEMENT, LLC"
143055,"PONDEROSA INVESTMENT GROUP, LLC","PONDEROSA INVESTMENT GROUP, LLC"
143070,"ME FINANCIAL, PLLC",ME FINANCIAL LLC
143092,"JEFFERY C. WELCH AND ASSOCIATES, INC.","JEFFERY C. WELCH AND ASSOCIATES, INC."
143179,"MCMILLAN CAPITAL MANAGEMENT, LLC","MCMILLAN CAPITAL MANAGEMENT, LLC"
143182,QUINN CAPITAL LLC,QUINN CAPITAL LLC
143201,BOYNTON FINANCIAL LLC,"BOYNTON FINANCIAL, LLC"
143222,"WEALTH PLANNING GROUP, INC.","WEALTH PLANNING GROUP, INC."
143223,"MCBEE ADVISORS, INC.","MCBEE ADVISORS, INC."
143260,EUGENIO FINANCIAL,"CASCADE FINANCIAL CONCEPTS, INC."
143266,"THE VIABLE GROUP, INC.","THE VIABLE GROUP, INC."
143273,"MCM ADVISORY, LLC","MCM ADVISORY, LLC"
143275,"JW FINANCIAL ADVISORS, LLC","JW FINANCIAL ADVISORS, LLC"
143285,MACC IV GROUP,RODNEY MCKINNIS
143334,CASTELLAN FINANCIAL ADVISORS,"CASTELLAN WEALTH MANAGEMENT, INC."
143382,"MACRO WEALTH MANAGEMENT, INC.","MACRO WEALTH MANAGEMENT, INC."
143406,"MULLIGAN CAPITAL, INC","MULLIGAN CAPITAL, INC"
143470,"SECTOR LOGIC, LP","SECTOR LOGIC, LP"
143501,"CORE CAPITAL MANAGEMENT, LLC","CORE CAPITAL MANAGEMENT, LLC"
143536,GASKIN WEALTH MANAGEMENT,"GASKIN WEALTH MANAGEMENT, LLC"
143579,SCOTT VALUE INVESTING,"SCOTT, ROGER STEPHEN"
143585,"DOUGLAS CAPITAL MANAGEMENT, LLC","DOUGLAS CAPITAL MANAGEMENT, LLC"
143609,"PIONEER SQUARE ADVISORS, LLC","PIONEER SQUARE ADVISORS, LLC"
143629,"SABIN INVESTMENT MANAGEMENT, INC.","SABIN INVESTMENT MANAGEMENT, INC."
143632,IFMGROUP,INVESTMENT & FINANCIAL MANAGEMENT GROUP LLC
143634,"WADA CAPITAL MANAGEMENT, LLC","WADA CAPITAL MANAGEMENT, LLC"
143639,HIGH VALLEY CAPITAL,"HIGH VALLEY CAPITAL, LLC"
143656,PRO:ACT CAPITAL MANAGEMENT,PRO:ACT CAPITAL MANAGEMENT LLC
143757,NEW ECONOMY CAPITAL MANAGEMENT LLC,NEW ECONOMY CAPITAL MANAGEMENT LLC
143766,SPITFIRE CAPITAL LLC,SPITFIRE CAPITAL LLC
143775,"SPM ADVISORS, LLC","SPM ADVISORS, LLC"
143801,"KELLY JONES INVESTMENT SERVICES, INC.","KELLY JONES INVESTMENT SERVICES, INC."
143807,ANVIK ADVISERS LLC,ANVIK ADVISERS LLC
143813,EZ FINANCIAL GROUP INC.,EZ WEALTH GROUP INC.
143819,PROBITAS FINANCIAL,PROBITAS FINANCIAL
143842,SOUND ADVISORY SERVICES INC.,"SOUND INVESTMENT STRATEGIES, INC."
143864,"PERPETUAL WEALTH ADVISORS, L.L.C.","PERPETUAL WEALTH ADVISORS, L.L.C."
143908,VAN HUBLY INVESTMENTS LLC,VAN HUBLY INVESTMENTS LLC
143978,"BURDICK WEALTH MANAGEMENT, LLC","BURDICK WEALTH MANAGEMENT, LLC"
143984,BURGESS FINANCIAL PLANNING,"BURGESS FINANCIAL PLANNING, LLC"
143990,"RADNORWOOD CAPITAL, LLC","RADNORWOOD CAPITAL, LLC"
144028,FINANCIAL LIFEMAPS,"HOPKINS, RICHARD D."
144035,"HENDERSON CAPITAL & WEALTH MANAGEMENT, LLC","HENDERSON CAPITAL & WEALTH MANAGEMENT, LLC"
144062,MILLER PREMIER INVESTMENT PLANNING LLC,MILLER PREMIER INVESTMENT PLANNING LLC
144089,"HARRISON LAZARUS ADVISORS, INC.","HARRISON LAZARUS ADVISORS, INC."
144105,"MOORE FINANCIAL STRATEGIES, LLC","MOORE FINANCIAL STRATEGIES, LLC"
144108,"WSA AFFILIATES, LLC","WSA AFFILIATES, LLC"
144118,TRUEPATH FINANCIAL PLANNING,TRUEPATH FINANCIAL PLANNING LLC
144127,"LEGACY INVESTMENT SERVICES, LLC","LEGACY INVESTMENT SERVICES, LLC"
144135,"BLOCH PRIVATE WEALTH, LLC","BLOCH PRIVATE WEALTH, LLC"
144137,ARCON WEALTH MANAGEMENT,"ARCON WEALTH MANAGEMENT, LLC"
144164,"SPECTRUM WEALTH MANAGEMENT, LLC","SPECTRUM WEALTH MANAGEMENT, LLC"
144203,"FB ADVISORY SERVICES, LLC","FB ADVISORY SERVICES, LLC"
144297,ICON IMPERIAL,"CAMERON COLOGNE FINANCIAL MEDIA AEROSPACE CONGLOMERATE, LLC"
144352,"JANIS FINANCIAL, LLC","JANIS FINANCIAL, LLC"
144392,DBA TANA INVESTMENT ADVISORS,AZEB CLARK
144394,OSBORNE CAPITAL MANAGEMENT,"OSBORNE, GARDNER, CLARK"
144398,"BUSINESS BLOCKS 101, INC.","BUSINESS BLOCKS 101, INC."
144409,"VISION FINANCIAL SERVICES, INC","VISION FINANCIAL SERVICES, INC"
144440,"WILSON ADVISORS, LLC","WILSON ADVISORS, LLC"
144506,"ALL SEASONS INVESTMENT ADVISORS, INC","ALL SEASONS INVESTMENT ADVISORS, INC"
144514,"KELLOGG WEALTH ADVISORS, INC.","KELLOGG WEALTH ADVISORS, INC."
144517,AIKAPA,"ALVAREZ, EDI"
144525,"TIMBERLINE INVESTMENT MANAGEMENT, LLC","TIMBERLINE INVESTMENT MANAGEMENT, LLC"
144564,"CARTY FINANCIAL, INC.","CARTY FINANCIAL, INC."
144565,BRIDGEBAY,BRIDGEBAY CONSULTING LLC
144566,COMPASS ROSE FINANCIAL PLANNING & INVESTMENT MANAGEMENT,"COMPASS ROSE FINANCIAL PLANNING, INC."
144572,"DAVIS & WEHRLE, LLC","DAVIS & WEHRLE, LLC"
144590,BARNETT FINANCIAL PLANNING,"BARNETT, DAVID IRA"
144648,DIVERSIFIED CAPITAL GROUP,"DIVERSIFIED CAPITAL MANAGEMENT, LLC"
144685,"HARRISON SECURITIES, INC.","HARRISON SECURITIES, INC."
144711,"MOGUL WEALTH MANAGEMENT, INC.","MOGUL WEALTH MANAGEMENT, INC."
144735,"RIDLEY ASSET MANAGEMENT, LLC","RIDLEY ASSET MANAGEMENT, LLC"
144752,ANALYTIC INVESTMENT MANAGEMENT LLC,ANALYTIC INVESTMENT MANAGEMENT LLC
144793,"MAHALO ADVISORY SERVICES, LLC","MAHALO ADVISORY SERVICES, LLC"
144821,"RMC FINANCIAL ADVISORS, LLC","RMC FINANCIAL ADVISORS, LLC"
144836,JAIN CAPITAL MANAGEMENT LLC,JAIN CAPITAL MANAGEMENT LLC
144858,"PENSION MAXIMA INVESTMENT ADVISORY, INC.","PENSION MAXIMA INVESTMENT ADVISORY, INC."
144877,"OAKVIEW CAPITAL MANAGEMENT, L.P.","OAKVIEW CAPITAL MANAGEMENT, L.P."
144893,MEM INVESTMENTS,"M.E. MILLER INVESTORS, LLC"
144913,ZELLER KERN BUSINESS ADVISORS,"ZELLER KERN PRIVATE WEALTH MANAGEMENT, INC."
144916,"LANE FLORENCE, LLC","LANE FLORENCE, LLC"
144965,"DYNAMIC FINANCIAL SOLUTIONS, LLC","DYNAMIC FINANCIAL SOLUTIONS, LLC"
144986,MUNICAP INC.,MUNICAP INC.
145001,ALTA FINANCIAL GROUP,STAR LLC
145117,FINANCIAL STRATEGIES FOR TODAY AND TOMORROW--WEALTH MGMT GROUP,FINANCIAL STRATEGIES FOR TODAY AND TOMORROW--WEALTH MGMT GROUP
145156,"CAPITAL RETIREMENT PLANNING, LLC","CAPITAL RETIREMENT PLANNING, LLC"
145253,"PREMIER WEALTH MANAGEMENT, LLC","PREMIER WEALTH MANAGEMENT, LLC"
145259,ALTUS WEALTH SOLUTIONS,"ALTUS, INC"
145304,"SIERRA NEVADA WEALTH MANAGEMENT, LLC","SIERRA NEVADA WEALTH MANAGEMENT, LLC"
145321,KRUSE FINANCIAL STRATEGY,"KRUSE, AUTUMN RAIN"
145416,"ATLANTIS INVESTMENT COACHING, LLC","ATLANTIS INVESTMENT COACHING, LLC"
145419,MAVEN GROUP LLC,MAVEN GROUP LLC
145449,"ELITE CAPITAL SERVICES, LLC","ELITE CAPITAL SERVICES, LLC"
145451,THE GARRETT GROUP,TGG MANAGEMENT COMPANY INC.
145453,"KENSINGTON SECURITIES, LLC","KENSINGTON SECURITIES, LLC"
145461,"IVY ADVISORS, LLC","IVY ADVISORS, LLC"
145500,"GLENMORE FINANCIAL, INC, LIFESIGHTED","GLENMORE FINANCIAL, INC."
145518,SPINDLETOP COMMONWEALTH ADVISORS LLC,SPINDLETOP COMMONWEALTH ADVISORS LLC
145524,"GH&J INVESTMENT ADVISORY SERVICES, LLC","GH&J INVESTMENT ADVISORY SERVICES, LLC"
145561,CENTRICITY FINANCIAL LLC,CENTRICITY FINANCIAL LLC
145597,"LAS COLINAS CAPITAL MANAGEMENT, LLC","LAS COLINAS CAPITAL MANAGEMENT, LLC"
145602,"CHANEY FINANCIAL SERVICES, INC.","CHANEY FINANCIAL SERVICES, INC."
145674,VERE CHAPPELL,"CHAPPELL, VERE CHAMBERS"
145698,ETF PORTFOLIO MANAGEMENT LLC,ETF PORTFOLIO MANAGEMENT LLC
145705,"WEALTH LEGACY GROUP, INC.","WEALTH LEGACY GROUP, INC."
145717,FLEMING FINANCIAL SERVICES,"FLEMING FINANCIAL SERVICES, INCORPORATED"
145725,GSP FINANCIAL STRATEGIES,"DLLH, LLC"
145776,DP CAPITAL MANAGEMENT INC.,DP CAPITAL MANAGEMENT INC.
145804,"STEED INVESTMENTS, LLC","STEED INVESTMENTS, LLC"
145834,"ECONOMIC RESEARCH AND INSURANCE SOLUTIONS, LLC","ECONOMIC RESEARCH AND INSURANCE SOLUTIONS, LLC"
145873,10 STAR ASSET MANAGEMENT,10 STAR ASSET MANAGEMENT LLC
145880,"THE R.L. BROWN ADVISORY GROUP, LLC","THE R.L. BROWN ADVISORY GROUP, LLC"
145897,"PREMIER FINANCIAL PLANNING, INC.","PREMIER FINANCIAL PLANNING, INC."
145898,"KENSINGTON AMI, LLC","KENSINGTON AMI, LLC"
145960,IMHAUS INVESTMENT ADVISORS,IMHAUS INVESTMENT ADVISORS
145996,"MATURE MONEY MANAGEMENT, INC","MATURE MONEY MANAGEMENT, INC"
146046,FHWV FINANCIAL LLC,FHWV FINANCIAL LLC
146071,Q4 STRATEGIC EQUITY ADVISORS INC.,Q4 STRATEGIC EQUITY ADVISORS INC
146157,"SZAFRAN CAPITAL MANAGEMENT, LLC","SZAFRAN CAPITAL MANAGEMENT, LLC"
146210,"KMF INVESTMENTS MANAGEMENT, LLC","KMF INVESTMENTS MANAGEMENT, LLC"
146233,PARK + ELM INVESTMENT ADVISERS,PARK AND ELM INVESTMENT ADVISERS LLC
146267,PACIFIC WEALTH ADVISORS,PACIFIC WEALTH ADVISORS LLC
146273,STRYKER FINANCIAL,"KHOSHNOODI , FARZAD"
146379,"FLB CAPITAL MANAGEMENT, LLC","FLB CAPITAL MANAGEMENT, LLC"
146442,LAGUNA INVESTMENT SERVICES,"SWEEZEY, LAURA JEAN"
146541,"R-TECH ADVISORS, INC.","R-TECH ADVISORS, INC."
146590,"ESTES FINANCIAL SERVICES, INC.","ESTES FINANCIAL SERVICES, INC."
146609,"VAULT FINANCIAL, LLC","VAULT FINANCIAL, LLC"
146676,"PREMIER WEALTH ADVISORS, INC.","PREMIER WEALTH ADVISORS, INC."
146678,"HEGARTY INVESTMENT LOGIC, LLC","HEGARTY MARKET LOGIC, LLC"
146689,"CONSCIENT CAPITAL, LLC",CONSCIENT CAPITAL LLC
146899,"FOCUS ADVISORY, LLC","FOCUS ADVISORY, LLC"
146931,RETIREMENT EVOLUTIONS WEALTH MANAGEMENT LLC,RETIREMENT EVOLUTIONS WEALTH MANAGEMENT LLC
146933,"JRS INVESTMENTS AND WEALTH PRESERVATION, LLC","JRS INVESTMENTS AND WEALTH PRESERVATION, LLC"
146944,PRIME OPPORTUNITIES INVESTMENT GROUP LLC,PRIME OPPORTUNITIES INVESTMENT GROUP LLC
146965,"WEALTH RESCUE STRATEGIES, INC.","WEALTH RESCUE STRATEGIES, INC."
146997,PCK INVESTMENTS,TERRY LYNN ROBERTS
147097,AVALON FINANCIAL ADVISORS,"MCVAY, ANDREW PHILLIP"
147118,"LUKE FINANCIAL COMPANY, LLC","LUKE FINANCIAL COMPANY, LLC"
147194,"STRATEGIC PORTFOLIO ADVISORS, INC.","STRATEGIC PORTFOLIO ADVISORS, INC."
147225,"MARTIN WEALTH MANAGEMENT, LLC","MARTIN WEALTH MANAGEMENT, LLC"
147260,"FINANCIAL COMPASS INVESTMENT SERVICES, INC","FINANCIAL COMPASS INVESTMENT SERVICES, INC"
147261,HUMAN FINANCIAL,"HUMAN FINANCIAL, LLC"
147310,RUGH FINANCIAL,"RUGH FINANCIAL, LLC"
147390,"ALPHA ALTERNATIVE INVESTMENTS, LLC","ALPHA ALTERNATIVE INVESTMENTS, LLC"
147392,"STONEBRIDGE CAPITAL MANAGEMENT NW, LLC","STONEBRIDGE CAPITAL MANAGEMENT NW, LLC"
147418,"SIRIUS WEALTH MANAGEMENT STRATEGIES, LLC","SIRIUS WEALTH MANAGEMENT STRATEGIES, LLC"
147450,"MICHAEL P LYNCH WEALTH MANAGEMENT, LLC","MICHAEL P LYNCH WEALTH MANAGEMENT, LLC"
147475,"GOLDEN STATE ADVISORS, LLC","GOLDEN STATE ADVISORS, LLC"
147504,"DBG CAPITAL ADVISORS, LLC","DBG CAPITAL ADVISORS, LLC"
147552,"LEGION CAPITAL MANAGEMENT, LLC","LEGION CAPITAL MANAGEMENT, LLC"
147573,"KENNEDY WEALTH MANAGEMENT, LLC","KENNEDY WEALTH MANAGEMENT, LLC"
147604,"FREQUENCY CAPITAL ADVISORS, LLC","FREQUENCY CAPITAL ADVISORS, LLC"
147624,"CASTLEWOOD FINANCIAL ADVISORS, LLC","CASTLEWOOD FINANCIAL ADVISORS, LLC"
147627,"BDC INVESTMENT ADVISORS, LLC","BDC INVESTMENT ADVISORS, LLC"
147672,PACIFIC TRUST WEALTH MANAGEMENT,"ESSO VENTURES, LLC"
147675,DAVENPORT ADVISORS 14 LLC,DAVENPORT ADVISORS 14 LLC
147705,ZRCOR INC.,ZRCOR INC.
147750,"BRAGG COMER FINANCIAL ADVISORS, LLC","BRAGG COMER FINANCIAL ADVISORS, LLC"
147759,"EOD INVESTMENTS, LLC","EOD INVESTMENTS, LLC"
147782,MARQUAM CAPITAL,MARQUAM ASSET MANAGEMENT LLC
147801,HARNETT INVESTMENT ADVISERS LLC,HARNETT INVESTMENT ADVISERS LLC
147803,THE HELIX FINANCIAL GROUP,"THE HELIX FINANCIAL GROUP, LLC"
147809,BOULDER INVESTMENT GROUP,"BOULDER WEALTH MANAGEMENT, LLC"
147882,"DCA INVESTMENT ADVISORY, LLC","DCA INVESTMENT ADVISORY, LLC"
147954,"BBN MANAGEMENT, LLC","BBN MANAGEMENT, LLC"
147961,CONSERVATIVE EQUITY INVESTMENT ADVISORS,"MYCROFT RESEARCH, LLC"
147962,"JOINER FINANCIAL, LLC","JOINER FINANCIAL, LLC"
147969,"MERITAGE WEALTH ADVISORY, LLC","MERITAGE WEALTH ADVISORY, LLC"
147993,"PRESLEY CAPITAL MANAGEMENT, LLC","PRESLEY CAPITAL MANAGEMENT, LLC"
148154,"PACIFIC ROCK CAPITAL, LLC","PACIFIC ROCK CAPITAL, LLC"
148158,"NORTH SOUTH CAPITAL, LLC","NORTH SOUTH CAPITAL, LLC"
148163,"JS ALAN, LLC","JS ALAN, LLC"
148225,"A.T. LLOYD'S, INC","A.T. LLOYD'S, INC"
148263,"SIMPLE PORTFOLIO MANAGEMENT, INC.","SIMPLE PORTFOLIO MANAGEMENT, INC."
148353,"PARAH CAPITAL MANAGEMENT, LLC","PARAH CAPITAL MANAGEMENT, LLC"
148362,GEMINI ESTATE PLAN LLC,GEMINI ESTATE PLAN LLC
148382,"ELLEN J WEBBER, CFP",WEBBER ELLEN JEAN
148409,"MAC ADAMS WEALTH ADVISORS, LLC","MAC ADAMS WEALTH ADVISORS, LLC"
148481,"RELIANCE INVESTING, INC.","RELIANCE INVESTING, INC."
148513,COLEMAN INVESTMENT COUNSEL,INVESTMENT COSTS MATTER LLC
148528,NARDENE WEALTH MANAGEMENT INC,NARDENE WEALTH MANAGEMENT INC
148547,"AGILE FINANCIAL PLANNING, LLC","AGILE FINANCIAL PLANNING, LLC"
148575,KOCH CAPITAL MANAGEMENT LLC,KOCH CAPITAL MANAGEMENT LLC
148587,"HAMRICK FINANCIAL, LLC","HAMRICK FINANCIAL, LLC"
148646,"INTERMOUNTAIN WEALTH MANAGEMENT, INC.","INTERMOUNTAIN WEALTH MANAGEMENT, INC."
148649,BAUGHMAN FINANCIAL GROUP,BAUGHMAN WEALTH ADVISORS INC.
148650,"RMH INVESTMENT MANAGEMENT, LLC","RMH INVESTMENT MANAGEMENT, LLC"
148654,BOLGIANO CAPITAL MANAGEMENT,BOLGIANO FINANCIAL LLC
148734,MEYERS WEALTH MANAGEMENT,"MEYERS, DAVID SETH"
148755,CONKLIN FINANCIAL PLANNING,"CONKLIN FINANCIAL PLANNING, LLC"
148800,KANAKA STRATEGIES,GODBOLE ANIL VASANT
148810,"B & V ADVISORS, LLC","B & V ADVISORS, LLC"
148841,HOBBS ADVISORY SERVICES,HI INC. DBA HOBBS ADVISORY SERVICES
148844,"CONTINUUM WEALTH MANAGEMENT, LLC","CONTINUUM WEALTH MANAGEMENT, LLC"
148846,MEGAN ROUSE FINANCIAL PLANNING,"ROUSE, MEGAN CHAMPAGNE"
148850,"HMP CAPITAL MANAGEMENT, LLC","HMP CAPITAL MANAGEMENT, LLC"
148884,"KEATS, CONNELLY & ASSOCIATES, INC","KEATS, CONNELLY & ASSOCIATES, INC"
148911,PLATLER CAPITAL MANAGEMENT LLC,PLATLER CAPITAL MANAGEMENT LLC
148920,"MATCHPOINT CAPITAL MANAGEMENT, LLC","MATCHPOINT CAPITAL MANAGEMENT, LLC"
149028,"HUTCHISON ROAD PARTNERS, LLC","HUTCHISON ROAD PARTNERS, LLC"
149069,"WHITESPACE FINANCIAL, LLC","WHITESPACE FINANCIAL, LLC"
149082,"ESI FINANCIAL SERVICES, INC.","ESI FINANCIAL SERVICES, INC."
149116,"LETTIN WEALTH MANAGEMENT GROUP, INC.","LETTIN WEALTH MANAGEMENT GROUP, INC."
149137,SERVICE ONE FINANCIAL,"GAP FINANCIAL, INC."
149143,"HILLCREST HOLDINGS, LLC","HILLCREST HOLDINGS, LLC"
149154,"D.A. FLOWERS & COMPANY, LLC","D.A. FLOWERS & COMPANY, LLC"
149158,DIAMOND HEAD FINANCIAL ADVISORS LLC,DIAMOND HEAD FINANCIAL ADVISORS LLC
149167,WELLFIT FINANCIAL,"LANE FINANCIAL, P.C."
149176,GRAND ARBOR ADVISORS,"BARNETT, DAVID WAYNE"
149196,"VERAISON ASSET MANAGEMENT, LLC","VERAISON ASSET MANAGEMENT, LLC"
149221,"MDC FINANCIAL RESEARCH, LLC","MDC FINANCIAL RESEARCH, LLC"
149240,PARKHURST CONSULTING CPA PC,PARKHURST CONSULTING CPA PC
149266,SCHUTT CAPITAL MANAGEMENT LLC,SCHUTT CAPITAL MANAGEMENT LLC
149434,BROOMFIELD ADVISORY & MANAGEMENT,"BROOMFIELD, THEODORE SAMUEL"
149450,PINEDO FINANCIAL SERVICES,PINEDO FINANCIAL SERVICES
149503,"HARVEST FINANCIAL GROUP, LLC","HARVEST FINANCIAL GROUP, LLC"
149542,"AUGUST WEALTH GROUP, INC.","AUGUST GROUP, INC."
149560,"RETIREMENT INCOME AND INHERITANCE ADVISORS, LLC","RETIREMENT INCOME AND INHERITANCE ADVISORS, LLC"
149561,"HOLBROOK MANAGEMENT, LLC","HOLBROOK MANAGEMENT, LLC"
149602,"OPTIMAL WEALTH ADVISORS, LLC","OPTIMAL WEALTH ADVISORS, LLC"
149610,MAIN STREET ASSET MANAGMENT,"MSHC, LLC"
149628,"RN WEALTH ADVISORS, LLC","RN WEALTH ADVISORS, LLC"
149633,"SCUNDI INVESTMENT MANAGEMENT, LLC","SCUNDI INVESTMENT MANAGEMENT, LLC"
149710,PACIFIC SHORES INVESTMENT ADVISORS,"COHEN, JONATHON DANIEL"
149725,"RIVERFLOW WEALTH MANAGEMENT, LLC","RIVERFLOW WEALTH MANAGEMENT, LLC"
149757,LAGUNA FINANCIAL ADVISORY,DOLLARDOC INC.
149760,"TRI-STAR ADVISORS, INC.",TRI-STAR ADVISORS INC.
149792,WILLIAM HORSFALL AND ASSOCIATES,WILLIAM HORSFALL AND ASSOCIATES
149796,"NOBLE ADVISORS, LLC","NOBLE ADVISORS, LLC"
149825,"HIP INVESTOR, INC.","HIP INVESTOR, INC."
149856,GUARDIAN CAPITAL GROUP LLC,GUARDIAN CAPITAL GROUP LLC
149878,"RETIREMENT WEALTH GROUP, INC","RETIREMENT WEALTH GROUP, INC"
149891,GORDON CARLSON & ASSOCIATES,ELM MONEY MANAGEMENT LLC
149922,"PEAK WEALTH ADVISORS, INC.","PEAK WEALTH ADVISORS, INC."
149925,HWONG,"HWONG, HSIANG HSEAU"
150009,"STERLING GROWTH INVESTMENTS, LLC","STERLING GROWTH INVESTMENTS, LLC"
150034,"SPRINGWATER ADVISORS, LLC","SPRINGWATER ADVISORS, LLC"
150038,"ASPEN GROVE INVESTMENT MANAGEMENT, LLC","ASPEN GROVE INVESTMENT MANAGEMENT, LLC"
150066,THE BLAKELEY GROUP INC,"THE BLAKELEY GROUP, INC."
150076,CROSSWELL FAMILY WEALTH ADVISORS,"CROSSWELL ADVISORS, LLC"
150158,KAMSON FINANCIAL,KAMSON FINANCIAL SOLUTIONS INTERNATIONAL LLC
150168,RAILROAD CANYON INSURANCE AND FINANCIAL SERVICES,"KORTE,DENNIS, ALFRED"
150174,D.R. HARRIS & CO.,"HARRIS, DANIEL, ROYER"
150179,THE MCBRIDE GROUP,"THE MCBRIDE GROUP, LLC"
150197,"REGENT WEALTH MANAGEMENT, INC.","REGENT WEALTH MANAGEMENT, INC."
150212,CROSSPOINT CAPITAL MANAGEMENT,"CROSSPOINT CAPITAL STRATEGIES, LLC"
150267,"SOUTH AVENUE INVESTMENT PARTNERS, LLC","SOUTH AVENUE INVESTMENT PARTNERS, LLC"
150278,DEVIL MOUNTAIN INVESTMENT MANAGEMENT,DEVIL MOUNTAIN INVESTMENT MANAGEMENT
150314,"THE JONES STEWARDSHIP GROUP, LLC","THE JONES STEWARDSHIP GROUP, LLC"
150356,"MUCH WEALTH MANAGEMENT, INC.","MUCH WEALTH MANAGEMENT, INC."
150371,"THE FINANCIAL COACHING GROUP, INC.","THE FINANCIAL COACHING GROUP, INC."
150372,"FAUST CAPITAL MANAGEMENT, LLC","FAUST CAPITAL MANAGEMENT, LLC"
150401,LAURENCE FINANCIAL PLANNING LLC,LAURENCE FINANCIAL PLANNING LLC
150420,RGB CAPITAL GROUP,"RGB CAPITAL GROUP, LLC"
150481,"GLOBAL WEALTH PARTNERS, LLC","GLOBAL WEALTH PARTNERS, LLC"
150498,"ROBERT W. COLBY ASSET MANAGEMENT, INC.","ROBERT W. COLBY ASSET MANAGEMENT, INC."
150501,"ALIGN INVESTMENT ADVISORS, LLC","ALIGN INVESTMENT ADVISORS, LLC"
150527,"ANDORRA INVESTMENT MANAGEMENT, INC.","ANDORRA INVESTMENT MANAGEMENT, INC."
150604,GK CAPITAL PARTNERS,GK CAPITAL PARTNERS LLC
150648,"PALMETTO WEALTH MANAGEMENT, LLC","PALMETTO WEALTH MANAGEMENT, LLC"
150657,"KEEFER PENSION CONSULTING, INC.","KEEFER PENSION CONSULTING, INC."
150666,"LAKES WEALTH ADVISORY, LLC","LAKES WEALTH ADVISORY, LLC"
150705,THE SULLIVAN GROUP,"CAPITAL INVESTMENT MANAGEMENT, LLC"
150710,LANNING FINANCIAL INC.,LANNING FINANCIAL INC.
150742,"FRESHFIELD CAPITAL, LLC","FRESHFIELD CAPITAL, LLC"
150760,"SILA VALUE ADVISORS, LLC","SILA VALUE ADVISORS, LLC"
150860,CAPITAL TRUST WEALTH MANAGEMENT,BROUGH INVESTMENT GROUP LLC
150865,SHADE TREE PARTNERS LLC,SHADE TREE PARTNERS LLC
150870,"MARIPOSA CAPITAL MANAGEMENT, LLC","MARIPOSA CAPITAL MANAGEMENT, LLC"
150876,"HENDERSON ASSET MANAGEMENT, LLC","HENDERSON ASSET MANAGEMENT, LLC"
150880,COBB PLANNING GROUP,"COBB, ROBERT DOUGLAS"
150908,"PERRY INVESTMENT MANAGEMENT, LLC","PERRY INVESTMENT MANAGEMENT, LLC"
150923,"DANIEL J. DISIMILE CFP, LLC","DANIEL J. DISIMILE CFP, LLC"
150985,TETRANT FINANCIAL,TETRANT ADVISORY LLC
151192,"NWT ADVISORS, LLC","NWT ADVISORS, LLC"
151204,LORINTINE CAPITAL,"LORINTINE CAPITAL, LP"
151247,STACK ASSET MANAGEMENT,STACK ASSET MANAGEMENT INC.
151307,LEWIS ADVISORY GROUP,"LEWIS, MICHAEL, ANDREW"
151333,"PERSONAL ECONOMIC PLANNING, LLC","PERSONAL ECONOMIC PLANNING, LLC"
151339,CLARK FINANCIAL LLC,CLARK FINANCIAL LLC
151350,"MNM VESTED, LLC","MNM VESTED, LLC"
151373,"PGP WEALTH SERVICES, LLC","PGP WEALTH SERVICES, LLC"
151389,"CUNNINGHAM INVESTMENT MANAGEMENT, LLC","CUNNINGHAM INVESTMENT MANAGEMENT, LLC"
151436,"MYERS, WALTER L","MYERS,WALTER LOVING"
151473,TRELLISENT INVESTMENTS,TRELLISENT INVESTMENTS
151566,"BLUE ROCK FINANCIAL SERVICES, INC.","BLUE ROCK FINANCIAL SERVICES, INC."
151580,"MAIN AVENUE FINANCIAL SERVICES, LLC","MAIN AVENUE FINANCIAL SERVICES, LLC"
151602,"MONEY MANAGERS, INC.","MONEY MANAGERS, INC."
151620,ATRATO ASSET MANAGEMENT LLC,ATRATO ASSET MANAGEMENT LLC
151633,PARK WEALTH MANAGEMENT,WA FINANCIAL GROUP INC
151669,"L & M WEALTH MANAGEMENT AND RETIREMENT SOLUTIONS, LLC","L & M WEALTH MANAGEMENT AND RETIREMENT SOLUTIONS, LLC"
151742,"PJ SCAVUZZO, INC.","PJ SCAVUZZO, INC."
151777,"GLOBAL MARKET RAIDERS, LLC.","GLOBAL MARKET RAIDERS, LLC."
151782,ALPHA STRATEGIES INVESTMENT CONSULTING,ALPHA STRATEGIES INVESTMENT CONSULTING INC.
151830,"SOLITUDE CANYON INVESTMENT ADVISORS, LLC","SOLITUDE CANYON INVESTMENT ADVISORS, LLC"
151846,FUHRMANN CAPITAL,FUHRMANN CAPITAL LLC
151881,"CONTINUUM FINANCIAL, LLC","CONTINUUM FINANCIAL, LLC"
151921,SILICON VALLEY TREASURY CONSULTING GROUP,"FISHER, LAURA, LEIGH"
151928,TSAI WEALTH MANAGEMENT,TSAI WEALTH MANAGEMENT
151938,SIRE LINE CAPITAL MANAGEMENT LLC,SIRE LINE CAPITAL MANAGEMENT LLC
152008,"INTEGRITAS SEMPER, LLC","INTEGRITAS SEMPER, LLC"
152013,FIDERE,"FIDERE, INC."
152068,INTEGRATIVE FINANCIAL STRATEGIES,"HABIB, AMIR MOHAMMED"
152081,MAGNUM FINANCIAL,MAGNUM FINANCIAL LLC
152102,CRC CAPITAL LLC,CRC CAPITAL LLC
152140,VICEROY INVESTMENT ADVISORS LLC,VICEROY INVESTMENT ADVISORS LLC
152178,BOURBON FINANCIAL MANAGEMENT,"BOURBON FINANCIAL MANAGEMENT, LLC"
152181,"PEARSON, FREDERICK, NORMAN JR.","PEARSON, FREDERICK, NORMAN JR."
152201,"FLIGHT CAPITAL MANAGEMENT, LLC","FLIGHT CAPITAL MANAGEMENT, LLC"
152221,"VICTORY WEALTH MANAGEMENT, LLC","VICTORY WEALTH MANAGEMENT, LLC"
152246,3T ADVISORS LLC,3T ADVISORS LLC
152255,EDGAR INVESTMENT MANAGEMENT LLC,EDGAR INVESTMENT MANAGEMENT LLC
152262,"KILIMANJARO CAPITAL, LLC","KILIMANJARO CAPITAL, LLC"
152268,GOSHO FINANCIAL GROUP,"GOSHO, CAROL, JEANNE"
152279,WEIKART ADVISORY SERVICES LLC,WEIKART ADVISORY SERVICES LLC
152281,RICHNER CAPITAL LLC,RICHNER CAPITAL LLC
152306,FINANCIAL COACHING PARTNERS LLC,FINANCIAL COACHING PARTNERS LLC
152317,DOLAN PARTNERS LLC,DOLAN PARTNERS LLC
152438,"BELLAIRE CAPITAL MANAGEMENT, LLC","BELLAIRE CAPITAL MANAGEMENT, LLC"
152439,"ASESORIA FINANCIERA INDEPENDIENTE, INC.","ASESORIA FINANCIERA INDEPENDIENTE, INC."
152440,LA LOMA CAPITAL,ALEXANDER LEE HENDERSON
152456,"JAC WEALTH MANAGEMENT SERVICES, LLC","JAC WEALTH MANAGEMENT SERVICES, LLC"
152493,"SECOND MOUNTAIN FINANCIAL, INC.","SECOND MOUNTAIN FINANCIAL, INC."
152495,XITRIGHT,"LUTKUS, DOUGLAS JOHN"
152558,"COMPASS FINANCIAL, LLC","COMPASS FINANCIAL, LLC"
152570,"CHAOS SOLVED, INC.","CHAOS SOLVED, INC."
152579,"VESTIS ADVISORS, LLC","VESTIS ADVISORS, LLC"
152617,"HL WEALTH MANAGEMENT, LLC","HL WEALTH MANAGEMENT, LLC"
152625,JOSELIT ASSET MANAGEMENT,"JOSELIT ASSET MANAGEMENT, LLC"
152691,"ANDREW ARROYO INVESTMENTS, LLC","ANDREW ARROYO INVESTMENTS, LLC"
152692,VISIONARY WEALTH MANAGEMENT LLC,VISIONARY WEALTH MANAGEMENT LLC
152713,IFL FINANCIAL ADVISORS,"GRINSELL, GARY ANDREW"
152785,"L. JANE HEIST WEALTH MANAGEMENT, INC.","L. JANE HEIST WEALTH MANAGEMENT, INC."
152801,RLC CAPITAL MANAGEMENT,RICHARD LARSEN CULLEN
152806,"ROCKHOUSE CAPITAL, LLC","ROCKHOUSE CAPITAL, LLC"
152817,BIRD DOG TRADING CORPORATION,BIRD DOG TRADING CORPORATION
152819,"ZH WEALTH MANAGEMENT, LLC","ZH WEALTH MANAGEMENT, LLC"
152843,"TRONDHEIM CAPITAL, LLC","TRONDHEIM CAPITAL, LLC"
152865,SIMPLE WEALTH LLC,SIMPLE WEALTH LLC
152947,"RIC KOMAREK, CFP",RICHARD BENJAMIN KOMAREK
152960,"MVM ADVISORS, LLC","MVM ADVISORS, LLC"
152991,SIMPLYSMART ASSET MANAGEMENT,SYLVIA SHIU HAN KWAN
153030,PERFORMANCE INVESTMENT GROUP,"PERFORMANCE ADVISORS, LLC"
153032,AUTHENTIC FINANCIAL PLANNING,AUTHENTIC FINANCIAL PLANNING
153037,"SILVER LEAF FINANCIAL, INC.","SILVER LEAF FINANCIAL, INC."
153038,"LCR FINANCIAL GROUP, LLC","LCR FINANCIAL GROUP, LLC"
153043,GESAR CAPITAL MANAGEMENT,GESAR CAPITAL MANAGEMENT LLC
153085,"KARPINSKI FINANCIAL, LLC","KARPINSKI FINANCIAL, LLC"
153124,"QUANTS CAPITAL MANAGEMENT, INC","QUANTS PARTNERS, INC."
153166,"TRANER SMITH WEALTH MANAGEMENT, INC.","TRANER SMITH WEALTH MANAGEMENT, INC."
153175,"TRIUMPH WEALTH ADVISORS, INC.","TRIUMPH WEALTH ADVISORS, INC."
153182,OAKLEAF ASSET ADVISORS,"HICKMAN, JAMES, BRIAN"
153185,FIRMO INVESTMENT CONSULTING SERVICES,"JIMENEZ, JAVIER RIVERA"
153242,"EDMD FINANCIAL STRATEGIES, LLC","EDMD FINANCIAL STRATEGIES, LLC"
153244,"ITHAKA FINANCIAL PLANNING, LLC","ITHAKA FINANCIAL PLANNING, LLC"
153249,IN TOUCH FINANCIAL SERVICES,IN TOUCH FINANCIAL SERVICES
153297,"BORTEL INVESTMENT MANAGEMENT, LLC","BORTEL INVESTMENT MANAGEMENT, LLC"
153301,"LIN CAPITAL MANAGEMENT, LLC","LIN CAPITAL MANAGEMENT, LLC"
153310,"PI SQUARE CAPITAL, LLC","PI SQUARE CAPITAL, LLC"
153357,SENSUS WEALTH MANAGEMENT GROUP LLC,SENSUS WEALTH MANAGEMENT GROUP LLC
153360,FLETCHER CAPITAL MANAGEMENT,"FLETCHER CAPITAL MANAGEMENT, LLC"
153369,CATOOSA FUND MANAGEMENT LLC,CATOOSA FUND MANAGEMENT LLC
153391,"LFS RIA, LLC","LFS RIA, LLC"
153396,CLOUT INC. ADVISORS,CLOUT INC. ADVISORS
153416,SML CAPITAL LLC,SML CAPITAL LLC
153427,CRENSHAW CAPITAL MANAGEMENT,CRENSHAW CAPITAL MANAGEMENT
153441,"GRAF FINANCIAL, L.L.C.","GRAF FINANCIAL, L.L.C."
153444,"ACELA CAPITAL MANAGEMENT, LLC","ACELA CAPITAL MANAGEMENT, LLC"
153477,"ETF STRATEGIES, LLC","ETF STRATEGIES, LLC"
153483,"WEALTH GUARDIAN ADVISORY, PLLC","WEALTH GUARDIAN ADVISORY, PLLC"
153492,"THINK WEALTH ADVISORY, LLC","THINK WEALTH ADVISORY, LLC"
153500,CRYSTAL INVESTMENT MANAGEMENT,"ZHU, JUN"
153512,SAGE PORTFOLIO MANAGEMENT LLC,SAGE PORTFOLIO MANAGEMENT LLC
153530,"ARKENSTONE FINANCIAL, LLC","ARKENSTONE FINANCIAL, LLC"
153532,"WYKRENT, DAMON","WYKRENT, DAMON"
153540,AMS CAPITAL MANAGEMENT LLC,AMS CAPITAL MANAGEMENT LLC
153609,"STEWARD FINANCIAL SERVICES, LLC","STEWARD FINANCIAL SERVICES, LLC"
153633,BELLWETHER CAPITAL MANAGEMENT LLC,BELLWETHER CAPITAL MANAGEMENT LLC
153652,DALLAS MONEY MANAGEMENT LLC,DALLAS MONEY MANAGEMENT LLC
153678,GOLDBLOOM WEALTH MANAGEMENT LLC,GOLDBLOOM WEALTH MANAGEMENT LLC
153779,"BLOM LEVY & CO., LLC","BLOM LEVY & CO., LLC"
153855,AVAARI FINANCIAL,"SHAH, JITESH ASHOKKUMAR"
153888,"MASTER STRUCTURED ALTERNATIVE ASSET RELATED STRATEGIES, LLC","MASTER STRUCTURED ALTERNATIVE ASSET RELATED STRATEGIES, LLC"
153898,"VALENTINE INVESTMENTS, LLC","VALENTINE INVESTMENTS, LLC"
153911,"SILVERBROOK INVESTMENT ADVISORS, INC.","SILVERBROOK INVESTMENT ADVISORS, INC."
153919,EPISTEME ADVISORS,EPISTEME ADVISORS
153927,JACKSON FINANCIAL SERVICES LLC,JACKSON FINANCIAL SERVICES LLC
153963,"MB INMAN INVESTMENT ADVISORS, LLC","MB INMAN INVESTMENT ADVISORS, LLC"
153965,"ALLIED VALUE, LLC","ALLIED VALUE, LLC"
153979,2020 FINANCIAL PLANNING LLC,2020 FINANCIAL PLANNING LLC
154001,"ATLANTIC INVESTMENTS A REGISTERED INVESTMENT ADVISOR, INC","ATLANTIC INVESTMENTS A REGISTERED INVESTMENT ADVISOR, INC"
154013,"THREE SIGMA CAPITAL, LLC","THREE SIGMA CAPITAL, LLC"
154019,"D SQUARED CAPITAL MANAGEMENT, LLC","D SQUARED CAPITAL MANAGEMENT, LLC"
154025,"DERDERIAN WEALTH MANAGEMENT, LLC","DERDERIAN WEALTH MANAGEMENT, LLC"
154028,KULEANA WEALTH ADVISORS,"KULEANA WEALTH ADVISORS, LLC"
154034,WOLFSON WEALTH MANAGEMENT,"WOLFSON, LESLIE JAY"
154095,"EMERALD WAVES INVESTMENTS, LLC","EMERALD WAVES INVESTMENTS, LLC"
154097,"PILLAR6 ADVISORS, LLC","PILLAR6 ADVISORS, LLC"
154112,"DU LAC INVESTMENT GROUP, LLC","DU LAC INVESTMENT GROUP, LLC"
154120,PURE WEALTH MANAGEMENT,"PURE WEALTH MANAGEMENT, INC."
154129,JADE & COWRY LLC,JADE & COWRY LLC
154130,"INNOVATOR WEALTH ADVISOR, LLC","INNOVATOR WEALTH ADVISOR, LLC"
154142,FIVE TALENTS WEALTH MANAGEMENT,FIVE TALENTS WEALTH MANAGEMENT
154210,RODEL CORRIENTE (SY) LLC,RODEL CORRIENTE (SY)LLC
154243,RHODES CONSULTING GROUP LLC,RHODES CONSULTING GROUP LLC
154280,VENTURA COAST WEALTH MANAGEMENT,"MICHIE, DOUGLAS CHARLES"
154320,"LINX EQUITIES, LLC","LINX EQUITIES, LLC"
154339,DTM3 CORPORATION,DTM3 CORPORATION
154349,"MINISTRY PARTNERS SECURITIES, LLC","MINISTRY PARTNERS SECURITIES, LLC"
154361,"BLUE CRAB PARTNERS, LLC","BLUE CRAB PARTNERS, LLC"
154366,ALPINE PEAKS CONSULTING,"SALKE, EVAN JAY"
154417,"HANDY & COMPANY FINANCIAL ADVISORS, INC.","HANDY & COMPANY FINANCIAL ADVISORS, INC."
154423,W WEALTH ADVISORS,W WEALTH ADVISORS LLC
154529,AVANT GARDE CAPITAL,"AVANT GARDE CAPITAL, LLC"
154531,"BLK FINANCIAL ADVISORS, LLC","BLK FINANCIAL ADVISORS, LLC"
154568,"VERDE WEALTH GROUP, LLC","VERDE WEALTH GROUP, LLC"
154576,ALTRUVISTA LLC,ALTRUVISTA LLC
154597,"FDP WEALTH MANAGEMENT, LLC","FDP WEALTH MANAGEMENT, LLC"
154628,"AN IRRATIONAL MIND, LLC","AN IRRATIONAL MIND, LLC"
154629,"DOMASK WEALTH MANAGEMENT, LLC","DOMASK WEALTH MANAGEMENT, LLC"
154642,RETIREMENT LIFESTYLES ADVISORY GROUP,"RETIREMENT LIFESTYLES ADVISORS, LLC"
154655,OCEAN AVENUE WEALTH MANAGEMENT,OCEAN AVENUE FINANCIAL SERVICES LLC
154738,"ENSEMBLE FINANCIAL, INC.","ENSEMBLE FINANCIAL, INC."
154752,"SOUND MONEY MANAGEMENT, INC.","SOUND MONEY MANAGEMENT, INC."
154778,ROCKRIDGE MONEY MANAGEMENT LLC,ROCKRIDGE MONEY MANAGEMENT LLC
154791,"BELTRAMO FINANCIAL SERVICES, INC.","BELTRAMO FINANCIAL SERVICES, INC."
154793,"SOUTH TEXAS ADVISORS FOR RETIREES, LLC","SOUTH TEXAS ADVISORS FOR RETIREES, LLC"
154797,"ROWEN CAPITAL MANAGEMENT, LLC","ROWEN CAPITAL MANAGEMENT, LLC"
154824,HENNEY WEALTH MANAGEMENT,HENNEY WEALTH MANAGEMENT INC.
154841,FRANK ELMER INVESTMENT STRATEGIES LLC,FRANK ELMER INVESTMENT STRATEGIES LLC
154846,"AGG ASSET MANAGEMENT, LLC","AGG ASSET MANAGEMENT, LLC"
154853,"MONT BLANC ASSET, INC.","MONT BLANC ASSET, INC."
154870,EQUITY LOGIC,"EQUITY LOGIC, LLC"
154896,SYZYGY FINANCIAL LLC,SYZYGY FINANCIAL LLC
154915,"JDG WEALTH MANAGEMENT GROUP, LLC","JAMIE D. GRANT WEALTH MANAGEMENT  GROUP, LLC"
154953,VERTICAL WEALTH MANAGEMENT,"VERTICAL INVESTMENTS, LLC"
154959,MITCHELL GROUP DELAWARE LLC,MITCHELL GROUP DELAWARE LLC
154971,"HEYMAN WEALTH MANAGEMENT, LLC","HEYMAN WEALTH MANAGEMENT, LLC"
154986,WORCHESTERSHIRE FINANCIAL,"WORCHESTERSHIRE FINANCIAL, INC."
154990,"CAPITAL WEALTH PLANNERS, LLC","CAPITAL WEALTH PLANNERS, LLC"
155066,LAMPLIGHTER CAPITAL MANAGEMENT,LAMPLIGHTER CAPITAL MANAGEMENT LLC
155229,"RHM CAPITAL MANAGEMENT, INC.","RHM CAPITAL MANAGEMENT, INC."
155240,CONNOLLY WEALTH MANAGEMENT,"CONNOLLY, SHAWN, LAWRENCE"
155250,SETTLEMENT CAPITAL ADVISORS,"SETTLEMENT CAPITAL ADVISORS, LLC"
155276,"IRONWOOD WEALTH ADVISORS, LLC","IRONWOOD WEALTH ADVISORS, LLC"
155294,TOURMALINE CAPITAL MANAGEMENT LLC,TOURMALINE CAPITAL MANAGEMENT LLC
155323,HOWARD FINANCIAL,"HOWARD FINANCIAL & WEALTH MANAGEMENT, INC."
155361,SAPLING WEALTH MANAGEMENT,"SAPLING WEALTH MANAGEMENT, LLC"
155377,POGSON & MATT WEALTH MANAGEMENT GROUP,"POGSON & MATT WEALTH MANAGEMENT GROUP, LLC"
155385,"CORE ASSET MANAGEMENT, LLC","CORE ASSET MANAGEMENT, LLC"
155391,ONEMONEY,"WHITING, VAN ROBERT"
155404,"ALEPH INVESTMENTS, LLC","ALEPH INVESTMENTS, LLC"
155428,"LOGICAL INVESTMENTS, LLC","LOGICAL INVESTMENTS, LLC"
155481,"INVESTMENT STRATEGIES, L.L.C.","INVESTMENT STRATEGIES, L.L.C."
155501,"WILLIS FINANCIAL SERVICES, INC.","WILLIS FINANCIAL SERVICES, INC."
155519,BEHAGE FINANCIAL,LARRY NEIL BEHAGE
155610,"HEINZ GLOBAL ASSET MANAGEMENT, INC.","HEINZ GLOBAL ASSET MANAGEMENT, INC."
155611,"ROWE CONSULTING GROUP, LLC","ROWE CONSULTING GROUP, LLC"
155619,"ADB CAPITAL MANAGEMENT, LLC","ADB CAPITAL MANAGEMENT, LLC"
155632,"CANDOR FINANCIAL, LLC","CANDOR FINANCIAL, LLC"
155640,OBEL FINANCIAL ADVISORS,"OBEL, EMMANUEL"
155651,TAMARIND FINANCIAL PLANNING,"TAMARIND FINANCIAL PLANNING, LLC"
155673,"KFICO, LLC REGISTERED INVESTMENT ADVISOR","KFICO, LLC"
155690,FOCUSYOU,"FOCUS YOUNIVERSITY, LLC"
155700,"DAVID, ALAN R.","DAVID, ALAN RUSSELL"
155774,"PACIFIC CREST FINANCIAL ADVISORS, LLC","PACIFIC CREST FINANCIAL ADVISORS, LLC"
155802,"TEHRANI WEALTH MANAGEMENT, LLC","TEHRANI WEALTH MANAGEMENT, LLC"
155806,"MARTIN FINANCIAL SOLUTIONS, LLC","MARTIN FINANCIAL SOLUTIONS, LLC"
155819,FOCUS POINT CAPITAL LLC,FOCUS POINT CAPITAL LLC
155821,"MARRAM INVESTMENT MANAGEMENT, LLC","MARRAM INVESTMENT MANAGEMENT, LLC"
155830,"DIABLO VISTA CAPITAL, LLC","DIABLO VISTA CAPITAL, LLC"
155883,EL CAMINO REAL FINANCIAL ADVISORS,CARPENTER KRAIG LEE
155916,PINYON PINE CAPITAL LLC,PINYON PINE CAPITAL LLC
155922,"ROSMAN ASSET MANAGEMENT, LLC","ROSMAN ASSET MANAGEMENT, LLC"
155944,"FD BALL INVESTMENT ADVISORS, LLC","FD BALL INVESTMENT ADVISORS, LLC"
155948,GOTO FINANCIAL,GOTO FINANCIAL
155973,SIMBA INVESTMENT ADVISORS,"MATHIAS, JULIUS"
155995,"EAST CANYON CAPITAL, LLC","EAST CANYON CAPITAL, LLC"
156022,"FINANCIALLY HEALTHY, LLC","FINANCIALLY HEALTHY, LLC"
156068,"ALPHA RUSH, LLC","ALPHA RUSH, LLC"
156071,AGF ADVISORS,"MARTINEZ, CARLA LUCIA"
156133,MOTIWALA CAPITAL,MOTIWALA CAPITAL LLC
156144,"MILTONIAN CAPITAL MANAGEMENT, LLC","MILTONIAN CAPITAL MANAGEMENT, LLC"
156162,"UJJVAL INVESTMENTS, LLC","UJJVAL INVESTMENTS, LLC"
156184,WRIGHT WEALTH MANAGEMENT GROUP,C.W. WRIGHT FINANCIAL GROUP LLC
156189,INTEGROUS,INTEGROUS
156192,"LPM ADVISORS, LLC","LPM ADVISORS, LLC"
156193,BLACKWALL PARTNERS LLC,BLACKWALL PARTNERS LLC
156216,"INTEGRA WEALTH ADVISORS, LLC","INTEGRA WEALTH ADVISORS, LLC"
156266,BATTLE CAPITAL ASSET MANAGEMENT LLC,BATTLE CAPITAL ASSET MANAGEMENT LLC
156273,"SABANA CAPITAL MANAGEMENT, LLC","SABANA CAPITAL MANAGEMENT, LLC"
156279,BURLINGAME INVESTMENT GROUP LLC,BURLINGAME INVESTMENT GROUP LLC
156291,RFG CAPITAL MANAGEMENT LLC,RFG CAPITAL MANAGEMENT LLC
156292,"DIVERSIFIED FINANCIAL MANAGEMENT GROUP, LLC","DIVERSIFIED FINANCIAL MANAGEMENT GROUP, LLC"
156328,LEPPLA CAPITAL MANAGEMENT LLC,LEPPLA CAPITAL MANAGEMENT LLC
156343,"NEUSE RIVER CAPITAL, LLC","NEUSE RIVER CAPITAL, LLC"
156392,"SOARD FINANCIAL MANAGEMENT, LLC","SOARD FINANCIAL MANAGEMENT, LLC"
156404,"MARKI FINANCIAL SERVICES, LLC","MARKI FINANCIAL SERVICES, LLC"
156416,"OPCREST INVESTMENT MANAGEMENT, LLC","OPCREST INVESTMENT MANAGEMENT, LLC"
156420,RIGHT BRAIN MONEY,"MURPHIS, LLC"
156428,"HIGHLANDS WEALTH ADVISORS, LLC","HIGHLANDS WEALTH ADVISORS, LLC"
156433,HERNANDEZ FINANCIAL,"HERNANDEZ, JESSE"
156451,NOVODYN ADVISORS LLC,NOVODYN ADVISORS LLC
156465,"STADTLER CAPITAL MANAGEMENT, LLC","STADTLER CAPITAL MANAGEMENT, LLC"
156501,DARK HORSE  LLC,DARK HORSE LLC
156518,"TRANQUILITY PATH INVESTMENT ADVISORS, LLC","TRANQUILITY PATH INVESTMENT ADVISORS, LLC"
156520,LODESTONE CAPITAL SOLUTIONS LLC,LODESTONE CAPITAL SOLUTIONS LLC
156523,INVESTMENT MANAGEMENT,"KAISER, DONALD JAY"
156548,"LIFEPLAN FINANCIAL SERVICES, LP","LIFEPLAN FINANCIAL SERVICES, LP"
156574,"SECURE RETIREMENT ADVISORS, LLC","SECURE RETIREMENT ADVISORS, LLC"
156608,ADVICEANDTAXES.COM LLC,ADVICEANDTAXES.COM LLC
156614,"PIERPONT INVESTMENT GROUP, LLC","PIERPONT INVESTMENT GROUP, LLC"
156684,"DWP INVESTMENT MANAGEMENT, LLC","DWP INVESTMENT MANAGEMENT, LLC"
156830,"ZOR CAPITAL, LLC","ZOR CAPITAL, LLC"
157055,J. MANGONE CAPITAL MANAGEMENT LLC,J. MANGONE CAPITAL MANAGEMENT LLC
157100,"THE PROCESS MANAGEMENT GROUP, LLC","THE PROCESS MANAGEMENT GROUP, LLC"
157178,"EMRO ASSET MANAGEMENT, LLC","EMRO ASSET MANAGEMENT, LLC"
157219,"INVESTMENT ADVISOR ASSOCIATES, INC.","INVESTMENT ADVISOR ASSOCIATES, INC."
157232,"KALO CAPITAL MANAGEMENT, LLC","KALO CAPITAL MANAGEMENT, LLC"
157305,JLB CAPITAL MANAGEMENT LLC,"BERNSTEIN, JEFFREY, LEWIS"
157319,"NIDHI CAPITAL, LLC","NIDHI CAPITAL, LLC"
157326,GLOBAL DIVERSIFIED INVESTMENTS,GLOBAL DIVERSIFIED INVESTMENTS
157388,"COMPASS TECHNOLOGY GROUP, INC.","COMPASS TECHNOLOGY GROUP, INC."
157392,"PROVIDENT WEALTH ADVISORS, LLC","PROVIDENT WEALTH ADVISORS, LLC"
157396,"TWIGHT FINANCIAL EDUCATION, LLC","TWIGHT FINANCIAL EDUCATION, LLC"
157411,PRIME CAPITAL EQUITIES LLC,PRIME CAPITAL EQUITIES LLC
157446,MONEYWISE FINANCIAL ADVISORS,"NOWAK, JOANNA T."
157454,BEACON FINANCIAL MANAGEMENT LLC,BEACON FINANCIAL MANAGEMENT LLC
157459,KAITZ INVESTMENTS INC.,KAITZ INVESTMENTS INCORPORATED
157464,ABBINGTON WELLS LLC.,ABBINGTON WELLS LLC.
157546,INVESTA ASSET MANAGEMENT LLC,INVESTA ASSET MANAGEMENT LLC
157547,AC3 CAPITAL,"AC3 CAPITAL, LLC"
157549,"ASYMMETRIC ADVANTAGE CAPITAL MANAGEMENT, LLC","ASYMMETRIC ADVANTAGE CAPITAL MANAGEMENT, LLC"
157583,GRAY FINANCIAL PLANNING LLC,GRAY FINANCIAL PLANNING LLC
157591,"FIOH GLOBAL ASSET MANAGEMENT AND STRATEGIES, LLC","FIOH GLOBAL ASSET MANAGEMENT AND STRATEGIES, LLC"
157627,ROSS FINANCIAL GROUP,"ROSS, DAVID LLOYD"
157667,AA FINANCIAL SERVICES,"CASTANEDA, CESAR QUIJANO"
157694,CORVUS FINANCIAL LLC,CORVUS FINANCIAL LLC
157708,COMMUNITAS FINANCIAL PLANNING PBC,COMMUNITAS FINANCIAL PLANNING PBC
157724,ERLANDSON WEALTH MANAGEMENT,"ERLANDSON WEALTH MANAGEMENT, LLC"
157790,"SA FINANCIAL SOLUTIONS, LLC","SA FINANCIAL SOLUTIONS, LLC"
157800,"NORRIS WEALTH MANAGEMENT, LLC","NORRIS WEALTH MANAGEMENT, LLC"
157843,STRATEGIC INCOME ADVISORS,"MILLS, MARVIN LEROY"
157856,"SILVERMAN + ASSOCIATES WEALTH MANAGEMENT, LLC","SILVERMAN + ASSOCIATES WEALTH MANAGEMENT, LLC"
158056,"TAOS INVESTMENT ADVISORS, LLC","TAOS INVESTMENT ADVISORS, LLC"
158127,DAVID ETTL FINANCIAL,DAVID JOHN ETTL
158251,LANCE PARKER WEALTH MANAGEMENT,"ADVISOR LANCE, LLC"
158288,"KATY SONG FINANCIAL PLANNING, INC.","SONG, KATHRYN DAVIS"
158289,"BASKERVILLE CAPITAL MANAGEMENT, LLC","BASKERVILLE CAPITAL MANAGEMENT, LLC"
158300,"TUSKER CAPITAL, LLC","TUSKER CAPITAL, LLC"
158308,TRANSPARENT 401K,"TRANSPARENT 401K, LLC"
158372,"WESTON WEALTH ADVISORS, LLC","WESTON WEALTH ADVISORS, LLC"
158373,"BEACH CITIES WEALTH MANAGEMENT, LLC","BEACH CITIES WEALTH MANAGEMENT, LLC"
158410,ALUPKA ASSET MANAGEMENT,"BADGER CAPITAL ADVISORS, LLC"
158468,EPS WEALTH MANAGEMENT,"EPS-RIA, LLC"
158469,P&P WEALTH MANAGEMENT LLC,P&P WEALTH MANAGEMENT LLC
158475,"TIMEPIECE FINANCIAL PLANNING, INC.","TIMEPIECE FINANCIAL PLANNING, INC."
158525,"COVERED EDGE ASSET MANAGEMENT, LLC","COVERED EDGE ASSET MANAGEMENT, LLC"
158536,"BLUE WATERS ADVISORY GROUP, LLC","BLUE WATERS ADVISORY GROUP, LLC"
158583,"RMH ADVISORS, LLC","RMH ADVISORS, LLC"
158589,VISION WEALTH ADVISORS LLC,DANNY ROBLES VISION WEALTH ADVISORS LLC
158601,PACIFIC GLOBAL ADVISORY GROUP LLC,PACIFIC GLOBAL ADVISORY GROUP LLC
158608,"ALPHA WEALTH MANAGEMENT, LLC","ALPHA WEALTH MANAGEMENT, LLC"
158618,LARSON FINANCIAL ADVISORS,"LARSON FINANCIAL SERVICES, INC."
158620,KAMADA INVESTMENT MANAGEMENT,"KAMADA INVESTMENT MANAGEMENT, LLC"
158630,"GREEN HARVEST, GREEN HARVEST CAPITAL MANAGEMENT","KADMIRI, GABRIEL LLOYD"
158636,"CADENCE WEALTH MANAGEMENT, LLC","CADENCE WEALTH MANAGEMENT, LLC"
158644,"WEST COAST FINANCIAL WEALTH MANAGEMENT, INC","WEST COAST FINANCIAL WEALTH MANAGEMENT, INC"
158687,JST INVESTMENT CONSULTING,JST INVESTMENT CONSULTING
158695,PALISADE FINANCIAL,DAVID JOHN CARROLL
158740,NATALIE M. KASSENYEVA,NATALIE M. KASSENYEVA
158752,"DORSEY WEALTH MANAGEMENT, LLC","DORSEY WEALTH MANAGEMENT, LLC"
158755,"BETTERMAN DIGITAL WEALTH, INC.","BETTERMAN DIGITAL WEALTH, INC."
158873,"PANOPTIC GLOBAL WEALTH MANAGEMENT, LLC","PANOPTIC GLOBAL WEALTH MANAGEMENT, LLC"
158980,"FAITHFUL STEWARD WEALTH MANAGEMENT, INC.","FAITHFUL STEWARD WEALTH MANAGEMENT, INC."
158999,"CENTAURI ADVISORY GROUP, INC.","CENTAURI ADVISORY GROUP, INC."
159091,"JONES CAPITAL ADVISORS, LLC","JONES CAPITAL ADVISORS, LLC"
159116,JCG CAPITAL,"JCG CAPITAL, LLC"
159126,PAMELA PLICK WEALTH MANAGEMENT LLC,PAMELA PLICK WEALTH MANAGEMENT LLC
159131,"MD WEALTH PARTNERS, INC",MD WEALTH PARTNERS INC.
159132,"NOAH INVESTMENT MANAGEMENT, LLC","NOAH INVESTMENT MANAGEMENT, LLC"
159196,"EDGAR INVESTMENT MANAGEMENT, LLC","EDGAR INVESTMENT MANAGEMENT, LLC"
159242,BALANCED WEALTH MANAGEMENT,"ROWAN, CHARLES HAROLD"
159249,"RICHARDSON FINANCIAL, INC.","RICHARDSON FINANCIAL, INC."
159282,"FLOHR ASSET MANAGEMENT, LLC","FLOHR ASSET MANAGEMENT, LLC"
159312,BLACKBURN FINANCIAL,"BLACKBURN FINANCIAL, LLC"
159314,WORDHOUSE WEALTH COACHING,"WORDHOUSE WEALTH COACHING, INC"
159324,GC ASSET MANAGEMENT,"REALIZE ENTERPRISES, LLC"
159339,"WINTEN INVESTMENT PARTNERS, LLC","WINTEN INVESTMENT PARTNERS, LLC"
159395,"ATTUNE FINANCIAL PLANNING, LLC","ATTUNE FINANCIAL PLANNING, LLC"
159463,ALTERNITY INVESTMENT ADVISORS,"ALTERNITY INVESTMENT ADVISORS, LLC"
159464,ANGELES PARTNERS LLC,ANGELES PARTNERS LLC
159482,"GREENWORTH INVESTMENT ADVISORS, LLC","GREENWORTH INVESTMENT ADVISORS, LLC"
159484,JAMES CAPITAL MANAGEMENT LLC,JAMES CAPITAL MANAGEMENT LLC
159557,"THE $ COACH, LLC","THE $ COACH, LLC"
159585,"APEX WEALTH MANAGEMENT, LLC","APEX WEALTH MANAGEMENT, LLC"
159605,"B2B CFO INVESTMENT COMPANY, LLC","B2B CFO INVESTMENT COMPANY, LLC"
159658,"KENNON WEALTH MANAGEMENT, LLC","KENNON WEALTH MANAGEMENT, LLC"
159664,"P. WORLDWIDE, LLC","P. WORLDWIDE, LLC"
159670,"EMERALD HILLS CAPITAL, LLC","EMERALD HILLS CAPITAL, LLC"
159691,"OAKWOOD ADVISORY GROUP, LLC","OAKWOOD ADVISORY GROUP, LLC"
159702,"SILICON VALLEY WEALTH MANAGEMENT SOLUTIONS, INC.","SILICON VALLEY WEALTH MANAGEMENT SOLUTIONS, INC."
159719,CORLEY INVESTMENT MANAGEMENT,"CORLEY, WILLIAM, THOMAS"
159742,"PEELLE WEALTH MANAGEMENT, LLC","PEELLE WEALTH MANAGEMENT, LLC"
159785,"DAVENPORT CAPITAL MANAGEMENT, LLC","DAVENPORT CAPITAL MANAGEMENT, LLC"
159799,DI BELLO FINANCIAL,"ANNETTE DI BELLO, CPA, CFP, PROFESSIONAL CORPORATION"
159844,"III FINANCIAL, LLC","III FINANCIAL, LLC"
159858,"COLLABRIA CAPITAL, INC","COLLABRIA CAPITAL, INC"
159908,BLACK DOG FINANCIAL LTD.,BLACK DOG FINANCIAL LTD.
159969,GORIAN INVESTMENTS,PHILLIP K GORIAN
159981,"MCCLURE CAPITAL ADVISORS, INC.","MCCLURE CAPITAL ADVISORS, INC."
160031,"PALERMO WEALTH MANAGEMENT, LLC","PALERMO WEALTH MANAGEMENT, LLC"
160051,MARC C HELFRICH REGISTERED INVESTMENT ADVISOR,"HELFRICH, MARC CHRISTOPHER"
160090,ASSET GROWTH ASSOCIATES WEALTH ADVISORS,"TEXAS REGISTERED FINANCIAL CONSULTANTS, PLLC"
160134,"PERCENSION WEALTH ADVISORS, LLC","PERCENSION WEALTH ADVISORS, LLC"
160169,"IRVING ADVISORY GROUP, LLC","IRVING ADVISORY GROUP, LLC"
160243,BRIGHT LIGHT CAPITAL ADVISOR,"BRIGHT LIGHT CAPITAL ADVISOR, INC."
160257,"POST OAK FINANCIAL, LLC","POST OAK FINANCIAL, LLC"
160315,"LIBERTY PARK CAPITAL MANAGEMENT, LLC","LIBERTY PARK CAPITAL MANAGEMENT, LLC"
160412,GARDENA FINANCIAL RETIREMENT ADVISORS,TAEVESTMENT LLC
160433,"ATLAS WEALTH MANAGEMENT, LLC","ATLAS WEALTH MANAGEMENT, LLC"
160484,BURGEON CAPITAL,"BURGEON CAPITAL, LLC"
160601,"DELPHI VALUE INVESTMENTS, LLC","DELPHI VALUE INVESTMENTS, LLC"
160626,"VISION RESEARCH, LLC","VISION RESEARCH, LLC"
160774,"THALES INVESTMENT SERVICES, INC.","THALES INVESTMENT SERVICES, INC."
160840,"KRAMER INVESTMENT ADVISORS, INC.","KRAMER INVESTMENT ADVISORS, INC."
160847,"LARSON WEALTH MANAGEMENT, LLC","LARSON WEALTH MANAGEMENT, LLC"
161105,"SURYA CAPITAL, LLC","SURYA CAPITAL, LLC"
161124,"LIFETIME FINANCIAL, INC.","LIFETIME FINANCIAL, INC."
161151,GINSBERG FINANCIAL STRATEGIES,"GINSBERG FINANCIAL STRATEGIES, INC."
161174,"JSB CAPITAL MANAGEMENT, LLC","JSB CAPITAL MANAGEMENT, LLC"
161190,HOLDEN WEALTH MANAGEMENT LLC,HOLDEN WEALTH MANAGEMENT LLC
161309,MDX WEALTH MANAGEMENT,TAMARIND ADVISORS LLC
161364,HARBOR ROAD CAPITAL MANAGEMENT LLC,HARBOR ROAD CAPITAL MANAGEMENT LLC
161418,HASTIE FINANCIAL GROUP,"HASTIE FINANCIAL GROUP, LLC"
161425,CORNET CAPITAL LLC,CORNET CAPITAL LLC
161842,"CHT GROUP, INC.","CHT GROUP, INC"
161872,ZIARNICK FINANCIAL LLC,ZIARNICK FINANCIAL LLC
162016,"LEONARD JR., GARY A.","LEONARD, JR., GARY ALLAN"
162125,RAINIER WEALTH MANAGEMENT LLC,RAINIER WEALTH MANAGEMENT LLC
162142,ADVANCED FINANCIAL SERVICES,"ADVANCED FINANCIAL SERVICES, LLC"
162162,CORCORAN WEALTH MANAGEMENT LLC,CORCORAN WEALTH MANAGEMENT LLC
162212,LEMUEL JAMES FINANCIAL,"LEMUEL JAMES FINANCIAL, LLC"
162235,YIELD FINANCIAL ADVISORS,"YIELD FINANCIAL ADVISORS, INC."
162306,"COX & COMPANY INVESTMENT ADVISORS, INC.","COX & COMPANY INVESTMENT ADVISORS, INC."
162326,"WRIGHT WEALTH MANAGEMENT, LLC","WRIGHT WEALTH MANAGEMENT, LLC"
162610,"QKM, L.L.C.",QKM LIMITED LIABILITY COMPANY
162625,MILESTONE WEALTH STRATEGIES,JAMES F SCOTT INVESTMENTS LLC DBA MILESTONE WEALTH STRATEGIES
162827,"ARCVEST, LLC","ELC ADVISORS, LLC"
162919,ACCRESCENT CAPITAL MANAGEMENT LLC,ACCRESCENT CAPITAL MANAGEMENT LLC
162967,SKYSPHERE LLC,SKYSPHERE LLC
163134,"JOHNSON, MARSHALL, LEE","JOHNSON, MARSHALL, LEE"
163187,BARTON CREEK INVESTMENT ADVISORS,"BARTON CREEK INVESTMENT ADVISORS, LLC"
163442,"GP WEALTH MANAGEMENT, LLC","GP WEALTH MANAGEMENT, LLC"
163491,"FINCO INVESTMENT SERVICES, INC.","FINCO INVESTMENT SERVICES, INC."
163567,QCI PARTNERS LLC,QCI PARTNERS MANAGEMENT LLC
163698,"DANCOURT MANAGEMENT, LLC","DANCOURT MANAGEMENT, LLC"
163720,BIOS RESEARCH,"BIOS RESEARCH, LLC"
163912,HV CAPITAL ADVISORS LLC,HV CAPITAL ADVISORS LLC
163928,AFS INVESTMENTS,"ANDRADE FINANCIAL SERVICES, INC."
163931,THE GUARDINO FINANCIAL GROUP,"GUARDINO, SALVATORE JOSEPH"
164010,HAWLEY PERSONAL FINANCE,HAWLEY PERSONAL FINANCE INC.
164024,EBIS,"EBIS, INC."
164025,"STEEL CANYON CAPITAL, LLC","STEEL CANYON CAPITAL, LLC"
164030,AMERINA INTERNATIONAL CAPITAL MANAGEMENT LLC,AMERINA INTERNATIONAL CAPITAL MANAGEMENT LLC
164047,"SAGEVEST  FINANCIAL ADVISORS, LLC","SAGEVEST  FINANCIAL ADVISORS, LLC"
164065,LBG ADVISOR,"LIBERTY BENEFITS GROUP, LLC"
164096,ROSSI FINANCIAL GROUP,"ROSSI, PAUL RICHARD"
164107,"H.I.T. CAPITAL, LLC","H.I.T. INVESTMENTS, LLC"
164119,"JARROD ADAMS INVESTING, LLC","JARROD ADAMS INVESTING, LLC"
164137,TEXAS CAPITAL MANAGEMENT,CLEMMONS WEALTH MANAGEMENT LLC
164142,BEVERLY HILLS CAPITAL MANAGEMENT LLC,BEVERLY HILLS CAPITAL MANAGEMENT LLC
164151,"DANA WHITING FINANCIAL, LLC","DANA WHITING FINANCIAL, LLC"
164170,OBJECTIVE ADVISORS LLC,OBJECTIVE ADVISORS LLC
164184,JS WEALTH INVESTMENT GROUP,"SHRYACK, JOHN EDWARD"
164185,"F. L. ARIAS & ASSOCIATES, LLC","F. L. ARIAS & ASSOCIATES, LLC"
164291,COUNTERPOINT ASSET MANAGEMENT LLC,COUNTERPOINT ASSET MANAGEMENT LLC
164389,"THE BROUGHTON INVESTMENT GROUP, INC.","THE BROUGHTON INVESTMENT GROUP, INC."
164487,"JERSEY SHORE PORTFOLIO MANAGEMENT,  LLC","JERSEY SHORE PORTFOLIO MANAGEMENT,  LLC"
164497,"STS WEALTH MANAGEMENT, INC.","STS WEALTH MANAGEMENT, INC."
164533,S2O CAPITAL MANAGEMENT,"S2O CAPITAL MANAGEMENT, INC."
164534,HAWKINS CAPITAL ADVISORS,"HAWKINS, CRAIG ALVIN"
164597,MONEY INTELLIGENCE,DENARIUS CAPITAL ADVISORS INC.
164599,"YORKMONT CAPITAL MANAGEMENT, LLC","YORKMONT CAPITAL MANAGEMENT, LLC"
164647,"NEW SPRING FINANCIAL PLANNING, LLC","NEW SPRING FINANCIAL PLANNING, LLC"
164682,"RJ HILL'S FINANCIAL SERVICES, LLC","RJ HILL'S FINANCIAL SERVICES, LLC"
164684,MICHAEL A. JANKY DBA MJ WEALTH PLANNING,"JANKY, MICHAEL A."
164685,OAK TREE WEALTH MANAGEMENT,"OAK TREE WEALTH MANAGEMENT, LLC"
164690,"VICTORWEALTH, LLC","VICTORWEALTH, LLC"
164691,JKAY SECURITIES CORPORATION,JKAY SECURITIES CORPORATION
164701,"WEN CAPITAL ADVISORY GROUP, INC.","WEN FINANCIAL GROUP, INC."
164711,JMAC FINANCIAL PLANNING & INVESTMENT SERVICES PLLC,JMAC FINANCIAL PLANNING & INVESTMENT SERVICES PLLC
164807,"JANIAN INVESTMENT ADVISERS, LLC","JANIAN INVESTMENT ADVISERS, LLC"
164813,"BOZEMAN, L.L.C.","BOZEMAN, L.L.C."
164869,THE SWANSON FINANCIAL GROUP,"SWANSON, KURT EDWARD"
164887,"LIN & COMPANY, LLC","LIN & COMPANY, LLC"
164901,"GALLATIN FINANCIAL ADVISORS, LLC","GALLATIN FINANCIAL ADVISORS, LLC"
164906,PACRIM ADVISORY SERVICES,"YANG, JOHN CHAOPIN"
164953,"STONEWATER WEALTH MANAGEMENT, INC.","STONEWATER WEALTH MANAGEMENT, INC."
164983,"HURON INVESTMENT MANAGEMENT, INC.","HURON INVESTMENT MANAGEMENT, INC."
165061,"SHANNAH L. COMPTON, CFP®, MBA","GAME, SHANNAH LEANNE"
165126,POTTER ADVISORS LLC,"THE CARRIE POTTER GROUP, LLC"
165177,"ONESTA WEALTH MANAGEMENT, LLC","ONESTA WEALTH MANAGEMENT, LLC"
165305,AGNEW CAPITAL MANAGEMENT LLC,AGNEW CAPITAL MANAGEMENT LLC
165317,CDFINANCIAL,CD FINANCIAL LLC
165340,NANDI PATHEFINDER & FLOURISH FINANCIAL GROUP,"PATHEFINDER, NANDI, DEAN"
165348,ADVENT CAPITAL LLC,ADVENT CAPITAL LLC
165364,"AQUIFER CAPITAL, LLC","AQUIFER CAPITAL, LLC"
165376,SAINT FRANCIS CAPITAL,"SAINT FRANCIS CAPITAL, LLC"
165383,"PLANNING WITHIN REACH, LLC","PLANNING WITHIN REACH, LLC"
165415,"JADIM WEALTH MANAGEMENT, LLC","JADIM WEALTH MANAGEMENT, LLC"
165426,KAM AWRABI CAPITAL INVESTMENT COMPANY,"AWRABI,  KAMAL ROJAY"
165438,THE OFFICE OF HEATH O. LAUSENG,"LAUSENG, HEATH ORIN"
165439,HYPO FINANCIAL SERVICES AND INVESTMENT ADVISER,HYPO FINANCIAL SERVICES AND INVESTMENT ADVISER
165451,NOLLENBERGER MCCULLOUGH INVESTMENT ADVISORS LLC,NOLLENBERGER MCCULLOUGH INVESTMENT ADVISORS LLC
165454,"CANDENT CAPITAL, LLC","CANDENT CAPITAL, LLC"
165485,"MANOR ROAD CAPITAL PARTNERS, LLC","MANOR ROAD CAPITAL PARTNERS, LLC"
165532,POPLAR GLOBAL WEALTH MANAGEMENT LLC,POPLAR GLOBAL WEALTH MANAGEMENT LLC
165533,"CLSA AMERICAS, LLC","CLSA AMERICAS, LLC"
165536,"LAVA CREEK CAPITAL MANAGEMENT, LLC","LAVA CREEK CAPITAL MANAGEMENT, LLC"
165547,"THE EVERGREEN ADVANTAGE MANAGEMENT, INC.","THE EVERGREEN ADVANTAGE MANAGEMENT, INC."
165583,"CENTRIPLAN, LLC","CENTRIPLAN, LLC"
165595,PROMINENCE CAPITAL,PROMINENCE CAPITAL GP LLC.
165606,AVENUE RETIREMENT SERVICES,"AVENUE RETIREMENT SERVICES, LLC"
165612,ROGOWSKI WEALTH MANAGEMENT LLC,ROGOWSKI WEALTH MANAGEMENT LLC
165613,"GOOD LIFE PRIVATE WEALTH, LLC","GOOD LIFE ASSET STRATEGIES, LLC"
165625,"RHB CAPITAL, INC.","RHB CAPITAL, INC."
165648,OVERSON ADVISORY GROUP,OVERSON ADVISORY GROUP LLC
165694,"CONTINUUM FINANCIAL PARTNERS, LLC","CONTINUUM FINANCIAL PARTNERS, LLC"
165709,"HOWE FINANCIAL ADVISORY, LLC","HOWE FINANCIAL ADVISORY, LLC"
165749,COMPASS WEALTH ADVISORS,"COMPASS WEALTH ADVISORS, LLC"
165774,"ASCEND WEALTH ADVISORS, LLC","ASCEND WEALTH ADVISORS, LLC"
165785,"WAITS INVESTMENTS, LLC","WAITS INVESTMENTS, LLC"
165836,PROMINENT FINANCIAL PLANNING LLC,PROMINENT FINANCIAL PLANNING LLC
165874,"T.H. RAPKO & COMPANY, LLC","T.H. RAPKO & COMPANY, LLC"
165884,"PARK CAPITAL GROUP, INC.","PARK CAPITAL GROUP, INC."
165910,"WESTMONT CAPITAL ADVISORS, LLC","WESTMONT CAPITAL ADVISORS, LLC"
165927,STEVE PEARSON CAPITAL MANAGEMENT LLC,STEVE PEARSON CAPITAL MANAGEMENT LLC
165932,MONVIA FINANCIAL L.P.,MONVIA FINANCIAL L.P.
165943,FILIPPINI INVESTMENT ADVISORY,MONTECITO WEALTH MANAGEMENT LLC
165949,"TRINSIC CAPITAL, LLC","TRINSIC CAPITAL, LLC"
165950,3RD STREET CAPITAL MANAGEMENT L.L.C.,3RD STREET CAPITAL MANAGEMENT L.L.C.
166000,C 3 FINANCIAL STRATEGIES,BRENDA JEAN COYLE
166010,"MERIWETHER FAMILY OFFICE, LLC","MERIWETHER FAMILY OFFICE, LLC"
166026,FUSION FINANCIAL,"KAYYAL, AMIRREZA"
166034,"HASLET ADVISORS, LLC","HASLET ADVISORS, LLC"
166035,"MCCAULEY INVESTMENT ADVISORY, LLC","MCCAULEY INVESTMENT ADVISORY, LLC"
166051,R1 FINANCIAL GROUP,"R1 INVESTMENT MANAGEMENT, LLC"
166106,"OPES CAPITAL GROUP, LLC","OPES CAPITAL GROUP, LLC"
166113,EMERALD BLUE ADVISORS,EMERALD BLUE ADVISORS INC.
166126,"SPRINGSTEEL INVESTMENT ADVISORS, LLC","SPRINGSTEEL INVESTMENT ADVISORS, LLC"
166134,BARDI CO. LLC,BARDI CO. LLC
166163,"FINANCES FOR LIFE, LLC","FINANCES FOR LIFE, LLC"
166187,SEFTON FINANCIAL PLANNING,"SEFTON, DAVID SCOTT"
166218,ALPHAGLIDER LLC,ALPHAGLIDER LLC
166255,"TRANE CAPITAL, LLC","TRANE CAPITAL, LLC"
166260,"PISMO PACIFIC FINANCIAL SERVICES, LLC","PISMO PACIFIC FINANCIAL SERVICES, LLC"
166266,PIONEER ADVISORY,BIRD RYAN SHARP
166337,"FAULKNER FINANCIAL PLANNING, LLC","FAULKNER FINANCIAL PLANNING, LLC"
166340,"CORE INVESTMENT MANAGEMENT, LLC","CORE INVESTMENT MANAGEMENT, LLC"
166392,SIGNAL RESEARCH GROUP LLC,SIGNAL RESEARCH GROUP LLC
166398,STEPHEN F. HILL AND ASSOCIATES L.L.C.,STEPHEN F. HILL AND ASSOCIATES L.L.C.
166414,"CYPRESS WEALTH ADVISORS, LLC","CYPRESS WEALTH ADVISORS, LLC"
166433,"KARL SCHORR WEALTH MANAGEMENT, LLC","KARL SCHORR WEALTH MANAGEMENT, LLC"
166442,"BARAC CAPITAL MANAGEMENT, LLC","BARAC CAPITAL MANAGEMENT, LLC"
166456,HEYMAN INVESTMENT COUNSELING LLC,HEYMAN INVESTMENT COUNSELING LLC
166494,"WEALTHMARK ADVISORY GROUP, LLC","WEALTHMARK ADVISORY GROUP, LLC"
166501,"FIDUCIARY WEALTH MANAGEMENT, LLC.","FIDUCIARY WEALTH MANAGEMENT, LLC."
166522,"MASTODON CAPITAL MANAGEMENT, LLC","MASTODON CAPITAL MANAGEMENT, LLC"
166546,"VALLEY INVESTMENT MANAGEMENT, LLC","VALLEY INVESTMENT MANAGEMENT, LLC"
166548,"B P FINANCIAL ASSOCIATES, LLC.","B P FINANCIAL ASSOCIATES, LLC."
166621,"MILES WEALTH MANAGEMENT, L.L.C.","MILES WEALTH MANAGEMENT, L.L.C."
166642,HANEY CAPITAL MANAGEMENT,"HANEY, ERIC T"
166650,"SCOTT AND ASSOCIATES OF TEXAS, INC.","SCOTT AND ASSOCIATES OF TEXAS, INC."
166667,UNIPLAN FINANCIAL INVESTMENTS INC.,UNIPLAN FINANCIAL INVESTMENTS INC.
166712,"HOLZBERG WEALTH MANAGEMENT, INC.","HOLZBERG WEALTH MANAGEMENT, INC."
166720,"RIVETTI INVESTMENT SERVICES, LLC","RIVETTI INVESTMENT SERVICES, LLC"
166764,JOSEPH WRIGHT INVESTMENTS,"JOSEPH WRIGHT, PC"
166767,TRACKER RESEARCH LLC,TRACKER RESEARCH LLC
166774,OPPOQUEST,"OPPOQUEST, LLC"
166814,COGNIS RETIREMENT GROUP LLC,COGNIS RETIREMENT GROUP LLC
166825,PANTHEON WEALTH PLANNING,PANTHEON WEALTH PLANNING
166831,"LEGACY SPRINGS ADVISORS, LLC","LEGACY SPRINGS ADVISORS, LLC"
166837,CLEMENSEN CAPITAL COMPANY LLC,CLEMENSEN CAPITAL COMPANY LLC
166867,"PIH INVESTMENTS, LLC","PIH INVESTMENTS, LLC"
166901,LENS INVESTMENTS,LENS INVESTMENTS LLC
166920,"WISEOWL CAPITAL, LLC","WISEOWL CAPITAL, LLC"
166933,KONNECT HEALTH AND WEALTH,KONNECT HEALTH AND WEALTH LLC
167008,ENLOE FINANCIAL ADVISORY LLC,ENLOE FINANCIAL ADVISORY LLC
167022,FRUITION ADVISORS LLC,FRUITION ADVISORS LLC
167025,GLOBAL WEALTH MANAGEMENT,GLOBAL WEALTH MANAGEMENT
167033,INTERACTIVE WEALTH ADVISORS,"INTERACTIVE WEALTH ADVISORS, INCORPORATED"
167060,GLADSTONE FINANCIAL LLC,GLADSTONE FINANCIAL LLC
167064,"AMBASSADOR WEALTH MANAGEMENT, LLC","AMBASSADOR WEALTH MANAGEMENT, LLC"
167136,SOUTHER CAPITAL MANAGEMENT L.L.C.,SOUTHER CAPITAL MANAGEMENT L.L.C.
167171,"JLE WEALTH MANAGEMENT, LLC","JLE WEALTH MANAGEMENT, LLC"
167216,"DAEHAN SECURITIES,INC","DAEHAN SECURITIES, INC."
167286,OAK GROVE MANAGEMENT LLC,OAK GROVE MANAGEMENT LLC
167301,"YAZDANYAR, MEHRNOUSH","YAZDANYAR, MEHRNOUSH"
167309,"BG FINANCIAL ADVISORS, LLC","BG FINANCIAL ADVISORS, LLC"
167317,"DISTRICT CAPITAL MANAGEMENT, LLC","DISTRICT CAPITAL MANAGEMENT, LLC"
167338,"NORTHWOOD INVESTMENT PARTNERS, LLC","NORTHWOOD INVESTMENT PARTNERS, LLC"
167341,NEW ASSETS INVESTMENT ADVISORS LLC,NEW ASSETS INVESTMENT ADVISORS LLC
167367,"WILLIAM B. LARSON, CPA, LLC","WILLIAM B. LARSON, CPA, LLC"
167376,SHAI WEINBAUM INVESTMENT MANAGEMENT,"WEINBAUM, SHAI"
167388,OAKTREE WEALTH GROUP INC.,OAKTREE WEALTH GROUP INC.
167437,"KMC WEALTH MANAGEMENT, LLC","KMC WEALTH MANAGEMENT, LLC"
167443,CHURCH CAPITAL,PATRICK EUGENE CHURCH
167464,"FINANCIAL SECURITY SERVICES GROUP, INC.","FINANCIAL SECURITY SERVICES GROUP, INC."
167516,ORION CAPITAL,ORION CAPITAL
167546,T.A. SALOMON ASSET MANAGEMENT PLLC,T.A. SALOMON ASSET MANAGEMENT PLLC
167564,"PRIVATE WEALTH MANAGEMENT SOLUTIONS, LLC","PRIVATE WEALTH MANAGEMENT SOLUTIONS, LLC"
167570,"WANG FINANCIAL, LLC","WANG FINANCIAL, LLC"
167630,MEAHAN FINANCIAL SERVICES,"TAX REDUCTION AND INVESTMENT STRATEGIES,INC"
167718,"STRADA WEALTH MANAGEMENT, LLC","STRADA WEALTH MANAGEMENT, LLC"
167757,"PEAK INVESTMENT COACHING, LLC","PEAK INVESTMENT COACHING, LLC"
167809,"UNITED GLOBAL ADVISORS, LLC","UNITED GLOBAL ADVISORS, LLC"
167851,BOZ & COMPANY LLC,BOZ & COMPANY LLC
167863,"MAXWELL FINANCIAL GROUP, INC","MAXWELL FINANCIAL GROUP, INC"
167873,"FLEMING WEALTH STRATEGIES, LLC","FLEMING WEALTH STRATEGIES, LLC"
167964,"ARROWHEAD INVESTMENT ADVISORS, LLC","ARROWHEAD INVESTMENT ADVISORS, LLC"
167973,"SHLECTER WEALTH MANAGEMENT, LLC","SHLECTER WEALTH MANAGEMENT, LLC"
167975,"SALMON BAY WEALTH MANAGEMENT, LLC","SALMON BAY WEALTH MANAGEMENT, LLC"
167976,ARRIVITY FINANCIAL PLANNING,"603 FINANCIAL, INC."
167996,MATTERHORN FINANCIAL PLANNING,MATTERHORN FINANCIAL PLANNING LLC
168007,"HOLDFAST WEALTH MANAGEMENT, LLC","HOLDFAST WEALTH MANAGEMENT, LLC"
168008,WEALTH KEEPERS,"BONN II, CARL FRED"
168084,"COMPOUND VALUE ADVISERS, LLC","COMPOUND VALUE ADVISERS, LLC"
168089,ERA CAPITAL MANAGEMENT LLC,ERA CAPITAL MANAGEMENT LLC
168102,TULA INVESTMENT GROUP LLC,TULA INVESTMENT GROUP LLC
168135,"INVEST SMART USA, INC.","INVEST SMART USA, INC."
168190,INPLAY GLOBAL ADVISORS,"TICKEL, GARY ARNOLD"
168207,SHRI ADVISORS,SHRI ADVISORS LLC
168232,WOVEN PROSPERITY,"EDDINGER, NATHAN CHARLES"
168249,ACORN FINANCIAL PLANNING,"PEARL, AMY"
168305,WALSH FINANCIAL CONSULTING,"WALSH FINANCIAL, PC"
168317,"GUIDEWAY FINANCIAL, LLC","GUIDEWAY FINANCIAL, LLC"
168353,GREENWAY FINANCIAL ADVISORS LLC,GREENWAY FINANCIAL ADVISORS LLC
168392,"MT RYAN, INC.","MT RYAN, INC."
168464,"LINCH FINANCIAL, LLC","LINCH FINANCIAL, LLC"
168482,WAYUP WEALTH BUILDING GROUP,"WEI,ED"
168486,ALTAMIRA CAPITAL MANAGEMENT LLC,ALTAMIRA CAPITAL MANAGEMENT LLC
168497,ESOTERIC WEALTH PARTNERS LLC,ESOTERIC WEALTH PARTNERS LLC
168510,MURAPA INVESTMENTS,MURAPA INVESTMENTS INC.
168512,THE ELLIOTT GROUP,THE ELLIOTT GROUP.BIZ LLC
168521,CWS ASSET MANAGEMENT,"SCHIEFERLE, COLE"
168530,"PRISM FINANCIAL PLANNING, LLC","PRISM FINANCIAL PLANNING, LLC"
168549,RAMPART ASSET MANAGEMENT LLC,RAMPART ASSET MANAGEMENT LLC
168568,CRUSE INVESTMENTS,"CRUSE, JOHN MICHAEL"
168574,KEYSTONE ADVISORY GROUP,"THE MONROE TEAM, INC"
168580,EXCITEN CAPITAL LLC,EXCITEN CAPITAL LLC
168632,"IWD CAPITAL MANAGEMENT, LLC","IWD CAPITAL MANAGEMENT, LLC"
168653,NOTO FINANCIAL PLANNING,"NOTO FINANCIAL PLANNING, LLC"
168667,"RH2 WEALTH ADVISORS, LLC","RH2 WEALTH ADVISORS, LLC"
168689,"SAPIENT ROAD WEALTH MANAGEMENT, LLC","SAPIENT ROAD WEALTH MANAGEMENT, LLC"
168699,CYCLUS WEALTH MANAGEMENT,"CYCLUS WEALTH MANAGEMENT, INC."
168702,"GAYLORD WEALTH MANAGEMENT, LLC","GAYLORD WEALTH MANAGEMENT, LLC"
168711,NAVIGATE FINANCIAL LLC,NAVIGATE FINANCIAL LLC
168715,HOUSTON WEALTH MANAGEMENT,HOUSTON WEALTH MANAGEMENT LLC
168725,"CLIVEDEN CAPITAL MANAGEMENT, LLC","CLIVEDEN CAPITAL MANAGEMENT, LLC"
168751,GRANT THORNTON FINANCIAL ADVISORS LLC,GRANT THORNTON FINANCIAL ADVISORS LLC
168783,NATIVE FINANCE INVESTMENT ADVISORY,"TAM, CYNTHIA JACQUELINE"
168810,"PORTICO FINANCIAL GROUP, LLC","PORTICO FINANCIAL GROUP, LLC"
168857,CLEMENTS INVESTMENT MANAGEMENT,"CLEMENTS INVESTMENT MANAGEMENT, INC."
168924,HEISER INVESTMENT ADVISERS,"HEISER, WILLIAM CAULFIELD"
168938,"CLARITY NORTHWEST WEALTH MANAGEMENT, LLC","CLARITY NORTHWEST WEALTH MANAGEMENT, LLC"
168953,"SHUYI KONG WEALTH MANAGEMENT, INC.","SHUYI KONG WEALTH MANAGEMENT, INC."
168959,WESTFACE FINANCIAL ADVISORY,PACELINE LLC
168994,ARGUS WEALTH MANAGEMENT,"ARGUS WEALTH MANAGEMENT, LLC"
169000,"DIREWOLF WEALTH MANAGEMENT, LLC","GOVERNING DYNAMICS, LLC"
169022,TRIMARAN CAPITAL,TRIMARAN CAPITAL LLC
169043,"HEGDAHL INVESTMENT MANAGEMENT, LLC","HEGDAHL INVESTMENT MANAGEMENT, LLC"
169050,OXFORD CHASE ADVISORS LLC,OXFORD CHASE ADVISORS LLC
169098,R5 CAPITAL MANAGEMENT,"R5 CAPITAL, LLC"
169106,"SPEIGHT ASSET MANAGEMENT, LLC","SPEIGHT ASSET MANAGEMENT, LLC"
169122,IRON OAK CAPITAL MANAGEMENT,"IRON OAK CAPITAL MANAGEMENT, LLC"
169136,"NEWLEAF WEALTH MANAGEMENT, LLC","NEWLEAF WEALTH MANAGEMENT, LLC"
169148,"BAPCD, INC.","BAY AREA & PACIFIC COAST DEVELOPMENT, INC."
169170,MARK T. HARVEY INVESTMENTS,"HARVEY, MARK T."
169190,ALTA PACIFIC WEALTH MANAGEMENT LLC,"ALTA PACIFIC WEALTH MANAGEMENT, LLC"
169221,TABAR GAUL LLC,"GAUL, HARRY WILLIAM"
169250,"SUMMER FIELDS INVESTMENTS, LLC","SUMMER FIELDS INVESTMENTS, LLC"
169270,LUMINARY FINANCIAL PLANNING,SEGHETTI HOLDINGS LLC
169271,BROWNING CAPITAL MANAGEMENT LLC,BROWNING CAPITAL MANAGEMENT LLC
169281,"AIM ADVISORY GROUP, LLC","AIM ADVISORY GROUP, LLC"
169324,"CONTINUUM WEALTH STRATEGIES, LLC","CONTINUUM WEALTH STRATEGIES, LLC"
169343,BROWN FINANCIAL GROUP,"M.E.B. FINANCIAL GROUP, LLC"
169375,MARGO PARK FINANCIAL,MARGO PARK LLC
169376,CYPRESS POINT FINANCIAL ADVISORS,CYPRESS POINT FINANCIAL ADVISORS
169383,"STKEROS FINANCIAL PLANNING, LLC","STKEROS FINANCIAL PLANNING, LLC"
169389,"EMPOWERED RETIREMENT, INC.","EMPOWERED RETIREMENT, INC."
169427,OAKLEY CAPITAL GROUP,"OAKLEY IV, FANNING TUCKER"
169437,"CSJ WEALTH MANAGEMENT, LLC","CSJ WEALTH MANAGEMENT, LLC"
169442,"SPIRIT GLOBAL INVESTMENT ADVISORS, LLC","SPIRIT GLOBAL INVESTMENT ADVISORS, LLC"
169448,"MG FINANCIAL, INC.","MG FINANCIAL, INC."
169461,"M3 ASSET MANAGEMENT, INC.","M3 ASSET MANAGEMENT, INC."
169464,ANNECY LLC,ANNECY LLC
169468,BCD ADVISORS,BEACON CAPITAL DISTRIBUTORS ADVISORS
169490,MB ADVISORS LLC,MB ADVISORS LLC
169518,VIRTUOSO WEALTH MANAGEMENT,RAYMOND R. RUSSO
169524,"CAMELBACK CAPITAL MANAGEMENT, LLC","CAMELBACK CAPITAL MANAGEMENT, LLC"
169527,GAGNI WEALTH MANAGEMENT LLC,GAGNI ASSET MANAGEMENT LLC
169643,JAMES CURTIS FINANCIAL AND INSURANCE SERVICES,"JAMES CURTIS ENTERPRISES, INC."
169648,"ATLAS PEAK ADVISORS, INC.","ATLAS PEAK ADVISORS, INC."
169664,"THE LYND GROUP ADVISORS, LLC","THE LYND GROUP ADVISORS, LLC"
169692,WESTERN STATES INVESTMENTS,"WEYHGANDT II, JOHN WESLEY"
169706,VALLEY REGIONAL CAPITAL MANAGEMENT LLC,VALLEY REGIONAL CAPITAL MANAGEMENT LLC
169810,HARRIS WEALTH MANAGEMENT,BRIAN HARRIS INC.
169827,"STERLING ADVISORY SERVICES, LLC","STERLING ADVISORY SERVICES, LLC"
169869,PNR FINANCIAL SERVICES LLC,PNR FINANCIAL SERVICES LLC
169905,"ZERO GRAVITY FINANCIAL, LLC","ZERO GRAVITY FINANCIAL, LLC"
169941,"HATFIELD INSURANCE & FINANCIAL SERVICES, INC.","HATFIELD INSURANCE & FINANCIAL SERVICES, INC."
169966,THE FINANCIAL GROUP,"TFG INVESTMENT MANAGEMENT, LLC"
170014,"SDM ADVISORS, LLC","SDM ADVISORS, LLC"
170057,"CLEARBROOK INVESTMENT MANAGEMENT, LLC","CLEARBROOK INVESTMENT MANAGEMENT, LLC"
170075,TK^2 ADVISERS,TK2 ADVISERS LLC
170085,"CSW PARTNERS, LLC","CSW PARTNERS, LLC"
170100,"NETVEST FINANCIAL, L.L.C.","NETVEST FINANCIAL, L.L.C."
170147,"ALDER COVE CAPITAL, LLC","ALDER COVE CAPITAL, LLC"
170190,"CHENG WEALTH MANAGEMENT, LLC",CHENG WEALTH MANAGEMENT LLC
170194,SAR WEALTH MANAGEMENT,SAR GROUP LLC
170213,"SOMERSET WEALTH MANAGEMENT, LLC","SOMERSET WEALTH MANAGEMENT, LLC"
170239,"BALANCE FINANCIAL PLANNING, LLC","BALANCE FINANCIAL PLANNING, LLC"
170264,SOLID ROCK WEALTH MANAGEMENT,"SOLID ROCK WEALTH MANAGEMENT, INC."
170269,GLOBAL KEY ADVISORS,GLOBAL KEY MANAGEMENT LLC
170272,"PICCOLO INVESTMENT CONSULTING, LLC","PICCOLO INVESTMENT CONSULTING, LLC"
170279,ZECHES WEALTH MANAGEMENT,"ZECHES WEALTH MANAGEMENT GROUP, LLC"
170281,FAMILY INVESTMENT MANAGEMENT L.P.,FAMILY INVESTMENT MANAGEMENT L.P.
170285,FM CAPITAL GROUP,FM CAPITAL GROUP LLC
170317,"FESTOG CAPITAL, LLC","FESTOG CAPITAL, LLC"
170327,"DIVERSIFIED WEALTH MANAGEMENT SOLUTIONS, LLC","DIVERSIFIED WEALTH MANAGEMENT SOLUTIONS, LLC"
170360,"STANTUM, LLC","STANTUM, LLC"
170400,WARD CAPITAL MANAGEMENT LLC,WARD CAPITAL MANAGEMENT LLC
170424,"PATHWAY FINANCIAL SERVICES, LLC","PATHWAY FINANCIAL SERVICES, LLC"
170441,"SOLUTIA GLOBAL, LLC","SOLUTIA GLOBAL, LLC"
170453,C FINANCIAL AND TAX ASSOCIATES,TAX & INSURANCE SERVICES INCORPORATED
170463,"RCX CAPITAL GROUP ADVISORS, LLC","RCX CAPITAL GROUP ADVISORS, LLC"
170468,L SQUARED WEALTH MANAGEMENT,L SQUARED WEALTH MANAGEMENT LLC
170479,LAGRANDE GLOBAL LLC,LAGRANDE GLOBAL LLC
170484,"BARON FINANCIAL ADVISORS, LLC","BARON FINANCIAL ADVISORS, LLC"
170486,SAN GABRIEL CAPITAL,"SAN GABRIEL CAPITAL, LLC"
170523,BRUNGER FINANCIAL,BRUNGER FINANCIAL LLC
170548,"ALEXANDER D COHEN INVESTMENTS, LLC","ALEXANDER D COHEN INVESTMENTS, LLC"
170585,"BIRD CAPITAL GROUP, INC.","BIRD CAPITAL GROUP, INC."
170601,"WEALTHARCH INVESTMENT SERVICES, LLC","WEALTHARCH INVESTMENT SERVICES, LLC"
170647,"METHOD FINANCE, LLC","METHOD FINANCE, LLC"
170672,CAPROCK CAPITAL ADVISORS INC.,"CAPROCK CAPITAL ADVISORS, INC."
170742,QUEST INVESTMENT FIRM,QUEST INVESTMENT FIRM
170757,ROYAL OAKS ADVISORS LLC,ROYAL OAKS ADVISORS LLC
170789,PROCESS DESIGN CAPITAL MANAGEMENT LLC,PROCESS DESIGN CAPITAL MANAGEMENT LLC
170829,MAGISTER WEALTH,MAGISTER WEALTH GROUP LLC
170852,"WEALTH MANAGEMENT INVESTMENT ADVISORS, LLC","WMA FINANCIAL, LLC"
170863,ORANGE COUNTY ASSET MANAGEMENT,"AIDEKMAN, ALAN"
170868,"HOLYOAK WEALTH MANAGEMENT, LLC","HOLYOAK WEALTH MANAGEMENT, LLC"
170897,INDEPENDENCE WEALTH GROUP,"G. H. WEALTH MANAGEMENT, LLC"
170904,"ROSHELEN, INC.","ROSHELEN, INC."
170929,"INNOVATIVE WEALTH PARTNERS, LLC","INNOVATIVE WEALTH PARTNERS, LLC"
170938,"HARRIS WEALTH ADVISORS, LLC","HARRIS WEALTH ADVISORS, LLC"
170951,"BAKER & ASSOCIATES REGISTERED INVESTMENT ADVISORS, LLC","BAKER & ASSOCIATES REGISTERED INVESTMENT ADVISORS, LLC"
171008,IRONWOOD WEALTH MANAGEMENT LLC,IRONWOOD WEALTH MANAGEMENT LLC
171019,"INVASOR CAPITAL MANAGEMENT, LLC","INVASOR CAPITAL MANAGEMENT, LLC"
171043,LATTICEWORK CAPITAL,"LATTICEWORK CAPITAL, LLC"
171045,"ADAPTIVE WEALTH, LLC","ADAPTIVE WEALTH, LLC"
171049,"BURRIS WEALTH MANAGEMENT, INC.","BURRIS WEALTH MANAGEMENT, INC."
171066,JLA INVESTMENT MANAGEMENT,JOSEPH L. ALDRIDGE
171082,THREE OAKS WEALTH,"THREE OAKS CAPITAL MANAGEMENT, LLC"
171095,"RESONANCE FINANCIAL, LLC","RESONANCE FINANCIAL, LLC"
171096,"SABRIENT SYSTEMS, LLC","SABRIENT SYSTEMS, LLC"
171145,CHAIM INVESTMENT ADVISORS LLC,CHAIM INVESTMENT ADVISORS LLC
171157,WILSON INVESTMENT SERVICES,"WILSON INVESTMENT SERVICES, LLC"
171162,"REED CAPITAL MANAGEMENT, LLC","REED CAPITAL MANAGEMENT, LLC"
171169,ARROWHEAD WEALTH MANAGEMENT CORP.,ARROWHEAD WEALTH MANAGEMENT CORP.
171175,GOOD LIFE WEALTH MANAGEMENT LLC,GOOD LIFE WEALTH MANAGEMENT LLC
171206,PARABOLIC ASSET MANAGEMENT LLC,PARABOLIC ASSET MANAGEMENT LLC
171261,MADRONA WEALTH MANAGEMENT LLC,MADRONA WEALTH MANAGEMENT LLC
171307,GARABEDIAN WEALTH MANAGEMENT GROUP,"GARABEDIAN WEALTH MANAGEMENT GROUP, INC."
171312,SDMI INSURANCE AND FINANCIAL SERVICES,"MOELLER, STEVEN DIETER"
171313,"SUMMIT FAMILY OFFICE SERVICES, LLC","SUMMIT FAMILY OFFICE SERVICES, LLC"
171325,"COURSE 26, LLC","COURSE 26, LLC"
171327,"KMR WEALTH ADVISORY, LLC","KMR WEALTH ADVISORY, LLC"
171331,"BLUEPRINT FINANCIAL ADVISORS, LLC",BLUEPRINT FINANCIAL CONSULTANTS LLC
171360,"CRIMSON OAK WEALTH MANAGEMENT, LLC","CRIMSON OAK WEALTH MANAGEMENT, LLC"
171362,"FORWARD WEALTH MANAGEMENT, LLC","FORWARD WEALTH MANAGEMENT, LLC"
171381,BURTON WEALTH MANAGEMENT,"DONALD E. BURTON, LLC"
171407,"SPEIRO INVESTMENTS, LLC","SPEIRO INVESTMENTS, LLC"
171409,"7SUMMIT ADVISORS, LLC","7SUMMIT ADVISORS, LLC"
171421,"RUFUS HAYES ASSET MANAGEMENT, LLC","RUFUS HAYES ASSET MANAGEMENT, LLC"
171446,"WEALTH MANAGEMENT OF KENTUCKY, INC.","WEALTH MANAGEMENT OF KENTUCKY, INC."
171463,EPIPHANY WEALTH MANAGEMENT,EPIPHANY WEALTH MANAGEMENT LLC
171464,DOGPATCH WEALTH,DOGPATCH CAPITAL LLC
171531,CONAGHAN FINANCIAL SERVICES,"CONAGHAN, ALEXANDER CHRISTOPHER"
171535,"SMARTT WEALTH SOLUTIONS, LLC","SMARTT WEALTH SOLUTIONS, LLC"
171540,"WOVEN CAPITAL, LLC","WOVEN CAPITAL, LLC"
171609,YOUR RICHEST LIFE,"YOUR RICHEST LIFE, LLC"
171614,"INNOVATIVE FINANCIAL ADVISORS, LLC","INNOVATIVE FINANCIAL ADVISORS, LLC"
171641,LW PACIFIC INVESTMENTS LLC,LW PACIFIC INVESTMENTS LLC
171644,"LONG LAKE CAPITAL MANAGEMENT, LLC","LONG LAKE CAPITAL MANAGEMENT, LLC"
171681,HEMISPHERES INVESTMENT MANAGEMENT,"HEMISPHERES INVESTMENT MANAGEMENT, INC."
171693,"AEGIS WEALTH PARTNERS, LLC","AEGIS WEALTH PARTNERS, LLC"
171719,WALSVICK WEALTH MANAGEMENT,"WALSVICK WEALTH MANAGEMENT, LLC"
171754,SIERRA MADRE PARTNERS LLC,SIERRA MADRE PARTNERS LLC
171758,CONCENTRATED RISK SOLUTIONS INC.,CONCENTRATED RISK SOLUTIONS INC.
171766,"FSR WEALTH MANAGEMENT, LLC","FSR WEALTH MANAGEMENT, LLC"
171808,TENERE FINANCIAL,TENERE LLC
171840,"KNIGHT AND COMPANY WEALTH ADVISORS, LLC","KNIGHT AND COMPANY WEALTH ADVISORS, LLC"
171866,"MISSION HILL ADVISORS, LLC","MISSION HILL ADVISORS, LLC"
171895,"ENDURANCE CAPITAL PARTNERS, LLC","ENDURANCE CAPITAL PARTNERS, LLC"
171913,"EMERALD WEALTH MANAGEMENT, INC.","EMERALD WEALTH MANAGEMENT, INC."
171921,TIERCEL CAPITAL TEXAS LLC,TIERCEL CAPITAL TEXAS LLC
171946,ORIGIN WEALTH ADVISERS,ORIGIN WEALTH ADVISERS LLC
172023,"WILSON, MARK HENRY","WILSON, MARK HENRY"
172040,"CAPSTONE WEALTH MANAGEMENT, INC","CAPSTONE WEALTH MANAGEMENT, INC"
172090,IWC FINANCIAL PLANNING,"IMA LIVE, LLC"
172091,"CAVINESS WEALTH MANAGEMENT, LLC","CAVINESS WEALTH MANAGEMENT, LLC"
172094,"THE VON DOHLEN KNUFFKE FINANCIAL GROUP, LLC","THE VON DOHLEN KNUFFKE FINANCIAL GROUP, LLC"
172101,360DIVIDENDS,"LIRA, MARCOS HUGO"
172102,MANAGED ASSET WEALTH MANAGEMENT LLC,MANAGED ASSET WEALTH MANAGEMENT LLC
172117,CALLAWAY FINANCIAL SERVICES,"CFS ADVISORS, LLC"
172147,"ARROWSTONE WEALTH, LLC","ARROWSTONE WEALTH, LLC"
172209,CLEAR CAPITAL MANAGEMENT LP,CLEAR CAPITAL MANAGEMENT LP
172218,MONTECITO INVESTMENT STRATEGIES,"STRANDBERG, DAVE WILLIAM"
172296,WLFB INC,WLFB INC
172308,"STEVEN P. SIEGEL, LTD.","STEVEN P. SIEGEL, LTD."
172330,"ALLIANCE WEALTH MANAGEMENT, LLC","ALLIANCE WEALTH MANAGEMENT, LLC"
172368,BARRY E. REYNOLDS CPA PC,BARRY E. REYNOLDS CPA PC
172375,ELEVATE FINANCIAL,ELEVATE FINANCIAL LLC
172378,GREEN STREET,"GREEN STREET ADVISORS, LLC"
172396,PANORAMIC FINANCIAL,PANORAMIC FINANCIAL ADVICE INC.
172412,"SFO CAPITAL, INC.","SFO CAPITAL, INC."
172428,DYAD FINANCIAL GROUP,DYAD FINANCIAL GROUP LLC
172429,PNW ASSET MANAGEMENT,"PACIFIC NORTHWEST ASSET MANAGEMENT, LLC"
172485,A. TO Z. FINANCIAL CONSULTING AND WEALTH MANAGEMENT,"ZUBAN, ANATOLY TONY"
172507,"CONSPECTA CAPITAL, LLC","CONSPECTA CAPITAL, LLC"
172531,PERSONAL BENEFITS PLANNING LLC,PERSONAL BENEFITS PLANNING LLC
172552,BURGE FINANCIAL,"BURGE FINANCIAL, INC."
172558,THRIVE FINANCIAL PLANNING,FRUITFUL FINANCIAL PLANNING INC.
172563,"DEAN WEALTH MANAGEMENT, LLC","DEAN WEALTH MANAGEMENT, LLC"
172613,"PRIVATE CLIENT WEALTH ADVISORS, LLC","PRIVATE CLIENT WEALTH ADVISORS, LLC"
172634,EVERLONG FINANCIAL,"EVERLONG FINANCIAL, LLC"
172639,"NOMAD CAPITAL GROUP, LLC","NOMAD CAPITAL GROUP, LLC"
172657,"ADVISORS WEALTH MANAGEMENT, INC","ADVISORS WEALTH MANAGEMENT, INC"
172692,BUSINE WEALTH,BUSINE LLC
172695,P/E CAPITAL INVESTMENTS,P/E CAPITAL INVESTMENT MANAGEMENT PARTNERS
172701,WALLER FINANCIAL COACHING,"WALLER FINANCIAL COACHING, INC."
172724,ALPHA PRIVATE WEALTH ADVISORS LLC,ALPHA PRIVATE WEALTH ADVISORS LLC
172730,"THE IVY LEAGUE ADVISORY GROUP, LLC","THE IVY LEAGUE ADVISORY GROUP, LLC"
172745,"GRANITE STATE CAPITAL MANAGEMENT, LLC","GRANITE STATE CAPITAL MANAGEMENT, LLC"
172750,"ACCEL ADVISORS, INC.","ACCEL ADVISORS, INC."
172755,CRANE INVESTMENTS INC,CRANE INVESTMENTS INC
172781,"JEFF ELLIOTT, CFP®",LEGACY FINANCIAL PLANNING LLC
172856,"ARGENT WEALTH ADVISORS, LLC","ARGENT WEALTH ADVISORS, LLC"
172872,AMIJAG ADVISORS LLC,AMIJAG ADVISORS LLC
172984,"TREMONT STREET ADVISORS, LLC","TREMONT STREET ADVISORS, LLC"
172985,"MAVERICK VALUE, LLC","MAVERICK VALUE, LLC"
172999,"PEMBROKE ASSET ADVISORS, LLC","PEMBROKE ASSET ADVISORS, LLC"
173028,FIT FINANCIAL CONSULTING LLC,FIT FINANCIAL CONSULTING LLC
173062,"SOCAL PLANNERS, INC","SOCAL PLANNERS, INC"
173130,THE SUMMIT GROUP,"ARGENTA CAPITAL MANAGEMENT, LLC"
173139,"ROTHMAN INVESTMENT MANAGEMENT, LLC","ROTHMAN INVESTMENT MANAGEMENT, LLC"
173205,PAKHA INVESTMENT ADVISORY,PAKHA INVESTMENT ADVISORY
173235,FINANCIAL CONSULTING SERVICES,"LASETER, DONALD LEE"
173286,HEDGEWISE,"HEDGEWISE, INC."
173290,"COPIAM WEALTH MANAGEMENT, LLC","COPIAM WEALTH MANAGEMENT, LLC"
173342,"BLUE TOWER ASSET MANAGEMENT, LLC","BLUE TOWER ASSET MANAGEMENT, LLC"
173349,"DISCIPLINED MONEY, LLC","DISCIPLINED MONEY, LLC"
173395,"EVIDENCE BASED INVESTING, LLC","EVIDENCE BASED INVESTING, LLC"
173397,"VAIL RIDGE CAPITAL, LLC","VAIL RIDGE CAPITAL, LLC"
173448,VEDA FINANCIAL INVESTMENT ADVISORY,VEDA FINANCIAL
173456,"NORFIELD CAPITAL, LLC","NORFIELD CAPITAL, LLC"
173457,"PACIFIC HAVEN FINANCIAL, LLC","PACIFIC HAVEN FINANCIAL, LLC"
173526,BONNEMA WEALTH MANAGEMENT LLC,BONNEMA WEALTH MANAGEMENT LLC
173541,"ROSASHARN INVESTMENT MANAGEMENT, LLC","ROSASHARN INVESTMENT MANAGEMENT, LLC"
173548,"PARTNER WEALTH MANAGEMENT, LLC","PARTNER WEALTH MANAGEMENT, LLC"
173606,"CAVNER SOCIAL ENTERPRISES, LLC","CAVNER SOCIAL ENTERPRISES, LLC"
173610,WIEDOWER CAPITAL,"WIEDOWER CAPITAL, LLC"
173628,MASON FINANCIAL SERVICES,MASON FINANCIAL SERVICES INC
173633,CANNON WEALTH GROUP LLC,CANNON WEALTH GROUP LLC
173642,FIRST SIGMA CAPITAL LLC,FIRST SIGMA CAPITAL LLC
173660,ZEBRA CROSSING ASSET MANAGEMENT LLC,ZEBRA CROSSING ASSET MANAGEMENT LLC
173714,ABSOLUTE ALPHA CORP,JEANIE FIELDER EYMONTT
173759,"SAHNI, INC.","SAHNI, INC."
173796,ALIGNED ADVISORS,ALIGNED ADVISORS
173814,"MEADOWPARK CAPITAL, LLC","MEADOWPARK CAPITAL, LLC"
173821,"ATX PORTFOLIO ADVISORS, LLC","ATX PORTFOLIO ADVISORS, LLC"
173831,LAKELAND WEALTH MANAGEMENT LLC,LAKELAND WEALTH MANAGEMENT LLC
173846,"STEWARD FAMILY OFFICE, INC.","STEWARD FAMILY OFFICE, INC."
173854,"QUBED CAPITAL, LLC","QUBED CAPITAL, LLC"
173864,"STEP FINANCIAL SERVICES, LLC","STEP FINANCIAL SERVICES, LLC"
173871,ALLEGORY ADVISORY,ALLEGORY ADVISORY LLC
173878,"JECOHEN & CO., LLC","JECOHEN & CO., LLC"
173900,"INNOVA WEALTH, LLC","INNOVA WEALTH, LLC"
173915,JW HECHT WEALTH MANAGEMENT LLC,JW HECHT WEALTH MANAGEMENT LLC
173919,TOWN LAKE CAPITAL MANAGEMENT,"RIPLEY CAPITAL MANAGEMENT, LLC"
173953,GD INVESTMENT ADVISERS LLC,GD INVESTMENT ADVISERS LLC
173964,"SWAN DFW FINANCIAL SOLUTIONS, LLC","SWAN DFW FINANCIAL SOLUTIONS, LLC"
173968,"MONTGOMERY WEALTH MANAGEMENT, LLC","MONTGOMERY WEALTH MANAGEMENT, LLC"
174001,"PAMELA KRUEGER AND COMPANY, INC.","PAMELA KRUEGER AND COMPANY, INC."
174041,STARBORD LLC,STARBORD LLC
174067,TARTAN CAPITAL ADVISORS LLC,TARTAN CAPITAL ADVISORS LLC
174198,REDMOUNT CAPITAL PARTNERS LLC,REDMOUNT CAPITAL PARTNERS LLC
174293,"BIRD ROCK MANAGEMENT, LLC","BIRD ROCK MANAGEMENT, LLC"
174315,"PROBERT INVESTMENT ADVISERS, LLC","PROBERT INVESTMENT ADVISERS, LLC"
174344,AFFIRMATIVE FINANCIAL SERVICES,"YAMASAKI, DENNIS K"
174383,"GSR CAPITAL MANAGEMENT, INC.","GSR CAPITAL MANAGEMENT, INC."
174421,"DES FINANCIAL GROUP, LLC","DES FINANCIAL GROUP, LLC"
174431,"COX ADVISORS, LLC","COX ADVISORS, LLC"
174462,"VESTED LEGACY WEALTH MANAGEMENT, L.P.","VESTED LEGACY WEALTH MANAGEMENT, L.P."
174473,ACENTRUS FINANCIAL PARTNERS LLC,ACENTRUS FINANCIAL PARTNERS LLC
174512,THE FINANCIAL CHASE LLC,FLOYD FINANCIAL SERVICES LLC
174527,"SEQUOIA PRIVATE WEALTH MANAGEMENT, LLC","SEQUOIA PRIVATE WEALTH MANAGEMENT, LLC"
174535,SAWYER INVESTMENT MANAGEMENT COMPANY,"SAWYER, RYAN ALEXANDER"
174568,"ARISTOBULUS INVESTMENT MANAGEMENT, LLC","ARISTOBULUS INVESTMENT MANAGEMENT, LLC"
174637,BRENNAN ASSET MANAGEMENT,"BRENNAN ASSET MANAGEMENT, LLC"
174674,"CAMPBELL ADVISORY SERVICES, LLC","CAMPBELL ADVISORY SERVICES, LLC"
174703,ALPINE ASSET MANAGEMENT,ALPINE ASSET MANAGEMENT LLC
174727,RISK OVERLAY ASSOCIATES LLC,RISK OVERLAY ASSOCIATES LLC
174813,"KROZEL CAPITAL MANAGEMENT, LLC","KROZEL CAPITAL MANAGEMENT, LLC"
174819,KODIAK CAPITAL ADVISORS LLC,KODIAK CAPITAL ADVISORS LLC
174860,R.E.A.L. COACH,"WILSON, JAN DALY"
174871,FENGCAPITAL LLC,FENGCAPITAL LLC
174893,DPH FINANCIAL,DPH FINANCIAL LLC
174928,"MORGAN STEVENS ASSET MANAGEMENT, LLC","MORGAN STEVENS ASSET MANAGEMENT, LLC"
174967,CUBED SYSTEMS,BAFFA JR. ROBERT PATRICK
174994,HINDE GROUP LLC,HINDE GROUP LLC
175023,FIT ADVISORS LLC,FIT ADVISORS LLC
175086,JMO FINANCIAL,"JAMES M. O'BRIEN, INC."
175099,"CAPITAL BENCHMARK PARTNERS, LLC","CAPITAL BENCHMARK PARTNERS, LLC"
175113,KROEGER FINANCIAL PARTNERS,KROEGER FINANCIAL PARTNERS
175138,"PRESTONWOOD CAPITAL MANAGEMENT, LLC","PRESTONWOOD CAPITAL MANAGEMENT, LLC"
175152,"OPEN SQUARE CAPITAL, LLC","OPEN SQUARE CAPITAL, LLC"
175153,"STRATEGIC FINANCIAL GROUP, PLC","STRATEGIC FINANCIAL GROUP, PLC"
175155,IMPACTADVISOR LLC,IMPACTADVISOR LLC
175189,"IAPETUS CAPITAL, INC.","IAPETUS CAPITAL, INC."
175197,"LEGACY WEALTH CAPITAL, LLC.","LEGACY WEALTH CAPITAL, LLC."
175210,SILVERLAKE PORTFOLIO ADVISORS LLC,SILVERLAKE PORTFOLIO ADVISORS LLC
175235,"ENDURANCE PRIVATE INVESTMENTS MANAGER, LLC","ENDURANCE PRIVATE INVESTMENTS MANAGER, LLC"
175242,"GUIDING WEALTH MANAGEMENT, LLC","GUIDING WEALTH MANAGEMENT, LLC"
175286,BENZER CAPITAL,"BENZER CAPITAL, LLC"
175296,"OPEN RANGE FINANCIAL GROUP, LLC","OPEN RANGE FINANCIAL GROUP, LLC"
175315,SOFTWEALTH,SOFTWEALTH LLC
175321,"TRUTTA CAPITAL, INC.","TRUTTA CAPITAL, INC."
175324,INNOVATIVE WEALTH ADVISORS LLC,INNOVATIVE WEALTH ADVISORS LLC
175336,DREAMWORK FINANCIAL GROUP,"DREAMWORK, LLC"
175355,"ELDRIDGE STREET ASSET MANAGEMENT, LLC","ELDRIDGE STREET ASSET MANAGEMENT, LLC"
175365,"SAVEVEST, LLC","SAVEVEST, LLC"
175408,ELLS FINANCIAL SERVICES LLC,ELLS FINANCIAL SERVICES LLC
175416,"PRUDENT PROSPERA PLANNING, INC.","PRUDENT PROSPERA PLANNING, INC."
175424,"OPTURA ADVISORS, INC.","OPTURA ADVISORS, INC."
175449,JARDINE FINANCIAL GROUP,"JARDINE FINANCIAL GROUP, LLC"
175450,ALPHA FINANCIAL NORDIC,ALPHA FINANCIAL NORDIC LLC
175485,"WILLIAMS 360 FINANCIAL ADVISORY, LLC","WILLIAMS 360 FINANCIAL ADVISORY, LLC"
175500,"ROGERS CAPITAL ADVISORS, LLC","ROGERS CAPITAL ADVISORS, LLC"
178515,"STANFORD PACIFIC FUND MANAGEMENT, LLC","STANFORD PACIFIC FUND MANAGEMENT, LLC"
179529,VINEYARD WEALTH ADVISORY LLC,VINEYARD WEALTH ADVISORY LLC
179534,SCOPE WEALTH MANAGEMENT,"SCOPE WEALTH MANAGEMENT, LLC"
181525,"LEGACY 401K PARTNERS, LLC","LEGACY 401K PARTNERS, LLC"
182522,UNLEASHED FINANCIAL LLC,UNLEASHED FINANCIAL LLC
183518,ACCLARO WEALTH MANAGEMENT,"ACCLARO WEALTH MANAGEMENT, LLC"
184512,"PHASE TWO CAPITAL, LLC","PHASE TWO CAPITAL, LLC"
188513,SAMPATTI FINANCIAL LLC,SAMPATTI FINANCIAL LLC
189512,"ARCWOOD FINANCIAL, LLC","ARCWOOD FINANCIAL, LLC"
192517,"YU FINANCIAL ADVICE, LLC","YU FINANCIAL ADVICE, LLC"
194517,MARKET GAUGE ASSET MANAGEMENT,"MARKET GAUGE ASSET MANAGEMENT, LLC"
202511,"REPPOND INVESTMENTS, INC.","REPPOND INVESTMENTS, INC."
202512,STEWARDSHIP WEALTH ADVISORS,"STEWARDSHIP FOR LIFE, INC."
202514,"WOODLANDS CAPITAL MANAGEMENT, LLC","WOODLANDS CAPITAL MANAGEMENT, LLC"
213517,LAKESIDE FINANCIAL INC.,LAKESIDE FINANCIAL INC.
215513,ASCENDANT CAPITAL MANAGEMENT,ASCENDANT CAPITAL MANAGEMENT
218515,"CONCINNUS FINANCIAL, INC","CONCINNUS FINANCIAL, INC"
218518,MONEY POSITIVE,MONEY POSITIVE COOPERATIVE
219513,DAVENPORT WEALTH ADVISORS,"DAVENPORT, GLEN JARED"
219515,"GLACIER POINT ADVISORS, LLC","GLACIER POINT ADVISORS, LLC"
221521,CUMULUS ADVISORS LLC,CUMULUS ADVISORS LLC
222516,"SIGNAL FINANCIAL PLANNING, LLC","SIGNAL FINANCIAL PLANNING, LLC"
224517,"ASPEN TRAIL WEALTH MANAGEMENT, LLC","ASPEN TRAIL WEALTH MANAGEMENT, LLC"
226561,"CIMARRON WEALTH MANAGEMENT, LLC","CIMARRON WEALTH MANAGEMENT, LLC"
226609,JENSEN CAPITAL ASSET MANAGEMENT,"JENSEN CAPITAL ASSET MANAGEMENT, LLC"
226623,VAULKSHIRE INVESTMENT ADVISORS,VAULKSHIRE LLC
226649,PACIFIC OAK FINANCIAL PLANNING LLC,PACIFIC OAK FINANCIAL PLANNING LLC
226663,"J I MEDINA INVESTMENTS, LLC","J I MEDINA INVESTMENTS, LLC"
226668,OAK PEAK FINANCIAL,"MARTIN, KEVIN BAYARD"
226679,"RAVENWOOD CAPITAL MANAGEMENT, LLC","RAVENWOOD CAPITAL MANAGEMENT, LLC"
226712,KRAMMER FINANCIAL,KRAMMER FINANCIAL LLC
226736,"PHYSICIANS INVESTMENT ADVISORY SERVICES OF TEXAS, LLC","PHYSICIANS INVESTMENT ADVISORY SERVICES OF TEXAS, LLC"
230786,CAMBYSES FINANCIAL ADVISORS,CAMBYSES FINANCIAL ADVISORS
235789,SUNRISE CAPITAL MANAGEMENT LLC,SUNRISE CAPITAL MANAGEMENT LLC
235790,"PECKHAM, DAVID A","PECKHAM, DAVID ARTHUR"
238789,"LAKESIDE NORTH CAPITAL ADVISORS, LLC","LAKESIDE NORTH CAPITAL ADVISORS, LLC"
242790,ESSENTIAL INVESTING,"ESSENTIAL WEALTH MANAGEMENT, LLC"
251787,"J.P. WEALTH MANAGEMENT, LLC","J.P. WEALTH MANAGEMENT, LLC"
254786,TREVERI CAPITAL,TREVERI CAPITAL LLC
255788,SAFFRON CONSULTING SERVICES LLC,SAFFRON CONSULTING SERVICES LLC
255790,"JASI FINANCIAL, INC.","JASI FINANCIAL, INC."
258787,"AHMETI WEALTH MANAGEMENT, LLC","AHMETI WEALTH MANAGEMENT, LLC"
268791,"BROWN BRIDGE CAPITAL, LLC","BROWN BRIDGE CAPITAL, LLC"
268800,JOHN MCANDREW FINANCIAL ADVISORS LLC,JOHN MCANDREW FINANCIAL ADVISORS LLC
269824,REMEDIOS FINANCIAL PLANNING,"REMEDIOS, CHRISTINE GARCEAU"
269867,"ENDURANCE INVESTMENT STRATEGIES, INC.","ENDURANCE INVESTMENT STRATEGIES, INC."
269869,"LAGUNA CAPITAL MANAGEMENT, INC.","LAGUNA CAPITAL MANAGEMENT, INC."
269911,"ERNST & CO. WEALTH MANAGEMENT, LLC","ERNST & CO. WEALTH MANAGEMENT, LLC"
269913,"SVANE CAPITAL, LLC","SVANE CAPITAL, LLC"
269929,SERENE GROWTH PARTNERS LLC,SERENE GROWTH PARTNERS LLC
269934,"RELYON FINANCIAL ADVISORS, LLC","RELYON FINANCIAL ADVISORS, LLC"
269960,GROW FUNDS LLC,GROW FUNDS LLC
269970,OM PACIFIC CAPITAL LLC,OM PACIFIC CAPITAL LLC
269975,"EUREKA FINANCIAL PLANNERS, LLC","EUREKA FINANCIAL PLANNERS, LLC"
270010,MADDEN CREEK ADVISORS,"MADDEN CREEK ADVISORS, LLC"
270019,ABK MANAGEMENT LLC,ABK MANAGEMENT LLC
274031,STEWARDSHIP WEALTH MANAGEMENT LLC,STEWARDSHIP WEALTH MANAGEMENT LLC
275028,SML ADVISORY,SML ADVISORY LLC
277043,"AKTIVE CAPITAL MANAGEMENT, LLC","AKTIVE CAPITAL MANAGEMENT, LLC"
277059,"FRONTLINE CAPITAL, LLC.","FRONTLINE CAPITAL, LLC."
277064,"NVEST ADVISORS, LLC","NVEST ADVISORS, LLC"
277084,NAVIDAR LLC,NAVIDAR LLC
277124,QMULATE,"QMULATE CAPITAL, LLC"
277127,CROSSROADS PLANNING,"CROSSROADS PLANNING, LLC"
277163,MEARS MONEY MANAGEMENT,MEARS MONEY MANAGEMENT
277173,R. L. RIGARD & ASSOCIATES LTD.,R. L. RIGARD & ASSOCIATES LTD.
280027,"COHEN, STEVEN J CFA",SJC CAPITAL LLC
280029,"CAREY S. ROEBUCK FINANCIAL SERVICES, LLC","CAREY S. ROEBUCK FINANCIAL SERVICES, LLC"
280032,QURAISHI WEALTH MANAGEMENT,QURAISHI WEALTH MANAGEMENT LLC
281058,"CALABAZAS CREEK ADVISORS, LLC","CALABAZAS CREEK ADVISORS, LLC"
281078,BONA FIDE FINANCE,"BONA FIDE FINANCE, LLC"
281128,"TRAC WEALTH MANAGEMENT, INC","TRAC WEALTH MANAGEMENT, INC"
281197,MATRIX PRIVATE WEALTH MANAGEMENT INC.,MATRIX PRIVATE WEALTH MANAGEMENT INC.
281202,FIELD FREEDOM ADVISORS,FIELD FREEDOM ADVISORS INC.
281216,INDEPENDENT WEALTH SOLUTIONS,"WITTENBERG FINANCIAL, LP"
281218,APTOS CAPITAL LLC,APTOS CAPITAL LLC
281222,SAWSTON WEALTH MANAGEMENT LLC,SAWSTON WEALTH MANAGEMENT LLC
281233,LIBERTY ADVISERS INC.,LIBERTY ADVISERS INC.
281237,ALE LLC,ALE LLC
281239,"ELR CAPITAL MANAGEMENT, LLC","ELR CAPITAL MANAGEMENT, LLC"
281282,OAGH,OAGH
281300,RC WEALTH MANAGEMENT,RC WEALTH MANAGEMENT LLC
281316,GLOBAL INVESTMENT COMPANY,"JACKSON-GENT, CATHY, IRENE"
281340,GUANILL WEALTH MANAGEMENT,"GUANILL WEALTH MANAGEMENT, INC."
281343,CARR WEALTH MANAGEMENT LLC,CARR WEALTH MANAGEMENT LLC
281370,"CONCENTIO CAPITAL MANAGEMENT, LLC","CONCENTIO CAPITAL MANAGEMENT, LLC"
281386,STEWARDSHIP FINANCIAL,"THE ILLUMINATE GROUP, LLC"
281407,RICHIE CAPITAL GROUP,"RICHIE INVESTMENT ADVISORS, LLC"
281416,"BRIO CONSULTING, LLC","BRIO CONSULTING, LLC"
281433,RCA ADVISORY SERVICES,"RCA ADVISORY SERVICES, LLC"
281524,"CURRAN FINANCIAL PARTNERS, LLC","CURRAN FINANCIAL PARTNERS, LLC"
281529,INDIE FINANCIAL PLANNING,"INDIE FINANCIAL PLANNING, LLC"
281543,"1ST FINANCIAL PLANNING GROUP, INC.","1ST FINANCIAL PLANNING GROUP, INC."
281588,"ARTIFEX ADVISORY GROUP, INC.","ARTIFEX ADVISORY GROUP, INC."
281606,"SOLOMON INVESTMENT CONSULTING, INC.","SOLOMON INVESTMENT CONSULTING, INC."
281633,"F3 WEALTH MANAGEMENT, LLC","F3 WEALTH MANAGEMENT, LLC"
281642,"CRIS CAPITAL, LTD.","CRIS CAPITAL, LTD."
281663,SMITH ADVISORY,"SMITH ADVISORY, LLC"
281707,NBC PARDNERS,"BENDINELLI, STEVEN PAUL"
281786,"ALPHA RETIREMENT WEALTH, LLC","ALPHA RETIREMENT WEALTH, LLC"
281788,BIG CEDAR INVESTMENT ADVISORS,"BIG CEDAR INVESTMENT ADVISORS, LLC"
281795,NORTH FINANCIAL ADVISORS,"NORTH FINANCIAL ADVISORS, LLC"
281798,"KING WEALTH ADVISORS, LLC","KING WEALTH ADVISORS, LLC"
281801,"PETERSON GARRETT, LLC","PETERSON GARRETT, LLC"
281834,"INTEGRITY ASSET MANAGEMENT, LLC","INTEGRITY ASSET MANAGEMENT, LLC"
281844,"GA PINCUS FUNDS, LLC","GA PINCUS FUNDS, LLC"
281865,CORNERSTONE ASSET ADVISORS INC.,CORNERSTONE ASSET ADVISORS INC.
281868,"CARLSON FINANCIAL ADVISORY, LLC","CARLSON FINANCIAL ADVISORY, LLC"
281877,"COHERENT FINANCIAL ADVISERS, LLC","COHERENT FINANCIAL ADVISERS, LLC"
281930,ANDREW MARSHALL FINANCIAL LLC,ANDREW MARSHALL FINANCIAL LLC
281934,"FLOW FINANCIAL PLANNING, L.L.C.","FLOW FINANCIAL PLANNING, L.L.C."
281950,SOLSTICE WEALTH,THE ART OF FINANCE LLC
281987,PAIR LENDING LLC,PAIR LENDING LLC
282019,FAMCO,FUNSTEN ASSET MANAGEMENT COMPANY
282050,THE STEWARDSHIP SOLUTION,"THE STEWARDSHIP SOLUTION, LLC"
282052,"CHAIR SIX FINANCIAL PLANNING, PLLC","CHAIR SIX FINANCIAL PLANNING, PLLC"
282062,"DEAN PETERSON CAPITAL MANAGEMENT, LLC","DEAN PETERSON CAPITAL MANAGEMENT, LLC"
282066,NET INCOME LLC,NET INCOME LLC
282090,CRAFTED WEALTH MANAGEMENT,"CRAFTED WEALTH MANAGEMENT, LLC"
282114,EVAN CAPITAL,EVAN CAPITAL LLC
282131,TARGETED WEALTH SOLUTIONS,TARGETED WEALTH SOLUTIONS LLC
282136,"BARNES & COMPANY INVESTMENT COUNSEL, LLC","BARNES & COMPANY INVESTMENT COUNSEL, LLC"
282144,ADDIE CAPITAL,"ADDIE CAPITAL, L.P."
282151,"MANDALA WEALTH MANAGEMENT, LLC","MANDALA WEALTH MANAGEMENT, LLC"
282172,KELLY FINANCIAL GROUP LLC,KELLY FINANCIAL GROUP LLC
282188,GNH CHFC ADVISORY SERVICES,"HANNAH, GARY NEAL"
282226,"VIE INVEST, LLC","VIE INVEST, LLC"
282234,EVIDENCE ADVISORS INVESTMENT MANAGEMENT,"EVIDENCE ADVISORS, LLC"
282259,"CLEAR FIDUCIARY CONSULTANTS, LLC","CLEAR FIDUCIARY CONSULTANTS, LLC"
282304,"TRINVEST ADVISORS, LLC","TRINVEST ADVISORS, LLC"
282307,NOBLE ADVISORY GROUP LLC,NOBLE ADVISORY GROUP LLC
282367,INFLUX CAPITAL MANAGEMENT,"COSTA, JOHN STEVEN"
282404,MORNINGVIEW CAPITAL,"MORNINGVIEW CAPITAL, INC."
282424,LANYON ADVISORY SERVICES,"VIEWPOINT FINANCIAL PARTNERS, LLC"
282458,DE NOVO CAPITAL LLC,DE NOVO CAPITAL LLC
282462,MCDONNELL FINANCIAL SERVICES,"MCDONNELL, STEPHEN"
282471,CME STRATEGIC WEALTH MANAGEMENT,"EMEZIEM, CLETUS, ENYINIA"
282474,"TAX PLANNING PROFESSIONALS, INC","TAX PLANNING PROFESSIONALS, INC."
282490,"REBAR & ASSOCIATES STRATEGIC SERVICES, LLC","REBAR & ASSOCIATES STRATEGIC SERVICES, LLC"
282498,"CRIMSON INVESTMENT MANAGERS, LLC","CRIMSON INVESTMENT MANAGERS, LLC"
282530,"RELION ASSETS MANAGEMENT, LLC","RELION ASSETS MANAGEMENT, LLC"
282554,"TRE API WEALTH MANAGEMENT, LLC","TRE API WEALTH MANAGEMENT, LLC"
282555,ASKELADDEN CAPITAL,ASKELADDEN CAPITAL MANAGEMENT LLC
282591,"SEAL ROCK WEALTH MANAGEMENT, LLC","SEAL ROCK WEALTH MANAGEMENT, LLC"
282633,VR FUNDAMENTAL LLC,VR FUNDAMENTAL LLC
282634,SUSTAINED WEALTH MANAGEMENT,"BROWN, TERRI ROBIN"
282650,"MSA CAPITAL MANAGEMENT, PLLC","MSA CAPITAL MANAGEMENT, PLLC"
282667,GESSNER WEALTH STRATEGIES LLC,GESSNER WEALTH STRATEGIES LLC
282687,"MONOCOT WEALTH MANAGEMENT, LLC","MONOCOT WEALTH MANAGEMENT, LLC"
282696,"WELLINGTON CAPITAL ADVISORS, LLC","WELLINGTON CAPITAL ADVISORS, LLC"
282725,GAN PRIVATE WEALTH MANAGEMENT LLC,GAN PRIVATE WEALTH MANAGEMENT LLC
282765,NAUTICA ASSET MANAGEMENT LLC,NAUTICA ASSET MANAGEMENT LLC
282797,"KRAUS CAPITAL MANAGEMENT, LLC","KRAUS CAPITAL MANAGEMENT, LLC"
282818,"CAPITAL WEALTH STRATEGIES, LLC","CAPITAL WEALTH STRATEGIES, LLC"
282853,CAIRN INVESTOR SERVICES,"VASSAS JR., JAMES W"
282886,LINDEN ROSE INVESTMENT LLC,LINDEN ROSE INVESTMENT LLC
282887,"OLIVER REGAN ADVISORS, LLC","OLIVER REGAN ADVISORS, LLC"
282892,"1 UNION MANAGEMENT, LLC","1 UNION MANAGEMENT, LLC"
282898,"TRESSES CAPITAL MANAGEMENT, LLC","TRESSES CAPITAL MANAGEMENT,LLC"
282915,THOMPSON FINANCIAL LLC,THOMPSON FINANCIAL LLC
282925,WYNNE WEALTH MANAGEMENT,WYNNE WEALTH MANAGEMENT
282930,"STONE HILL WEALTH MANAGEMENT, LLC","STONE HILL WEALTH MANAGEMENT, LLC"
282950,SOUTHWESTERN ADVISORY GROUP LLC,"SOUTHWESTERN ADVISORY GROUP, LLC"
282962,"SCRUGGS ADVISORS, LLC","SCRUGGS ADVISORS, LLC"
282976,MITCHELL FINANCIAL PLANNING,"BLAKE, MITCHELL ERIC"
282977,"FRANKLIN TREND INVESTMENT MANAGEMENT, LLC","FRANKLIN TREND INVESTMENT MANAGEMENT, LLC"
283000,HAMILTON GRAY WEALTH MANAGEMENT LLC,HAMILTON GRAY WEALTH MANAGEMENT LLC
283020,"SMART PATH WEALTH MANAGEMENT, LLC","SMART PATH WEALTH MANAGEMENT, LLC"
283032,"MSM ADVISORY, LLC","MSM ADVISORY, LLC"
283061,GUTTMAN FINANCIAL PLANNING,"GUTTMAN FINANCIAL PLANNING, INC."
283067,"MIGH FINANCIAL PLANNER, LLC","MIGH FINANCIAL PLANNER, LLC"
283074,LIFETIME INVESTMENTS & INSURANCE LLC,LIFETIME INVESTMENTS & INSURANCE LLC
283091,"PACIFIC UNITED PLANNING, INC.","PACIFIC UNITED PLANNING, INC."
283096,EAGLE GROVE ADVISORS LLC,EAGLE GROVE ADVISORS LLC
283137,PROPRIETOR WEALTH MANAGEMENT INC.,PROPRIETOR WEALTH MANAGEMENT INC.
283163,"TAYLOR MORGAN CAPITAL MANAGEMENT, LLC","TAYLOR MORGAN CAPITAL MANAGEMENT, LLC"
283177,"HOOVER CAPITAL MANAGEMENT, LLC","HOOVER CAPITAL MANAGEMENT, LLC"
283181,PLECTRUM ADVISERS LLC,PLECTRUM ADVISERS LLC
283186,SYMPLECTIC CAPITAL LLC,SYMPLECTIC CAPITAL LLC
283207,TIAN CAPITAL LLC,TIAN CAPITAL LLC
283230,PURPLE MOUNTAIN INVESTMENT ADVISORS LLC,PURPLE MOUNTAIN INVESTMENT ADVISORS LLC
283253,ANDERSON & ASSOCIATES INT. LLC,ANDERSON & ASSOCIATES INT. LLC
283273,"O'NEILL FINANCIAL MANAGEMENT, INC.","O'NEILL FINANCIAL MANAGEMENT, INC."
283301,ACRIBUS CAPITAL LLC,ACRIBUS CAPITAL LLC
283309,BABYLON WEALTH MANAGEMENT LLC,BABYLON WEALTH MANAGEMENT LLC
283318,"CRAFTED FINANCE, LLC","CRAFTED FINANCE, LLC"
283332,INNOVATE WEALTH,"INNOVATE WEALTH, LLC"
283357,RATIO CAPITAL,RATIO FINANCIAL HOLDINGS
283366,LANDPHAIR WEALTH MANAGEMENT LLC,LANDPHAIR WEALTH MANAGEMENT LLC
283370,VELEV ADVISORS,"VELEV, JIVKO STOYANOV"
283375,"CIMARRON CAPITAL MANAGEMENT, LLC","CIMARRON CAPITAL MANAGEMENT, LLC"
283413,"BASSIN, BRUCE","BASSIN, BRUCE"
283444,"OAK STREET ADVISORY GROUP, LLC","OAK STREET ADVISORY GROUP, LLC"
283467,"CONFLUENCE CAPITAL ADVISORS, LLC","CONFLUENCE CAPITAL ADVISORS, LLC"
283475,"COMPENDIUM WEALTH ADVISORS, LLC","COMPENDIUM WEALTH ADVISORS, LLC"
283480,STEWARD CAPITAL LLC.,STEWARD CAPITAL LLC.
283481,US FREEDOM CAPITAL ADVISORS LLC,US FREEDOM CAPITAL ADVISORS LLC
283522,"SKYLARK WEALTH, LLC","SKYLARK WEALTH, LLC"
283542,MOORE MONEY ADVISORY,MOORE MONEY ADVISORY LLC
283554,"STONE LAKE WEALTH MANAGEMENT, LLC","STONE LAKE WEALTH MANAGEMENT, LLC"
283561,"SIMONET FINANCIAL GROUP, LLC","SIMONET FINANCIAL GROUP, LLC"
283581,"361 FINANCIAL PLANNING, INC.","361 FINANCIAL PLANNING, INC."
283587,CRATTY & SWANSON ADVISORS L.L.C.,CRATTY & SWANSON ADVISORS L.L.C.
283593,WELLSPRING PLANNING GROUP LLC,WELLSPRING PLANNING GROUP LLC
283634,"INDY WEALTH SOLUTIONS, LLC","INDY WEALTH SOLUTIONS, LLC"
283645,DIEGELMAN CAPITAL ADVISORS,DIEGELMAN CAPITAL ADVISORS
283663,"BRIDGE CAPITAL CONSULTING, LLC","BRIDGE CAPITAL CONSULTING, LLC"
283691,ALESIA INVESTMENT MANAGEMENT LLC,ALESIA INVESTMENT MANAGEMENT LLC
283734,OWL AND ORE WEALTH PLANNING,OWL AND ORE LLC
283752,"MERCER ISLAND CAPITAL MANAGEMENT, LLC","MERCER ISLAND CAPITAL MANAGEMENT, LLC"
283756,"RIDGE CAPITAL ADVISORS, LLC","RIDGE CAPITAL ADVISORS, LLC"
283785,S SQUARED ADVISORS LLC,S SQUARED ADVISORS LLC
283789,"GOLD STAR ASSET MANAGEMENT, LLC","GOLD STAR ASSET MANAGEMENT, LLC"
283801,"NTH DEGREE WM, LLC","NTH DEGREE WM, LLC"
283814,"RHUBARB INVESTMENTS, LLC","RHUBARB INVESTMENTS, LLC"
283821,"SALA CAPITAL, LLC","SALA CAPITAL, LLC"
283837,"LAGUNA NIGUEL SUMMIT WEALTH MANAGEMENT, LLC","LAGUNA NIGUEL SUMMIT WEALTH MANAGEMENT, LLC"
283898,"EXECUTIVE SERVICES, LLC","EXECUTIVE SERVICES, LLC"
283906,TEIXEIRA WEALTH MANAGEMENT LLC,TEIXEIRA WEALTH MANAGEMENT LLC
283921,"SHOREBREAK CAPITAL, LLC","SHOREBREAK CAPITAL, LLC"
283951,"FINANCIAL TREX, LLC","FINANCIAL TREX, LLC"
283960,MILES BROWN ASSET MANAGEMENT,"MILES BROWN ASSET MANAGEMENT, LLC"
283964,SIGNATURE FINANCIAL ADVISORS,"SIGNATURE FA, LLC"
283975,"OLYMPIC FINANCIAL ADVISORS, LLC","OLYMPIC FINANCIAL ADVISORS, LLC"
284016,NESTEGG WEALTH ADVISORS,"NESTEGG WEALTH ADVISORS, LLC"
284018,"HAMSHER WEALTH MANAGEMENT, LLC","HAMSHER WEALTH MANAGEMENT, LLC"
284070,TIGRIS CONSULTING LLC,TIGRIS CONSULTING LLC
284104,BROOKLYN PLANS LLC,BROOKLYN PLANS LLC
284128,AMERICAN INVESTMENT MANAGEMENT GROUP LLC,AMERICAN INVESTMENT MANAGEMENT GROUP LLC
284132,OLIVE WEALTH MANAGEMENT,"OLIVE WEALTH MANAGEMENT, LLC"
284136,WEALTH MODE,"WEALTH MODE FINANCIAL PLANNING, LLC"
284143,PRIMA WEALTH,PRIMA WEALTH
284152,VIVERE WEALTH MANAGEMENT LLC,VIVERE WEALTH MANAGEMENT LLC
284185,"DSA ASSET  MANAGEMENT, LLC","DSA ASSET  MANAGEMENT, LLC"
284196,CHAKKAL GROUP,"CHAKKAL CAPITAL MANAGEMENT, LLC"
284201,HERITAGE INC,HERITAGE INC
284215,"CHUGG WEALTH STRATEGIES, LLC","CHUGG WEALTH STRATEGIES, LLC"
284257,"OSAGE PACIFIC ADVISORS, INC.","OSAGE PACIFIC ADVISORS, INC."
284268,FOXSTONE FINANCIAL,"RAVSTEN WEALTH MANAGEMENT, LLC"
284277,SARANAP WEALTH ADVISORS,"SARANAP WEALTH ADVISORS, LLC"
284357,CREATIVE MONEY LLC,CREATIVE MONEY LLC
284360,BAYWORTH CAPITAL,"XCEED CAPITAL MANAGEMENT, LLC"
284395,"BONFANTI INVESTMENT SERVICES, LLC","BONFANTI INVESTMENT SERVICES, LLC"
284398,KNIGHT OF CALIFORNIA LLC,KNIGHT OF CALIFORNIA LLC
284399,SUMMA WEALTH MANAGEMENT,"SUMMA WEALTH MANAGEMENT, LLC"
284400,NICHOLS WEALTH ADVISORS,"NICHOLS WEALTH ADVISORS, LLC"
284432,LEGACY & WEALTH FINANCIAL ADVISORS,LEGACY & WEALTH FINANCIAL ADVISORS LLC
284446,OAK ROAD WEALTH MANAGEMENT,"SHEPARD WEALTH MANAGEMENT, LLC"
284449,"NORTH SCOTTSDALE WEALTH ADVISORS, LLC","NORTH SCOTTSDALE WEALTH ADVISORS, LLC"
284458,CHURCH ORGANIZERS FOUNDATION,CHURCH ORGANIZERS FOUNDATION
284466,"BARTEE CAPITAL MANAGEMENT, LLC","BARTEE CAPITAL MANAGEMENT, LLC"
284489,"GEORGE HILL ASSET MANAGEMENT, LLC","GEORGE HILL ASSET MANAGEMENT, LLC"
284512,"BARLOW, PAUL DAVID","BARLOW, PAUL DAVID"
284535,"ROBERT HUNT FINANCIAL, LLC","ROBERT HUNT FINANCIAL, LLC"
284540,ROWLAND FINANCIAL SERVICES,"ROWLAND, DANIEL LEE"
284543,"JASTON CAPITAL, LLC","JASTON CAPITAL, LLC"
284561,NORTH FINANCIAL INC,NORTH FINANCIAL INC
284575,BURKART & STEVENS WEALTH MANAGEMENT,"STEVENS, COLE ANDREW"
284650,"WEALTHCARE FINANCIAL GROUP, INC.","WEALTHCARE FINANCIAL GROUP, INC."
284652,FINANCIAL STAPLES,"FINANCIAL STAPLES, LLC"
284660,"JOURNEY CAPITAL ADVISERS, LLC","JOURNEY CAPITAL ADVISERS, LLC"
284683,"PAIR CAPITAL WEALTH MANAGEMENT, LLC","PAIR CAPITAL WEALTH MANAGEMENT, LLC"
284688,"HEIGHTS INVESTMENT PARTNERS, LLC","HEIGHTS INVESTMENT PARTNERS, LLC"
284692,MARANANTHA FINANCIAL,"ANDERSON, MICHAEL"
284702,JC FINANCIAL SERVICES,JC FINANCIAL SERVICES
284703,JENNY WILLIAMS FINANCIAL SERVICES LLC,JENNY WILLIAMS FINANCIAL SERVICES LLC
284719,WATCH GUARD CAPITAL LLC,WATCH GUARD CAPITAL LLC
284721,"KYUR, INC.","KYUR, INC."
284725,"MERUS ADVISORS, LLC","MERUS ADVISORS, LLC"
284735,HONEST WEALTH LLC,HONEST WEALTH LLC
284746,"MILLENNIAL WEALTH MANAGEMENT, LLC","MILLENNIAL WEALTH MANAGEMENT, LLC"
284754,THINKPLANSAVE,"THINKPLANSAVE, LLC"
284756,"REGAN FINANCIAL GROUP, LLC","REGAN FINANCIAL GROUP, LLC"
284763,"ACHIEVABLE WEALTH, LLC","ACHIEVABLE WEALTH, LLC"
284770,PARISH INVESTMENT ADVISORS LLC,PARISH INVESTMENT ADVISORS LLC
284773,RISE FINANCIAL GROUP,"BY REFERRAL ONLY, LLC"
284777,CARITAS INVESTMENT ADVISORS LLC,CARITAS INVESTMENT ADVISORS LLC
284815,IHP WEALTH MANAGEMENT,INDIAN HEAD PARTNERS LLC
284892,"BATES WEALTH MANAGEMENT, LLC","BATES WEALTH MANAGEMENT, LLC"
284931,"CRUX AND COMPANY, LLC","CRUX AND COMPANY, LLC"
284941,GLOBAL VANTAGE WEALTH MANAGEMENT,SHU LABEAUX INC DBA GLOBAL VANTAGE WEALTH MANAGEMENT
284949,"SISTO INVESTMENT ADVISORY, LLC","SISTO INVESTMENT ADVISORY, LLC"
284965,"STINSON CAPITAL MANAGEMENT, LLC","STINSON CAPITAL MANAGEMENT, LLC"
284975,"D'ARCY WEALTH MANAGEMENT, INC. - A CALIFORNIA  CORPORATION","D'ARCY WEALTH MANAGEMENT, INC."
284978,"CANDOR ASSET ADVISORS, LLC","CANDOR ASSET ADVISORS, LLC"
285018,LIBERTON FINANCIAL LLC,LIBERTON FINANCIAL LLC
285027,CONSONANCE WEALTH MANAGEMENT,"CONSONANCE WEALTH MANAGEMENT, LLC"
285039,MONTOYA WEALTH MANAGEMENT,MONTOYA WEALTH MANAGEMENT GROUP LLC
285049,ENRIQUE VILLALOBOS & ASSOCIATES,"VILLALOBOS, ENRIQUE"
285050,ZUWA FINANCIAL LLC,ZUWA FINANCIAL LLC
285088,"HILBAR CAPITAL, LLC","HILBAR CAPITAL, LLC"
285119,"BROYLES ADVISORY, LLC","BROYLES ADVISORY, LLC"
285135,PACIFIC LANDFALL,PACIFIC LANDFALL LLC
285147,ADAIR WEALTH MANAGEMENT,ADAIR WEALTH MANAGEMENT LLC
285162,"ZUMA CAPITAL MANAGEMENT, LLC","ZUMA CAPITAL MANAGEMENT, LLC"
285163,SAFE MONEY INC.,"ANOMALOUS BUSINESS SYSTEMS, INC"
285168,PACESETTER PLANNING LLC,PACESETTER PLANNING LLC
285173,"OTIUM ADVISORY GROUP, LLC","OTIUM ADVISORY GROUP, LLC"
285180,ADAMS WEALTH MANAGEMENT,ADAMS WEALTH MANAGEMENT GROUP LLC
285206,PEGASUS WEALTH MANAGEMENT,"PEGASUS WEALTH MANAGEMENT, LLC"
285221,BROWNSBORO FINANCIAL,"BROWNSBORO FINANCIAL, LLC"
285226,"HILTON FINANCIAL GROUP, LLC","HILTON FINANCIAL GROUP, LLC"
285260,"INVISION CAPITAL ADVISOR, LLC","INVISION CAPITAL ADVISOR, LLC"
285269,"MODERN ASSETS, LLC","MODERN ASSETS, LLC"
285273,"WEALTHBOOST ADVISORS, LLC","WEALTHBOOST ADVISORS, LLC"
285284,HUAYU TSU INVESTMENT MANAGEMENT,"TSU, HUAYU"
285331,AETERNUM ADVISORS,"AETERNUM INVESTMENT ADVISORS, LLC"
285362,STOCK PRO,"BROCKMAN CAPITAL MANAGEMENT, LLC"
285365,MINORKEY MANAGEMENT,MINORKEY MANAGEMENT LLC
285369,"DIGITAL WEALTH, LLC","DIGITAL WEALTH, LLC"
285376,"OTHNIEL FINANCIAL ADVISORY SERVICES, LLC","OTHNIEL FINANCIAL ADVISORY SERVICES, LLC"
285405,"AMY T. SHARP, CFP, LLC","AMY T. SHARP, CFP, LLC"
285447,EAST WEST ADVISERS,"EAST WEST ADVISERS, LLC"
285455,"ADVISORS ASSET MANAGEMENT, INC.","ADVISORS ASSET MANAGEMENT, INC."
285497,"DIRIGO INVESTMENT ADVISORS, LLC","DIRIGO INVESTMENT ADVISORS, LLC"
285517,TREASURE CHEST FINANCIAL,"FIRME III, CONSTANTE POI"
285527,"AVINA FINANCIAL GROUP, INC.","AVINA FINANCIAL GROUP, INC."
285532,VISTA PARTNERS LLC,VISTA PARTNERS LLC
285572,BOSSERT CAPITAL LLC,BOSSERT CAPITAL LLC
285593,"ASHBY WEALTH MANAGEMENT, LLC","ASHBY WEALTH MANAGEMENT, LLC"
285610,INTEGRA WEALTH ADVISORS,"THE GAMBLIN GROUP, LLC"
285613,QST CAPITAL LLC,QST CAPITAL LLC
285636,HAVAPLAN FINANCIAL,HAVAPLAN LLC
285647,"COOPER FINANCIAL INVESTMENTS, LLC","COOPER FINANCIAL INVESTMENTS, LLC"
285665,PAULA TRABER FINANCIAL SERVICES LLC,PAULA WILBUR TRABER
285676,"BARENTSEN ADVISORY SERVICES, LLC","BARENTSEN ADVISORY SERVICES, LLC"
285685,VESTECH ASSET MANAGEMENT INC.,VESTECH ASSET MANAGEMENT INC.
285724,LOOKAHEAD WEALTH LLC,LOOKAHEAD WEALTH LLC
285730,TDIRECTION ASSET MANAGEMENT,TDIRECTION ASSET MANAGEMENT
285762,PIXEL FINANCIAL PLANNING,"PIXEL FINANCIAL PLANNING, LLC"
285779,CLEVERINVESTING LLC,CLEVERINVESTING LLC
285805,"HARBORLIGHT INVESTMENTS, LLC","HARBORLIGHT INVESTMENTS, LLC"
285828,TECHNOVISION MANAGEMENT LLC,TECHNOVISION MANAGEMENT LLC
285858,"NEXT ALPHA CAPITAL, LLC","NEXT ALPHA CAPITAL, LLC"
285860,"THE SIMPLE INVESTOR'S GUIDE, LLC","THE SIMPLE INVESTOR'S GUIDE, LLC"
285861,MESA WEALTH MANAGEMENT,MESA WEALTH MANAGEMENT INC.
285907,SCOTTSDALE WEALTH ADVISORY LLC,SCOTTSDALE WEALTH ADVISORY LLC
285908,"TRES WEALTH MANAGEMENT GROUP, LLC","TRES WEALTH MANAGEMENT GROUP, LLC"
285911,"VINTAGE ASSET MANAGEMENT, LLC","VINTAGE ASSET MANAGEMENT, LLC"
285918,"KINGSGROVE MANAGEMENT, LLC","KINGSGROVE MANAGEMENT, LLC"
285941,"COMUS INVESTMENT, LLC","COMUS INVESTMENT, LLC"
286042,SFM FINANCIAL ADVISORS LLC,SFM FINANCIAL ADVISORS LLC
286045,CLEAR SKIES FINANCIAL,CLEAR SKIES FINANCIAL LLC
286100,"LOGBOOK FINANCIAL PLANNING, LLC","LOGBOOK FINANCIAL PLANNING, LLC"
286106,"KESSLER ENERGY, LLC","KESSLER ENERGY, LLC"
286160,"HEINTZ WEALTH MANAGEMENT, LLC","HEINTZ WEALTH MANAGEMENT, LLC"
286172,LAZAROW WEALTH MANAGEMENT,"LAZAROW WEALTH MANAGEMENT, LLC"
286216,"D.L. FIELDS ADVISORY GROUP, LLC","D.L. FIELDS ADVISORY GROUP, LLC"
286241,BENT CREEK CAPITAL LLC,BENT CREEK CAPITAL LLC
286259,"DAN EDWARDS INVESTMENT ADVISORY SERVICES, LLC","EDWARDS, DANIEL LEE"
286274,MERAKI ADVISORS LLC,MERAKI ADVISORS LLC
286280,JT WEALTH MANAGEMENT,"THOMAS, JASON HOWARD"
286284,SAMMONS WEALTH,SAMMONS WEALTH MANAGEMENT LLC
286305,"FIDELIS FS, LLC","FIDELIS FS, LLC"
286308,"RAPPORT FINANCIAL, LLC","RAPPORT FINANCIAL, LLC"
286348,"WEALTHBUILDERS, LLC","WEALTHBUILDERS, LLC"
286359,"SPROUT CAPITAL MANAGEMENT, LLC","SPROUT CAPITAL MANAGEMENT, LLC"
286414,"POINT 16 CAPITAL, LLC","POINT 16 CAPITAL, LLC"
286416,TACTICAL WEALTH PARTNERS,"TACTICAL WEALTH PARTNERS, LLC"
286421,ABERLE INVESTMENT MANAGEMENT LLC,ABERLE INVESTMENT MANAGEMENT LLC
286425,"THE RETIREMENT OPTIMIZATION GROUP, LLC","THE RETIREMENT OPTIMIZATION GROUP, LLC"
286450,BANE O'LEARY LLC,BANE O'LEARY LLC
286467,INSIGHT FINANCIAL,"INSIGHT FINANCIAL, INC."
286497,INSIGHT INVESTMENT ADVISERS LLC,INSIGHT INVESTMENT ADVISERS LLC
286527,PARALLEL WEALTH MANAGEMENT,"PARALLEL WEALTH, LLC"
286562,"MARTORELL CAPITAL PARTNERS, LLC","MARTORELL CAPITAL PARTNERS, LLC"
286565,"PRENTICE FINANCIAL PLANNING, LLC","PRENTICE FINANCIAL PLANNING, LLC"
286625,VANDENBURG CAPITAL MANAGEMENT,VANDENBURG CAPITAL MANAGEMENT INC.
286638,"WINSLOW DRAKE, INC.","WINSLOW DRAKE, INC."
286651,"JG WEALTH MANAGEMENT, LLC","JG WEALTH MANAGEMENT, LLC"
286654,FIDALGO FINANCIAL PLANNING,FIDALGO FINANCIAL PLANNING LLC
286662,PORTIA CAPITAL MANAGEMENT,"PORTIA CAPITAL MANAGEMENT, LLC"
286691,"INTELLIGENT INVESTOR FINANCIAL PLANNING, LLC","INTELLIGENT INVESTOR FINANCIAL PLANNING, LLC"
286692,PALMER WEALTH MANAGEMENT LLC,PALMER WEALTH MANAGEMENT LLC
287459,OMEGA ADVISORY LLC,OMEGA ADVISORY LLC
287472,ENCOMPASS FINANCIAL PLANNING,"ENCOMPASS FINANCIAL PLANNING, INC."
287494,H CUBED FINANCIAL SOLUTIONS,"HHH FINANCIAL SOLUTIONS, LLC"
287511,"ELEVATE WEALTH MANAGEMENT, L.L.C.","ELEVATE WEALTH MANAGEMENT, L.L.C."
287539,"MK INVESTMENT ADVISORS, LLC","MK INVESTMENT ADVISORS, LLC"
287551,"ADVISER ALLIANCE, LLC","ADVISER ALLIANCE, LLC"
287555,"GARRETT INVESTMENT ADVISORY SERVICES, LLC","GARRETT INVESTMENT ADVISORY SERVICES, LLC"
287561,CS TOMASI WEALTH MANAGEMENT,CS TOMASI WEALTH MANAGEMENT
287562,"BELDEN FINANCIAL, LLC","BELDEN FINANCIAL, LLC"
287572,SRS WEALTH MANGEMENT,SRS WEALTH MANAGEMENT LLC
287580,"VG FINANCIAL CONSULTING, LLC","VG FINANCIAL CONSULTING, LLC"
287583,"WEST-EAST WEALTH MANAGEMENT, LLC","WEST-EAST WEALTH MANAGEMENT, LLC"
287593,BETTS LLC,BETTS LLC
287601,XSTAR FUND MANAGEMENT LLC,XSTAR FUND MANAGEMENT LLC
287612,BARSON FINANCIAL PLANNING,"BARSON FINANCIAL PLANNING, LLC"
287615,ENDEAVOR FINANCIAL PLANNING,"FARRELL, PAIGE DETER"
287635,"ANCHOR WEALTH MANAGEMENT, LLC","ANCHOR WEALTH MANAGEMENT, LLC"
287644,STEWARDRIGHT,STEWARDRIGHT LLC
287668,"NORBERG CAPITAL MANAGEMENT, LLC","NORBERG CAPITAL MANAGEMENT, LLC"
287711,ASK CAPITAL INVESTMENT MANAGERS,"ASK CAPITAL INVESTMENT MANAGERS, LLC"
287715,"X AND Y ADVISORS, INC.","X AND Y ADVISORS, INC."
287722,"GLOBE & ANCHOR WEALTH MANAGEMENT & FINANCIAL PLANNING, LLC","GLOBE & ANCHOR WEALTH MANAGEMENT & FINANCIAL PLANNING, LLC"
287725,TOTAL WEALTH PARTNERS,"TWPTX, LLC"
287726,MONTEBELLO AVENUE,MONTEBELLO AVENUE LIMITED COMPANY
287767,BROOKSIDE WEALTH MANAGEMENT LLC,BROOKSIDE WEALTH MANAGEMENT LLC
287772,"K FINANCIAL SERVICES, LLC","K FINANCIAL SERVICES, LLC"
287773,COGENT INVESTMENT ADVISORS LLC,COGENT INVESTMENT ADVISORS LLC
287808,PROFESSIONAL RETIREMENT STRATEGIES LLC,PROFESSIONAL RETIREMENT STRATEGIES LLC
287820,RETIREMENT SOLUTIONS LLC,RETIREMENT SOLUTIONS LLC
287827,"TREW ADVISORS, LLC","TREW ADVISORS, LLC"
287874,"DBA, LEFEVRE CAPITAL MANAGEMENT","LEFEVRE, ALLAN SCOTT"
287877,BORACCHIA WIVIOTT WEALTH PARTNERS LLC,"BWWP, LLC"
287918,POINT LOMA ADVISORS,LYON PARK ADVISORS LLC
287967,AMERICAN LEGACY CAPITAL,"THE AMERICAN LEGACY CAPITAL GROUP, L.L.C."
287968,SPRINGTIDE PARTNERS,"SPRINGTIDE PARTNERS, LLC"
287975,"ASSOCIATION FINANCIAL SERVICES, LLC","ASSOCIATION FINANCIAL SERVICES, LLC"
287979,"SATORI WEALTH MANAGEMENT, INC.","SATORI WEALTH MANAGEMENT, INC."
288000,SPRING FINANCIAL PLANNING,"SPRING FINANCIAL PLANNING, LLC"
288026,ECHO ADVISORY LLC,ECHO ADVISORY LLC
288035,KITSMAN INVESTMENT MANAGEMENT,"CBYRDK, LLC"
288085,CAMPTON PRIVATE EQUITY ADVISORS,CAMPTON ADVISORS LLC
288094,STONEBRIDGE ASSET MANAGEMENT LLC,STONEBRIDGE ASSET MANAGEMENT LLC
288105,BUFF YOUR FINANCES,"BUFF YOUR FINANCES, LLC"
288112,FIG TREE CAPITAL,"LORA, JOSEPH B."
288119,PORTOLA CREEK CAPITAL,"GROWTH CAPITAL STRATEGIES, LLC"
288128,"CORVEC INVESTMENT PARTNERS, LLC","CORVEC INVESTMENT PARTNERS, LLC"
288130,HACKBERRY CAPITAL MANAGEMENT,"HACKBERRY CAPITAL MANAGEMENT, LLC"
288141,THE UJANO ADVISORY GROUP LLC,THE UJANO ADVISORY GROUP LLC
288151,"ASPIRE WEALTH ADVISORS, LLC","ASPIRE WEALTH ADVISORS, LLC"
288155,RANCHWOOD CAPITAL MANAGEMENT,"RANCHWOOD CAPITAL MANAGEMENT, LLC"
288187,SUGAR CREEK CONSULTING,"HUNT, CALVIN C."
288196,"JULIE A. WURST, CFP, LLC","JULIE A. WURST, CFP, LLC"
288213,"TORREY PINES FINANCIAL, INC.","TORREY PINES FINANCIAL, INC."
288237,SOBORA CAPITAL,SOBORA LLC
288240,COMPOUND WEALTH ADVISORS,"COMPOUND WEALTH ADVISORS, LLC."
288245,"RESPIRE WEALTH MANAGEMENT, LLC","RESPIRE WEALTH MANAGEMENT, LLC"
288252,"JOHN-LUKE FINANCIAL, LLC",MLDL HOLDINGS LLC
288268,"GATENS FINANCIAL, LLC","GATENS FINANCIAL, LLC"
288276,ENLIGHTENED ADVISORS WEALTH MANAGEMENT LLC,ENLIGHTENED ADVISORS WEALTH MANAGEMENT LLC
288302,KEYMARK FINANCIAL,KEYMARK FINANCIAL
288327,MARIN FINANCIAL GROUP,MARIN FINANCIAL GROUP INC
288407,WEXFORD WEALTH ADVISORS LLC,WEXFORD WEALTH ADVISORS LLC
288411,BC FINANCIAL,"BC FINANCIAL, LLC"
288419,"JANE FINANCIAL, LLC","JANE FINANCIAL, LLC"
288421,OPTIMO CAPITAL,"OPTIMO CAPITAL, LLC"
288435,"TORO BRAVO INVESTMENT ADVISORS, LLC","TORO BRAVO INVESTMENT ADVISORS, LLC"
288437,TAYLOR ADVISORY GROUP,THE TAYLOR ADVISORY GROUP LLC
288438,OCOTILLO WEALTH MANAGEMENT LLC,OCOTILLO WEALTH MANAGEMENT LLC
288455,AZM FINANCIAL,"ZARKOUB, AFSHIN"
288456,APEX WEALTH MANAGEMENT,EMS INC
288470,"DWYER FINANCIAL, LLC","DWYER FINANCIAL, LLC"
288489,DRM WEALTH MANAGEMENT,DRM WEALTH MANAGEMENT LLC
288494,EUREKA WEALTH MANAGEMENT,"DAVIS, MATTHEW DEORAN"
288518,"MISSION PEAK INVESTORS, LLC","MISSION PEAK INVESTORS, LLC"
288531,RABKIN ADVISORS LLC,RABKIN ADVISORS LLC
288538,"DEERWOOD CAPITAL, LLC","DEERWOOD CAPITAL, LLC"
288565,"ZENITH INVESTMENT MANAGEMENT, LLC","ZENITH INVESTMENT MANAGEMENT, LLC"
288579,"CEDAR RIVER CAPITAL, LLC","CEDAR RIVER CAPITAL, LLC"
288583,"SHOREPINE WEALTH MANAGEMENT, LLC","SHOREPINE WEALTH MANAGEMENT, LLC"
288585,INSIGHT PERSONAL FINANCE,"INSIGHT PERSONAL FINANCE, LLC"
288594,"PERPETUAL CAPITAL ADVISORS, LLC","PERPETUAL CAPITAL ADVISORS, LLC"
288595,STARDUST WEALTH STRATEGIES,EOS FINANCIAL PLANNING LLC
288599,"LEVERAGE PLANNERS WEALTH MANAGEMENT, LLC","LEVERAGE PLANNERS WEALTH MANAGEMENT, LLC"
288600,HERGES CAPITAL MANAGEMENT,HERGES CAPITAL MANAGEMENT LLC
288602,INFLECTION ADVISORS,INFLECTION WEALTH LLC
288618,"LONG GAME FINANCIAL, LLC","LONG GAME FINANCIAL, LLC"
288646,POTENTIAL WEALTH MANAGEMENT LLC,POTENTIAL WEALTH MANAGEMENT LLC
288682,MPE CAPITAL,"MPE CAPITAL, LLC"
288700,AKRISH FINANCIAL ADVISORY,"KRISHNAMURTHY, ANANDI"
288702,"AVEA FINANCIAL PLANNING, LLC","AVEA FINANCIAL PLANNING, LLC"
288703,GAP FINANCIAL SERVICES OR GAP FINANCIAL,"GAP FINANCIAL SERVICES, LLC"
288710,RENNIE & ASSOCIATES,RENNIE & ASSOCIATES
288716,"WARNER INVESTMENTS, LLC","WARNER INVESTMENTS, LLC"
288717,BOLT WEALTH MANAGEMENT LLC,BOLT WEALTH MANAGEMENT LLC
288720,COLUMBIA WEALTH ADVISORS LLC,COLUMBIA WEALTH ADVISORS LLC
288736,"RLT CAPITAL, LLC","RLT CAPITAL, LLC"
288737,"AMBROSIA HERB TEA, LLC","AMBROSIA HERB TEA, LLC"
288769,"FAMILY CFO, LLC","FAMILY CFO, LLC"
288790,MAINSPRING WEALTH ADVISORS,"MAINSPRING WEALTH ADVISORS, LLC"
288809,PHYSICIAN ADVISING LLC,PHYSICIAN ADVISING LLC
288825,"APPS WEALTH MANAGEMENT, INC.","APPS WEALTH MANAGEMENT, INC."
288832,KETWICH CAPITAL LLC,KETWICH CAPITAL LLC
288838,CLEARBRIDGE FINANCIAL,CLEARBRIDGE FINANCIAL LLC
288844,"TOWERVIEW CAPITAL, LLC","TOWERVIEW CAPITAL, LLC"
288883,SAGEPOINTE ADVISORS LLC,SAGEPOINTE ADVISORS LLC
288940,"INTEGRATED CAPITAL MANAGEMENT, INC","INTEGRATED CAPITAL MANAGEMENT, INC"
288954,"DFW WEALTHCARE ADVISORS, LLC","DFW WEALTHCARE ADVISORS, LLC"
288957,"FAYKUS FINANCIAL, LLC","FAYKUS FINANCIAL, LLC"
288963,"HOLTON & KOSANKE WEALTH MANAGEMENT, LLC","HOLTON & KOSANKE WEALTH MANAGEMENT, LLC"
288964,RETIREMENT WEALTH CENTER INC,RETIREMENT WEALTH CENTER INC
288965,BABYLON CAPITAL,BABYLON CAPITAL LLC
288980,CULTIVATE FINANCIAL GROUP LLC,CULTIVATE FINANCIAL GROUP LLC
289007,"ZION FINANCIAL PLANNING, LLC","ZION FINANCIAL PLANNING, LLC"
289010,"WEALTH MANAGEMENT ADVISORS, LLC","WEALTH MANAGEMENT ADVISORS, LLC"
289013,GUIDE MY FINANCES,RUZAM LLC
289018,RK RETIREMENT SOLUTIONS LLC,RK RETIREMENT SOLUTIONS LLC
289019,"CORLETT FINANCIAL, INC.","CORLETT FINANCIAL, INC."
289049,MARIENPLATZ WEALTH MANAGEMENT LLC,MARIENPLATZ WEALTH MANAGEMENT LLC
289066,DOWNIE FINANCIAL GROUP,DOWNIE FINANCIAL GROUP LLC
289085,DL WEALTH MANAGEMENT GROUP,"DANIEL P. LAFRAMBOISE, INC."
289095,MASDEVALLIA LLC,MASDEVALLIA LLC
289105,"STONE OAK CAPITAL, LLC","STONE OAK CAPITAL, LLC"
289109,"MARK MUECKE CAPITAL MANAGEMENT, LLC","MARK MUECKE CAPITAL MANAGEMENT, LLC"
289132,ENVISIONVEST,"ENVISIONVEST, LLC"
289149,WHITE STORK ASSET MANAGEMENT LLC,WHITE STORK ASSET MANAGEMENT LLC
289156,BUOYANT FINANCIAL,"BUOYANT FINANCIAL, LLC"
289191,"COLMINA, LLC","COLMINA, LLC"
289204,"COVE FORT CAPITAL, LLC","COVE FORT CAPITAL, LLC"
289213,"DUNHILL & COMPANY, LLC","DUNHILL & COMPANY, LLC"
289221,HOMEWOOD CAPITAL MANAGEMENT EAST LLC,HOMEWOOD CAPITAL MANAGEMENT EAST LLC
289240,SELLECK FINANCIAL GROUP,"SELLECK, JODI ANNE"
289280,DEIMARK CORP,DEIMARK CORP
289288,WILDFLOWER FINANCIAL LLC,WILDFLOWER FINANCIAL LLC
289303,SUSTAIN FINANCIAL INC.,SUSTAIN FINANCIAL INC.
289320,"9M INVESTMENTS, LLC","9M INVESTMENTS, LLC"
289324,ARBOR WEALTH MANAGEMENT,"AGUIAR, STEPHEN, JOHN"
289333,"KEHLET CAPITAL MANAGEMENT, LLC","KEHLET CAPITAL MANAGEMENT, LLC"
289348,LLG WEALTH MANAGEMENT,"LIVE, LEARN, GROW WEALTH MANAGEMENT, LLC"
289359,"PATH WEALTH MANAGEMENT, LLC","PATH WEALTH MANAGEMENT, LLC"
289368,INCREASE CONSULTANTS LLC,INCREASE CONSULTANTS LLC
289409,JOSEPH M. PRESTI INVESTMENTS,"PRESTI, JOSEPH MARTIN"
289422,"ITERO CAPITAL, LLC","ITERO CAPITAL, LLC"
289426,"JACK POINT ADVISORS, LLC","JACK POINT ADVISORS, LLC"
289431,WHALEN FINANCIAL PLANNING,"WHALEN, PATRICK STEVEN"
289433,HILLHURST WEALTH MANAGEMENT LLC,HILLHURST WEALTH MANAGEMENT LLC
289452,"THINK818, LLC","THINK818, LLC"
289498,REIGATE INVESTORS LLC,REIGATE INVESTORS LLC
289514,"KUBER CAPITAL MANAGEMENT, LLC","KUBER CAPITAL MANAGEMENT, LLC"
289524,"BAKER ASSET MANAGEMENT, LLC","BAKER ASSET MANAGEMENT, LLC"
289532,CLEAR WEALTH MANAGEMENT,"CLEAR WEALTH MANAGEMENT, LLC"
289533,PINE VALLEY PRIVATE WEALTH,"SHINGLE OAK ADVISORS, LLC"
289534,RF CAPITAL MANAGEMENT,RF CAPITAL MANAGEMENT LLC
289537,ESQUIRES GROUP LLC,ESQUIRES GROUP LLC
289549,PELICAN WEALTH MANAGEMENT,"PELICAN WEALTH MANAGEMENT, LLC"
289562,"401K ASSIST, LLC","401K ASSIST, LLC"
289564,CBL WEALTH MANAGEMENT,"LINDSAY, CHRISTOPHER BLAIR"
289606,"VIRTUA CAPITAL MANAGEMENT, LLC","VIRTUA CAPITAL MANAGEMENT, LLC"
289739,ALTA VIA CAPITAL,ALTA VIA CAPITAL
289756,"GEN NEXT WEALTH, INC.","GEN NEXT WEALTH, INC."
289771,"DERAMUS WEALTH MANAGEMENT, LLC","DERAMUS WEALTH MANAGEMENT, LLC"
289782,"WILSON FINANCIAL ADVISORS, LLC","WILSON FINANCIAL ADVISORS, LLC"
289814,CENTRAL COAST TAX & FINANCIAL SERVICES,"SABIN, GARRETT LOREN"
289821,NEW LIFE FINANCIAL LLC,NEW LIFE FINANCIAL LLC
289830,"KIM KNOTTS, RIA","KIM KNOTTS RIA, LLC"
289865,"JIE SHEN, CFA","SHEN, JIE"
289866,EMPOWERING FINANCIAL,"BIRNBERG, JAKE"
289880,"FIRST MOVE FINANCIAL, LLC","FIRST MOVE FINANCIAL, LLC"
289906,"INNOVATIVE FINANCIAL SOLUTIONS, INC.","INNOVATIVE FINANCIAL SOLUTIONS, INC."
289915,BOUNDLESS ADVICE LLC,BOUNDLESS ADVICE LLC
289955,NASHIONAL INVESTMENTS,NASHIONAL INDEPENDENT INVESTMENT MANAGEMENT LLC
289967,"LEVEL UP FINANCIAL PLANNING, LLC","LEVEL UP FINANCIAL PLANNING, LLC"
289979,"EVERGREEN INVESTMENT MANAGEMENT, LLC","EVERGREEN INVESTMENT MANAGEMENT, LLC"
289985,DBA SEASIDE FINANCIAL & INSURANCE SERVICES,"SEASIDE ADVISORY SERVICES, INC."
289988,"LEGACY BUILDERS FINANCIAL, LLC","LEGACY BUILDERS FINANCIAL, LLC"
289993,"WEALTH ARCHITECTS, LLC","WEALTH ARCHITECTS, LLC"
289996,"ENGAGE WEALTH ADVISORS, LLC","ENGAGE WEALTH ADVISORS, LLC"
290044,"SUBNANI INVESTMENT RESEARCH, LLC","SUBNANI INVESTMENT RESEARCH, LLC"
290050,AZIMUTH WEALTH ADVISORS,"AZIMUTH WEALTH ADVISORS, LLC"
290067,ELEVATED ASSET MANAGEMENT LLC,ELEVATED ASSET MANAGEMENT LLC
290083,AQUILA WEALTH ADVISORS,AQUILA WEALTH ADVISORS LLC
290121,"SHOREBIRD, LLC","SHOREBIRD, LLC"
290159,FITBUX RIA LLC,FITBUX RIA LLC
290179,CLARITY CAPITAL MANAGEMENT LLC,CLARITY CAPITAL MANAGEMENT LLC
290201,EVERYTHINGHR FINANCIAL SERVICES LLC,EVERYTHINGHR FINANCIAL SERVICES LLC
290204,"INVESTAMILY, LLC","INVESTAMILY, LLC"
290208,"EDDY FINANCIAL, LLC","EDDY FINANCIAL, LLC"
290212,FEDERAL BENEFITS ADVISORS,MARILYN M. MILLER
290213,MAY TREE FINANCIAL PLANNING LLC,MAY TREE FINANCIAL PLANNING LLC
290238,PEACEFUL ADVISORS LLC,PEACEFUL ADVISORS LLC
290239,RED TOP ADVISORS LLC,RED TOP ADVISORS LLC
290270,"VICTORY WEALTH SERVICES, LLC","VICTORY WEALTH SERVICES, LLC"
290272,"WILLIAMS FINANCIAL PLANNING, INC.","WILLIAMS FINANCIAL PLANNING, INC."
290273,"AG WEALTH MANAGEMENT, PLLC","AG WEALTH MANAGEMENT, PLLC"
290278,PENN STREET CAPITAL MANAGEMENT LLC,PENN STREET CAPITAL MANAGEMENT LLC
290342,BLACK CARD CIRCLE,"BLACK CARD CIRCLE, LLC"
290389,"INSIDEOUT WEALTH STRATEGIES, LLC","INSIDEOUT WEALTH STRATEGIES, LLC"
290423,FAMILY RETIREMENT LLC,FAMILY RETIREMENT LLC
290428,SKYMARK ADVISORS LLC,SKYMARK ADVISORS LLC
290448,KNIGHTSBRIDGE VENTURES,KNIGHTSBRIDGE VENTURES LTD CO
290456,MOUNTAIN VISTA WEALTH MANAGEMENT,"MOUNTAIN VISTA WEALTH MANAGEMENT, LLC"
290457,AMERICAN VISION ADVISORS LLC,AMERICAN VISION ADVISORS LLC
290482,"SCT WEALTH MANAGEMENT, LLC","SCT WEALTH MANAGEMENT, LLC"
290598,"10 WEST ADVISORS, INC.","10 WEST ADVISORS, INC."
290611,"MURPHY INVESTMENT ADVISORS, INC.","MURPHY INVESTMENT ADVISORS, INC."
290620,FAVRILE FINANCIAL,FAVRILE FINANCIAL LLC
290645,"K.W. ANDERSEN INVESTMENT GROUP, LLC","K.W. ANDERSEN INVESTMENT GROUP, LLC"
290650,"CATES FP, CATES TAX ADVISORY",CATES FINANCIAL PLANNING LLC
290672,"LTC WEALTH MANAGEMENT, LLC","LTC WEALTH MANAGEMENT, LLC"
290674,"SIX SIGMA WEALTH ADVISORS, LLC","SIX SIGMA WEALTH ADVISORS, LLC"
290690,"BEYOND BALANCED FINANCIAL PLANNING, LLC","BEYOND BALANCED FINANCIAL PLANNING, LLC"
290723,PROVIDENT LIVING ADVISORS LLC,PROVIDENT LIVING ADVISORS LLC
290726,FONDREN OAKS CAPITAL MANAGEMENT,"FONDREN OAKS CAPITAL MANAGEMENT, LLC"
290736,"FAMILY WEALTH COACHING, LLC","FAMILY WEALTH COACHING, LLC"
290740,"INTERLINC FINANCIAL ADVISORS, INC.","INTERLINC FINANCIAL ADVISORS, INC."
290747,"TRAILHEAD PACIFIC, LLC","TRAILHEAD PACIFIC, LLC"
290753,"MRM FINANCIAL ADVISORS, LLC","MRM FINANCIAL ADVISORS, LLC"
290862,PARKER PRESCOTT CAPITAL MANAGEMENT,"PARKER PRESCOTT CAPITAL MANAGEMENT, LLC"
290898,"PORTSEA INVESTMENTS, INC.","PORTSEA INVESTMENTS, INC."
290902,"THE ROSAMOND FINANCIAL GROUP WEALTH MANAGEMENT, LLC","THE ROSAMOND FINANCIAL GROUP WEALTH MANAGEMENT, LLC"
290935,"SILVEROAK INVESTMENTS, LLC",SILVEROAK INVESTMENTS LIMITED-LIABILITY COMPANY
290980,LHA CAPITAL PARTNERS,LHA CAPITAL PARTNERS LLC
291000,TOWNSEND FINANCIAL,"TOWNSEND FINANCIAL, LLC"
291012,BRIGGS FINANCIAL INC.,BRIGGS FINANCIAL INC.
291031,INVESDID,"INVESDID, INC."
291038,SCP STEWARD CAPITAL ADVISERS LLC,SCP STEWARD CAPITAL ADVISERS LLC
291053,JH KAUFMAN LLC,JH KAUFMAN LLC
291088,MOSHER FINANCIAL ADVISORS LLC,MOSHER FINANCIAL ADVISORS LLC
291176,"SABER AND SHIELD WEALTH MANAGEMENT, L.L.C","SABER AND SHIELD WEALTH MANAGEMENT, L.L.C"
291182,"HUDSON WEALTH MANAGEMENT, LLC","HUDSON WEALTH MANAGEMENT, LLC"
291260,CAPITAL PARTNERS WEALTH MANAGEMENT,"PRESIDIO FINANCIAL GROUP, INC"
291291,WMS FINANCIAL SERVICES,"WEALTH MANAGEMENT STRATEGIES FINANCIAL SERVICES, LLC"
291315,PLW FINANCIAL,"PLW FINANCIAL, LLC"
291326,"INTEGRATED FINANCIAL SOLUTIONS, PLLC","INTEGRATED FINANCIAL SOLUTIONS, PLLC"
291342,"KEVIN P. MCGUAN, LLC","KEVIN P. MCGUAN, LLC"
291364,"UPLIFT INVESTING, INC","UPLIFT INVESTING, INC"
291372,HOODOO,"HOODOO FINANCIAL, INC."
291373,"PDE WEALTH ADVISORS, LLC","PDE WEALTH ADVISORS, LLC"
291381,LANES WEALTH MANAGEMENT LLC,LANES WEALTH MANAGEMENT LLC
291404,CARAPACE FINANCIAL ADVISORS LLC,CARAPACE FINANCIAL ADVISORS LLC
291467,CBK FINANCIAL ADVISORS LLC,CBK FINANCIAL ADVISORS LLC
291482,"M STEVENS WEALTH ADVISORS, LLC","M STEVENS WEALTH ADVISORS, LLC"
291495,"PRIVUS FINANCIAL, LLC","PRIVUS FINANCIAL, LLC"
291515,"IRONTREE WEALTH MANAGEMENT, INC.","IRONTREE WEALTH MANAGEMENT, INC."
291522,KCLLC,KINGSFERRY CAPITAL LLC
291541,WESTCENTER ADVISORS LTD,WESTCENTER ADVISORS LTD
291545,ZEN TRADING LLC,ZEN TRADING LLC
291568,T.I.P.S. 4 REPS,"INTEGRATED RETIREMENT INVESTMENT SOLUTIONS, LLC"
291591,BLUEPRINT INVESTMENTS AND TAX PLANNING,"TAHOE INVESTMENTS AND TAX PLANNING, LLC"
291611,WRW WEALTH ADVISORS,WRW WEALTH ADVISORS
291629,"FSG FINANCIAL SERVICES, INC.","FSG FINANCIAL SERVICES, INC."
291635,CAPITAL ASSET ADVISORS LLC.,CAPITAL ASSET ADVISORS LLC.
291638,WEBB FINANCIAL GROUP,WEBB FINANCIAL GROUP LLC
291658,AURORA FINANCIAL PLANNING & INVESTMENT MANAGEMENT LLC,AURORA FINANCIAL PLANNING & INVESTMENT MANAGEMENT LLC
291718,LIFE BALANCE FINANCIAL,FINANCIAL LIFE BALANCE LLC
291763,SHAH TAX AND FINANCIAL PLANNING,ASHISHRONAK LLC
291775,"CONCORDIA INVESTMENT ADVISORS, LLC","CONCORDIA INVESTMENT ADVISORS, LLC"
291787,HARVARD AVENUE INVESTMENT ADVISORY,"HARVARD AVENUE CONSULTANTS, LLC"
291852,ASCENDING ASSETS,"ASCENDING ASSETS, LLC"
291856,TUBREAUXS WEALTH & LEGACY SOLUTIONS,TUBREAUXS WEALTH & LEGACY SOLUTIONS LLC
291895,"VECTOR FINANCIAL SOLUTIONS, INC.","VECTOR FINANCIAL SOLUTIONS, INC."
291929,"GUIDESOURCE CAPITAL MANAGEMENT, LLC","GUIDESOURCE CAPITAL MANAGEMENT, LLC"
291971,"LINDSEY FINANCIAL, INC.","LINDSEY FINANCIAL, INC."
291982,THE BALANCE OF TRADE,"THE BALANCE OF TRADE, LLC"
291986,VIRTUEVIAN VENTURES,VIRTUEVIAN VENTURES CORPORATION
292010,UPSPRING CAPITAL LLC,UPSPRING CAPITAL LLC
292064,"FURRIER AND CROWN INVESTMENTS, LLC","FURRIER AND CROWN INVESTMENTS, LLC"
292093,"THE FOUNDATION WEALTH MANAGEMENT, LLC","THE FOUNDATION WEALTH MANAGEMENT, LLC"
292094,US FUND MANAGER LLC,US FUND MANAGER LLC
292120,LIFETIME CAPITAL PLANNING GROUP LLC,LIFETIME CAPITAL PLANNING GROUP LLC
292136,BLUEPRINT 360 LLC,BLUEPRINT 360 LLC
292139,SUNLIGHT INVESTMENTS,"SAMMAN, EMAD A."
292141,AUSTIN 180 ADVISORY GROUP LLC,AUSTIN 180 ADVISORY GROUP LLC
292154,"FIREBRAND WEALTH MANAGEMENT, LLC","FIREBRAND WEALTH MANAGEMENT, LLC"
292171,"ROLAND, CRISS INVESTMENT RESEARCH, LLC","ROLAND, CRISS INVESTMENT RESEARCH, LLC"
292181,THOMAS FRANCIS O'CONNELL,"O'CONNELL, THOMAS, FRANCIS"
292207,"SLALOM WEALTH MANAGEMENT, LLC","SLALOM WEALTH MANAGEMENT, LLC"
292227,EDK ADVISORY,"EDK ADVISORY, PLLC"
292230,BOW STREAM INVESTMENTS LLC,BOW STREAM INVESTMENTS LLC
292253,PROSPERITY FIRST WEALTH MANAGEMENT,PROSPERITY FIRST WEALTH MANAGEMENT LLC
292255,"HATHAWAY CAPITAL MANAGEMENT, LLC","HATHAWAY CAPITAL MANAGEMENT, LLC"
292258,"DICKSON FINANCIAL GROUP, LLC.","DICKSON FINANCIAL GROUP, LLC."
292295,ABUNDANT WEALTH STRATEGIES,"ABUNDANT WEALTH CAPITAL MANAGEMENT, LLC"
292299,"MONTLAKE CAPITAL MANAGEMENT, LLC","MONTLAKE CAPITAL MANAGEMENT, LLC"
292344,BOLLINGER WEALTH MANAGEMENT LLC,BOLLINGER WEALTH MANAGEMENT LLC
292346,DEVKOTA CAPITAL ADVISORS,DEVKOTA CAPITAL ADVISORS LLC
292350,"EVOLUTION GLOBAL ADVISORS, LLC","EVOLUTION GLOBAL ADVISORS, LLC"
292356,GCB PRIVATE WEALTH,GCB PRIVATE WEALTH LLC
292418,"THRIFTY SCOTTY FINANCIAL, LLC","THRIFTY SCOTTY FINANCIAL, LLC"
292432,BONSAI FINANCIAL,"BONSAI FINANCIAL SERVICES, LLC"
292442,HEDGEFIELD WEALTH MANAGEMENT,HEDGEFIELD WEALTH MANAGEMENT
292524,ROOSEVELT ADVISORS LLC,ROOSEVELT ADVISORS LLC
292525,BLUE CANYON WEALTH,STRATEGIC CHOICES WEALTH ADVISORS INC.
292580,"HALL FINANCIAL SERVICES, INC","HALL FINANCIAL SERVICES, INC"
292616,ROCKBOUND WEALTH MANAGEMENT,"ELEPHANT INVESTMENT GROUP MANAGEMENT, LLC"
292622,BRILLIANT FINANCIAL STRATEGIES LLC,BRILLIANT FINANCIAL STRATEGIES LLC
292624,"IRONSTREAM CAPITAL, LLC","IRONSTREAM CAPITAL, LLC"
292766,"SENTIENT FINANCIAL, LLC","SENTIENT FINANCIAL, LLC"
292777,CHESS FINANCIAL PLANNING LLC,CHESS FINANCIAL PLANNING LLC
292812,CORRIGIT CAPITAL GROUP,CORRIGIT CAPITAL GROUP
292853,PURPOSEFUL STRATEGIC PARTNERS,"ESCALANTE TROESH, JOSHUA, DANIEL"
292892,"THUNDERBIRD WEALTH MANAGEMENT, INC.","THUNDERBIRD WEALTH MANAGEMENT, INC."
292900,"RANDAZZO CAPITAL MANAGEMENT, LLC","RANDAZZO CAPITAL MANAGEMENT, LLC"
292903,"BRAXTON FINANCIAL GROUP, LLC","BRAXTON FINANCIAL GROUP, LLC"
292923,"IDEOLOGY WEALTH ADVISORS, LLC","IDEOLOGY WEALTH ADVISORS, LLC"
292972,MERCER STREET PERSONAL FINANCIAL SERVICES,MERCER STREET PROFESSIONAL SERVICES LLC
292974,BELONGING WEALTH MANAGEMENT,BRANDON RENFRO LLC
293068,VIBRANT WEALTH,VIBRANT WEALTH ADVISORS LLC
293070,KLAHANIE INVESTMENT LLC,KLAHANIE INVESTMENT LLC
293134,"ENVEST ASSET MANAGEMENT, LLC","ENVEST ASSET MANAGEMENT, LLC"
293138,"DBM ADVISORS, LLC","DBM ADVISORS, LLC"
293157,"JHM ASSET MANAGEMENT, LLC","JHM ASSET MANAGEMENT, LLC"
293164,"CALCAGNINI WEALTH MANAGEMENT, LLC","CALCAGNINI WEALTH MANAGEMENT, LLC"
293185,DESERT FINANCIAL PLANNING,DESERT FINANCIAL PLANNING
293211,"ADAP TAX FINANCIAL, INC.","ADAP TAX FINANCIAL, INC."
293233,CHISHOLM FINANCIAL PLANNING & INVESTMENTS,"CHISHOLM PLANNING, LLC"
293236,"THINK WEALTH, LLC","THINK WEALTH, LLC"
293353,"BRUMM FINANCIAL SERVICES, LLC","BRUMM FINANCIAL SERVICES, LLC"
293388,"MEYER FINANCIAL ADVISORS, INC.","MEYER FINANCIAL ADVISORS, INC."
293446,PA MANAGEMENT LLC,PA MANAGEMENT LLC
293508,"WESTMOUNT REALTY ADVISORS, LLC","WESTMOUNT REALTY ADVISORS, LLC"
293530,MORTON FINANCIAL ADVICE LLC,"MORTON FINANCIAL ADVICE, LLC"
293533,PLANIT FINANCIAL LLC,PLANIT FINANCIAL LLC
293538,LULA FINANCIAL,"PACKARD, BENJAMIN"
293564,CONCURRENT WEALTH MANAGEMENT,"CONCURRENT FINANCIAL PLANNING CENTER, LLC"
293618,INVESTCRAFT ADVISORS LLC,INVESTCRAFT ADVISORS LLC
293701,"ANCHORY, LLC","ANCHORY, LLC"
293721,PRUDENCE ADVISORY SERVICES,"PRUDENCE ADVISORY SERVICES, LLC"
293724,SEEN CONSULTING LLC,SEEN CONSULTING LLC
293988,"CRUZ WEALTH MANAGEMENT, LLC","CRUZ WEALTH MANAGEMENT, LLC"
294031,N/A,"SCEPTER FINANCIAL GROUP, LLC"
294291,RETEGY LLC,RETEGY LLC
294310,"K&S WEALTH ADVISORS, LLC","K&S WEALTH ADVISORS, LLC"
294583,"MARTIN W. ROSENZVEIG & CO., LLC","MARTIN W. ROSENZVEIG & CO., LLC"
294708,"BRUCE MCINDOE & ASSOCIATES, INC.","BRUCE MCINDOE & ASSOCIATES, INC."
294775,"10 KEY CONSULTING, LLC","10 KEY CONSULTING, LLC"
294789,"RKS MANAGEMENT, INC.","RKS MANAGEMENT, INC."
294889,CAPITAL PARTNERS INVESTMENT GROUP,CAPITAL PARTNERS INVESTMENT GROUP INC
294890,"ARMIS FINANCIAL, LLC","ARMIS FINANCIAL, LLC"
294893,"PREMIERE WEALTH ADVISORS, LLC","PREMIERE WEALTH ADVISORS, LLC"
295175,MILLS FINANCIAL SERVICES LLC,MILLS FINANCIAL SERVICES LLC
295401,FLOURISH FINANCIAL PLANNING,"SDG FINANCIAL PLANNING, LLC"
295507,TB SUNRIDGE ADVISORS LLC,TB SUNRIDGE ADVISORS LLC
295558,DESERT WEALTH MANAGEMENT LLC,DESERT WEALTH MANAGEMENT LLC
295662,"PEACHER, INC.","PEACHER, INC."
295679,"SYMAN-DEGLER GROUP, LLC","SYMAN-DEGLER GROUP, LLC"
296071,SUMMIT GATES CAPITAL,SUMMIT GATES CAPITAL LLC
296175,SIMPLIFY FINANCIAL PLANNING,SIMPLIFY FINANCIAL PLANNING LLC
296319,PRS WEALTH MANAGEMENT,ROOS BROS. LLC
296479,"XENITH FINANCIAL ADVISORY SERVICES, LLC","XENITH FINANCIAL ADVISORY SERVICES, LLC"
296487,TRILLIUM SQUARE ADVISORS LLC,TRILLIUM SQUARE ADVISORS LLC
296591,HOLMAN WEALTH MANAGEMENT,"HOLMAN WEALTH MANAGEMENT, LLC"
296627,"FINANCIAL CONSULTING PROFESSIONALS, LLC","FINANCIAL CONSULTING PROFESSIONALS, LLC"
296786,ONE DAY WEALTH,ONE DAY LLC
296817,3 PEAKS FINANCIAL,"3 PEAKS FINANCIAL ADVISORS, LLC"
296898,"BASELINE INVESTMENTS, LLC","BASELINE INVESTMENTS, LLC"
296924,"REG DAVIS INVESTMENTS, LLC","REG DAVIS INVESTMENTS, LLC"
296927,DOUBLE SPRINGS CAPITAL LLC,DOUBLE SPRINGS CAPITAL LLC
296936,PLACERA CAPITAL MANAGEMENT LLC,PLACERA CAPITAL MANAGEMENT LLC
296961,TORRE FINANCIAL,"TORRE, FEDERICO"
296982,"NEXT LEVEL WEALTH MANAGEMENT, LLC","NEXT LEVEL WEALTH MANAGEMENT, LLC"
296992,NXT:GEN FINANCIAL PLANNING,NXT:GEN FINANCIAL PLANNING LLC
297011,"STRATEGIC RETIREMENT PARTNERS, LLC","STRATEGIC RETIREMENT PARTNERS, LLC"
297012,GUPTA PARTNERSHIP,GUPTA PARTNERSHIP LLC
297013,FORTITUDE WEALTH MANAGEMENT L.L.C.,FORTITUDE WEALTH MANAGEMENT L.L.C.
297020,"CRAWFORD CAPITAL, LLC","CRAWFORD CAPITAL, LLC"
297028,"NORSTAR FINANCIAL OF PLANO, LLC","NORSTAR FINANCIAL OF PLANO, LLC"
297062,TAN WEALTH MANAGEMENT,"PHAN, TAN, MINH"
297117,BRAY FINANCIAL ADVISORS LLC,BRAY FINANCIAL ADVISORS LLC
297118,ARCHER ROW ADVISORY,"ARCHER ROW FINANCIAL, LLC"
297138,GREAT LAKES BAY FINANCIAL,GREAT LAKES BAY FINANCIAL LLC
297146,REFRESH INVESTMENTS,REFRESH INVESTMENTS LLC
297161,LIGHT CAPITAL MANAGEMENT LLC,LIGHT CAPITAL MANAGEMENT LLC
297190,SCHULER CAPITAL MANAGEMENT LLC,SCHULER CAPITAL MANAGEMENT LLC
297195,TEN TALENTS FINANCIAL PLANNING LLC,TEN TALENTS FINANCIAL PLANNING LLC
297218,"CORTINA CAPITAL, LLC","CORTINA CAPITAL, LLC"
297229,KUBER INVESTMENTS,GRAY MATRIX INC
297231,"CONSCIOUS INVESTMENT SERVICES, LLC","CONSCIOUS INVESTMENT SERVICES, LLC"
297238,ICICLE CREEK INVESTMENTS,ICICLE INVESTMENTS LLC
297241,"PETERKIN FINANCIAL, LLC","PETERKIN FINANCIAL, LLC"
297266,CAPITAL V GROUP LLC,CAPITAL V GROUP LLC
297277,REDEFINE FINANCIAL,REDEFINE FINANCIAL LLC
297363,KISIN WEALTH MANAGEMENT LLC,KISIN WEALTH MANAGEMENT LLC
297367,ENCOVER PERSONAL FINANCE,ENCOVER PERSONAL FINANCE LLC
297380,ADVIZE WEALTH MANAGEMENT,ADVIZE WEALTH MANAGEMENT PLLC
297393,"ON THE TRAIL FINANCIAL PLANNING, LLC","ON THE TRAIL FINANCIAL PLANNING, LLC"
297416,JAVA WEALTH PLANNING,JAVA WEALTH PLANNING LLC
297440,"COMPOSEDPRO, INC.","COMPOSEDPRO, INC."
297447,"LUCENT WEALTH PLANNING, LLC","LUCENT WEALTH PLANNING, LLC"
297452,MADANAT FINANCIAL SERVICES,MADANAT DAVID ARON
297461,AFC WEALTH MANAGEMENT,"JACOBY AGENCY INSURANCE SERVICES, INC."
297471,THE DAYTON COMPANY INC,THE DAYTON COMPANY INC
297486,"RNS WEALTH MANAGEMENT, LLC","RNS WEALTH MANAGEMENT, LLC"
297504,"ALPHANEXT, LLC","ALPHANEXT, LLC"
297550,RYLANDER RICHTER,"THE INSPIRED COMPANY, LLC"
297568,"RORA WEALTH, INC.","RORA WEALTH, INC."
297592,"SPRYLEN WEALTH MANAGEMENT, LLC","SPRYLEN WEALTH MANAGEMENT, LLC"
297601,THE PACIFIC GROUP,"PACIFIC ADVISORY CAPITAL GROUP, LLC"
297602,NEST EGG FINANCIAL ADVISORS,"NEST EGG FINANCIAL ADVISORS, LLC"
297652,"ACT SECURITIES, LLC","ACT SECURITIES, LLC"
297657,"PACIFIC WEALTH ADVISORY, LLC","PACIFIC WEALTH ADVISORY, LLC"
297785,WHITE MCGOWAN,"MERAKI, LLC"
297835,SAFE LANDING FINANCIAL,SAFE LANDING FINANCIAL LLC
297848,MISSIO INVESTMENT MANAGEMENT LLC,MISSIO INVESTMENT MANAGEMENT LLC
297856,SUTRO ADVISORS,SUTRO ADVISORS LLC
297916,NORTHWEST PLANNING ADVISORS LLC,NORTHWEST PLANNING ADVISORS LLC
297921,ZAKI FINANCIAL LLC,ZAKI FINANCIAL LLC
297938,"BEACON FINANCIAL PLANNERS, INC","BEACON FINANCIAL PLANNERS, INC"
297943,"BISON WEALTH MANAGEMENT, LLC","BISON WEALTH MANAGEMENT, LLC"
297952,STARKLOGIC LLC,STARKLOGIC LLC
297961,STONE WEALTH STRATEGIES,STONE ADVISORS INC
298003,EVIDENCIAL FINANCIAL CONSULTING,EVIDENCIAL FINANCIAL CONSULTING LLC
298012,"SEAWISE FINANCIAL, INC.","SEAWISE FINANCIAL, INC."
298019,"CONVEXBETA INVESTMENTS, LLC","CONVEXBETA INVESTMENTS, LLC"
298052,TUYYO PLANNING GROUP,"TUYYO PLANNING GROUP, LLC"
298095,WOOD RIVER CONSULTING,"WOOD RIVER CONSULTING, LLC"
298115,SEVENSUEDE INVESTMENT ADVISOR,SEVENSUEDE INVESTMENT ADVISOR LLC
298119,LONGHOUSE WEALTH MANAGEMENT,LONGHOUSE INVESTMENTS LLC
298134,BRIDGE FINANCIAL STRATEGIES,"BRIDGE FINANCIAL STRATEGIES, LLC"
298174,"SANTA MONICA WEALTH MANAGEMENT, LLC","SANTA MONICA WEALTH MANAGEMENT, LLC"
298189,RD KELLEY FINANCIAL GROUP,RD KELLEY FINANCIAL GROUP
298200,ENDURE RETIREMENT LLC,ENDURE RETIREMENT LLC
298206,TWO FIRS FINANCIAL,TWO FIRS LLC
298219,A-TEAM FINANCIAL INVESTMENTS,A-TEAM FINANCIAL INVESTMENTS LLC
298263,"TRIAXIOM CAPITAL, LLC","TRIAXIOM CAPITAL, LLC"
298289,HUNTER VALUE CAPITAL LLC,"HUNTER VALUE CAPITAL, LLC"
298318,BULLOGIC WEALTH MANAGEMENT,BULLOGIC WEALTH MANAGEMENT LLC
298320,"SF VALUE CAPITAL, LLC","SF VALUE CAPITAL, LLC"
298338,"EGP WEALTH MANAGEMENT, LLC","EGP WEALTH MANAGEMENT, LLC"
298339,YOUR PATH FINANCIAL LLC,YOUR PATH FINANCIAL LLC
298350,ELDERROCK FINANCIAL LLC,ELDERROCK FINANCIAL LLC
298362,JHL INVESTMENT FIRM INC,JHL INVESTMENT FIRM INC
298378,HATHAWAY FINANCIAL LLC,HATHAWAY FINANCIAL LLC
298405,CATALANO FINANCIAL,"CATALANO CONSULTING AND INSURANCE SERVICES, LLC"
298421,PI WEALTH PLAN LLC,PI WEALTH PLAN LLC
298427,CONTRARIAN LABS INC.,CONTRARIAN LABS INC.
298443,ALTRON CAPITAL MANAGEMENT,"ALTRON CAPITAL MANAGEMENT, LLC"
298446,TAG WEALTH ADVISORS,TRANSITION ADVISORY GROUP LLC
298471,FROM PLANNING TO LIVING LLC,FROM PLANNING TO LIVING LLC
298563,"BRIDGER FINANCIAL SERVICES, LLC","BRIDGER FINANCIAL SERVICES, LLC"
298577,"ALVARADO & ASSOCIATES, LLC","ALVARADO & ASSOCIATES, LLC"
298592,"VIRTUE WEALTH COUNSEL, LLC","VIRTUE WEALTH COUNSEL, LLC"
298606,"MSM FINANCIAL, LLC","MSM FINANCIAL, LLC"
298609,CHEVELON CAPITAL MANAGEMENT LLC,CHEVELON CAPITAL MANAGEMENT LLC
298637,UPLEFT ASSET MANAGEMENT,"UPLEFT, LLC"
298639,"TRUFINANCIAL REGISTERED INVESTMENT ADVISORY SERVICES, INC","TRUFINANCIAL REGISTERED INVESTMENT ADVISORY SERVICES, INC"
298666,WATA CAPITAL LLC,WATA CAPITAL LLC
298672,ENVISION WEALTH PLANNING INC.,ENVISION WEALTH PLANNING INC.
298713,RAJS FUNDS,RAJS FUNDS LLC
298744,"RIDGELINE ASSET MANAGEMENT, LLC","RIDGELINE ASSET MANAGEMENT, LLC"
298758,IWMS LLC,IWMS LLC
298761,"FIRM FOUNDATION WEALTH MANAGEMENT, LLC","FIRM FOUNDATION WEALTH MANAGEMENT, LLC"
298791,HEXEUM CAPITAL,HEXEUM CAPITAL LLC
298801,CATRS TEACHERS RETIREMENT SERVICES LLC,CATRS TEACHERS RETIREMENT SERVICES LLC
298857,WEALTHFOLIO ADVISORS LLC,WEALTHFOLIO ADVISORS LLC
298862,TITANIA INVESTMENTS LLC,TITANIA INVESTMENTS LLC
298887,"FIRESIDE FINANCES, LLC","FIRESIDE FINANCES, LLC"
298898,"CREATIVE CAPITALISTS, INC","CREATIVE CAPITALISTS, INC"
298900,OWENS INVESTMENT ADVISORS LLC,OWENS INVESTMENT ADVISORS LLC
298927,MACLACHLAN WEALTH MANAGEMENT,"MACLACHLAN WEALTH MANAGEMENT, LLC"
298931,FQI CAPITAL MANAGEMENT LLC,FQI CAPITAL MANAGEMENT LLC
298940,YENDREY WEALTH MANAGEMENT LLC,YENDREY WEALTH MANAGEMENT LLC
299002,MOSS BAY CAPITAL,"MOSS BAY CAPITAL, LLC"
299009,STRIVENT FINANCIAL,"STRIVENT FINANCIAL, LLC"
299015,PORTAGE CAPITAL MANAGEMENT LLC,PORTAGE CAPITAL MANAGEMENT LLC
299027,"BAKER STREET ASSET MANAGEMENT, LLC","BAKER STREET ASSET MANAGEMENT, LLC"
299046,"INTEGRITY PRIVATE WEALTH ADVISORS, LLC","INTEGRITY PRIVATE WEALTH ADVISORS, LLC"
299063,BRSQUARED L.L.C.,BRSQUARED L.L.C.
299091,BRIDGELANE FINANCIAL,BRIDGELANE FINANCIAL LLC
299105,BELGRAVE SQUARE ADVISORS,BELGRAVE SQUARE ADVISORS LLC
299116,CSUITE INVESTMENT LLC,CSUITE INVESTMENT LLC
299123,PLEASANTON WEALTH,PLEASANTON WEALTH LLC
299126,"TALANTON CAPITAL MANAGEMENT, LLC","TALANTON CAPITAL MANAGEMENT, LLC"
299139,AGAVE WEALTH ADVISORS,AGAVE WEALTH ADVISORS
299182,ROWLEY FINANCIAL LLC,ROWLEY FINANCIAL LLC
299188,PAUL M. WENDEE & ASSOCIATES,"WENDEE, PAUL MICHAEL"
299209,HIGHLAND MB WEALTH LLC,HIGHLAND MB WEALTH LLC
299238,"ARCHSTONE WEALTH ADVISORS, LLC","ARCHSTONE WEALTH ADVISORS, LLC"
299242,ALPHA INITIATIVE,"ALPHA INITIATIVE, INC."
299244,BIBLE & SOVEREIGN PARTNERS FINANCIAL SERVICES,"BIBLE & SOVEREIGN PARTNERS, LLC"
299284,M&A WEALTH,"MACKWANI & ASSOCIATES WEALTH MANAGEMENT, LLC"
299293,NASIRA FINANCIAL,"IQBAL, SYEDA NASIRA"
299304,GROW WITH ME,"GROW WITH ME, LLC"
299307,NEST FINANCIAL LLC,NEST FINANCIAL LLC
299320,HJ HARRELL INVESTMENTS,"HARRELL, HATLEY JOE"
299353,"JAFAR MANAGEMENT, LLC","JAFAR MANAGEMENT, LLC"
299374,KING FINANCIAL,KING FINANCIAL INCORPORATED
299381,"WHITESTONE WEALTH ADVISORS, LLC","WHITESTONE WEALTH ADVISORS, LLC"
299389,PROVIDENT WEALTH MANAGEMENT,"PROVIDENT WEALTH MANAGEMENT, INC."
299391,EQUINOX WEALTH MANAGEMENT,EQUINOX WEALTH MANAGEMENT
299406,BFG WEALTH MANAGEMENT LLC,BFG WEALTH MANAGEMENT LLC
299413,MOUNTAIN LAKES CAPITAL MANAGEMENT LLC,MOUNTAIN LAKES CAPITAL MANAGEMENT LLC
299426,OLSON WEALTH MANAGEMENT,"OFSG, LLC"
299434,"BRIGHT WEALTH ADVISORS, LLC","BRIGHT WEALTH ADVISORS, LLC"
299438,"PLATINUM WEALTH MANAGEMENT, LLC","PLATINUM WEALTH MANAGEMENT, LLC"
299442,"HOUSTON WEALTH ADVISERS, LLC.","HOUSTON WEALTH ADVISERS, LLC."
299459,ASSURANCE WEALTH MANAGEMENT,GB WEALTH ADVISORS LLC
299484,"CENTIMILLIONAIRE ADVISORS, LLC","CENTIMILLIONAIRE ADVISORS, LLC"
299520,SILVERBACK FINANCIAL,"SILVERBACK FINANCIAL, LLC"
299546,FINPOWER,"FINPOWER, LLC"
299570,"TWO CENTURIES INVESTMENTS, LLC","TWO CENTURIES INVESTMENTS, LLC"
299615,WEALTHPAVER,WEFEA CAPITAL LLC
299636,ARETE ADVISORS,"ARETE INVESTMENTS, LLC"
299698,"O'HAVER WEALTH MANAGEMENT, LLC","O'HAVER WEALTH MANAGEMENT, LLC"
299703,"MEEKS WEALTH MANAGEMENT, LLC","MEEKS WEALTH MANAGEMENT, LLC"
299715,DONAHUE FINANCIAL GROUP,DFG INC.
299728,GREALISH INVESTMENT COUNSELING LLC,GREALISH INVESTMENT COUNSELING LLC
299731,PHOENIX INVESTMENT,PI WEALTH MANAGEMENT LLC
299797,"CULTURE CAPITAL PARTNERS, LLC","CULTURE CAPITAL PARTNERS, LLC"
299823,"FS FINANCIAL ADVISORS, LLC","FS FINANCIAL ADVISORS, LLC"
299859,"SOUND INVESTMENT MANAGEMENT, LLC","SOUND INVESTMENT MANAGEMENT, LLC"
299868,HARVEST CAPITAL MANAGEMENT,"MHB ADVISORY SERVICES, LLC"
299880,"LOWERCASE CAPITAL, LLC","LOWERCASE CAPITAL, LLC"
299889,CAIRN FINANCIAL GROUP,CAIRN FINANCIAL GROUP LLC
299894,"CAYMAN CAPITAL MANAGEMENT, INC.","CAYMAN CAPITAL MANAGEMENT, INC."
299906,"MULLANEY FINANCIAL & TAX, INC.","MULLANEY FINANCIAL & TAX, INC."
299930,"MUSSER FINANCIAL PLANNING, LLC","MUSSER FINANCIAL PLANNING, LLC"
299938,ENVISION FINANCIAL PLANNING,"MARTINI, DONALD D."
299972,ARROW INVESTMENT MANAGEMENT LLC,ARROW INVESTMENT MANAGEMENT LLC
300005,"TUSKER WEALTH MANAGEMENT, LLC","TUSKER WEALTH MANAGEMENT, LLC"
300015,TURNBULL FINANCIAL SERVICES LLC,TURNBULL FINANCIAL SERVICES LLC
300030,"HAYES HART CPA'S WEALTH MANAGEMENT, INC","HAYES HART CPA'S WEALTH MANAGEMENT, INC"
300041,"BURLINGAME WEALTH MANAGEMENT, LLC","BURLINGAME WEALTH MANAGEMENT, LLC"
300046,"BIRCH ELLIOTT FINANCIAL, LLC","BIRCH ELLIOTT FINANCIAL, LLC"
300052,"MITZ WEALTH MANAGEMENT, LLC","MITZ WEALTH MANAGEMENT, LLC"
300055,WEALTH-SOURCE FINANCIAL,WEALTH-SOURCE FINANCIAL
300076,ABILITY FIRST,"ABILITY FIRST FINANCIAL, LLC"
300080,BRIGHTVIEW FINANCIAL SOLUTIONS,"BRIGHTVIEW FINANCIAL SOLUTIONS, LLC"
300087,SODIUM ADVISORS INC.,SODIUM ADVISORS INC.
300092,"PVB WEALTH MANAGEMENT, LLC","PVB WEALTH MANAGEMENT, LLC"
300112,SIMPLICITY WEALTH MANAGEMENT,SIMPLICITY WEALTH MANAGEMENT LLC
300120,ONUS FINANCIAL LLC,ONUS FINANCIAL LLC
300176,MB BLUE GP LLC,MB BLUE GP LLC
300191,MONEY TRUTH STRATEGIC PLANNING,"MONEY TRUTH STRATEGIC PLANNING, INC."
300202,STAG ROCK LLC,STAG ROCK LLC
300221,"LSL FINANCIAL SERVICES, LLC","LSL FINANCIAL SERVICES, LLC"
300233,"BRAZIEL & ASSOCIATES, LLC","BRAZIEL & ASSOCIATES, LLC"
300247,HIGHPOINTE WEALTH,"GRANTHAM, BURTON IRWIN"
300261,OLYMPIA WEALTH MANAGEMENT,OWM INC.
300270,"PRESIDIO FINANCIAL, LLC","PRESIDIO FINANCIAL, LLC"
300272,ATTLEE CAPITAL LLC,ATTLEE CAPITAL LLC
300278,PLANB TAX & WEALTH ADVISORS LLC,PLANB TAX & WEALTH ADVISORS LLC
300291,DARBY WEALTH PLANNING LLC,DARBY WEALTH PLANNING LLC
300294,AMBASTHA FINANCIAL LLC,AMBASTHA FINANCIAL LLC
300320,ORCHARD FINANCIAL,ORCHARD FINANCIAL GROUP LLC
300367,THIRD GENERATION CAPITAL MANAGEMENT,"THIRD GENERATION CAPITAL MANAGEMENT, LLC"
300370,HOLISTIC-SOLUTIONS,BINDER TOM ALAN
300372,OVERSHARE,"OVERSHARE ADVICE AND PLANNING, LLC"
300386,SIMARIS FINANCIAL,"SIMARIS, LLC"
300408,"HARTFIELD FINANCIAL & INSURANCE SERVICES, INC.","HARTFIELD FINANCIAL & INSURANCE SERVICES, INC."
300411,"INTERVAL CAPITAL MANAGEMENT, LLC","INTERVAL CAPITAL MANAGEMENT, LLC"
300414,"CAPITAL ADVICE, LLC","CAPITAL ADVICE, LLC"
300423,"KICKPOINT FINANCIAL, LLC","KICKPOINT FINANCIAL, LLC"
300445,OLSON CONSULTING LLC,OLSON CONSULTING LLC
300479,FERRI INVESTMENT SOLUTIONS,"RICK FERRI, LLC"
300480,CAPITAL RISK,CAPITAL RISK MANAGEMENT LLC
300513,MONROE WEALTH MANAGEMENT LLC,MONROE WEALTH MANAGEMENT LLC
300544,PIHL FINANCIAL PLANNING,PIHL FINANCIAL PLANNING LLC
300566,TEMPUS PECUNIA,4405 LLC
300569,FORTHRIGHT FINANCES LLC,FORTHRIGHT FINANCES LLC
300573,ELEVATION FINANCIAL LLC,ELEVATION FINANCIAL LLC
300602,"OUTPOST ADVISORS, LLC","OUTPOST ADVISORS, LLC"
300614,NINETY WEST GLOBAL WEALTH,HORIZON FINANCIAL PLANNING LLC
300615,"CRG WEALTH, LLC","CRG WEALTH, LLC"
300641,"MEREDITH DEKKER FINANCIAL SERVICES, LLC","MEREDITH DEKKER FINANCIAL SERVICES, LLC"
300652,AAN WEALTH ADVISORS LLC,AAN WEALTH ADVISORS LLC
300671,WHITESWAN TRADING CORPORATION,WHITESWAN TRADING CORPORATION
300694,LONGVIEW INVESTMENT MANAGEMENT,"LONGVIEW INVESTMENT MANAGEMENT, LLC"
300698,"DH ASSET MANAGEMENT, LLC","DH ASSET MANAGEMENT, LLC"
300702,GOLDEN GUIDANCE LLC,GOLDEN GUIDANCE LLC
300717,"GWAN GLOBAL SERVICES, CORP.","GWAN GLOBAL SERVICES, CORP."
300724,JC&COMPANY,JC&COMPANY INC.
300752,WEALTH RESOURCE INVESTMENT ADVISORS LLC,WEALTH RESOURCE INVESTMENT ADVISORS LLC
300797,"ALPHA SQUARED CAPITAL, LLC","ALPHA SQUARED CAPITAL, LLC"
300829,"RRO CAPITAL, LLC","RRO CAPITAL, LLC"
300847,"ALL ONE WEALTH, LLC","ALL ONE WEALTH, LLC"
300850,"MULHOLLAND & KUPERSTOCK ASSET MANAGEMENT, LLC","MULHOLLAND & KUPERSTOCK ASSET MANAGEMENT, LLC"
300859,TWO PILLARS ASSET MANAGEMENT,"JACHIN & BOAZ ASSET MANAGEMENT, LLC"
300867,DISRUPTIVESECULARGROWTH CORPORATION,DISRUPTIVESECULARGROWTH CORPORATION
300874,"ALPHA OMEGA FINANCIAL ADVISORS, LLC","ALPHA OMEGA FINANCIAL ADVISORS, LLC"
300876,BLUE ROCK CAPITAL,"BLUE ROCK CAPITAL, LLC"
300894,"DEL MONTE CAPITAL, INC.","DEL MONTE CAPITAL, INC."
300955,"OVERLOOK PARK WEALTH, LLC","OVERLOOK PARK WEALTH, LLC"
300960,FULL COMPASS INVESTMENT ADVISORS,"HUYSER, RANDALL STEVEN"
300977,PARK WALK INVESTMENTS LLC,PARK WALK INVESTMENTS LLC
300984,"FIDELIUM INVESTMENT ADVISERS, LLC","FIDELIUM INVESTMENT ADVISERS, LLC"
300990,SYMPHONY RETIREMENT PARTNERS LLC,SYMPHONY RETIREMENT PARTNERS LLC
301002,CORNELL CAPITAL GROUP LLC,CORNELL CAPITAL GROUP LLC
301085,"CROSS FINANCIAL STRATEGIES, LLC","CROSS FINANCIAL STRATEGIES, LLC"
301160,"AESOP ADVISOR, LLC","AESOP ADVISOR, LLC"
301187,"DEERINGER WEALTH MANAGEMENT, LLC","DEERINGER WEALTH MANAGEMENT, LLC"
301188,WOOD WEALTH MANAGEMENT LLC,WOOD WEALTH MANAGEMENT LLC
301192,ZE CAPITAL LLC,"GAINES CAPITAL, LLC"
301240,"FOCUS QUANTITATIVE METHODS, INC.","FOCUS QUANTITATIVE METHODS, INC."
301304,PHAN CAPITAL,"PHAN CAPITAL MANAGEMENT, LLC"
301316,LAUGHTER FINANCIAL,"LAUGHTER FINANCIAL, LLC"
301318,"SHUTZER INVESTMENTS, LLC","SHUTZER INVESTMENTS, LLC"
301340,UPHOLDINGS,UPHOLDINGS GROUP LLC
301389,"NEXT STEPS ADVISORS, INC.","NEXT STEPS ADVISORS, INC."
301471,"HOOD FINANCIAL, LLC","HOOD FINANCIAL, LLC"
301506,SPIRE INVESTMENT MANAGEMENT LLC,SPIRE INVESTMENT MANAGEMENT LLC
301508,"WEALTH SOLUTIONS BY DESIGN, PLLC","WEALTH SOLUTIONS BY DESIGN, PLLC"
301513,"R&V PERSONAL FINANCE, LLC","R&V PERSONAL FINANCE, LLC"
301517,"FIGTREE FINANCIAL ADVISORS, LLC","FIGTREE FINANCIAL ADVISORS, LLC"
301522,BRIGHT VISION WEALTH,"BOND WEALTH PLANNING & INVESTMENTS, PLLC"
301528,"INSURANCE & WEALTH ADVISORS, LLC.","INSURANCE & WEALTH ADVISORS, LLC."
301570,ABA CAPITAL LLC,ABA CAPITAL LLC
301669,"MY FINANCIAL COACH PLANNING, LLC","MY FINANCIAL COACH PLANNING, LLC"
301719,WOLFPACK WEALTH MANAGEMENT,WOLFPACK WEALTH MANAGEMENT LLC
301816,LIFE BY DESIGN INVESTMENT ADVISORY SERVICES,LIFE BY DESIGN INVESTMENT ADVISORY SERVICES
301878,"CAPITAL RESOURCES AND INSURANCE, INC","CAPITAL RESOURCES AND INSURANCE, INC"
301920,"GRAYSTONE ADVISOR, LLC","GRAYSTONE ADVISOR, LLC"
301964,CONESTOGA WEALTH PARTNERS,"CONESTOGA WEALTH PARTNERS, LLC"
301992,"ELEVATE CAPITAL MANAGEMENT, L.L.C.","ELEVATE CAPITAL MANAGEMENT, L.L.C."
302020,"TRUE NORTH WEALTH MANAGEMENT, LLC","TRUE NORTH WEALTH MANAGEMENT, LLC"
302033,RIDGEWOOD WEALTH MANAGEMENT LLC,RIDGEWOOD WEALTH MANAGEMENT LLC
302037,DHAMMA CAPITAL,"DHAMMA CAPITAL, LLC"
302087,KOMONS FINANCIAL LLC,KOMONS FINANCIAL LLC
302104,"NORTH CREEK CAPITAL, LLC","NORTH CREEK CAPITAL, LLC"
304017,ATHENA WEALTH MANAGEMENT,IG ADVISORS LLC
304021,SYNERGOS ADVISORY,SYNERGOS ADVISORY LLC
304030,BRAGG CAPITAL MANAGEMENT LLC,BRAGG CAPITAL MANAGEMENT LLC
304040,"KEARNEY-BURCH FINANCIAL SERVICES, INC.","KEARNEY-BURCH FINANCIAL SERVICES, INC."
304042,WHITE PINE FINANCIAL LLC,WHITE PINE FINANCIAL LLC
304043,LIBERTY SOLUTIONS ADVISORS,LIBERTY SOLUTIONS DVBE INC.
304071,"INTEGRATED FINANCIAL MANAGEMENT, LLC","INTEGRATED FINANCIAL MANAGEMENT, LLC"
304072,"PRINCE, WILLIAM L","PRINCE, WILLIAM L"
304085,"VELA CONSULTING, LLC","VELA CONSULTING, LLC"
304097,"PARADIGM MONEY MANAGEMENT, LLC","PARADIGM MONEY MANAGEMENT, LLC"
304113,FYOOZ FINANCIAL PLANNING,FYOOZ FINANCIAL PLANNING LLC
304115,OUTFLYERS LLC,OUTFLYERS LLC
304119,TAX PRO ADVISOR,TAX PRO ADVISOR LLC
304182,MOUNTAIN TOP ADVISORY GROUP,"MOUNTAIN TOP ADVISORY GROUP, LLC"
304187,TAXABLE WEALTH,TAXABLE LLC
304191,TBMS WEALTH LLC,TBMS WEALTH LLC
304200,VAN NOSTRAND WEALTH MANAGEMENT LLC,VAN NOSTRAND WEALTH MANAGEMENT LLC
304226,VALUETREE FINANCIAL LLC,VALUETREE FINANCIAL LLC
304252,LISKA INVESTMENTS LLC,LISKA INVESTMENTS LLC
304259,JEWELL WEALTH MANAGEMENT INC.,JEWELL WEALTH MANAGEMENT INC.
304263,"STRAVA FINANCIAL, LLC","STRAVA FINANCIAL, LLC"
304287,EDUCATED SOLUTIONS,"EDUCATION BASED SOLUTIONS, LLC"
304311,RAINIER CAPITAL INVESTMENTS LLC,RAINIER CAPITAL INVESTMENTS LLC
304326,CMC ADVISORS LLC,CMC ADVISORS LLC
304351,KINETIX FINANCIAL PLANNING,KINETIX FINANCIAL PLANNING LLC
304358,"DESMO WEALTH ADVISORS, LLC","DESMO WEALTH ADVISORS, LLC"
304363,"TIBURON FINANCIAL ADVISORS, INC.","TIBURON FINANCIAL ADVISORS, INC."
304365,PRUVISE,"PRUVISE, INC"
304388,"SEQUOIA FINANCIAL, LLC","SEQUOIA FINANCIAL, LLC"
304451,MOST CAPITAL,MOST CAPITAL LLC
304452,LAKE HIGHLANDS CAPITAL MANAGEMENT,"LAKE HIGHLANDS CAPITAL MANAGEMENT, LLC"
304531,"ALTURAS WEALTH MANAGEMENT, LLC","ALTURAS WEALTH MANAGEMENT, LLC"
304535,CENTERED FINANCIAL,CENTERED FINANCIAL LLC
304536,FIRMAMENT FINANCIAL,"FIRMAMENT FINANCIAL, LLC"
304542,CHRIS REDDICK FINANCIAL PLANNING,"CHRIS REDDICK FINANCIAL PLANNING, LLC"
304550,VAN RAY WEALTH MANAGEMENT,"VAN RAY FINANCIAL, LLC"
304561,"DEWITT AND DUNN FINANCIAL SERVICES, LLC","DEWITT AND DUNN FINANCIAL SERVICES, LLC"
304573,"INTERO FINANCIAL PLANNING, LLC","INTERO FINANCIAL PLANNING, LLC"
304593,DELPHI ADVISERS,"DELPHI ADVISERS, LLC"
304599,"CHAN, ARDEN","CHAN, ARDEN"
304611,BLUEPRINT RETIREMENT ADVISORS LLC,BLUEPRINT RETIREMENT ADVISORS LLC
304613,KRISHNA WEALTH PLANNING,KRISHNA WEALTH PLANNING LLC
304634,MB3 CONSULTING LLC,MB3 CONSULTING LLC
304651,"HOYLE CAPITAL, LLC","HOYLE CAPITAL, LLC"
304699,STOVELL AI SYSTEMS,STOVELL AI SYSTEMS LLC
304711,JD FINANCIAL FITNESS LLC,JD FINANCIAL FITNESS LLC
304717,"FOURPARK ADVISORS, LLC","FOURPARK ADVISORS, LLC"
304755,"GAMA WEALTH MANAGEMENT, LLC","GAMA WEALTH MANAGEMENT, LLC"
304778,"SKB ADVISORY, LLC","SKB ADVISORY, LLC"
304788,QUALIFIED PLANNING,"IRA SOLUTIONS, INC."
304802,TAXDUDE FINANCIAL ADVISOR,"CHAVIRA, MARCOS"
304831,"CONCERT FINANCIAL PLANNING, LLC","CONCERT FINANCIAL PLANNING, LLC"
304854,"ELEMENTAL WEALTH ADVISORS, LLC","ELEMENTAL WEALTH ADVISORS, LLC"
304861,GUZMAN WEALTH MANAGEMENT,"SCG FINANCIAL SERVICES, LLC"
304864,THE WEALTH OBSERVATORY,"SMALLWILLOW, LLC"
304880,PERCEPTIVE WEALTH ADVISORS LLC,PERCEPTIVE WEALTH ADVISORS LLC
304883,MARIPOSA WEALTH SOLUTIONS LLC,MARIPOSA WEALTH SOLUTIONS LLC
304903,"SERENE WEALTH PLANNING, LLC","SERENE WEALTH PLANNING, LLC"
304904,ANEUVIA CAPITAL,"ANEUVIA, LLC"
304909,MATHEWS CAPITAL MANAGEMENT,MATHEWS CAPITAL MANAGEMENT LLC
304955,ARENA ADVISORS LLC,ARENA ADVISORS LLC
304958,GUARDIAN FINANCIAL WEALTH MANAGEMENT INC.,GUARDIAN FINANCIAL WEALTH MANAGEMENT INC.
304973,"ROYAL ROAD WEALTH PARTNERS, LLC","ROYAL ROAD WEALTH PARTNERS, LLC"
304976,"BALANCED INVESTMENT ADVISORS, LLC","BALANCED INVESTMENT ADVISORS, LLC"
305008,"AEGIS ASSET MANAGEMENT, INC.","AEGIS ASSET MANAGEMENT, INC."
305015,EDGEHELM FINANCIAL,"EDGEHELM, LLC"
305027,"WHOLE FAMILY FINANCIAL SERVICES, INC.","WHOLE FAMILY FINANCIAL SERVICES, INC."
305073,BILLFOLD BUDGET COUNSELING,"HATTON, WILLIAM JAMES"
305095,SUNRISE PLANNING & ADVISORY LLC,SUNRISE PLANNING & ADVISORY LLC
305104,"AFZALI INVESTMENTS, LLC","AFZALI INVESTMENTS, LLC"
305116,"JOSHI CAPITAL MANAGEMENT, LLC","JOSHI CAPITAL MANAGEMENT, LLC"
305120,"FINANCIAL CORNERSTONES, LLC","FINANCIAL CORNERSTONES, LLC"
305141,ALDABRA CAPITAL MANAGEMENT,ALDABRA CAPITAL MANAGEMENT LLC
305164,"VIEWPOINT ADVISORY, LLC","VIEWPOINT ADVISORY, LLC"
305167,COLSARA NATIONAL WEALTH MANAGEMENT LLC,COLSARA NATIONAL WEALTH MANAGEMENT LLC
305179,GRANITE WEALTH ADVISORS,"GRANITE WEALTH, LLC"
305202,HERRINGTON WEALTH MANAGEMENT CORPORATION,HERRINGTON WEALTH MANAGEMENT CORPORATION
305212,"RRA WEALTH, LLC","RRA WEALTH, LLC"
305224,QUIVER FINANCIAL HOLDINGS LLC,QUIVER FINANCIAL HOLDINGS LLC
305230,"DPC WEALTH ADVISORY SERVICES, LLC.","DPC WEALTH ADVISORY SERVICES, LLC."
305247,COMPLETE VIEW FINANCIAL LLC,COMPLETE VIEW FINANCIAL LLC
305257,"BEARING FINANCIAL ADVISORS, LLC","BEARING FINANCIAL ADVISORS, L.L.C."
305259,"MISSION RETIREMENT CONSULTING, INC.","MISSION RETIREMENT CONSULTING, INC."
305270,"CHALK CREEK PARTNERS, LLC","CHALK CREEK PARTNERS, LLC"
305278,ATLAS LIFESTYLE PLANNING GROUP LLC,ATLAS LIFESTYLE PLANNING GROUP LLC
305295,"FINANCIAL EQUATIONS ADVISORS, INC.","FINANCIAL EQUATIONS ADVISORS, INC."
305316,PINNACLE PEAK WEALTH MANAGEMENT,PINNACLE PEAK WEALTH MANAGEMENT LLC
305321,"OBJECTIVE WEALTH, LLC","OBJECTIVE WEALTH, LLC"
305339,"PLANNING ASSOCIATES WEALTH MANAGEMENT, LLC","PLANNING ASSOCIATES WEALTH MANAGEMENT, LLC"
305365,"ANACAPA FINANCIAL, LLC","ANACAPA FINANCIAL, LLC"
305410,HAPPYRICH CAPITAL,MFA WEALTH INC.
305420,ALTMAN SACKS CORPORATION,ALTMAN SACKS CORPORATION
305458,HERITAGE ROAD ADVISORS,"HERITAGE ROAD ADVISORS, INC."
305463,"CONTRERAS FINANCIAL, INC.","CONTRERAS FINANCIAL, INC."
305467,"BAYROCK FINANCIAL, L.L.C.","BAYROCK FINANCIAL, L.L.C."
305469,"MOUNTAIN FLOWER INVESTMENTS & PLANNING, LLC","MOUNTAIN FLOWER INVESTMENTS & PLANNING, LLC"
305502,MOMENTUM PRIVATE WEALTH MANAGEMENT,MOMENTUM PRIVATE WEALTH MANAGEMENT LLC
305511,CARIS INVESTMENT PARTNERS,"CARIS INVESTMENT PARTNERS, INC."
305590,INFINITY FINANCIAL PLANNING,INFINITY FINANCIAL PLANNING LLC
305630,GPWM ADVISORS LLC,GPWM ADVISORS LLC
305645,SHEPHERD WEALTH & RETIREMENT LLC,SHEPHERD WEALTH & RETIREMENT LLC
305653,FAITHFUL FINANCIAL LLC,FAITHFUL FINANCIAL LLC
305687,NEW STREET ADVISORS GROUP LLC,NEW STREET ADVISORS GROUP LLC
305698,BOGGS WALLACE WEALTH PARTNERS LLC,BOGGS WALLACE WEALTH PARTNERS LLC
305719,"CALIFORNIA BENEFITS AND RETIREMENT GROUP, LLC","CALIFORNIA BENEFITS AND RETIREMENT GROUP, LLC"
305720,MEASURED FINANCIAL,"TAILORED WEALTH MANAGEMENT, LLC"
305734,MORAN TICE CAPITAL MANAGEMENT LLC,MORAN TICE CAPITAL MANAGEMENT LLC
305739,FOUR PEAKS PLANNING AND INVESTMENTS LLC,FOUR PEAKS PLANNING AND INVESTMENTS LLC
305740,"EAGLE WEALTH MANAGEMENT, INC.","EAGLE WEALTH MANAGEMENT, INC."
305770,LESSARD WEALTH MANAGEMENT,THE LESSARD INVESTMENT GROUP LLC
305773,TWIN RIVERS WEALTH MANAGEMENT,TWIN RIVERS WEALTH MANAGEMENT LLC
305794,LONDON HOUSE CAPITAL,BIRKBECK CAPITAL LLC
305796,KOHR INVESTMENTS,"KOHR INVESTMENTS, LLC"
305808,BALANCING LIFE FINANCIAL PLANNING,"OBER, EDWARD JACOB"
305821,WOMEN'S WEALTH,WOMEN'S WEALTH LLC
305833,SCIONAI,SCIONAI LLC
305886,FRANK FINANCES LLC,FRANK FINANCES LLC
305910,"PATHFINDER WEALTH ADVISORS, LLC","PATHFINDER WEALTH ADVISORS, LLC"
305914,PROPATH FINANCIAL,TAYLOR FINANCIAL LLC
305920,DEEP THINK INVESTMENTS,"DEEP THINK INVESTMENTS, LLC"
305925,"CONCEPTS FINANCIAL SERVICES, LLC","CONCEPTS FINANCIAL SERVICES, LLC"
305952,LONG BRIDGE CAPITAL MANAGEMENT,"LONG BRIDGE CAPITAL MANAGEMENT, LLC"
305970,"S CONWAY CONSULTING, LLC","S CONWAY CONSULTING, LLC"
305975,ANCHOR CAPITAL MANAGEMENT LLC,ANCHOR CAPITAL MANAGEMENT LLC
305986,"GOAL LINE WEALTH MANAGEMENT, INC.","GOAL LINE WEALTH MANAGEMENT, INC."
306032,JPN ADVISORS LLC,JPN ADVISORS LLC
306038,"DOUBLE SEVEN WEALTH GROUP, LLC","DOUBLE SEVEN WEALTH GROUP, LLC"
306040,INVESTMENTS PLUS LLC,INVESTMENTS PLUS LLC
306047,VJP FINANCE LLC,VJP FINANCE LLC
306055,"DRACO CAPITAL PARTNERS, LLC","DRACO CAPITAL PARTNERS, LLC"
306065,CENTERPOINT FINANCIAL MANAGEMENT LLC,CENTERPOINT FINANCIAL MANAGEMENT LLC
306067,ALPENGLOW ADVISORS LLC,ALPENGLOW ADVISORS LLC
306087,"RICHARDS FINANCIAL PLANNING, LLC","RICHARDS FINANCIAL PLANNING, LLC"
306099,"WINGO ASSET MANAGEMENT, LLC","WINGO ASSET MANAGEMENT, LLC"
306110,DEVORE FINANCIAL ADVISORS LLC,DEVORE FINANCIAL ADVISORS LLC
306116,WHAT ABOUT US FINANCIAL,WHAT ABOUT US FINANCIAL LLC
306117,"PATHWAY ADVISORS, LLC","PATHWAY ADVISORS, LLC"
306141,LAURELHURST ASSET MANAGEMENT LLC,LAURELHURST ASSET MANAGEMENT LLC
306204,"WOO, KENNETH WING KWOK","WOO, KENNETH WING KWOK"
306220,OLMA ADVISORS,OLMA FINANCIAL LLC
306251,"SILVERLIGHT ASSET MANAGEMENT, LLC","SILVERLIGHT ASSET MANAGEMENT, LLC"
306258,"LIGHTHOUSE ADVISORY SERVICES, INC.","LIGHTHOUSE ADVISORY SERVICES, INC."
306267,CAPITAL FLUENCY,"CAPITAL FLUENCY, LLC"
306286,KELLY KLINGAMAN FINANCIAL PLANNING LLC,KELLY KLINGAMAN FINANCIAL PLANNING LLC
306305,"FOCUSED COMPOUNDING CAPITAL MANAGEMENT, LLC","FOCUSED COMPOUNDING CAPITAL MANAGEMENT, LLC"
306312,TRUETIDE WEALTH,"TRUETIDE WEALTH, LLC."
306315,"INTIRETY, LLC","INTIRETY, LLC"
306330,HERMOSA ADVISORS,HERMOSA ADVISORS LLC
306353,MANENT CAPITAL,MANENT CAPITAL LLC
306355,"GRIFFINEST ASIA ASSET MANAGEMENT, LLC","GRIFFINEST ASIA ASSET MANAGEMENT, LLC"
306398,"NORTHROCK INVESTMENTS, PLLC","NORTHROCK INVESTMENTS, PLLC"
306408,"THOMPSON & THOMPSON INVESTMENT ADVISORS, INC.","THOMPSON & THOMPSON INVESTMENT ADVISORS, INC."
306500,VALUE ROTATION STRATEGIES LLC,VALUE ROTATION STRATEGIES LLC
306511,ORDERLY FINANCE,"ORDERLY FINANCE, LLC"
306527,"ECKELBERG FINANCIAL, INC.","ECKELBERG FINANCIAL, INC."
306535,BIGHORN FINANCIAL,"BIGHORN FINANCIAL, INC."
306537,"SPENCER FINANCIAL PLANNING, LLC","SPENCER FINANCIAL PLANNING, LLC"
306564,SLATON CAPITAL ADVISORS,SLATON CAPITAL ADVISORS LTD
306567,THE GOODLAND GROUP,"NATALIE TAYLOR CONSULTING SERVICES, LLC"
306593,CARUSO FAMILY FINANCIAL ADVISORS (CFFA) LLC,CARUSO FAMILY FINANCIAL ADVISORS (CFFA) LLC
306645,CIF ADVISORS INC.,CIF ADVISORS INC.
306654,BERETS FINANCIAL SERVICES LLC,BERETS FINANCIAL SERVICES LLC
306672,KINGHORN LAW | FINANCIAL,"KINGHORN LAW, LLC"
306699,WINDMILL CAPITAL ADVISER,WINDMILL CAPITAL ADVISER LLC
306759,EMERGING OAKS CAPITAL LLC,EMERGING OAKS CAPITAL LLC
306771,KNOW YOUR WORTH FINANCIAL,"KYW FINANCIAL, LLC"
306780,WEALTH MANAGEMENT PARTNERS OF LOS ANGELES,"WEALTH MANAGEMENT PARTNERS OF LOS ANGELES, INC."
306787,IS CAPITAL MANAGEMENT,"IS CAPITAL MANAGEMENT, LIMITED LIABILITY COMPANY"
306824,JWC ADVISORS,JWC ADVISORS LLC
306836,GRIFFIN FINANCIAL,"GRIFFIN FINANCIAL, LLC"
306871,"ROMAN RETIREMENT PLANNING, LLC","ROMAN RETIREMENT PLANNING, LLC"
306879,LUKE CAPITAL,"LOBELKARIMI, LUCIAN, MOHSSIN"
306891,PROMENADE WEALTH,PROMENADE WEALTH LLC
306929,TRIANGULUM WEALTH MANAGEMENT,TRIANGULUM WEALTH MANAGEMENT LLC
306946,"FORCE ACRES, LLC","FORCE ACRES, LLC"
306964,"TRUE FIDUCIARY CAPITAL, LLC","TRUE FIDUCIARY CAPITAL, LLC"
306966,"COLUMBIA STRATEGIC WEALTH ADVISORS, LLC","COLUMBIA STRATEGIC WEALTH ADVISORS, LLC"
306973,MIDWEST WEALTH MANAGEMENT INC,MIDWEST WEALTH MANAGEMENT INC
306976,IMPACTFUL WEALTH SOLUTIONS,"IMPACTFUL BUSINESS SOLUTIONS, LLC"
306983,MGN AND CO LLC,MGN AND CO LLC
307007,VETWORTH,FIVEPOINTS FINANCIAL PLANNING LLC
307013,TAYLOR GODDARD INVESTMENTS,TEMPUS INVESTMENT CORP
307035,"EDWIN LANE FINANCIAL SERVICES, LLC","EDWIN LANE FINANCIAL SERVICES, LLC"
307039,ADVENTURE WEALTH ADVISORS,"ADVENTURE WEALTH ADVISORS, LLC"
307041,"BEACON PARK CAPITAL, LLC","BEACON PARK CAPITAL, LLC"
307059,GARRITT FINANCIAL SOLUTIONS LLC,GARRITT FINANCIAL SOLUTIONS LLC
307069,PORTFOLIO DYNAMIX,PORTFOLIO DYNAMIX
307099,A.E.I. FINANCIAL GROUP,A E I FINANCIAL STRATEGIES INC.
307157,RETIREMENT INVESTMENT ADVISORS INC.,RETIREMENT INVESTMENT ADVISORS INC.
307223,KINGDOM CAPITAL MANAGEMENT,"KINGDOM CAPITAL MANAGEMENT, LLC"
307224,COASTAL CAPITAL ADVISORS,"COASTAL CAPITAL ADVISORS, LLC"
307228,SEA BREEZE ANALYTICS,ASAYESH  ALIREZA
307237,STEBNICKI FINANCIAL PLANNING,STEBNICKI FINANCIAL PLANNING LLC
307242,QUID CAPITAL,QUID CAPITAL LLC
307264,CLARITY FINANCIAL,"REEVES III, JARVIS M."
307266,"323 WEALTH MANAGEMENT, LLC","323 WEALTH MANAGEMENT, LLC"
307269,"SCHMIDT, SCOTLAND","SCHMIDT,SCOTLAND,COTTIER"
307290,EDWARDS FINANCIAL & INSURANCE SERVICES,"EDWARDS FINANCIAL & INSURANCE SERVICES, LLC"
307295,PLUTO WEALTH MANAGEMENT,PLUTO WEALTH MANAGEMENT LLC
307303,OZ WEALTH MANAGEMENT LLC,OZ WEALTH MANAGEMENT LLC
307305,MERTZ CAPITAL,"SOROKO, ADAM MICHAEL"
307311,"RED HAVEN ADVISORS, LLC","RED HAVEN ADVISORS, LLC"
307327,LAUNCH FINANCIAL PLANNING,"LAUNCH FINANCIAL PLANNING, LLC"
307330,"JW GOLDEN GATE INVESTMENT, LLC","JW GOLDEN GATE INVESTMENT, LLC"
307384,SOESBE FINANCIAL,SOESBE FINANCIAL LLC
307413,ALPHA RISING ADVISORS LLC,ALPHA RISING ADVISORS LLC
307439,PARADOX INVESTMENT PARTNERS LLC,PARADOX INVESTMENT PARTNERS LLC
307455,BECKETT COLLECTIVE,"BECKETT COLLECTIVE, LLC"
307469,"SCARECROW ADVISORS, LLC","SCARECROW ADVISORS, LLC"
307479,SAGE PATH SOLUTIONS,"BARBARA J NORMAN, LLC"
307483,"HARMONEY WEALTH, PLLC","HARMONEY WEALTH, PLLC"
307497,ARC ADVISERS LLC,ARC ADVISERS LLC
307499,KEITH MCBRIDE FINANCIAL SERVICES INC.,KEITH MCBRIDE FINANCIAL SERVICES INC.
307514,VENDOME CAPITAL MANAGEMENT LLC,VENDOME CAPITAL MANAGEMENT LLC
307522,"BLUE ANCHOR WEALTH ADVISORS, LLC","BLUE ANCHOR WEALTH ADVISORS, LLC"
307536,BRIGHTWAY WEALTH PLANNING,"BILECKYJ, ADAM PETER"
307539,"SPRING DELTA ASSET MANAGEMENT, LLC","SPRING DELTA ASSET MANAGEMENT, LLC"
307616,GLADIATOR CAPITAL MANAGEMENT,"GLADIATOR CAPITAL MANAGEMENT, LLC"
307622,"WEALTH CAIRN, LLC","MU, PETER, SIZHONG"
307658,EUDAIMON WEALTH MANAGEMENT,"DANIELS, STEVEN, RICHARD"
307670,GRANITE CAPITAL WEALTH MANAGEMENT LLC,GRANITE CAPITAL WEALTH MANAGEMENT LLC
307679,"CRESTRIDGE WEALTH ADVISORS, LLC","CRESTRIDGE WEALTH ADVISORS, LLC"
307709,SERENDIB CAPITAL MANAGEMENT LLC,SERENDIB CAPITAL MANAGEMENT LLC
307733,"86 REPUBLIC, LLC","86 REPUBLIC, LLC"
307761,FSAQ CAPITAL MANAGEMENT LLC,FSAQ CAPITAL MANAGEMENT LLC
307768,BAYNES FINANCIAL LLC,BAYNES FINANCIAL LLC
307786,CHRIS HAYS WEALTH MANAGEMENT LLC,CHRIS HAYS WEALTH MANAGEMENT LLC
307809,JACUMEN ASSET MANAGEMENT CORP.,JACUMEN ASSET MANAGEMENT CORP.
307838,PURPOSE CAPITAL ADVISORS,COASTAL REDWOOD SPIRITS INC.
307839,LLOYDS INTREPID WEALTH MANAGEMENT,LLOYDS INTREPID LLC
307853,GRASS CAPITAL LLC,GRASS CAPITAL LLC
307916,YOAKUM WEALTH MANAGEMENT,"YOAKUM, JEFFREY"
308014,NASCHE ASSET MANAGEMENT LLC,NASCHE ASSET MANAGEMENT LLC
308029,"FOCUSED CAPITAL INVESTMENT, LLC","FOCUSED CAPITAL INVESTMENT, LLC"
308056,FIRSTLINE FINANCIAL LLC,FIRSTLINE FINANCIAL LLC
308060,KANNO CAPITAL,"KANNO CAPITAL, LLC"
308061,"KTE CAPITAL MANAGEMENT, LLC","KTE CAPITAL MANAGEMENT, LLC"
308170,AVANT-GARDE WEALTH,"AVANT-GARDE WEALTH, LLC"
308177,WAYMAKER FINANCIAL PLANNING,WAYMAKER FINANCIAL PLANNING LLC
308179,MONTEITH WEALTH,"MONTEITH WEALTH, LLC."
308216,HORIZONS FINANCIAL PLANNING,HORIZONS FINANCIAL PLANNING LLC
308324,"CLARITY ADVISORS GROUP, INC.","CLARITY ADVISORS GROUP, INC."
308370,WHITE ASPEN CAPITAL LLC,WHITE ASPEN CAPITAL LLC
308378,TOYER INVESTMENT ADVISORS LLC,TOYER INVESTMENT ADVISORS LLC
308385,ALDERS FINANCIAL SOLUTIONS,LOUIS F. BATMALE
308409,ANALOGOUS INVESTMENT MANAGEMENT LIMITED LIABILITY COMPANY,ANALOGOUS INVESTMENT MANAGEMENT LIMITED LIABILITY COMPANY
308424,"AEON CAPITAL PARTNERS, LLC","AEON CAPITAL PARTNERS, LLC"
308463,ORIS WEALTH DESIGNS LLC,ORIS WEALTH DESIGNS LLC
308520,LAMARQUE ATLAS,"LAMARQUE ATLAS, LLC"
308575,VIDA PRIVATE WEALTH LLC,VIDA PRIVATE WEALTH LLC
308633,"CULTIVATE FINANCIAL WELLNESS, LLC","CULTIVATE FINANCIAL WELLNESS, LLC"
308833,"CANON ASSET MANAGEMENT ADVISORY, LLC","CANON ASSET MANAGEMENT ADVISORY, LLC"
308883,TURKEN INVESTMENTS LLC.,TURKEN INVESTMENTS LLC.
308896,"QUILLPEN ADVISORS, LLC","QUILLPEN ADVISORS, LLC"
308906,AZ LEGACY WEALTH LLC,AZ LEGACY WEALTH LLC
308915,WESTLAKE WEALTH MANAGEMENT LLC,WESTLAKE WEALTH MANAGEMENT LLC
308953,WESTSIDE FINANCIAL ADVISORS LLC,WESTSIDE FINANCIAL ADVISORS LLC
308954,MONTAGE FINANCIAL ADVISORS,MONTAGE FINANCIAL ADVISORS INC.
308965,INNOVATIVE WEALTH MANAGEMENT,"IWM ADVISORY, LLC"
308973,PAUL EDWARD FRITCH CPA,"FRITCH, PAUL, EDWARD"
308998,ABACUS WEALTH INTERNATIONAL (AWI),"BARRETTO, JOSEPH NIEVERA"
309007,PALLADIO CONSULTING LLC,PALLADIO CONSULTING LLC
309029,STRAIGHTWAY FINANCIAL LLC,STRAIGHTWAY FINANCIAL LLC
309062,STRATEON INTELLIGENT WEALTH LLC,STRATEON INTELLIGENT WEALTH LLC
309092,CARPE DIEM FINANCIAL LIFE PLANNING,"ARNE, ROBERT COURTLAND"
309102,AYLA CAPITAL,AYLA CAPITAL MANAGEMENT LLC
309118,PINNACLE CAPITAL ADVISORS,"PINNACLE CAPITAL ADVISORS, LLC"
309129,401K ENGINEERS INC.,401K ENGINEERS INC.
309157,J BEAVER INVESTMENT ADVISORS INC,J BEAVER INVESTMENT ADVISORS INC
309162,FIRST CHOICE FINANCIAL PLANNING LLC,FIRST CHOICE FINANCIAL PLANNING LLC
309184,"KWS ADVISORY GROUP, LLC","KWS ADVISORY GROUP, LLC"
309189,"ANIMUS WEALTH MANAGEMENT, LLC.","ANIMUS WEALTH MANAGEMENT, LLC."
309208,KB PRIVATE WEALTH MANAGEMENT GROUP,KB PRIVATE WEALTH MANAGEMENT GROUP LLC
309221,REAL ADVISERS LLC RIA SERIES,REAL ADVISERS LLC RIA SERIES
309222,RISING SUN INVESTMENT ADVISERS,"RISING SUN INVESTMENT ADVISERS, LLC"
309225,ATHOS CAPITAL ADVISORS,"ATHOS CAPITAL ADVISORS, LLC"
309253,JOHN NUCKEL LLC,JOHN NUCKEL LLC
309261,"WINDFALL ADVISORS, LLC","WINDFALL ADVISORS, LLC"
309267,"SALT CAPITAL WEALTH MANAGEMENT, LLC","SALT CAPITAL WEALTH MANAGEMENT, LLC"
309278,CRESTWAY ADVISORY GROUP,"CRESTWAY INSURANCE GROUP, LLC DBA"
309290,BDJ WEALTH MANAGEMENT LLC,BDJ WEALTH MANAGEMENT LLC
309315,SHALOM GLOBAL CAPITAL GROUP LLC,SHALOM GLOBAL CAPITAL GROUP LLC
309325,"RISTAU CAPITAL, LLC","RISTAU CAPITAL, LLC"
309337,"MARATHON WEALTH MANAGEMENT, LLC","MARATHON WEALTH MANAGEMENT, LLC"
309344,"STEVENS GROUP WEALTH COACHES, INC. D/B/A ALASKA ADVISORS","STEVENS GROUP WEALTH COACHES, INC."
309348,FOLGMANN FINANCIAL GROUP LLC,FOLGMANN FINANCIAL GROUP LLC
309352,COMAL WEALTH MANAGEMENT,COMAL WEALTH MANAGEMENT LLC
309356,RISE PRIVATE WEALTH ADVISORS,RISE PRIVATE WEALTH ADVISORS LLC
309408,SHIFTING THE CULTURE WEALTH PARTNERS LLC,SHIFTING THE CULTURE WEALTH PARTNERS LLC
309433,SERENE POINT ADVISORS LLC,SERENE POINT ADVISORS LLC
309438,"VOLKMAN WEALTH MANAGEMENT, LLC","VOLKMAN WEALTH MANAGEMENT, LLC"
309446,WISDOM OAK FUND MANAGEMENT LLC,WISDOM OAK FUND MANAGEMENT LLC
309479,BMMS WEALTH ADVISORY LLC,BMMS WEALTH ADVISORY LLC
309482,WYATT WEALTH MANAGEMENT,BBWYATT LLC
309523,"ALLMERITS ASSET, LLC","ALLMERITS ASSET, LLC"
309556,HAWK CAPITAL WEALTH MANAGEMENT LLC,HAWK CAPITAL WEALTH MANAGEMENT LLC
309558,DARKHORSE ADVISOR,"DARKHORSE ADVISOR, LLC."
309563,ENDEAVOR ADVISORS LLC,ENDEAVOR ADVISORS LLC
309571,FIDUCIA WEALTH MANAGEMENT,FIDUCIA WEALTH MANAGEMENT
309601,KAPELA,"OASIS WEALTH ADVISORS, LLC"
309643,"BREXTON FAMILY FINANCIAL, LLC","BREXTON FAMILY FINANCIAL, LLC"
309648,"CREATE, LLC","CREATE, LLC"
309661,"HART INVESTMENT MANAGEMENT, LLC","HART INVESTMENT MANAGEMENT, LLC"
309669,"PLANVEST, LLC","PLANVEST, LLC"
309676,EVOLVE FINANCIAL,JEWELER AND ASSOCIATES LLC
309690,"HUMANE INVESTING, LLC.","HUMANE INVESTING, LLC."
309694,"WEALTH MANAGEMENT ADVISORS RIA, INC.","WEALTH MANAGEMENT ADVISORS RIA, INC."
309712,"AMPLIO WEALTH MANAGEMENT, INC.","AMPLIO WEALTH MANAGEMENT, INC."
309744,TRUE WORTH FINANCIAL PLANNING LLC,TRUE WORTH FINANCIAL PLANNING LLC
309759,OAKS WEALTH MANAGEMENT,OWM ADVICE AND ASSET MANAGEMENT INC.
309782,MAGUIRE STEWARDSHIP PARTNERS,"MAGUIRE STEWARDSHIP PARTNERS, LLC"
309799,"HICKS MANAGEMENT & FINANCIAL SERVICES, LLC","HICKS MANAGEMENT & FINANCIAL SERVICES, LLC"
309802,"HELPING HAND RIA, LLC","HELPING HAND RIA, LLC"
309846,NABERS WEALTH LLC,NABERS WEALTH LLC
309852,SWISS AMERICAN ASSET MANAGEMENT,"SWISS AMERICAN ASSET MANAGEMENT, LLC"
309886,CHANAKYA BUSINESS VENTURES LLC,CHANAKYA BUSINESS VENTURES LLC
309888,QUINLEY STEWARDSHIP LLC,QUINLEY STEWARDSHIP LLC
309890,CROSS BORDER WEALTH ADVISORS,GERSTEN FINANCIAL PLANNING INC
309906,QTR CAPITAL MANAGEMENT LLC,QTR CAPITAL MANAGEMENT LLC
309957,CLEAR AND SIMPLE FINANCIAL GROUP LLC,CLEAR AND SIMPLE FINANCIAL GROUP LLC
309970,ACTUARIAL DIRECT LLC,ACTUARIAL DIRECT LLC
309992,"JMJRG, INC. DBA STRATEGIC WEALTH MANAGEMENT GROUP","JMJRG, INC"
310022,IRONCREST CAPITAL MANAGEMENT LLC,IRONCREST CAPITAL MANAGEMENT LLC
310062,CREATE YOUR PATH LLC,CREATE YOUR PATH LLC
310081,ANCHOR FINANCIAL,ANCHOR FINANCIAL LLC
310089,GREENROCK ASSET MANAGEMENT LLC,GREENROCK ASSET MANAGEMENT LLC
310110,THE TIDES GROUP,"TOMPKINS, JR. GIFFORD LEON"
310170,"UNIQUE INVESTMENT ADVISORS, LLC","UNIQUE INVESTMENT ADVISORS, LLC"
310178,"REEVES, JAMES, TOWNSEND","REEVES, JAMES, TOWNSEND"
310192,FINANCIAL INTERNATIONAL,"R & R INTERNATIONAL ENTERPRISES, INC"
310219,BIRCHWOOD CAPITAL,BIRCHWOOD CAPITAL LLC
310235,DESLA WEALTH MANAGEMENT,DESLA WEALTH MANAGEMENT LLC
310255,"BOWLINE FINANCIAL, LLC","BOWLINE FINANCIAL, LLC"
310260,TWIN HARBORS WEALTH MANAGEMENT LLC,TWIN HARBORS WEALTH MANAGEMENT LLC
310261,MASTERS TAX AND FINANCIAL PLANNING LLC,MASTERS TAX AND FINANCIAL PLANNING LLC
310280,RADIANT WEALTH PLANNING,"RADIANT WEALTH PLANNING, LLC"
310282,PINECONE FINANCIAL,"KORMAN, JEREMY, NATHAN"
310286,TEMECULA VALLEY STOCK EXCHANGE,TEMECULA VALLEY STOCK EXCHANGE LLC
310315,"CREATIVE PLANNING SOLUTIONS, INC","CREATIVE PLANNING SOLUTIONS, INC"
310318,KENNETH DEAN & CO FINANCIAL ADVISORY SERVICES,"HINKLE, KENNETH DEAN"
310385,"VIECHNICKI WEALTH MGMT, LLC","VIECHNICKI WEALTH MGMT, LLC"
310389,"THE WEALTH COLLECTIVE, LLC","THE WEALTH COLLECTIVE, LLC"
310390,CORVUM INVESTMENT MANAGEMENT,"CORVUM INVESTMENT MANAGEMENT, LLC"
310395,RR FINANCIAL MANAGEMENT LLC,RR FINANCIAL MANAGEMENT LLC
310412,MONEY COMPASS ADVISORS,MONEY COMPASS ADVISORS LLC
310413,"LOTUSMENT ADVISORS, LLC","LOTUSMENT ADVISORS, LLC"
310424,KAVOUT ALGO FINANCIAL LLC,KAVOUT ALGO FINANCIAL LLC
310458,ELGON FINANCIAL ADVISORS,ELGON FINANCIAL ADVISORS LLC
310460,2260 WEST,"2260 WEST, LLC"
310471,"GWD CAPITAL MANAGEMENT, LLC","GWD CAPITAL MANAGEMENT, LLC"
310511,ROCKSIDE INVESTMENTS LLC,ROCKSIDE INVESTMENTS LLC
310524,STEWARDS ASSET MANAGEMENT,STEWARDS ASSET MANAGEMENT LLC
310539,ARK ALLIANCE FINANCIAL LLC,ARK ALLIANCE FINANCIAL LLC
310547,COMBS CAPITAL PARTNERS,COMBS CAPITAL PARTNERS LLC
310560,IMAGINE FINANCIAL SERVICES,IMAGINE FINANCIAL SERVICES LLC
310562,BRIARWOOD FINANCIAL,BRIARWOOD FINANCIAL PLANNING LLC
310585,Y2K FINANCIAL LLC,Y2K FINANCIAL LLC
310586,CORYELL CAPITAL MANAGEMENT,CORYELL CAPITAL MANAGEMENT. LLC
310588,DYNAMIQUE CAPITAL ADVISORS,"DYNAMIQUE CAPITAL ADVISORS, LLC"
310597,SG WEALTH MANAGERS LLC,SG WEALTH MANAGERS LLC
310621,"SHERWOOD OAK KNOLL, LLC","SHERWOOD OAK KNOLL, LLC"
310631,"TOLTON ASSET MANAGEMENT, LLC","TOLTON ASSET MANAGEMENT, LLC"
310651,POCKET PROJECT,POCKET PROJECT LLC
310652,TRUE ROOT FINANCIAL,TRUE ROOT FINANCIAL LLC
310659,"OLYMPUS CAPITAL, LLC","OLYMPUS CAPITAL, LLC"
310684,SEAPORT WEALTH MANAGEMENT,"BALL, BRADLEY MAURICE"
310689,MORSE GROUP INVESTMENT ADVISORS,MORSE GROUP INVESTMENT ADVISORS LLC
310697,"GORDON OAK FINANCIAL, LLC","GORDON OAK FINANCIAL, LLC"
310708,"BALANCED PLAN FINANCIAL INVESTMENT ADVISORS, INC.","BALANCED PLAN FINANCIAL INVESTMENT ADVISORS, INC."
310735,ROCKWALL WEALTH ADVISORS,ROCKWALL WEALTH ADVISORS LLC
310741,SIEGEL ASSET MANAGEMENT PARTNERS,Y C SIEGEL LLC
310747,APEX TAX & FINANCIAL PLANNING,APEX TAX & FINANCIAL PLANNING LLC
310757,INTEGRITY ADVISERS LLC,INTEGRITY ADVISERS LLC
310763,"MONEY STRATEGIES, INC.","MONEY STRATEGIES, INC."
310771,HERMOSA WEALTH MANAGEMENT,HERMOSA INC.
310772,AVEC LLC,AVEC LLC
310799,545 INVESTMENTS,"545 INVESTMENTS, LLC"
310802,QUOINAGE CAPITAL LLC,QUOINAGE CAPITAL LLC
310807,RETIRE WITH SWAN,"SWAN CAPITAL GROUP, LLC"
310809,VESSEL WEALTH ADVISORS LLC,VESSEL WEALTH ADVISORS LLC
310811,VALHALLA ADVISORS LLC,VALHALLA ADVISORS LLC
310846,"WILBERT GUILFORD, CFP, PLLC","WILBERT GUILFORD CFP, PLLC"
310850,"FINWELL, INC.","FINWELL, INC."
310851,"KOPKIN CAPITAL MANAGEMENT, LLC",KOPKIN CAPITAL MANAGEMENT
310852,"PETERKOFSKY, ROY","PETERKOFSKY, ROY ISAAC"
310857,GREEN ROOM PARTNERS LLC,GREEN ROOM PARTNERS LLC
310867,"AZURE SKY FINANCIAL LIFE PLANNING, LLC","AZURE SKY FINANCIAL LIFE PLANNING, LLC"
310877,TDT FINANCIAL INC,TDT FINANCIAL INC
310887,ABUNDANCE ADVISERS,ABUNDANCE WEALTH ADVISERS LLC
310894,HOZIE CONSULTING,"HOZIE CONSULTING, LLC"
310901,"EMPOWERING FINANCE, LLC","EMPOWERING FINANCE, LLC"
310923,"STRIDER CAPITAL, LLC","STRIDER CAPITAL, LLC"
310927,RETIREMENT SYSTEMS LLC,RETIREMENT SYSTEMS LLC
310941,A-TEAM ADVISORS,ANNIE WERNER LLC
310957,DCG WEALTH MANAGEMENT,DCG ADVISORY LLC
310974,"INTEGRITY FINANCIAL PLANNING, LLC","INTEGRITY FINANCIAL PLANNING, LLC"
310993,"TM WEALTH MANAGEMENT, LLC","TM WEALTH MANAGEMENT, LLC"
311022,ALCHEMY WEALTH MANAGEMENT,ALCHEMY WEALTH MANAGEMENT LLC
311040,"FOCAL  POINT FINANCIAL PLANNING, LLC","FOCAL  POINT FINANCIAL PLANNING, LLC"
311049,WEALTHDEVS,MICHAEL JOHN WUNSCH
311062,"VON HALLE, ALLAN","VON HALLE, ALLAN"
311066,JSSR CAPITAL LLC,JSSR CAPITAL LLC
311073,30-40 WEALTH PARTNERS,"30-40 WEALTH PARTNERS, LLC"
311083,SOVEREIGN ASSET ADVISORS LLC,SOVEREIGN ASSET ADVISORS LLC
311106,REAL WEALTH PLANNING,"FIDUCIARY FINANCIAL PLANNING GROUP, LLC"
311148,NINE GEMS INVESTMENT MANAGEMENT,NINE GEMS INVESTMENT MANAGEMENT
311159,AXIS POINT CAPITAL,"AXIS POINT CAPITAL, LLC"
311160,"LAWRENCE, ALAN","LAWRENCE, ALAN"
311165,VALUETECH PRIVATE ADVISORS,VALUETECH PRIVATE ADVISORS LLC
311169,ROTH BUILDER INVESTMENTS,ROTH BUILDER INVESTMENTS LLC
311185,ON KEEL CAPITAL,ON KEEL CAPITAL LLC
311263,VISION TECH FINANCIAL ADVISORS,VISION TECH GROUP LLC
311267,"TECH WEALTH, LLC","TECH WEALTH, LLC"
311270,ADUNA CAPITAL,ADUNA CAPITAL LLC
311307,MODERN MONEY MANAGEMENT LLC,MODERN MONEY MANAGEMENT LLC
311352,"GREENWOOD WEALTH MANAGEMENT, LLC","GREENWOOD WEALTH MANAGEMENT, LLC"
311372,WMS WEALTH MANAGEMENT LLC,WMS WEALTH MANAGEMENT LLC
311399,"JOHN LINE, CPA, INC.","JOHN LINE, CPA, INC."
311403,"ALEXANDER, DEAN D.","ALEXANDER, DEAN D."
311423,MOVEUP FINANCIAL LLC,MOVEUP FINANCIAL LLC
311430,RINCON WEALTH MANAGEMENT,"MAL-1 FINANCIAL, LLC"
311431,"ENVISIONX CAPITAL, LLC","ENVISIONX CAPITAL, LLC"
311441,VELMARK CAPITAL MANAGEMENT LLC,VELMARK CAPITAL MANAGEMENT LLC
311443,VALLON CAPITAL LLC,VALLON CAPITAL LLC
311472,NEXT STEP FINANCIAL TRANSITIONS,"NEXT STEP FINANCIAL TRANSITIONS, LLC"
311474,FENUL WEALTH MANAGEMENT LLC,FENUL WEALTH MANAGEMENT LLC
311485,SONMORE FINANCIAL LLC,SONMORE FINANCIAL LLC
311488,ZUMA WEALTH LLC,ZUMA WEALTH LLC
311490,"ALPHA-TECH INVESTMENTS, LLC","ALPHA-TECH INVESTMENTS, LLC"
311500,HAYK CAPITAL,HAYK CAPITAL
311507,PILOT RETIREMENT ADVISORS,PILOT RETIREMENT ADVISORS LLC
311515,RAISE FINANCIAL ADVISORS LLC,RAISE FINANCIAL ADVISORS LLC
311522,"CARRINGTON ADVISORS, LLC","CARRINGTON ADVISORS, LLC"
311563,ENTENTVEST INC.,ENTENTVEST INC.
311567,MARINA WEALTH ADVISORS,"MARINA WEALTH ADVISORS, LLC"
311577,"UBEQUITY WEALTH MANAGEMENT, LLC","UBEQUITY WEALTH MANAGEMENT, LLC"
311601,FRAME WEALTH MANAGEMENT,FRAME WEALTH MANAGEMENT LLC
311604,OAKGROWTH WEALTH MANAGEMENT LLC,OAKGROWTH WEALTH MANAGEMENT LLC
311610,LUPU FINANCIAL,"LUPU FINANCIAL SERVICES, LLC"
311660,DRS FINANCIAL PARTNERS LLC,DRS FINANCIAL PARTNERS LLC
311674,CHIMERA WEALTH,CHIMERA WEALTH LLC
311684,CHAMPION FINANCIAL PLANNING LLC,CHAMPION FINANCIAL PLANNING LLC
311705,"HODOS WEALTH GROUP, LLC","HODOS WEALTH GROUP, LLC"
311742,"GRINNELL CAPITAL, LLC","GRINNELL CAPITAL, LLC"
311765,FAIR OAKS FINANCIAL LLC,FAIR OAKS FINANCIAL LLC
311779,GUIDING FINANCIAL,GUIDING FINANCIAL LLC
311791,"QHH CAPITAL MANAGEMENT, LLC","QHH CAPITAL MANAGEMENT, LLC"
311796,"KINGSLY CAPITAL, LLC","KINGSLY CAPITAL, LLC"
311814,"MALNIK WEALTH MANAGEMENT, LLC","MALNIK WEALTH MANAGEMENT, LLC"
311827,KEY FOCUS WEALTH LLC,KEY FOCUS WEALTH LLC
311872,"SOUND INVESTMENT ADVICE, LLC","SOUND INVESTMENT ADVICE, LLC"
311884,MERITAGE WEALTH MANAGEMENT,MERITAGE WEALTH MANAGEMENT LLC
311887,"MANNA WEALTH STRATEGIES, LLC","MANNA WEALTH STRATEGIES, LLC"
311898,WB ADVISORS TEXAS LLC,WB ADVISORS TEXAS LLC
311923,CAPO CREEK FINANCIAL SOLUTIONS,PIERRE JACQUES GENDREAU
311924,PACE WEALTH ADVISORS,HALL CONSULTING LLC
311963,ALTAIR INVESTMENT MANAGEMENT,ROBERT KENNETH LOOP
311964,CF FINANCIAL,CF FINANCIAL LLC
311975,SOLOMON AND ASSOCIATES LLC,"SOLOMON AND ASSOCIATES, LLC"
311988,"WIPPLE CREEK, LLC","WIPPLE CREEK, LLC"
311991,ZEN TRENDS CAPITAL LLC,ZEN TRENDS CAPITAL LLC
311994,FADE IN FINANCIAL,FADE IN FINANCIAL LLC
311995,BETTER TOMORROW FINANCIAL,LONG HABIT LLC
312012,"GL TRUST, INC.","GL TRUST, INC."
312016,CICLO WEALTH LLC,CICLO WEALTH LLC
312033,CADGER TAX AND FINANCIAL INC.,CADGER TAX AND FINANCIAL INC.
312036,VEGA FINANCIAL LLC,VEGA FINANCIAL LLC
312049,"CHOICE FINANCIAL & INSURANCE SERVICES, INC.","CHOICE FINANCIAL & INSURANCE SERVICES, INC."
312055,MISSION ADVISORY GROUP,"MISSION ADVISORY GROUP, LLC"
312084,"ACCESS FINANCIAL GROUP, LLC","ACCESS FINANCIAL GROUP, LLC"
312085,FIREPLACE FINANCIAL INC,FIREPLACE FINANCIAL INC
312088,CAVALOT CAPITAL,CAVALOT CAPITAL LLC
312098,DAWSON INVESTMENT MANAGEMENT,"DAWSON, ROBERT, B."
312103,DROST FINANCIAL,"DROST FINANCIAL, LLC"
312110,INAEYA WEALTH MANAGEMENT LLC,INAEYA WEALTH MANAGEMENT LLC
312136,KOINONIA FINANCIAL,"KOINONIA WEALTH, LLC"
312141,NYTRX LLC,NYTRX LLC
312183,"ANDREY, DOUGLAS","ANDREY, DOUGLAS, GEORGE"
312185,"WAVE WEALTH PLANNING, LLC","WAVE WEALTH PLANNING, LLC"
312204,ASPEN WEALTH ADVISORS LLC,ASPEN WEALTH ADVISORS LLC
312231,"CARVALHO INVESTMENT GROUP, LLC","CARVALHO INVESTMENT GROUP, LLC"
312244,SHIFT TO IMPACT,"SHIFT TO IMPACT, LLC"
312269,"RYAN FINANCIAL SOLUTIONS, LLC","RYAN FINANCIAL SOLUTIONS, LLC"
312295,CAPLO ADVISORY LLC,CAPLO ADVISORY LLC
312336,VINEYARD FAMILY WEALTH ADVISORS,"VINEYARD FAMILY WEALTH, LLC"
312337,FORTITUDE ADVISORS AND ACCOUNTING INC,FORTITUDE ADVISORS AND ACCOUNTING INC
312343,SUNPATH FINANCIAL,SUNPATH FINANCIAL GROUP INCORPORATED
312345,"EVERGREEN CAPITAL HOLDINGS, LLC","EVERGREEN CAPITAL HOLDINGS, LLC"
312361,GIVING TREE WEALTH ADVISORS,GIVING TREE WEALTH ADVISORS
312367,77 FINANCIAL GROUP,77 FINANCIAL GROUP LLC
312375,POINT4WARD FINANCIAL PLANNING,"POINT4WARD FINANCIAL PLANNING, LLC"
312446,ECHELON PRIVATE WEALTH LLC,ECHELON PRIVATE WEALTH LLC
312447,CAPITAL UNITED INVESTMENTS LLC,CAPITAL UNITED INVESTMENTS LLC
312464,ARCADIA WEALTH LLC,ARCADIA WEALTH LLC
312487,HENTCH SOLUTIONS,"HENTCH, INC."
312496,"RLS PRIVATE WEALTH CONSULTING, INC.","RLS PRIVATE WEALTH CONSULTING, INC."
312499,EAGAN VENTURES LLC,EAGAN VENTURES LLC
312500,INTENTIONAL LIVING FP,INTENTIONAL LIVING FP LLC
312513,"SIMPLIFIED WEALTH MANAGEMENT, LLC","SIMPLIFIED WEALTH MANAGEMENT, LLC"
312559,GAOAN CAPITAL MANAGEMENT LLC,GAOAN CAPITAL MANAGEMENT LLC
312562,AIS ASSET MANAGEMENT,"ADVANCED INVESTMENT STRATEGIES, LLC"
312568,VAIL FINANCIAL ADVISORS,SINGER VENTURES LLC
312570,RAYMOND LIAO INVESTMENT ADVISOR,"LIAO, FAI HUNG"
312577,"STREET LIGHT WEALTH MANAGEMENT, LLC","STREET LIGHT WEALTH MANAGEMENT, LLC"
312592,THE TEMPEST FINANCIAL GROUP PLLC,THE TEMPEST FINANCIAL GROUP PLLC
312600,FREW STREET CAPITAL,FREW STREET CAPITAL MANAGEMENT LLC
312656,JAR ADVISOR,JAR.AI LLC
312659,DOTCH CAPITAL,THE DOTCH CAPITAL CORPORATION
312663,ONUS OBSERVER LLC,ONUS OBSERVER LLC
312680,INFLECTION RETIREMENT SERVICES,"INFLECTION RETIREMENT SERVICES, INC."
312720,"ANAVRIN CAPITAL MANAGEMENT, LP","ANAVRIN CAPITAL MANAGEMENT, LP"
312732,OPTIMUM RETIREMENT PLANNING LLC,OPTIMUM RETIREMENT PLANNING LLC
312743,OPEN WEALTH MANAGEMENT LLC,OPEN WEALTH MANAGEMENT LLC
312745,AVIDITY CAPITAL,AVIDITY CAPITAL INC.
312782,MALONE WEALTH VENTURES LLC,MALONE WEALTH VENTURES LLC
312791,BLACKBOX CAPITAL MANAGEMENT LLC,BLACKBOX CAPITAL MANAGEMENT LLC
312793,"KLESIS ADVISORS, LLC","KLESIS ADVISORS, LLC"
312822,SOUTHERN PACIFIC ASSET MANAGEMENT L.L.C.,SOUTHERN PACIFIC ASSET MANAGEMENT L.L.C.
312839,TEMPLEMAN WEALTH MANAGEMENT INC.,TEMPLEMAN WEALTH MANAGEMENT INC.
312852,THE BUTTERFIELD GROUP LLC,THE BUTTERFIELD GROUP LLC
312891,G.P. LEACH SECURITIES LLC,G.P. LEACH SECURITIES LLC
312894,SUNSTONE FINANCIAL,SUNSTONE FINANCIAL LLC
312926,DIFFERENTIAL PLANNING LLC,DIFFERENTIAL PLANNING LLC
312972,E2 ADVISORY,GARY TRENTON DAVIS
313002,"AQUIFER ASSET MANAGEMENT, LLC","AQUIFER ASSET MANAGEMENT, LLC"
313044,PERSONAL PROSPERITY LLC,B2 INNOVATIONS LLC
313069,PACIFIC STREET ADVISORS LLC,PACIFIC STREET ADVISORS LLC
313097,"TIEBREAK ASSET MANAGEMENT, LLC","TIEBREAK ASSET MANAGEMENT, LLC"
313112,"DO, LEN D","DO, LEN D"
313150,PRESIDIO FINANCIAL ADVISORS LLC,PRESIDIO FINANCIAL ADVISORS LLC
313152,MOAT CAPITAL,MOAT CAPITAL LLC
313155,EMERALD PACIFIC INVESTMENT ADVISORS LLC,EMERALD PACIFIC INVESTMENT ADVISORS LLC
313190,"AIONIOS CAPITAL PARTNERS, LLC","AIONIOS CAPITAL PARTNERS, LLC"
313194,GOLZAR INVESTMENT GROUP LLC,GOLZAR INVESTMENT GROUP LLC
313214,GEDDI CAPITAL LLC,GEDDI CAPITAL LLC
313215,LTS FINANCIAL GROUP,LTS FINANCIAL GROUP
313218,KMI WEALTH ADVISORS,KMI WEALTH LLC
313228,"TARASCIO FINANCIAL PLANNING, LLC","THE TARASCIO GROUP, LLC"
313231,COULEUR INVESTMENTS,COULEUR INVESTMENTS LLC
313233,MOMENTUM FINANCIAL AND INSURANCE SERVICES LLC,MOMENTUM FINANCIAL AND INSURANCE SERVICES LLC
313243,CENTER PILLAR WEALTH MANAGEMENT LLC,CENTER PILLAR WEALTH MANAGEMENT LLC
313258,THE CURTIS COMPANY,"CURTIS, DAVID SCOTT"
313311,NHABLA,NHABLA LLC
313318,AXIOM FOUNDERS FAMILY OFFICE,"AXIOM FOUNDERS FAMILY OFFICE, INC."
313349,"COPPER SQUARE PRIVATE WEALTH, LLC","COPPER SQUARE PRIVATE WEALTH, LLC"
313395,GNRFUNDS LLC,GNRFUNDS LLC
313406,MOUNT FINANCIAL FREEDOM,MOUNT FINANCIAL FREEDOM LLC
313416,"INHERENT WEALTH FUND, LLC","INHERENT WEALTH FUND, LLC"
313422,SPRECKELS WEALTH MANAGEMENT,"SPRECKELS WEALTH MANAGEMENT, LLC"
313434,PROVISOR ASSET MANAGEMENT LLC,PROVISOR ASSET MANAGEMENT LLC
313444,PREMCA LLC,PREMCA LLC
313446,RETIREMENT STRATEGIES,SABATIER WEALTH LLC
313535,"VISION CASTING FINANCIAL PLANNING, LLC","VISION CASTING FINANCIAL PLANNING, LLC"
313539,"BUILDING EQUITIES, LLC","BUILDING EQUITIES, LLC"
313554,"AUSTIN CREEK CAPITAL, LLC","AUSTIN CREEK CAPITAL, LLC"
313559,"MERGENT WEALTH, LLC","MERGENT WEALTH, LLC"
313570,WAYS INVESTMENT ADVISORS LLC,WAYS INVESTMENT ADVISORS LLC
313656,MEASURE TWICE FINANCIAL LLC,MEASURE TWICE FINANCIAL LLC
313667,SOPHOS WEALTH MANAGEMENT,"SOPHOS WEALTH MANAGEMENT, LLC"
313679,"SMITHBROOK, LLC","SMITHBROOK, LLC"
313683,KOLO CAPITAL,"KOLOMICHUK, KEITH, ADAM"
313686,STELLARIS WEALTH MANAGEMENT LLC,STELLARIS WEALTH MANAGEMENT LLC
313690,"WINCHESTER CAPITAL SERVICES, LLC","WINCHESTER CAPITAL SERVICES, LLC"
313722,WHITE RIVER INVESTMENTS,WHITE RIVER CONSULTING LLC
313753,TIMOTHY CRAIG STEENWYK,TIMOTHY CRAIG STEENWYK
313915,D. MOSS WEALTH MANAGEMENT,DARREN MOSS WEALTH MANAGEMENT LLC
313918,GREATER GOOD FINANCIAL,GREATER GOOD FINANCIAL LLC
313944,KAYLIN DILLON FINANCIAL PLANNING,KAYLIN DILLON FINANCIAL PLANNING LLC
314022,1823 WEALTH MANAGEMENT LLC,1823 WEALTH MANAGEMENT LLC
314067,TUSHAUS WEALTH MANAGEMENT,TUSHAUS GROUP LLC
314110,GRANDVA CAPITAL LLC,GRANDVA CAPITAL LLC
314193,CADENZA FINANCIAL PLANNING,CADENZA FINANCIAL PLANNING LLC
314196,"PARK 64 CAPITAL, LLC","PARK 64 CAPITAL, LLC"
314200,SNAKE RIVER INVESTMENT COUNSEL LLC,SNAKE RIVER INVESTMENT COUNSEL LLC
314310,"ARETE FINANCIAL SOLUTIONS, LLC","ARETE FINANCIAL SOLUTIONS, LLC"
314338,LEGACY FINANCIAL DESIGNS,"LEGACY FINANCIAL DESIGNS, LLC"
314340,STEWARD INC.,STEWARD INC.
314356,ARSLAN CAPITAL MANAGEMENT LLC,ARSLAN CAPITAL MANAGEMENT LLC
314359,HILL AND LABARRE WEALTH MANAGEMENT,PREMIER INVESTMENT SERVICES LLC
314363,VERITAS FINANCIAL CONSULTING LLC,VERITAS FINANCIAL CONSULTING LLC
314379,OPEN DOOR FINANCIAL ADVISORS,OPEN DOOR FINANCIAL ADVISORS LLC
314384,FARM GIRL CAPITAL LLC,FARM GIRL CAPITAL LLC
314404,TIGER MOUNTAIN CAPITAL,"TIGER MOUNTAIN CAPITAL, LLC"
314414,THRIVE PORTFOLIOS,"THRIVE PORTFOLIOS, INC."
314459,"WEALTHPORTRAIT FINANCIAL, LLC",WEALTHPORTRAIT FINANCIAL LLC
314497,EMPOWERMENT FINANCIAL ADVISORS LLC,EMPOWERMENT FINANCIAL ADVISORS LLC
314531,BALANCED CAPITAL,BALANCED CAPITAL INVESTMENTS LLC
314561,KIRWIN FINANCIAL LLC,KIRWIN FINANCIAL LLC
314588,"INGEN STRATEGIES, LLC","INGEN STRATEGIES, LLC"
314610,COLLINS WEALTH MANAGEMENT,COLLINS WEALTH MANAGEMENT LLC
314620,"LADEWIG INVESTMENT MANAGEMENT, LLC","LADEWIG INVESTMENT MANAGEMENT, LLC"
314646,ABACUS FINANCIAL PLANNING,"ABACUS FINANCIAL PLANNING, LLC"
314649,OCEANUS RESEARCH LLC,OCEANUS RESEARCH LLC
314655,"PK QUANTITATIVE INVESTING, LLC","PK QUANTITATIVE INVESTING, LLC"
314657,MAURA MADDEN FINANCIAL PLANNING,MAURA MADDEN FINANCIAL PLANNING LLC
314658,"MI4 CAPITAL, LLC","MI4 CAPITAL, LLC"
314665,BOULEVARD INVESTMENT MANAGEMENT LLC,BOULEVARD INVESTMENT MANAGEMENT LLC
314669,EVENING STAR ADVISORS,EVENING STAR LLC
314711,BMCM FINANCE,BMCM FINANCE
314713,"OSGOOD CAPITAL MANAGEMENT, INC.","OSGOOD CAPITAL MANAGEMENT, INC."
314715,EAST VALLEY WEALTH LLC,EAST VALLEY WEALTH LLC`
314725,"BLUEWATER WEALTH MANAGEMENT, LLC","BLUEWATER WEALTH MANAGEMENT, LLC"
314727,BLUE ARIS,BLUE ARIS SYSTEMS LLC
314767,"EVIDENCE WEALTH, LLC","EVIDENCE WEALTH, LLC"
314797,CDB ADVISORY & CONSULTING,"BLANCHARD, CHRISTINE DARLENE"
314811,"RMA CAPITAL MANAGEMENT, LLC","RMA CAPITAL MANAGEMENT, LLC"
314812,POWERING YOUR RETIREMENT,"POWERING YOUR RETIREMENT, LLC"
314817,HARMONY WEALTH,HARMONY WEALTH LLC
314823,RADAR FINANCIAL INVESTMENTS CORPORATION,RADAR FINANCIAL INVESTMENTS CORPORATION
314830,"CREATE WEALTH MANAGEMENT, LLC","CREATE WEALTH MANAGEMENT, LLC"
314831,SIDDIQUI INVESTMENTS,SIDDIQUI INVESTMENTS LLC
314871,MAAXIOM CAPITAL LLC,MAAXIOM CAPITAL LLC
314880,UPBEAT WEALTH,"UPBEAT WEALTH, LLC"
314892,FAIRWAY CAPITAL ADVISORS,"FAIRWAY CAPITAL ADVISORS, LLC"
314931,"PEDICORD WEALTH MANAGEMENT, LLC","PEDICORD WEALTH MANAGEMENT, LLC"
314959,NEW HEIGHTS PLANNING,"NEW HEIGHTS PLANNING, LLC"
315012,FOUNDATION ASSOCIATES ASSET MANAGEMENT INC.,FOUNDATION ASSOCIATES ASSET MANAGEMENT INC.
315033,LUMA FINANCIAL,LUMA FINANCIAL LLC
315040,"FIREHORSE STRATEGIC INVESTING, LLC","FIREHORSE STRATEGIC INVESTING, LLC"
315059,DOUGLAS CAPITAL ADVISORS,"DOUGLAS CAPITAL ADVISORS, LLC"
315095,GXII INC.,GXII INC.
315096,"HAFNIA FINANCIAL, INC.","HAFNIA FINANCIAL, INC."
315111,AMORETTI WOLLMAN CAPITAL MANAGEMENT,AMORETTI WOLLMAN CAPITAL MANAGEMENT
315123,INLAND FINANCIAL PLANNING,CULLEN FINANCIAL PLANNING LLC
315125,ADAM DOTY COMPANY,POLYTECHNIC RESEARCH OPERATIONS LLC
315147,"PIERCE WEALTH PARTNERS, INC.","PIERCE WEALTH PARTNERS, INC."
315149,MCCANN INVESTMENT MANAGEMENT LLC,MCCANN INVESTMENT MANAGEMENT LLC
315157,"GOLDEN LION WEALTH MANAGEMENT, LLC","GOLDEN LION WEALTH MANAGEMENT, LLC"
315226,BASKETS CAPITAL LLC,BASKETS CAPITAL LLC
315242,DEVELOPING FINANCIAL,DEVELOPING FINANCIAL LLC
315251,"SUNLIGHT PEAKS FINANCIAL PARTNERS, LLC","SUNLIGHT PEAKS FINANCIAL PARTNERS, LLC"
315303,NET EQUITY CAPITAL,"NET EQUITY CAPITAL, LLC"
315319,ADVISORS ON CALL,"ADVISORS ON CALL, LLC"
315349,PAVILION FINANCIAL PLANNING,PAVILION FINANCIAL PLANNING LLC
315375,"LAMPADOS FINANCIAL GROUP, LLC","LAMPADOS FINANCIAL GROUP, LLC"
315390,WONDER WEALTH LLC,WONDER WEALTH LLC
315408,WARDLAW WEALTH MANAGEMENT LLC,WARDLAW WEALTH MANAGEMENT LLC
315447,WHITE SAIL ADVISORS LLC,WHITE SAIL ADVISORS LLC
315455,PALE BLUE CAPITAL LLC,PALE BLUE CAPITAL LLC
315459,SAFE FUTURE WEALTH PARTNERS LLC,SAFE FUTURE WEALTH PARTNERS LLC
315462,"BLACK BISHOP FINANCIAL GROUP, LLC.","BLACK BISHOP FINANCIAL GROUP, LLC."
315472,"BIAR LEGACY, LLC","BIAR LEGACY, LLC"
315473,EMANCIPARE INVESTMENT ADVISORS,EMANCIPARE INVESTMENT ADVISORS LLC
315476,CRU WEALTH MANAGEMENT,CRU WEALTH MANAGEMENT LLC
315518,ALLEN JAMES FINANCIAL LLC,ALLEN JAMES FINANCIAL LLC
315520,STRONG BRIDGE ADVISORS LLC,STRONG BRIDGE ADVISORS LLC
315542,STRONGSIDE ASSET MANAGEMENT LLC,STRONGSIDE ASSET MANAGEMENT LLC
315548,CAPITAL ALLIANCE WEALTH MANAGEMENT,"CAPITAL ALLIANCE WEALTH MANAGEMENT, LLC"
315567,"UP&UP CAPITAL, INC.","UP&UP CAPITAL, INC."
315575,"RIGHTEOUS FINANCIAL, LLC","RIGHTEOUS FINANCIAL, LLC"
315583,SYNERGOS CAPITAL MANAGEMENT,"KLUS, MICHEL JAROSLAV"
315620,COLVA CAPITAL LLC,COLVA CAPITAL LLC
315690,SHUCHA WEALTH MANAGEMENT LLC,SHUCHA WEALTH MANAGEMENT LLC
315693,LEE CAPITAL MANAGEMENT #1 LLC,LEE CAPITAL MANAGEMENT #1 LLC
315743,THE FINANCIAL ARCHITECTS WEALTH MANAGEMENT LLC,THE FINANCIAL ARCHITECTS WEALTH MANAGEMENT LLC
315744,THINK DIFFERENT WEALTH ADVISORS LLC,THINK DIFFERENT WEALTH ADVISORS LLC
315763,STRONGHOLD CAPITAL PARTNERS LLC,STRONGHOLD CAPITAL PARTNERS LLC
315830,BLUE MOUNTAIN FINANCIAL PLANNING,"BLUE MOUNTAIN FINANCIAL PLANNING, LLC"
315850,BLUEPOINT WEALTH ADVISORS,"BLUEPOINT WEALTH ADVISORS, LLC"
315864,"INSIDE EDGE CAPITAL MANAGEMENT, LLC","INSIDE EDGE CAPITAL MANAGEMENT, LLC"
315871,10X10Y LLC,10X10Y LLC
315883,FINANCIAL COUNSELING RESOURCES LLC,FINANCIAL COUNSELING RESOURCES LLC
315885,"MOMENTUM FINANCIAL STRATEGIES, LLC","MOMENTUM FINANCIAL STRATEGIES, LLC"
315904,NW STRAITS FINANCIAL SERVICES,NW STRAITS FINANCIAL SERVICES LLC
315907,GLOBAL WEALTH HARBOR,GLOBAL WEALTH HARBOR LLC
315915,RCA WEALTH STRATEGIES LLC,RCA WEALTH STRATEGIES LLC
315922,TRIGOFI,TRIGOFI LLC
315955,"NUBIAN SQUARE INVESTMENT ADVISORS, LLC","NUBIAN SQUARE INVESTMENT ADVISORS, LLC"
315961,ALOHA WEALTH PARTNERS,"ALOHA WEALTH, LLC"
315964,MISSION RETIREMENT,JOSEPH HOPKINS AND ASSOCIATES LLC
315970,COPLANNING FINANCIAL LLC,COPLANNING FINANCIAL LLC
315973,LYMANWEALTH LLC,LYMANWEALTH LLC
315984,MACFARLANE INVESTORS,MACFARLANE INVESTORS LLC
315991,PENN ADVISORY GROUP INC.,PENN ADVISORY GROUP INC.
316011,"CATEY, INC.","CATEY, INC."
316022,AMPLIFIED ALPHA,AMPLIFIED ALPHA CAPITAL MANAGEMENT LLC
316031,MCDONALD HARTMAN WEALTH ADVISORS,MCDONALD HARTMAN FINANCIAL GROUP INC
316038,EVOLVE WEALTH ADVISORS LP,EVOLVE WEALTH ADVISORS LP
316067,FESC ASSET MANAGEMENT LLC,FESC ASSET MANAGEMENT LLC
316085,THE PLAYBOOK ADVIZOR,"PLAYBOOK ADVISORY GROUP, LLC"
316097,SOLID ROCK CAPITAL MANAGEMENT,"SOLID ROCK CAPITAL MANAGEMENT, LLC"
316108,"SOF SPECTRUM CAPITAL MANAGEMENT, LLC","SOF SPECTRUM CAPITAL MANAGEMENT, LLC"
316134,GLOBAL INVESTMENT CAPITAL LLC,GLOBAL INVESTMENT CAPITAL LLC
316140,LUMINARY WEALTH ADVISORS,"LUMINARY WEALTH ADVISORS, LLC"
316141,"WOODWARD INVESTMENT MANAGEMENT, LLC","WOODWARD INVESTMENT MANAGEMENT, LLC"
316167,INVESTEDGE PLANNING,INVESTEDGE PLANNING LLC
316171,LAGUNA COAST CAPITAL,AMERICAN GROWTH CITIES LLC
316180,"MIDWAY PARTNERS CAPITAL MANAGEMENT, LLC","MIDWAY PARTNERS CAPITAL MANAGEMENT, LLC"
316194,"FLEISCHER & JOHNSON WEALTH MANAGEMENT, INC.","FLEISCHER & JOHNSON WEALTH MANAGEMENT, INC."
316197,CAREFREE INVESTMENT CONSULTING,"SAMPLE, PETER"
316248,NEW PHASE FINANCIAL,"BARTELS, ROBERT HANS"
316256,"BORMANN WEALTH MANAGEMENT, LLC","BORMANN WEALTH MANAGEMENT, LLC"
316257,GLOBAL FREEDOM FINANCIAL LLC,GLOBAL FREEDOM FINANCIAL LLC
316259,EAGLE INVESTORS LLC,EAGLE INVESTORS LLC
316328,FRESH FORWARD,"FRESH FORWARD FINANCIAL PLANNING, LLC"
316349,SPARK FINANCIALS LLC,SPARK FINANCIALS LLC
316410,"KELLEY LANE CAPITAL, LLC","KELLEY LANE CAPITAL, LLC"
316426,NAUTICAL STAR FINANCIAL GROUP LLC,NAUTICAL STAR FINANCIAL GROUP LLC
316449,"ASSURED ADVISORY GROUP, LLC","ASSURED ADVISORY GROUP, LLC"
316454,CENTURION FINANCIAL STRATEGIES LLC,CENTURION FINANCIAL STRATEGIES LLC
316458,"DELTA CAPITAL INVESTMENTS, LLC","DELTA CAPITAL INVESTMENTS, LLC"
316460,DONNELLY INVESTMENTS,DONNELLY INVESTMENTS LLC
316484,DESTEFANO WEALTH MANAGEMENT,"DESTEFANO WEALTH MANAGEMENT, LLC"
316508,BRIDGE THE GAP RETIREMENT PLANNERS,BRIDGE THE GAP RETIREMENT PLANNERS LLC
316517,FORWARD FINANCIAL LLC,FORWARD FINANCIAL LLC
316548,AKG FINANCIAL GROUP,"AKG FINANCIAL, LLC"
316605,CONKLIN SHURE FINANCIAL,CONKLIN SHURE FINANCIAL LLC
316608,"RIVERCREST INVESTMENT ADVISORS, LLC","RIVERCREST INVESTMENT ADVISORS, LLC"
316620,ALPHAPLUS WEALTH MANAGEMENT LLC,ALPHAPLUS WEALTH MANAGEMENT LLC
316622,WORTHEN FINANCIAL ADVISORS,"WORTHEN FINANCIAL ADVISORS, INC."
316661,PFL PARTNERS LLC,PFL PARTNERS LLC
316667,XINDE ASSET MANAGEMENT LIMITED,XINDE ASSET MANAGEMENT LIMITED
316668,BALLASTER FINANCIAL,BALLASTER FINANCIAL LLC
316681,AMARAL FINANCIAL PLANNING,AMARAL FINANCIAL PLANNING
316684,"SPEARHEAD ADVISORS, LLC","SPEARHEAD ADVISORS, LLC"
316686,"BWS INVESTMENT MANAGEMENT, LLC","BWS INVESTMENT MANAGEMENT, LLC"
316688,HELM INVESTMENT,RIO OAKS LLC
316705,"FAVOR WEALTH ADVISORS, LLC","FAVOR WEALTH ADVISORS, LLC"
316717,CREATE MY WEALTH LLC,CREATE MY WEALTH LLC
316742,"JV GLOBAL CAPITAL, INC.","JV GLOBAL CAPITAL, INC."
316787,DAVIS FINANCIAL SERVICES,"DAVIS FINANCIAL ADVISORS, LLC"
316790,TRUE EQUITY WEALTH MANAGEMENT LLC,TRUE EQUITY WEALTH MANAGEMENT LLC
316794,"NICHOL CAPITAL ADVISORS, LLC","NICHOL CAPITAL ADVISORS, LLC"
316812,WORTHWISE FINANCIAL PARTNERS,"WORTHWISE FINANCIAL PARTNERS, LLC"
316832,"DCA ADVISORY, LLC","DCA ADVISORY, LLC"
316844,XENITH CAPITAL,RAY CAPITAL ADVISORS LLC
316854,BASIS POINT INVESTMENTS,"MCCARTHY, JOHN, F"
316858,"STRATEGIC ADVOCATES, LLC","STRATEGIC ADVOCATES, LLC"
316859,"COMPREHENSIVE FINANCIAL PLANNING FOR DOCTORS, LLC","COMPREHENSIVE FINANCIAL PLANNING FOR DOCTORS, LLC"
316871,"SIMPLICIFI, LLC","SIMPLICIFI, LLC"
316874,"EBQUANT, LLC","EBQUANT, LLC"
316887,IDYLIAN CAPITAL,"IDYLIAN CAPITAL, LLC"
316901,"ROOK STRATEGIES WEALTH MANAGEMENT, PLLC","ROOK STRATEGIES WEALTH MANAGEMENT, PLLC"
316923,KINDNESS FINANCIAL PLANNING,"KINDNESS FINANCIAL PLANNING, LLC"
316937,PEARL CAPITAL INVESTMENTS,PEARL CAPITAL INVESTMENTS LLC
316944,"CLOVIS WEALTH PARTNERS, LLC","CLOVIS WEALTH PARTNERS, LLC"
316965,DATA ONE CAPITAL MANAGEMENT LLC,"DATAONE CAPITAL MANAGEMENT, LLC"
316967,TAIBAY WEALTH MANAGEMENT LLC,TAIBAY WEALTH MANAGEMENT LLC
316968,"PURPOSE FIRST FINANCIAL, LLC","PURPOSE FIRST FINANCIAL, LLC"
316969,SCOUT ASSET MANAGEMENT,TYLER S HILLIGOSS LLC
316986,DOLLAR SIGN VENTURES LLC,DOLLAR SIGN VENTURES LLC
317000,"HONOR FAMILY OFFICE, LLC","HONOR FAMILY OFFICE, LLC"
317002,"BAROLDI WOOD MANCE FINANCIAL ADVISORS, LLC","BAROLDI WOOD MANCE FINANCIAL ADVISORS, LLC"
317020,ALGOTECH FINANCIAL LLC,ALGOTECH FINANCIAL LLC
317029,SWELL FINANCIAL,"SWELL FINANCIAL, INC."
317107,"KPC FINANCIAL SOLUTIONS, LLC","KPC FINANCIAL SOLUTIONS, LLC"
317112,LEFT COAST INVESTMENT STRATEGIES LLC,LEFT COAST INVESTMENT STRATEGIES LLC
317189,"AUGUSTUS WEALTH, LLC","AUGUSTUS WEALTH, LLC"
317202,BRIDGE TO WEALTH LLC,BRIDGE TO WEALTH LLC
317228,"GLOBAL ADVISORY PARTNERS, LLC","GLOBAL ADVISORY PARTNERS, LLC"
317283,CALDWELL INVESTMENT SERVICES LLC,CALDWELL INVESTMENT SERVICES LLC
317284,J WARD FINANCIAL,"J. WARD FINANCIAL SERVICES, LLC"
317286,OPTOMETRY WEALTH ADVISORS LLC,OPTOMETRY WEALTH ADVISORS LLC
317317,COFFEEHOUSE CAPITAL,COFFEEHOUSE CAPITAL LLC
317332,HAMPTON PARK FINANCIAL PLANNERS,HAMPTON PARK FINANCIAL PLANNING LLC
317343,LAW OFFICE OF JAMIE TOWNSEND,"TOWNSEND, JAMIE"
317351,HESPERIAN WEALTH,HESPERIAN WEALTH LLC
317363,FOX & HOLLAND INVESTING LLC,FOX & HOLLAND INVESTING LLC
317366,BETTER POCKETS FINANCIAL,BETTER POCKETS FINANCIAL LLC
317368,"ZQUANT ADVISORY, LLC","ZQUANT ADVISORY, LLC"
317376,"ISF ADVISORY, LLC","ISF ADVISORY, LLC"
317383,THE DEDICATED DOLLAR,"THE DEDICATED DOLLAR, LLC"
317409,MODERN FINANCIAL,"MODERN FINANCIAL ASSET MANAGEMENT, LLC"
317411,"AUXIUS CAPITAL MANAGEMENT, LLC","AUXIUS CAPITAL MANAGEMENT, LLC"
317414,WHISPER FINANCIAL,WHISPER FINANCIAL LLC
317443,NURTURE INVESTMENT STRATEGIES LLC,NURTURE INVESTMENT STRATEGIES LLC
317444,MILLS FINANCIAL GROUP,"MILLS, MICHAEL PRESTON"
317454,FINANCIAL PLANNING ASSOCIATES,"MCCOURT, DANIEL IRVIN"
317462,ARAGON ADVISORS,"ARAGON ASSET MANAGEMENT, LLC"
317481,"ELITE WEALTH MANAGEMENT, LLC","ELITE WEALTH MANAGEMENT, LLC"
317484,SUN GLOBAL LLC,SUN GLOBAL LLC
317530,VASQUEZ FINANCIAL CONSULTING LLC,VASQUEZ FINANCIAL CONSULTING LLC
317535,MERINO WEALTH MANAGEMENT,MERINO INCORPORATED
317550,GULF COAST RIA,GULF COAST REGISTERED INVESTMENT ADVISOR LLC
317575,FORT EAGLE WEALTH MANAGEMENT,"FORT EAGLE WEALTH MANAGEMENT, LLC"
317577,PATHSETTER FINANCIAL,FISHER WO ADVISORS LLC
317587,"NEST FINANCIAL PLANNING, LLC","NEST FINANCIAL PLANNING, LLC"
317598,HG TAILORED FINANCIAL SERVICES,"HENRI GLOVER TAILORED FINANCIAL SERVICES, LLC"
317601,LUCEY WEALTH ADVISORS LLC,LUCEY WEALTH ADVISORS LLC
317622,RINZLER CAPITAL LLC,RINZLER CAPITAL LLC
317634,EID CAPITAL,EID CAPITAL LLC
317642,1 TIMOTHY 6 V 7 LLC,1 TIMOTHY 6 V 7 LLC
317667,REDWOOD MONEY,"REDWOOD MONEY, LLC"
317708,KANSO CAPITAL,KANSO CAPITAL LLC
317746,"HARVESTER WEALTH, LLC","HARVESTER WEALTH, LLC"
317768,A&M ADVISORY LLC,A&M ADVISORY LLC
317770,"TRUE FIDUCIARY FINANCIAL ADVISORS, LLC","TRUE FIDUCIARY FINANCIAL ADVISORS, LLC"
317778,"DAVID THOMAS,CPA,ESQ., PC","DAVID THOMAS,CPA,ESQ., PC"
317785,"REICHER CAPITAL MANAGEMENT, LLC","REICHER CAPITAL MANAGEMENT, LLC"
317804,"SHORTER, ALDEN M","SHORTER, ALDEN M"
317823,"KEYSTONE WEALTH ADVISORS, LLC","KEYSTONE WEALTH ADVISORS, LLC"
317889,MOTUS WEALTH,"MOTUS WEALTH MANAGEMENT, LLC"
317925,STEVENSON ADVISORY SERVICES & INVESTMENTS,"STEVENSON, VINT, WAYNE"
317959,"AXIS CAPITAL MANAGEMENT, LLC","AXIS CAPITAL MANAGEMENT, LLC"
317963,HIGHGATE FINANCIAL PARTNERS,HIGHGATE FINANCIAL PARTNERS LLC
317978,XPAND INVESTMENT LLC,XPAND INVESTMENTS LLC
317994,POLARIS CAPITAL MANAGEMENT LLC,POLARIS CAPITAL MANAGEMENT LLC
317997,"REFLECTIVE WEALTH PLANNING, LLC","REFLECTIVE WEALTH PLANNING, LLC"
318003,"OGDEN, THOMAS","OGDEN, THOMAS"
318022,"RYERSON FINANCIAL, LLC","RYERSON FINANCIAL, LLC"
318040,FINCH CAPITAL MANAGEMENT LLC,FINCH CAPITAL MANAGEMENT LLC
318061,FINANCIAL PEAK,FINANCIAL PEAK LLC
318068,MINDSTATE CAPITAL LLC,MINDSTATE CAPITAL LLC
318072,CROSSROADS ADVISOR NETWORK LLC,CROSSROADS ADVISOR NETWORK LLC
318087,"G. P. GRECO & CO., INC.","GINO PELLEGRINO GRECO & COMPANY, INCORPORATED"
318095,MEADOW LAKE CAPITAL LLC,MEADOW LAKE CAPITAL LLC
318099,"VERITE FINANCIAL, LLC","VERITE FINANCIAL, LLC"
318162,CAIMAN CAPITAL GROUP LLC,CAIMAN CAPITAL GROUP LLC
318216,CEG LIFE FINANCIAL SERVICES,"CEG LIFE FINANCIAL SERVICES, LLC"
318224,VISIONARY WEALTH PLANNERS LLC,VISIONARY WEALTH PLANNERS LLC
318275,AGATA INVESTMENTS LLC,AGATA INVESTMENTS LLC
318279,SANITY CAPITAL MANAGEMENT LLC,SANITY CAPITAL MANAGEMENT LLC
318304,HOLT WEALTH MANAGEMENT LLC,HOLT WEALTH MANAGEMENT LLC
318314,BLUE RIDGE INVESTMENTS LLC,BLUE RIDGE INVESTMENTS LLC
318338,BRIGHT LEGACY LLC,BRIGHT LEGACY LLC
318353,"SPONDEO CAPITAL, LLC","SPONDEO CAPITAL, LLC"
318362,"CARLSON WEALTH, LLC","CARLSON WEALTH, LLC"
318393,MILLION PEBBLES,MILLION PEBBLES
318418,"MAXIAM CAPITAL, LLC","MAXIAM CAPITAL, LLC"
318429,SMALL VICTORIES WEALTH,SMALL VICTORIES WEALTH LLC
318456,"MYFI WEALTH MANAGEMENT, LLC","MYFI WEALTH MANAGEMENT, LLC"
318460,DOCSFP,DOCSFP LLC
318472,EMPOWER FINANCIAL,EMPOWER FINANCIAL LLC
318482,LARSEN FINANCIAL MANAGEMENT,LARSEN FINANCIAL MANAGEMENT LLC
318567,CLYM LLC,CLYM LLC
318575,CLARITY WEALTH MANAGEMENT LLC,CLARITY WEALTH MANAGEMENT LLC
318576,DIOGENES FINANCIAL LLC,DIOGENES FINANCIAL LLC
318582,NAVOLIO & TALLMAN ADVISORS LLC,NAVOLIO & TALLMAN ADVISORS LLC
318595,"BAYOU BRIDGE CAPITAL ADVISORS, LLC","BAYOU BRIDGE CAPITAL ADVISORS, LLC"
318614,WISE ASSET MANAGEMENT L.L.C.,WISE ASSET MANAGEMENT L.L.C.
318642,LIFE UNLOCKED PARTNERS LLC,LIFE UNLOCKED PARTNERS LLC
318656,ANDANTE FINANCIAL,"ANDANTE FINANCIAL, LLC"
318669,"LEFTSKEWED INVESTMENT MANAGEMENT, LLC","LEFTSKEWED INVESTMENT MANAGEMENT, LLC"
318676,"DURABLE DIVIDEND GROWTH STRATEGIES, L.P.","DURABLE DIVIDEND GROWTH STRATEGIES, L.P."
318682,"THE WEALTH MASTERY, LLC","THE WEALTH MASTERY, LLC"
318694,INCEPTION FINANCIAL SERVICES,INCEPTION FINANCIAL SERVICES
318701,FLIGHTPATH FINANCIAL PLANNING,FLIGHTPATH FINANCIAL PLANNING LLC
318709,ARTHAM ADVISORS,ARTHAM ADVISORS LLC
318720,"OLD DRAKE, LLC","OLD DRAKE, LLC"
318732,APPLIED WEALTH MANAGEMENT,APPLIED WEALTH MANAGEMENT FINANCIAL & INSURANCE SERVICES LLC
318746,"WILKINS ADVISORS, LLC","WILKINS ADVISORS, LLC"
318763,"US GROWTH PARTNERS, LLC","US GROWTH PARTNERS, LLC"
318774,FINN WEALTH MANAGEMENT LLC,FINN WEALTH MANAGEMENT LLC
318779,"SELVA EQUITIES, LLC","SELVA EQUITIES, LLC"
318877,INTEGRITY FINANCIAL GROUP,"COINER ENTERPRISES, LLC"
318917,GRB CAPITAL MANAGEMENT LLC,GRB CAPITAL MANAGEMENT LLC
318918,"PENNY LANE WEALTH MANAGEMENT, LLC","PENNY LANE WEALTH MANAGEMENT, LLC"
318975,REATHERFORD WEALTH MANAGEMENT LLC,REATHERFORD WEALTH MANAGEMENT LLC
318996,S & L FINANCIAL MANAGEMENT,SALT & LIGHT FINANCIAL MANAGEMENT L.L.C.
319001,PETRARCH WEALTH MANAGEMENT,PETRARCH LLC
319006,NEOKAI CAPITAL,NEOKAI CAPITAL LLC
319015,"IRON HORSE CAPITAL, INC.","IRON HORSE CAPITAL, INC."
319059,"MDO FINANCIAL PLANNING, LLC","MDO FINANCIAL PLANNING, LLC"
319086,IMPACTFI,IMPACT FI LLC
319089,DETERMINED ADVISORS LLC,DETERMINED ADVISORS LLC
319100,"KNECHT CAPITAL MANAGEMENT, LLC","KNECHT CAPITAL MANAGEMENT, LLC"
319119,"FRENCH FAMILY OFFICE, LLC","FRENCH FAMILY OFFICE, LLC"
319206,KRM ADVISORY SERVICES,KRM ADVISORY SERVICES LLC
319207,GREEN PEAKS PLANNING,GREEN PEAKS PLANNING LLC
319219,EXHALE WEALTH,"EXHALE WEALTH MANAGEMENT, LLC"
319237,PAOLO BERNARDI ADVISOR,SELEZIONI BY PAOLO BERNARDI INC
319246,FIRST MAIN CAPITAL,FIRST MAIN CAPITAL LLC
319258,MARATHON RETIREMENT PLANNING,"MARATHON RETIREMENT PLANNING, INC"
319261,GRAPE MODERN WEALTH MANAGEMENT,GRAPE MODERN WEALTH MANAGEMENT
319279,MECHFI,"MECHANICAL FINANCIAL, LLC"
319291,FINANCIAL CLIENT,FINANCIAL CLIENT LLC
319340,7 SATURDAYS FINANCIAL,"7 SATURDAYS FINANCIAL, LLC"
319368,FIRSTGEN WEALTH,FIRSTGEN WEALTH LLC
319369,PINNACLE FINANCIAL FREEDOM LLC,PINNACLE FINANCIAL FREEDOM LLC
319383,SPIRIT INVESTMENT ADVISORS,"LEVY, DAVID, JONATHAN"
319384,FIVE CEDARS,"FIVE CEDARS FINANCIAL, LLC"
319410,PB CAPITAL,"BOLGER, PATRICK"
319415,GRAY WEALTH STRATEGIES LLC,GRAY WEALTH STRATEGIES LLC
319416,"RUTHERFORD CAPITAL, INC.","RUTHERFORD CAPITAL, INC."
319431,"BLUE LADDER FINANCIAL PLANNING, LLC","BLUE LADDER FINANCIAL PLANNING, LLC"
319442,"COMPTON FINANCIAL GROUP, LLC","COMPTON FINANCIAL GROUP, LLC"
319482,SIMPLY HUMAN ADVISORS,SIMPLY HUMAN LLC
319496,AA WEALTH STRATEGIES LLC,AA WEALTH STRATEGIES LLC
319510,"BRAINTRUST CAPITAL, LLC","BRAINTRUST CAPITAL, LLC"
319528,RED TREE INVESTMENTS,RED TREE FINANCIAL LLC
319537,LEE FINANCIAL GROUP,LEE FINANCIAL GROUP LLC
319544,CYCLE FINANCIAL PLANNING LLC,CYCLE FINANCIAL PLANNING LLC
319587,ENVISION RETIREMENT LLC,ENVISION RETIREMENT LLC
319670,"BLESSED FINANCIAL INVESTMENTS, LLC","BLESSED FINANCIAL INVESTMENTS, LLC"
319760,"HARRIS FINANCIAL CONSULTING, PLLC","HARRIS FINANCIAL CONSULTING, PLLC"
319761,"TOR WEALTH ADVISORS, LLC","TOR WEALTH ADVISORS, LLC"
320613,"FINANCIAL PLANNING HQ, LLC","FINANCIAL PLANNING HQ, LLC"
320720,LONGEVITY WEALTH MANAGEMENT LLC,LONGEVITY WEALTH MANAGEMENT LLC
321023,PIVOTAL WEALTH AND TAX,PIVOTAL WEALTH AND TAX LLC
321024,"ENGINEERING FINANCIAL INDEPENDENCE, INC.","ENGINEERING FINANCIAL INDEPENDENCE, INC."
321103,TWM WEALTH MANAGEMENT CORP,TWM WEALTH MANAGEMENT CORP
321121,BOWMAN RETIREMENT PLANNING,CUSTOM WEALTH MANAGEMENT INC
321126,GARZA FINANCIAL PLANNING,"GARZA FINANCIAL PLANNING, LLC"
321134,CHISHOLM WEALTH MANAGEMENT,CHISHOLM WEALTH MANAGEMENT LLC
321135,"THE HORST GROUP, LLC","THE HORST GROUP, LLC"
321142,"COLLECTIVE WEALTH, LLC","COLLECTIVE WEALTH, LLC"
321148,ALBATROX CAPITAL,ALBATROX CAPITAL LLC
321153,LIFEPOINT FINANCIAL DESIGN,LIFEPOINT FINANCIAL DESIGN LLC
321158,"ABRAMSON FINANCIAL PLANNING, LLC","ABRAMSON FINANCIAL PLANNING, LLC"
321166,"RIDINGER WEALTH MANAGEMENT, LLC","RIDINGER WEALTH MANAGEMENT, LLC"
321174,"GATEWAY FINANCIAL ADVISORS TEXAS, LLC","GATEWAY FINANCIAL ADVISORS TEXAS, LLC"
321194,ALPHA CAPITAL LLC,ALPHA CAPITAL LLC
321197,"SCI, INC.","SALDANA CONSULTING INTERNATIONAL, INC."
321212,CONNECT FINANCIAL ADVISORS,"CONNECT FINANCIAL, LLC"
321221,MONEY HOLISTICS,BOUNDLESS WEALTH LLC
321261,LIFE MOVES WEALTH MANAGEMENT,"LIFE MOVES WEALTH MANAGEMENT, LLC"
321611,ABERCROMBIE INVESTMENTS,"ABERCROMBIE INVESTMENTS, LP"
321632,"ONITUS CAPITAL, LLC","ONITUS CAPITAL, LLC"
321702,CLARITY FINANCIAL,"LISTON, HEATHER CECELIA"
321716,WEALTH INNOVATION,WEALTH INNOVATION LLC
321728,SCALED FINANCE LLC,SCALED FINANCE LLC
321734,FCG WEALTH MANAGEMENT LLC,FCG WEALTH MANAGEMENT LLC
321752,ROBINSON STOCKS,"ROBINSON STOCKS, LLC"
321753,"TY ROLLINS, INC.","TY ROLLINS, INC."
321779,"DURAN CAPITAL MANAGEMENT, LLC","DURAN CAPITAL MANAGEMENT, LLC"
321782,DYNIC WEALTH MANAGEMENT LLC,DYNIC WEALTH MANAGEMENT LLC
321783,TILDEN PATH CAPITAL LLC,TILDEN PATH CAPITAL LLC
321836,MYFI FINANCIAL,MYFI FINANCIAL LLC
321852,LAYARI FINANCIAL,MODERN WEALTH PLANNING LLC
321853,"FINANCIAL SERENITY, LLC","FINANCIAL SERENITY, LLC"
321856,"LIFESTYLE PLANNING, LLC","LIFESTYLE PLANNING, LLC"
321873,CONCAP LLC,CONCAP LLC
321880,DUCKETT WEALTH MANAGEMENT,DUCKETT WEALTH MANAGEMENT LLC
321893,"IRONBRIDGE WEALTH COUNSEL, LLC","IRONBRIDGE WEALTH COUNSEL, LLC"
321902,401 FINANCIAL,401 FINANCIAL INC.
321953,DAO TRADING & ADVISORY INC.,DAO TRADING & ADVISORY INC.
321954,HUGHES WEALTH MANAGEMENT INCORPORATED,HUGHES WEALTH MANAGEMENT INCORPORATED
321967,1B - INBUNDANCE WEALTH MANAGEMENT,"INBUNDANCE, LLC"
321979,TEAM ELEVATED ASSET MANAGEMENT,"TEAM ELEVATED ASSET MANAGEMENT, LLC"
322030,MAGNOLIA GROWTH CAPITAL,MAGNOLIA GROWTH CAPITAL LLC
322054,BRAVA FINANCIAL,"BRAVA FINANCIAL, LLC"
322069,ELDON REESE ADVISORY GROUP,"BOLINGER SOLUTIONS, LLC"
322100,"DESERT CAPITAL MANAGEMENT GROUP, INC","DESERT CAPITAL MANAGEMENT GROUP, INC"
322123,WEALTH IN YOURSELF LLC,WEALTH IN YOURSELF LLC
322146,WEALTH READY,"WEALTH READY, LLC"
322147,FIND YOUR FI,TIME WELL SPENT FINANCIAL COACHING LLC
322177,"CORPORATE & INSTITUTIONAL SERVICES, LLC","CORPORATE & INSTITUTIONAL SERVICES, LLC"
322212,CREATIVE FINANCIAL ADVISOR GROUP LLC,CREATIVE FINANCIAL ADVISOR GROUP LLC
322251,FIDUCIARY ARCHITECTS LLC,FIDUCIARY ARCHITECTS LLC
322253,DYNAMIC FINANCIAL PLANNING,DYNAMIC FINANCIAL PLANNING LLC
322254,ODYSSEY FINANCIAL SERVICES LLC,"ROSENTHAL, ELI JEREMY"
322267,RUBY PEBBLE FINANCIAL PLANNING LLC,RUBY PEBBLE FINANCIAL PLANNING LLC
322268,FINEBERG FINANCIAL MANAGEMENT LLC,FINEBERG FINANCIAL MANAGEMENT LLC
322269,"FEDELI FINANCIAL, LLC","FEDELI FINANCIAL, LLC"
322280,FIRST PRINCIPLES INVESTMENT MANAGEMENT LLC,FIRST PRINCIPLES INVESTMENT MANAGEMENT LLC
322316,"AKSUM WEALTH, LLC","AKSUM WEALTH, LLC"
322335,"KELLY INVESTMENT MANAGEMENT, LLC","KELLY INVESTMENT MANAGEMENT, LLC"
322336,PARAIBA WEALTH MANAGEMENT LLC,PARAIBA WEALTH MANAGEMENT LLC
322356,THE RENAISSANCE GROUP,"P&G ENTERPRISE, LLC"
322357,"YLP FINANCIAL, LLC","YLP FINANCIAL, LLC"
322387,WYOMING SYSTEMS GROUP OF BUSINESSES,WYOMING SYSTEMS INC
322392,"AMPHORA CAPITAL INVESTORS, LLC",AMPHORA CAPITAL INVESTORS LLC
322401,STRIDE FINANCIAL PLANNING,STRIDE FINANCIAL PLANNING LLC
322427,HIGH NOTE FINANCIAL LLC,HIGH NOTE FINANCIAL LLC
322439,PLANFUL FINANCE LLC,PLANFUL FINANCE LLC
322476,LEGION PRIVATE WEALTH MANAGEMENT,"LEGION CAPITAL MANAGEMENT, LLC"
322497,SCHREINER FINANCIAL SOLUTIONS,"SCHREINER, SUSAN, ANTOINETTE"
322498,CAPITALALPHABET,CAPITALALPHABET LLC
322530,DECISION TREE ADVISOR,DECISION TREE ADVISOR LLC
322533,"GATOR INVESTMENT ADVISORS, LLC","GATOR INVESTMENT ADVISORS, LLC"
322552,NOMAD FINANCIAL,NOMAD FINANCIAL ADVISORS LLC
322573,ASSET ACHIEVERS,ASSET ACHIEVERS LLC
322574,LEYENDA CAPITAL,ATALAYA LLC
322576,LAZARUS WEALTH MANAGEMENT LLC,LAZARUS WEALTH MANAGEMENT LLC
322622,CONVEY WEALTH LLC,CONVEY WEALTH LLC
322623,"FORTH CAPITAL (USA), LLC","FORTH CAPITAL (USA), LLC"
322658,"FERN FINANCIAL GROUP, LLC","FERN FINANCIAL GROUP, LLC"
322665,TIANHU INVESTMENTS,"FU, MAOSONG"
322705,ORGANIK CAPITAL LLC,ORGANIK CAPITAL LLC
322757,KATAPULT FINANCIAL PLANNING LLC,KATAPULT FINANCIAL PLANNING LLC
322781,PURE FINANCIAL LLC,PURE FINANCIAL LLC
322802,SLATEN WEALTH MANAGEMENT,"SLATEN FINANCIAL, INC."
322817,NEEDVILLE INSURANCE AGENCY INC,NEEDVILLE INSURANCE AGENCY INC
322823,SAGE INVESTMENT GROUP,"SAGE INVESTMENT GROUP, LLC"
322829,FAIRE CAPITAL GROUP,"FAIRE CAPITAL GROUP, LLC"
322840,NEWGEN WEALTH CREATION LLC,NEWGEN WEALTH CREATION LLC
322881,"PLUTUS21 CAPITAL MANAGEMENT, L.L.C","PLUTUS21 CAPITAL MANAGEMENT, L.L.C"
322890,MONTICELLO FINANCIAL ADVISORS,"MONTICELLO FINANCIAL ADVISORS, LLC"
322900,YOSEMITE WEALTH,YOSEMITE WEALTH LLC
322909,BAYNES INVESTMENT COUNSEL LLC,BAYNES INVESTMENT COUNSEL LLC
322921,TREK LINE WEALTH,"TREK LINE WEALTH, LLC"
322953,FOCUSED MISSION FINANCIAL,FOCUSED MISSION FINANCIAL LLC
322964,"LEYLAND CYPRESS, LLC","LEYLAND CYPRESS, LLC"
322978,"JANUS FINANCIAL PLANNING, LLC","JANUS FINANCIAL PLANNING, LLC"
322989,TRULY UNBIASED LLC,TRULY UNBIASED LLC
323014,WESTERN LEVEL ADVISORS LLC,WESTERN LEVEL ADVISORS LLC
323057,9I CAPITAL GROUP LLC,9I CAPITAL GROUP LLC
323075,SUNNYBRANCH WEALTH LLC,SUNNYBRANCH WEALTH LLC
323081,"PAGE CAPITAL PRIVATE WEALTH MANAGEMENT, LLC","PAGE CAPITAL PRIVATE WEALTH MANAGEMENT, LLC"
323103,JOHN G. O'CONNELL,"O'CONNELL, JOHN GLENNON"
323191,"MEERA ADVISORY, L.L.C.","MEERA ADVISORY, L.L.C."
323235,"ALONGSIDE WEALTH ADVISORS, LLC","ALONGSIDE WEALTH ADVISORS, LLC"
323256,G. DOUGLAS WEALTH MANAGEMENT,"BAUERBAND, DOUGLAS J"
323290,MARGO FINANCIAL,"MARGO FINANCIAL, LLC"
323294,"GLOBALINK WEALTH MANAGEMENT, LLC","GLOBALINK WEALTH MANAGEMENT, LLC"
323310,SMARTALPHA WEALTH ADVISORS LLC,SMARTALPHA WEALTH ADVISORS LLC
323312,"COLE FINANCIAL ADVISORS, INC.","COLE FINANCIAL ADVISORS, INC."
323319,LEGACY FOLIOS,LEGACY FOLIOS LLC
323340,BLACKLINES FINANCIAL,BLACKLINES
323349,"OWTUR INVESTMENT ADVISORS, LLC","OWTUR INVESTMENT ADVISORS, LLC"
323352,EMBOLDENFP,EMBOLDEN FINANCIAL PLANNING LLC
323358,CRAIG FAMILY OFFICE,CRAIG CAPITAL LLC
323372,"ADVENT CAPITAL STRATEGIES, LLC","ADVENT CAPITAL STRATEGIES, LLC"
323381,GALLO LUPO LLC,GALLO LUPO LLC
323391,"STRATEGY CAP, LLC","STRATEGY CAP, LLC"
323394,"IMPACT FINANCIAL, LLC","IMPACT FINANCIAL, LLC"
323415,BENTWOOD INVESTMENT ADVISORY,BENTWOOD INVESTMENT ADVISORY LLC
323416,TAYLORS FINANCIAL,FTC PROSPERITY ADVISORS
323421,CORBETT WEALTH MANAGEMENT LLC,CORBETT WEALTH MANAGEMENT LLC
323426,PINNACLE STREAM CAPITAL LLC,PINNACLE STREAM CAPITAL LLC
323427,ATAI CAPITAL MANAGEMENT LLC,ATAI CAPITAL MANAGEMENT LLC
323450,OVERWATCH MANAGEMENT,OVERWATCH MANAGEMENT GROUP LLC
323455,"INSIDE ARBITRAGE ADVISORS, LLC","INSIDE ARBITRAGE ADVISORS, LLC"
323469,RETIREMENT ROADMAP FINANCIAL PLANNING,"RETIREMENT ROADMAP FINANCIAL PLANNING, LLC"
323472,WEALTH ADVISORY LAB LLC,WEALTH ADVISORY LAB LLC
323475,PMA WEALTH MANAGEMENT,"PMA WEALTH MANAGEMENT, INC."
323479,EDEN FINANCIAL,"EDEN FINANCIAL, LLC"
323492,"TAYLOR STRATEGIC WEALTH MANAGEMENT, LLC","TAYLOR STRATEGIC WEALTH MANAGEMENT, LLC"
323521,BUOYANCY CAPITAL,"BUOYANCY CAPITAL,LLC"
323536,"COR3 INVESTMENT PARTNERS, LLC","COR3 INVESTMENT PARTNERS, LLC"
323560,"GRANITE RESEARCH, LLC","GRANITE RESEARCH, LLC"
323561,CEVA ADVISORS,CEVA CAPITAL LLC
323564,TOUPS CAPITAL ADVISORS LLC,TOUPS CAPITAL ADVISORS LLC
323589,"JOSEPH M. SEBO, CFP INC.","JOSEPH M. SEBO, CFP INC."
323594,IKIGAI PLANNING,"KASOFF, IAN, BENJAMIN"
323624,MAGNOLIA CAPITAL ASSET MANAGEMENT LLC,MAGNOLIA CAPITAL ASSET MANAGEMENT LLC
323631,GERDES ENERGY RESEARCH LLC,GERDES ENERGY RESEARCH LLC
323659,"DONOVAN LEGACY ADVISORS, LLC","DONOVAN LEGACY ADVISORS, LLC"
323660,BLAIR CAPITAL MANAGEMENT,BLAIR CAPITAL MANAGEMENT LLC
323700,ENTORO ADVISORS,"ENTORO ADVISORS, LLC"
323731,ATAROKE WEALTH,ATAROKE WEALTH LLC
323740,NORMA FINANCIAL LLC,NORMA FINANCIAL LLC
323784,CREATIVEVEST INC,CREATIVEVEST INC
323812,"TWOGOOD FINANCIAL SERVICES, INC.","TWOGOOD FINANCIAL SERVICES, INC."
323825,"ELEVATE WEALTH ADVISORS, LLC","ELEVATE WEALTH ADVISORS, LLC"
323834,REACH ONE TEACH ONE FINANCIAL,R1T1 FINANCIAL LLC
323912,RATNER & ASSOCIATES LLC,RATNER & ASSOCIATES LLC
323916,FREEDOM DAY WEALTH MANAGEMENT LLC,FREEDOM DAY WEALTH MANAGEMENT LLC
323934,GOODRICH FINANCIAL ADVISORY LLC,GOODRICH FINANCIAL ADVISORY LLC
323940,JANUS FINANCIAL,JANUS FINANCIAL LLC
323950,KHALIS FINANCIAL ADVISORS LLC,KHALIS FINANCIAL ADVISORS LLC
323967,MOLANO WEALTH MANAGEMENT,"MOLANO, DAVID"
323987,KIPOS WEALTH,KIPOS WEALTH LLC
323996,EDWIN CHIANG INVESTMENT ADVISOR,"CHIANG, EDWIN, DER YEE"
324007,CORNERSTONE FINANCIAL PLANNING,"CORNERSTONE FINANCIAL PLANNING, LLC"
324016,LOTUSLAND PROPERTIES,"LOTUSLAND PROPERTIES, INC"
324019,BLACKHAWK FINANCIAL ADVISORS,"BLACKHAWK FINANCIAL ADVISORS, LLC"
324021,INSTITUTIONAL INVESTING ENHANCEMENT LLC,INSTITUTIONAL INVESTING ENHANCEMENT LLC
324023,SORUNKE WEALTH ADVISORS,"SORUNKE, JONATHAN OLUGBENGA"
324024,KEDREC LLC,KEDREC LLC
324028,MT. TIMP CAPITAL,"GARDNER, DIXON, LEON"
324035,CST FINANCIAL ADVISORY LLC,CST FINANCIAL ADVISORY LLC
324051,"WEALTH FINANCIAL GROUP WEST, INC.","WEALTH FINANCIAL GROUP WEST, INC."
324061,VANTAGE WEALTH MANAGEMENT LLC,VANTAGE WEALTH MANAGEMENT LLC
324067,SECRETX ASSETS,SECRETX ASSETS LLC
324080,"SAN ANTONIO WEALTH, LLC","SAN ANTONIO WEALTH, LLC"
324084,VALLEY CENTER ADVISORS,VALLEY CENTER ADVISORS LLC
324099,"YAYATI ASSET MANAGEMENT, LLC","YAYATI ASSET MANAGEMENT, LLC"
324140,"BALANCED WEALTH, INC.","BALANCED WEALTH, INC."
324146,GIBSON MONROE WEALTH ADVISORS,GIBSON MONROE WEALTH ADVISORS LLC
324168,IMPACT WEALTH MANAGEMENT,IMPACT WEALTH MANAGEMENT LLC
324252,RIGHTWISE WEALTH,"RIGHTWISE WEALTH, INC."
324256,OM INVESTMENTS,OM ONIYAMEDIA L.L.C
324261,"PYSNIK FINANCIAL, LLC","PYSNIK FINANCIAL, LLC"
324322,RESET FINANCIAL PLANNING LLC,RESET FINANCIAL PLANNING LLC
324344,HARVEY WEALTH MANAGEMENT LLC,HARVEY WEALTH MANAGEMENT LLC
324352,JACKSON PEAK CAPITAL LLC,JACKSON PEAK CAPITAL LLC
324354,GOOD BALANCE FP LLC,GOOD BALANCE FP LLC
324397,SAFE HARBOR ASSETS,WADSWORTH WEALTH MANAGEMENT LLC
324398,WATERFRONT ADVISORS,"YOUNG, CHRISTOPHER COLE"
324413,VANTAGE WEALTH MANAGEMENT LLC,VANTAGE WEALTH MANAGEMENT LLC
324442,"LEGACY WEALTH ADVISORS, LTD.","LEGACY WEALTH ADVISORS, LTD."
324450,SEVEY WEALTH ADVISORS,"SEVEY WEALTH ADVISORS, LLC"
324453,WALNUT HILL WEALTH MANAGEMENT,"WALNUT HILL WEALTH MANAGEMENT, LLC"
324462,DAN HASSEY INVESTMENT ADVISORY,"HASSEY, DAN, HERMAN"
324482,AKKADIAN WEALTH LLC,AKKADIAN WEALTH LLC
324503,JPL WEALTH MANAGEMENT,JPL WEALTH MANAGEMENT INC.
324506,"QRIA, INC.","QRIA, INC."
324507,STROUD INVESTMENT CONSULTING,"STROUD INVESTMENT CONSULTING, LLC"
324529,HILTY WEALTH MANAGEMENT LLC,HILTY WEALTH MANAGEMENT LLC
324537,APP,ASSET PLANNING AND PROTECTION LLC
324543,SCIENTIFIC FINANCIAL,"SCIENTIFIC FINANCIAL, LLC"
324552,PHOUNDATIONAL LLC,PHOUNDATIONAL LLC
324584,ECHO WEALTH PARTNERS,ECHO WEALTH PARTNERS LLC
324590,GOLD PATH INVESTMENT GROUP,GOLD PATH INVESTMENT GROUP
324604,"VICTOR JONES CPA, PC","VICTOR JONES CPA, P.C."
324622,GREENERBUCKS,GREENERBUCKS
324633,SMART PORTFOLIO,SMART PORTFOLIO LLC
324663,"CURATED WEALTH SOLUTIONS, LLC","CURATED WEALTH SOLUTIONS, LLC"
324665,COW CAPITAL INC,COW CAPITAL INC
324692,DAE WEALTH MANAGEMENT,DAE CAPITAL STRATEGIES LLC
324747,PERSONAL BEST FINANCIAL LLC,PERSONAL BEST FINANCIAL LLC
324752,SACHI FINANCIAL PLANNING,SACHI FINANCIAL PLANNING LLC
324864,AP24 CAPITAL,AP24 CAPITAL LLC
324978,"WEALTHSIGHTS INVESTMENT MANAGEMENT, LLC","WEALTHSIGHTS INVESTMENT MANAGEMENT, LLC"
325004,"FRUIT OF THE VINE FINANCIAL, LLC","FRUIT OF THE VINE FINANCIAL, LLC"
325075,"ALLEGIANCE ADVISORS, INC","ALLEGIANCE ADVISORS, INC."
325087,"MARI LEGACY GROUP, LLC","MARI LEGACY GROUP, LLC"
325097,FIRN ADVISORS LLC,FIRN ADVISORS LLC
325121,RUESOFF ASSET MANAGEMENT LLC,RUESOFF ASSET MANAGEMENT LLC
325128,NORTHSTAR WEALTH MANAGEMENT LLC,NORTHSTAR WEALTH MANAGEMENT LLC
325151,LASTING MARK RETIREMENT GROUP LLC,LASTING MARK RETIREMENT GROUP LLC
325172,INTEGRATED PLANNING & INVESTMENTS,INTEGRATED PLANNING & INVESTMENTS
325178,HUMANIZE WEALTH,HUMANIZE WEALTH PARTNERS LLC
325185,NEYA CAPITAL,"NEYA CAPITAL MANAGEMENT, LLC"
325191,THREE MAIN POINTS LLC,THREE MAIN POINTS LLC
325200,LEXUS WEALTH MANAGEMENT,"LEXUS WEALTH MANAGEMENT, LLC"
325215,BARTON FINANCIAL GROUP LLC,BARTON FINANCIAL GROUP LLC
325239,MARIN FINANCIAL LLC,MARIN FINANCIAL LLC
325242,TACTICAL TAX WEALTH MANAGEMENT,"TACTICAL TAX WEALTH MANAGEMENT, LLC"
325264,AMAZONITE INVESTMENTS LLC,AMAZONITE INVESTMENTS LLC
325296,"DIGNITY WEALTH, PLLC","DIGNITY WEALTH, PLLC"
325301,AMANA ADVISORS,AMANA ADVISORS LLC
325317,212 WEALTH MANAGEMENT,212 WEALTH MANAGEMENT LLC
325321,ALTA VIA FINANCIAL PLANNING,ALTA VIA FINANCIAL PLANNING LLC
325331,NEK FINANCIAL INC,NEK FINANCIAL INC
325340,"LG FINANCIAL SERVICES, LLC","LG FINANCIAL SERVICES, LLC"
325386,BELLE RIVER CAPITAL MANAGEMENT LLC,BELLE RIVER CAPITAL MANAGEMENT LLC
325395,MY MONEY MGR,MY MONEY MGR LLC
325396,AXION WEALTH ADVISORS,AXION WEALTH ADVISORS INC.
325399,FULLGUARDS FINANCIAL,FULLGUARDS FINANCIAL
325419,"PERCHERON CONSULTING, LLC","PERCHERON CONSULTING, LLC"
325433,IMAGINE MATH,IMAGINE MATH LLC
325454,OBRAN CAPITAL ADVISORS LLC,"OBRAN CAPITAL ADVISORS, LLC"
325459,OVERFLOW FINANCIAL,OVERFLOW FINANCIAL LLC
325460,ASYMMETRIC ADVISORS,ASYMMETRIC ADVISORS LLC
325474,SIMPLIFY WEALTH PLANNING LLC,SIMPLIFY WEALTH PLANNING LLC
325496,"TACTICAL EQUITY PARTNERS, LLC","TACTICAL EQUITY PARTNERS, LLC"
325524,VALKYRIE PRIVATE WEALTH MANAGEMENT,VALKYRIE WEALTH LLC
325543,CMH WEALTH MANAGEMENT,"CMH WEALTH MANAGEMENT, LLC"
325584,GET RICH SLOWLY LLC,GET RICH SLOWLY LLC
325592,"THEA NESIS, LLC","THEA NESIS, LLC"
325603,"PROSPERENT CAPITAL, LLC","PROSPERENT CAPITAL, LLC"
325623,"OPES MVB CAPITAL, LLC","OPES MVB CAPITAL, LLC"
325639,ARDEN WEALTH MANAGEMENT,"MCCOY, MICHAEL  ARDEN"
325660,SLR ADVISORS,"SLR ASSET MANAGEMENT, LLC"
325684,MARIM WEALTH PLANNING,"MARIM WEALTH PLANNING, LLC"
325688,CYPRESS LANE ADVISORS,CYPRESS LANE ADVISORS LLC
325700,KODA WEALTH MANAGEMENT,KODA WEALTH MANAGEMENT LLC
325710,"COHO ADVISORY SERVICES, LLC","COHO ADVISORY SERVICES, LLC"
325722,NOBLE INVESTORS LLC,NOBLE INVESTORS LLC
325735,"BRIAN DENNIS, CFP®","DENNIS, BRIAN KEITH"
325737,SANTA CRUZ WEALTH MANAGEMENT INC.,SANTA CRUZ WEALTH MANAGEMENT INC.
325783,HILL COUNTRY KINGDOM ADVISORS,TEK-WISE FINANCIAL PLANNERS LLC
325810,"GOLDEN SPREAD WEALTH, LLC","GOLDEN SPREAD WEALTH, LLC"
325830,"AEQUITAS FINANCIAL, LLC","AEQUITAS FINANCIAL, LLC"
325837,MOORING BAY CAPITAL MANAGEMENT,"MOORING BAY CAPITAL MANAGEMENT, LLC"
325865,COWAN CAPITAL ADVISORS,"COWAN CAPITAL ADVISORS, LLC"
325872,BANKERS INVESTMENT COUNSELING,BANKERS INVESTMENT COUNSELING COMPANY
325946,RELIC WEALTH MANAGEMENT LLC,RELIC WEALTH MANAGEMENT LLC
326014,QUEENSBURY GLOBAL ADVISORS,QUEENSBURY GLOBAL ADVISORS LLC
326033,SINGH PWM LLC,SINGH PRIVATE WEALTH MANAGEMENT LLC
326105,TREUSSARD CAPITAL MANAGEMENT,TREUSSARD CAPITAL MANAGEMENT LLC
326157,THE WEALTHY PARENT,THE WEALTHY PARENT LLC
326192,CONFIDE,"CONFIDE FINANCIAL PLANNING & INVESTMENTS, LLC"
326301,BENE WEALTH MANAGEMENT COMPANY,BENE WEALTH MANAGEMENT COMPANY
326407,WEALTH STRATEGIES GROUP,WEALTH STRATEGIES GROUP
326412,STRASBURG ASSET MANAGEMENT COMPANY LLC,STRASBURG ASSET MANAGEMENT COMPANY LLC
326449,KENNEY WEALTH PLANNING & MANAGEMENT,KENNEY INVESTMENT MANAGEMENT LLC
326454,"WELLS, FAY","WELLS, FAY"
326482,LUCIDITY WEALTH ADVISORS INC.,LUCIDITY WEALTH ADVISORS INC.
326497,CEDAR RIDGE INVESTMENT MANAGEMENT LLC,CEDAR RIDGE INVESTMENT MANAGEMENT LLC
326527,EINSTOK WEALTH MANAGEMENT LLC,EINSTOK WEALTH MANAGEMENT LLC
326538,FBS SECURITIES,FRISCO BUSINESS SOLUTIONS GROUP INC
326563,"364 INVESTING, LLC","364 INVESTING, LLC"
326568,ARKA FINANCIAL SERVICES L.L.C.,ARKA FINANCIAL SERVICES L.L.C.
326638,GLOBAL IMPACT WEALTH MANAGEMENT,GLOBAL IMPACT WEALTH MANAGEMENT LLC
326644,WEALTHLOGIC,"WEALTHLOGIC, LLC"
326649,HAYWOOD WEALTH MANAGEMENT,"HAYWOOD WEALTH MANAGEMENT, LLC"
326666,"DISCIPLINED GROWTH CAPITAL, LLC","DISCIPLINED GROWTH CAPITAL, LLC"
326675,BEYOND WEALTH ADVISORY LLC,BEYOND WEALTH ADVISORY LLC
326734,T. SHARP WEALTH MANAGEMENT,"T. SHARP WEALTH MANAGEMENT, LLC"
326737,RX WEALTH MANAGEMENT,"RX WEALTH MANAGEMENT, LLC"
326769,WULLSCHLEGER GROUP,WULLSCHLEGER GROUP LLC
326772,WESTERN RESERVE WEALTH MANAGEMENT LLC,WESTERN RESERVE WEALTH MANAGEMENT LLC
326773,"TRILOGY WEALTH MANAGEMENT, LLC","TRILOGY WEALTH MANAGEMENT, LLC"
326786,FORTHRIGHT FINANCIAL SERVICES,FORTHRIGHT FINANCIAL SERVICES LLC
326813,"CHRYSADIA FINANCIAL, LLC","CHRYSADIA FINANCIAL, LLC"
326852,MOUNTAIN AVENUE CAPITAL LLC,MOUNTAIN AVENUE CAPITAL LLC
326918,FINANCIAL PLANNING FOR REAL PEOPLE PLLC,FINANCIAL PLANNING FOR REAL PEOPLE PLLC
326936,CAISHEN FINANCIAL,GRAND INVESTMENT GROUP LLC
326983,LYNCH FINANCIAL GROUP,LYNCH FINANCIAL GROUP LLC
327031,UNITED SUCCESS WEALTH MANAGEMENT,UNITED SUCCESS LLC
327036,TRUEWEALTH SOLUTIONS,"TRUEWEALTH SOLUTIONS, LLC"
327041,OMNIKEY INVESTMENT ADVISORS,OMNIKEY INVESTMENT ADVISORS LLC
327049,THOMAS MEYER INVESTMENTS,THOMAS MEYER INVESTMENT MANAGEMENT LLC
327064,DERIK TORRES CPA PC,DERIK TORRES CPA PC
327087,"SPARROW ADVISORS, LLC","SPARROW ADVISORS, LLC"
327090,"ARMAS CAPITAL MANAGEMENT, LLC","ARMAS CAPITAL MANAGEMENT, LLC"
327108,RED NIGHT CAPITAL LLC,RED NIGHT CAPITAL LLC
327111,"BONANNI, FRANK","BONANNI, FRANK"
327128,ZETLMAIER WEALTH MANAGEMENT LLC,ZETLMAIER WEALTH MANAGEMENT LLC
327134,AUSTIN CONSULTING,"AUSTIN, AMANDA, CHERYL"
327148,LAYLINE FINANCIAL,LAYLINE FINANCIAL LLC
327149,ARCADIAN FINANCIAL SERVICES,KENNETH ALAN KNEALE JR DBA ARCADIAN FINANCIAL SERVICES
327156,CRB STRATEGIC SERVICES LLC,CRB STRATEGIC SERVICES LLC
327183,"CONVEXITY WEALTH MANAGEMENT, LLC","CONVEXITY WEALTH MANAGEMENT, LLC"
327212,INGENIQ CAPITAL,INGENIQ LLC
327214,SOP ADVISORS LLC,SOP ADVISORS LLC
327236,LIFE WISE PLANNING GROUP LLC,LIFE WISE PLANNING GROUP LLC
327238,DITTRICH FINANCIAL GROUP LLC,DITTRICH FINANCIAL GROUP LLC
327273,"BF, LLC","BASS FINANCIAL, LLC"
327285,HRC FINANCIAL,"HRC FINANCIAL, LLC"
327297,FULL CIRCLE FINANCIAL PLANNING,FULL CIRCLE FINANCIAL PLANNING
327299,"AFRASIAB WEALTH SOLUTIONS, LLC","AFRASIAB WEALTH SOLUTIONS, LLC"
327314,"DAVID RHODES CANNON, C.P.A., LLC","DAVID RHODES CANNON, C.P.A., LLC"
327351,"COMPOUNDING GEMS ADVISORS, LLC","COMPOUNDING GEMS ADVISORS, LLC"
327364,IMPACT WEALTH GROUP,IMPACT WEALTH GROUP LLC
327385,WESTLIGHT WEALTH,ROUNICK CAPITAL MANAGEMENT LLC
327389,FLYING FORWARD WEALTH MANAGEMENT,"FLYING FORWARD, L.L.C."
327403,THE ROAD AHEAD WEALTH MANAGEMENT LLC,THE ROAD AHEAD WEALTH MANAGEMENT LLC
327425,"GLOBAL ADVISORS, LLC","GLOBAL ADVISORS, LLC"
327428,MOTIF PLANNING,THRIVING MUSICIAN LLC
327439,TELOS WEALTH,"TELOS WEALTH MANAGEMENT, LLC"
327484,BEAR NOLAN LLC,BEAR NOLAN LLC
327490,GREYBRIDGE PRIVATE WEALTH,VISIONARY WEALTH PARTNERS LLC
327494,BLACK SEA INVESTMENT GROUP,BLACK SEA MANAGEMENT GROUP LLC
327508,DFS CAPITAL MANAGEMENT,DFS CAPITAL MANAGEMENT LLC
327527,"WEALTHLYNK, INC.","WEALTHLYNK, INC."
327545,HER PERSONAL FINANCE,ACCESS 401K LLC
327564,DEPAOLO & MAY STRATEGIC WEALTH LLC,DEPAOLO & MAY STRATEGIC WEALTH LLC
327674,"BRAND NEW DAY WEALTH PLANNING, LLC","BRAND NEW DAY WEALTH PLANNING, LLC"
327703,"RAIN OR SHINE PLANNING, LLC","RAIN OR SHINE PLANNING, LLC"
327710,"BASS ROCKS, LLC / BASS ROCKS ASSET MANAGEMENT","BASS ROCKS, LLC / BASS ROCKS ASSET MANAGEMENT"
327723,"PATEL WEALTH STRATEGIES, INC.","PATEL WEALTH STRATEGIES, INC."
327726,STONE WALL FINANCIAL,STONE WALL FINANCIAL GROUP LLC
327727,HALCYON INVESTMENT ADVISOR,HALCYON INVESTMENT ADVISOR LLC
327737,FIDUCIAONE,FIDUCIAONE LLC
327765,WEALTH PLANNING ADVISORS LLC,WEALTH PLANNING ADVISORS LLC
327780,"AVINCI WEALTH MANAGEMENT, INC.","AVINCI WEALTH MANAGEMENT, INC."
327781,"LOCKWOOD WEALTH STRATEGIES, LLC","LOCKWOOD WEALTH STRATEGIES, LLC"
327815,FREEMAN & FREEMAN PRIVATE WEALTH MANAGEMENT LLC,FREEMAN & FREEMAN PRIVATE WEALTH MANAGEMENT LLC
327819,"GOLDEN WEALTH CAPITAL, LLC","GOLDEN WEALTH CAPITAL, LLC"
327824,ARMADALE ASSET MANAGEMENT LLC,ARMADALE ASSET MANAGEMENT LLC
327848,GENERATIVE FAMILY OFFICE LLC,GENERATIVE FAMILY OFFICE LLC
327855,STERLING ADVISORY GROUP LLC,STERLING ADVISORY GROUP LLC
327856,VENADO INVESTMENT ADVISORS LLC,VENADO INVESTMENT ADVISORS LLC
327857,PORTSALUS WEALTH MANAGEMENT,"PORTSALUS WEALTH MANAGEMENT, LLC"
327860,WEALTHBOUND ADVISORS,LEGACY PLANNING GROUP LLC
327869,EMP WEALTH MANAGEMENT LLC,EMP WEALTH MANAGEMENT LLC
327872,MONIES WEALTH LLC,MONIES WEALTH LLC
327887,JY CAPITAL MANAGEMENT,JY CAPITAL MANAGEMENT INC.
327898,COAST BRIDGE CAPITAL,"COAST BRIDGE CAPITAL, LLC"
327908,SONDO FI,"SONDO FI, INC."
327921,SECOND OPINION FINANCIAL,"SECOND OPINION FINANCIAL, LLC"
327958,"FIRE WEALTH MANAGEMENT, LLC",FIRE WEALTH MANAGEMENT LLC
327981,LAMB RETIREMENT SOLUTIONS LLC,LAMB RETIREMENT SOLUTIONS LLC
327987,UNLOCK INVESTMENTS,UNLOCK INVESTMENTS LLC
327989,ABOUT TIME FINANCIAL PLANNING,"ABOUT TIME FINANCIAL PLANNING, LLC"
327998,EFFECTIVE FINANCE LLC,EFFECTIVE FINANCE LLC
328001,"DALLAS FINANCIAL ADVISORS, LLC","DALLAS FINANCIAL ADVISORS, LLC"
328008,EAST SHORE INVESTMENT MANAGEMENT LLC,EAST SHORE INVESTMENT MANAGEMENT LLC
328012,"EDWARD HARO FINANCIAL, LLC","EDWARD HARO FINANCIAL, LLC"
328017,ALBILITY PLANNING,WITHERS WEALTH ADVISORY LLC
328026,"CALIFORNIA FINANCIAL PARTNERS, INC.","CALIFORNIA FINANCIAL PARTNERS, INC."
328027,"MOORE WEALTH PARTNERS, LLC","MOORE WEALTH PARTNERS, LLC"
328035,MALONE FINANCIAL PLANNING LLC,MALONE FINANCIAL PLANNING LLC
328036,"PARKER WEALTH GROUP, LLC","PARKER WEALTH GROUP, LLC"
328037,GROWTH HORIZONS WEALTH MANAGEMENT LLC,GROWTH HORIZONS WEALTH MANAGEMENT LLC
328060,FIDELA WEALTH,FIDELA WEALTH LLC
328066,GMI GLOBAL PARTNERS LLC,GMI GLOBAL PARTNERS LLC
328095,VIVID WEALTH MANAGEMENT LLC,VIVID WEALTH MANAGEMENT LLC
328149,SAGE FINANCIAL,"SAGE FINANCIAL PLANNING, LLC"
328157,"ATWOOD CAPITAL MANAGEMENT, LLC","ATWOOD CAPITAL MANAGEMENT, LLC"
328160,"SONORAN INVESTMENT ADVISORS, LLC","SONORAN INVESTMENT ADVISORS, LLC"
328162,AGEWISE FINANCIAL INC.,AGEWISE FINANCIAL INC.
328206,MCCURDY FINANCIAL SOLUTIONS,DANIEL EVAN MCCURDY
328222,FORWARD HORIZON INVESTMENT,FORWARD HORIZON INVESTMENT L.L.C.
328238,MOBIUS FUND,MOBIUS FUND LLC
328249,ANCAP FINANCIAL,ANCAP FINANCIAL LLC
328253,TRANSCEND ADVISOR INC.,TRANSCEND ADVISOR INC.
328255,"MANGROVE ADVISORS, LLC","MANGROVE ADVISORS, LLC"
328264,WOODLAND WEALTH ADVISORS,"HOWATSON, LLC"
328275,LIFETIME FINANCIAL PLANNERS LLC,LIFETIME FINANCIAL PLANNERS LLC
328280,JTNC WEALTH ADVISORS LLC,JTNC WEALTH ADVISORS LLC
328287,OLIVEHURST ADVISORS LLC,OLIVEHURST ADVISORS LLC
328313,KRYSTAL FORTNER,KRYSTAL FORTNER
328323,CORTO CAPITAL ADVISORS LLC,CORTO CAPITAL ADVISORS LLC
328329,RADIX WEALTH,RADIX WEALTH LLC
328341,"RETIREMENT RESOURCE WEALTH MANAGEMENT, LLC","RETIREMENT RESOURCE WEALTH MANAGEMENT, LLC"
328342,FINANCIAL EMPOWERMENT,FINANCIAL EMPOWERMENT LLC
328371,COULOMBE AND SONS WEALTH MANAGEMENT,COULOMBE AND SONS WEALTH MANAGEMENT INC.
328407,TALLEY WEALTH,"TALLEY WEALTH, LLC"
328410,ENSO FINANCIAL,ENSO FINANCIAL PLC
328412,COMPASS FINANCIAL GROUP,"SECURE RETIREMENT SOLUTIONS, LLC"
328424,RIVERLAND WEALTH MANAGEMENT,"RIVERLAND WEALTH MANAGEMENT, LLC"
328426,SOUTHMORE FINANCIAL ADVISORY LLC,SOUTHMORE OPPORTUNITY INVESTMENT LLC
328427,TARA WEALTH,TARA WEALTH LLC
328437,YIELD GROWTH ADVISORS,YIELD GROWTH ADVISORS LLC
328470,"LEGACY ADVISORY GROUP, INC","LEGACY ADVISORY GROUP, INC"
328498,KINGDOM WEALTH ADVISERS,"KINGDOM WEALTH ADVISERS, LLC"
328518,SELAH WEALTH ADVISORS,SELAH WEALTH ADVISORS LLC
328540,PACIFIC EQUITY ADVISORS LLC,PACIFIC EQUITY ADVISORS LLC
328552,EAGLE MONEY ADVISORS,"SALEHI, MATT"
328562,MANEKTALA INVESTMENT ADVISORY SERVICES INC.,MANEKTALA INVESTMENT ADVISORY SERVICES INC.
328563,"DUTTON FINANCIAL PLANNING, LLC","DUTTON FINANCIAL PLANNING, LLC"
328568,"PIVOT INVESTMENT PLANNING, LLC","PIVOT INVESTMENT PLANNING, LLC"
328571,"ANGELUS WEALTH, LLC","ANGELUS WEALTH, LLC"
328605,VIFINANCE L.L.C.,VIFINANCE L.L.C.
328631,ONE WEALTH PLANNING LLC,ONE WEALTH PLANNING LLC
328633,RAIN DOG FINANCIAL,RAIN DOG LLC
328638,"UPFRONT FINANCIAL PLANNING, LLC","UPFRONT FINANCIAL PLANNING, LLC"
328687,GRACIAN CAPITAL LLC,GRACIAN CAPITAL LLC
328699,"PRESIDIO ADVISORS, LLC","PRESIDIO ADVISORS, LLC"
328729,CHECKPOINT FINANCIAL PLANNING,"CHECKPOINT FINANCIAL PLANNING, LLC"
328732,PROVIDENCE CAPITAL,PROVIDENCE CAPITAL LLC
328734,SHEPHERD ADVISOR,SHEPHERD ADVISOR LLC
328742,THE KALISH GROUP,"THE KALISH GROUP, LLC"
328745,INVESTMENT TRENDS CAPITAL GROUP LLC,INVESTMENT TRENDS CAPITAL GROUP LLC
328746,"AJAX ASSET MGMT., LLC","AJAX ASSET MGMT., LLC"
328751,REDEMPTIVE WEALTH MANAGEMENT LLC,REDEMPTIVE WEALTH MANAGEMENT LLC
328754,RELIANT INVESTMENT MANAGEMENT,RELIANT INVESTMENT MANAGEMENT
328755,"LOOK BOTH WAYS FINANCIAL, LLC",PERDUE HOLDINGS LLC
328828,STRATEGIC FINANCE INC.,STRATEGIC FINANCE INC.
328835,"EXPONENTIAL WEALTH MANAGEMENT, LLC","EXPONENTIAL WEALTH MANAGEMENT, LLC"
328836,MANETTA WEALTH,MANETTA WEALTH MANAGEMENT INC.
328840,"COVENANT FINANCIAL ADVISORS, LLC","COVENANT FINANCIAL ADVISORS, LLC"
328860,TAURSAS INVESTMENTS,TAURSAS INVESTMENTS LLC
328888,BLUE RIVER CAPITAL MANAGEMENT,"BLUE RIVER CAPITAL MANAGEMENT, LLC"
328912,TEXWEALTH,TEXWEALTH LLC
328925,MULLETT FINANCIAL LLC,MULLETT FINANCIAL LLC
328938,FLYWAY ADVISORS,"REDTEAL, INC."
328963,CSI WEALTH MANAGEMENT,CSI WEALTH MANAGEMENT
328994,BOONIPAT ADVISORY LLC,BOONIPAT ADVISORY LLC
328995,"SKORHEIM WEALTH MANAGEMENT, LLC","SKORHEIM WEALTH MANAGEMENT, LLC"
329023,PORTAFOLIO CAPITAL MANAGEMENT,PORTAFOLIO CAPITAL MANAGEMENT LLC
329049,FUTURE WALLET,FUTURE WALLET LLC
329068,PHASE LINE FINANCIAL,PHASE LINE FINANCIAL LLC
329092,GULF COAST FINANCIAL ADVISORS,GULF COAST FINANCIAL ADVISORS LLC
329121,PRIVATUS,"PRIVATUS, LLC"
329122,VELAGA ADVISORS,VELAGA ADVISORS LLC
329141,OLD WORLD FINANCIAL ADVISORS,OLD WORLD FINANCIAL ADVISORS
329154,MOONSHOT PLANNING LLC,BRIGHTER DAYS PLANNING LLC
329226,CLARIFIED WEALTH ADVISORY,"CLARIFIED WEALTH MANAGEMENT, LLC"
329236,REVIRESCO WEALTH ADVISORY LLC,REVIRESCO WEALTH ADVISORY LLC
329268,ABUNDIT WEALTH,"FRIEDERICH, BRENDA, LEIGH"
329285,"EMBARCADERO CAPITAL ADVISORS, INC.","EMBARCADERO CAPITAL ADVISORS, INC."
329289,EQUAL PATH INVESTMENTS,EQUAL PATH INVESTMENTS LLC
329296,JB ADVISORY LLC,JB ADVISORY LLC
329331,JOHNSON'S CAPITAL PARTNERS CORPORATION,JOHNSON'S CAPITAL PARTNERS CORPORATION
329352,"XPONIFY, INC.","XPONIFY, INC."
329356,"GEORGE, MORGAN & SNEED, P.C.","GEORGE, MORGAN & SNEED, P.C."
329362,CAPITAL GUARD INVESTMENTS LLC,CAPITAL GUARD INVESTMENTS LLC
329391,FIAT LUX FINANCIAL PLANNING,"WILUSZ, KATHLEEN, MELODY"
329405,GRIFFIN CAPITAL ADVISORS,"GRIFFIN CAPITAL ADVISORS, LLC"
329438,CONVERGENCE WEALTH PARTNERS LLC,CONVERGENCE WEALTH PARTNERS LLC
329446,"SAMCO PROPRIETARY TRADING, INC.","SAMCO PROPRIETARY TRADING, INC."
329515,FOLSOM WEALTH ADVISORS,"FOLSOM WEALTH ADVISORS, LLC"
329520,"BETTER FINANCIAL SERVICES, LLC","BETTER FINANCIAL SERVICES, LLC"
329568,"SYMPHONY ONE CAPITAL MANAGEMENT, LLC","SYMPHONY ONE CAPITAL MANAGEMENT, LLC"
329570,CASMILNER CONSULTING LLC,CASMILNER CONSULTING LLC
329597,CRAFTED FINANCIAL PLANNING,"BANNING WEALTH MANAGEMENT, LLC"
329602,ONWARD FINANCIAL ADVISING LLC,ONWARD FINANCIAL ADVISING LLC
329627,BKS WEALTH LLC,BKS WEALTH LLC
329628,"SHIFT 4 ADVISORS, INC.","SHIFT 4 ADVISORS, INC."
329679,JEFFREY JOSEPH MANAGEMENT,"JEFFREY JOSEPH MANAGEMENT, INC."
329680,FONDAHN FINANCIAL,"ADVANTUS GROUP, LLC"
329683,ROOT WEALTH MANAGEMENT,ROOT WEALTH MANAGEMENT LLC
329693,XEL,"XEL WEALTH MANAGEMENT, INC."
329705,FARID CONSULTING,"NADJIBI, FARID"
329714,OLDE WORLD INVESTMENTS,"SCRUBY, SEAN JORDAN"
329747,CARNEGIE WEALTH MANAGEMENT LLC,CARNEGIE WEALTH MANAGEMENT LLC
329753,THE WEALTH COLLABORATIVE,THE WEALTH COLLABORATIVE LLC
329764,PLUTUS WEALTH MANAGEMENT,"PLUTUS WEALTH MANAGEMENT, LLC"
329772,AS INVESTMENT PARTNERS LLC,AS INVESTMENT PARTNERS LLC
329781,CHAMBERS FINANCIAL CONSULTING,"CHAMBERS FINANCIAL CONSULTING, LLC"
329785,TRUVISTA ADVISORS LLC,TRUVISTA ADVISORS LLC
329791,FTIB ASSET MANAGEMENT LLC,FTIB ASSET MANAGEMENT LLC
329798,ROCKWEALTH FINANCIAL LLC,ROCKWEALTH FINANCIAL LLC
329833,TWO THREE FIVE,"235 WEALTH MANAGEMENT, LLC"
329834,GHOST STRATEGIES LLC,GHOST STRATEGIES LLC
329866,ALPHAVISTA ASSET MANAGEMENT LLC,ALPHAVISTA ASSET MANAGEMENT LLC
329881,"SMITH, MICHAEL, GLEN","SMITH, MICHAEL, GLEN"
329893,OMNI INVESTMENT SOLUTIONS LLC,OMNI INVESTMENT SOLUTIONS LLC
329895,"WEALTHSTONE PRIVATE WEALTH MANAGEMENT, LLC","WEALTHSTONE PRIVATE WEALTH MANAGEMENT, LLC"
329913,"PERENNIAL WEALTH ADVISORS, LLC","PERENNIAL WEALTH ADVISORS, LLC"
329926,STAMOS AND STAMOS,"STAMOS AND STAMOS, CERTIFIED PUBLIC ACCOUNTANTS, INC."
329930,AMB FINANCIAL LLC,AMB FINANCIAL LLC
329939,MEASURED MONEY MANEUVERS,MEASURED MONEY MANEUVERS LLC
329940,ONE XVI WEALTH,"ONE XVI WEALTH, LLC"
329943,OPEN PATH FINANCIAL,OPEN PATH FINANCIAL
329951,"CANDOR WEALTH MANAGEMENT, LLC","CANDOR WEALTH MANAGEMENT, LLC"
329966,LOS GATOS FINANCIAL LLC,LOS GATOS FINANCIAL LLC
329967,SOPHRONIA WEALTH ADVISORS,"SOPHRONIA WEALTH ADVISORS, INC."
329989,"TWOTEN PLANNING, PLLC","TWOTEN PLANNING, PLLC"
330001,HEWITT WEALTH MANAGEMENT INC.,HEWITT WEALTH MANAGEMENT INC.
330015,ARGON ADVISORS,ARGON ADVISORS LLC
330023,LONGITUDE FINANCIAL PLANNING,"LONGITUDE FINANCIAL PLANNING, LLC"
330083,ADVISORY API SYSTEMS LLC,ADVISORY API SYSTEMS LLC
330085,"PENDLEBURY HALL ADVISORS, LLC","PENDLEBURY HALL ADVISORS, LLC"
330092,SUN VALLEY ADVISORY,"SUN VALLEY ADVISORY, LLC"
330116,360 BUSINESS MANAGEMENT,360 BUSINESS MANAGEMENT
330124,MAGNOLIA WEALTH,"HUBER WEALTH MANAGEMENT, LLC"
330163,EXEMPLAR WEALTH PARTNERS LLC,EXEMPLAR WEALTH PARTNERS LLC
330179,NOVICE CAPITAL LLC,NOVICE CAPITAL LLC
330182,CHANGE WEALTH ADVISORS,"CHANGE WEALTH ADVISORS, LLC"
330194,FORMA FINANCIAL PLANNING,FORMA FINANCIAL PLANNING LLC
330196,BDL WEALTH MANAGEMENT PLLC,BDL WEALTH MANAGEMENT PLLC
330208,JRO WEALTH MANAGEMENT LLC,JRO WEALTH MANAGEMENT LLC
330210,JS CONSULTING,JS FAMILY CONSULTING INC.
330215,CJL QUANTUM ANALYTICS,"CLIFFORD JOSEPH LEIKER, DBA, CJL QUANTUM ANALYTICS"
330216,TORREY PINES INVESTMENT MANAGEMENT,TORREY PINES INVESTMENT MANAGEMENT LLC
330273,DEPENDENT FINANCIAL PLANNING,DEPENDENT FINANCIAL PLANNING LLC
330275,BALANCED FINANCIAL ADVISORS,"CHERNOVA VENTURES, LLC"
330291,"VIENTO FINANCIAL GROUP, LLC","VIENTO FINANCIAL GROUP, LLC"
330299,245 INVESTMENTS LLC,245 INVESTMENTS LLC
330313,THE FREYR GROUP,"THE FREYR GROUP, LLC"
330320,FINCOP FINANCIAL PLANNING,"WONG, ANDREW"
330322,CONFIANZA WEALTH  MANAGEMENT,CONFIANZA WEALTH  MANAGEMENT LLC
330363,"INVESTMENT MANAGEMENT SOLUTIONS, INC.",INVESTMENT MANAGEMENT SOLUTIONS
330459,"EVOKE FINANCIAL SERVICES, LLC","EVOKE FINANCIAL SERVICES, LLC"
330468,ILUKA ADVISORS,ILUKA ADVISORS LLC
330474,"OUTLIER FINANCIAL PARTNERS, LLC","OUTLIER FINANCIAL PARTNERS, LLC"
330479,FLEXHEDZ GROUP LLC,FLEXHEDZ GROUP LLC
330482,CENTOIC,STACKFLIP LLC
330489,THE HOURLY ADVISOR LLC,THE HOURLY ADVISOR LLC
330498,FINEST EDGE FINANCIAL LLC,FINEST EDGE FINANCIAL LLC
330516,FREEDOM FINANCIAL ADVISORS,"FREEDOM FINANCIAL ADVISORS, LLC"
330532,"NINE PINES VENTURES, LLC",RONALD DEAN MOORE
330540,VERAB FINANCIAL ADVISORY LLC,VERAB FINANCIAL ADVISORY LLC
330543,LCM FINANCIAL,LEWIS CALDWELL MITCHELL INC.
330561,BLUE MONARCH FINANCIAL INC.,BLUE MONARCH FINANCIAL INC.
330575,ARCHER WEALTH ADVISORS,"ARCHER WEALTH ADVISORS, LLC"
330589,HSCORE ADVISORS LLC,HSCORE ADVISORS LLC
330600,OH CAP ASSET MANAGEMENT,OH CAP ASSET MANAGEMENT LLC
330616,"NABATA INVESTMENT GROUP, LLC","NABATA INVESTMENT GROUP, LLC"
330627,OWLSENSE WEALTH & LEGACY ADVISORS LLC,OWLSENSE WEALTH & LEGACY ADVISORS LLC
330630,"HOYL WEALTH MANAGEMENT, LLC","HOYL WEALTH MANAGEMENT, LLC"
330663,HEAD TO TOE FINANCIAL PLANNING,HEAD TO TOE FINANCIAL PLANNING LLC
330686,FANGORN WEALTH MANAGEMENT,FANGORN FINANCIAL SERVICES LLC
330758,MDW CAPITAL MANAGEMENT CORP.,MDW CAPITAL MANAGEMENT CORP
330769,BROWN PCFO,"KELCE ADVISORS, LLC"
330772,R & R FINANCIAL,"JP RICHARDSON FINANCIAL SERVICES, INC."
330795,NET FINANCIAL,"DIGITAS GLOBAL, LLC"
330813,WYSOPAL WEALTH,"WYSOPAL WEALTH PLANNING, LLC"
330823,K-12 PLANNING,K-12 PLANNING LLC
330836,COTTONWOOD CAPITAL MANAGEMENT LLC,COTTONWOOD CAPITAL MANAGEMENT LLC
330842,GRATUS WEALTH STRATEGIES LLC,GRATUS WEALTH STRATEGIES LLC
330891,ASPIRED WEALTH,ASPIRED WEALTH PLANNING LLC
330906,HG WEALTH PARTNERS LLC,HG WEALTH PARTNERS LLC
330907,FINOMENON INVESTMENTS LLC,FINOMENON INVESTMENTS LLC
330908,"NORTHERN CALIFORNIA FIDUCIARY ADVISORS, LLC","NORTHERN CALIFORNIA FIDUCIARY ADVISORS, LLC"
330919,PENNY EARNED FINANCIAL,DEDRICK CURTIS LLC
331033,SOW AND REAP FINANCIAL LLC,SOW AND REAP FINANCIAL LLC
331037,ORVIDA INVESTMENT ADVISORS,"ORVIDA INVESTMENT ADVISORS, LLC"
331044,STONE & NEWHOUSE WEALTH ADVISORY,STONE & NEWHOUSE WEALTH ADVISORY
331141,"SALINAS ASSET MANAGEMENT, LLC","SALINAS ASSET MANAGEMENT, LLC"
331144,THE ENSEMBLE TEAM,"THE ENSEMBLE TEAM, LLC"
331145,SF PLANNING GROUP LLC,SF PLANNING GROUP LLC
331211,MONEY CALCULUS LLC,MONEY CALCULUS LLC
331245,MODERN WEALTH LLC,MODERN WEALTH LLC
331264,WOODMONT FINANCIAL PARTNERS LLC,WOODMONT FINANCIAL PARTNERS LLC
331296,AFFINITY ASSET MANAGEMENT,"KEDIS, MICHAEL, ONSY"
331320,PACIFIC CANYON INVESTMENTS,PACIFIC CANYON INVESTMENTS LLC
331322,MINDFUL INVESTING LLC,MINDFUL INVESTING LLC
331328,TRANSITION FAMILY WEALTH,"TRANSITION FAMILY WEALTH, LLC"
331403,CASH FLOW TECHNOLOGIES,CASH FLOW TECHNOLOGIES LLC
331404,MCWILLIAMS ASSET MANAGEMENT INC.,MCWILLIAMS ASSET MANAGEMENT INC.
331427,EASTLAKE PLANNING LLC,EASTLAKE PLANNING LLC
331432,JOS PLANNING,JOS PLANNING FIRM LLC
331447,"NINJA WEALTH ADVISORS, LLC","NINJA WEALTH ADVISORS, LLC"
331452,FINTENT,"FINTENT INVEST, INC."
331486,SAILCREST CAPITAL MANAGEMENT LLC,SAILCREST CAPITAL MANAGEMENT LLC
331508,EQUITYFTW,EQUITY FOR THE WIN LLC
331517,"CONFIDO CAPITAL, LLC","CONFIDO CAPITAL, LLC"
331522,MISSION CAPITAL ADVISORS INC.,MISSION CAPITAL ADVISORS INC.
331525,QUANT PORTFOLIO MANAGEMENT,QUANT PORTFOLIO MANAGEMENT LLC
331534,"NAV FINANCIAL, LLC","NAV FINANCIAL, LLC"
331538,ALPINE ROAD FINANCIAL,ALPINE ROAD FINANCIAL LLC
331551,"CALVIN S MAZLUMYAN, ATTORNEY",LAW OFFICES OF CALVIN S MAZLUMYAN PC
331564,UNITAS PARTNERS LLC,UNITAS PARTNERS LLC
331580,BLACKWATER FINANCIAL,"BLACKWATER FINANCIAL, LLC"
331583,PACIFIC SPIRIT INVESTMENTS LP,PACIFIC SPIRIT INVESTMENTS LP
331597,ENCOMPASS FINANCIAL SERVICES,ENCOMPASS FINANCIAL HOLDINGS INC.
331629,AMWH ASSET MANAGEMENT LLC,AMWH ASSET MANAGEMENT LLC
331642,PATHLIGHT WEALTH MANAGEMENT,"PATHLIGHT WEALTH MANAGEMENT, LLC"
331668,GUTMAN FINANCIAL PLANNING LLC,GUTMAN FINANCIAL PLANNING LLC
331693,ANCHORED WEALTH,ANCHORED WEALTH MANAGEMENT LLC
331694,MP3 FINANCE LLC,MP3 FINANCE LLC
331695,MCCULLOUGH WEALTH MANAGEMENT LLC,MCCULLOUGH WEALTH MANAGEMENT LLC
331703,DUOMO CAPITAL,STRIKEOUT CAPITAL LLC
331704,BOS TAURUS,BOS TAURUS LLC
331720,SIGMA3CAPITAL LLC,SIGMA3CAPITAL LLC
331725,"ILS FINANCIAL, LLC","ILS FINANCIAL, LLC"
331739,SELECT INVESTMENT SERVICES,"VIDAL, MICHAEL ANTHONY DBA SELECT INVESTMENT SERVICES"
331746,SIMPLI-FI ALPHA LLC,SIMPLI-FI ALPHA LLC
331750,"ROSS WEALTH GROUP, LLC","ROSS WEALTH GROUP, LLC"
331756,HALES TAX SOLUTIONS PLLC,HALES TAX SOLUTIONS PLLC
331774,BLACKFIELD CAPITAL MANAGEMENT LLC,BLACKFIELD CAPITAL MANAGEMENT LLC
331798,FIRM FOOTING FINANCIAL PLANNING,LEECE FP LLC
331809,3D HOLISTIC WEALTH,3DHWEALTH LLC
331821,TRUVIZE FINANCIAL PLANNING,TRUVIZE FINANCIAL PLANNING LLC
331825,MIKEL WEALTH MANAGEMENT,"MIKEL WEALTH MANAGEMENT, LLC"
331835,EP WEALTH MANAGEMENT LLC,EP WEALTH MANAGEMENT LLC
331838,"VITA WEALTH ADVISORS, LLC","VITA WEALTH ADVISORS, LLC"
331840,"ATORIE ADVISORS, LLC","ATORIE ADVISORS, LLC"
331841,SHORT PUT YIELD,"SHORT PUT YIELD, LLC"
331851,CULTIVATE WEALTH LLC,CULTIVATE WEALTH LLC
331854,"BAINS, TONYA R","BAINS, TONYA R"
331889,DCAPITAL WEALTH LLC,DCAPITAL WEALTH LLC
331897,ISRAILOV FINANCIAL,"ISRAILOV FINANCIAL, LLC"
331926,BENHAM ADVISORY GROUP,"BENHAM WEALTH MANAGEMENT, LLC"
331936,FARM AND COMMUNITY ADVISORY,THE SANTA CRUZ COMPANY LLC
331938,"HIGHER IMPACT FINANCIAL, LLC","HIGHER IMPACT FINANCIAL, LLC"
331942,BUSTAMANTE & CO,BUSTAMANTE CAPITAL MANAGEMENT LLC
331945,CRESCENT INVESTMENT SOLUTIONS LLC,CRESCENT INVESTMENT SOLUTIONS LLC
331948,PENNANT WEALTH MANAGEMENT LLC,PENNANT WEALTH MANAGEMENT LLC
331963,"7 SUMMITS INVESTMENT MANAGEMENT, LLC","7 SUMMITS INVESTMENT MANAGEMENT, LLC"
331971,SHARPEDGE FINANCIAL,SHARPEDGE FINANCIAL LLC
331984,FORWARD 360,FORWARD 360
331995,WEALTH BEYOND MATH,WEALTH BEYOND MATH LLC
332008,RATTLESNAKE CREEK CAPITAL LLC,RATTLESNAKE CREEK CAPITAL LLC
332016,SOUTHERN CALIFORNIA WEALTH MANAGEMENT ASSOCIATES,SOUTHERN CALIFORNIA WEALTH MANAGEMENT ASSOCIATES
332018,"ROHR FINANCIAL ADVISORS, LLC","ROHR FINANCIAL ADVISORS, LLC"
332054,BEHAVIOR SHIFT,KEVIN AND MELISSA LLC
332066,STILLFOREST WEALTH MANAGEMENT,STILLFOREST WEALTH MANAGEMENT LLC
332094,MURAWSKI WEALTH MANAGEMENT,"MURAWSKI WEALTH MANAGEMENT, LLC"
332151,THE DR TEAM,FENLASON FINANCIAL SERVICES INC.
332181,INKED INVESTMENTS,"INKED INVESTMENTS, LLC"
332190,PRIME PERSONAL FINANCE,"GARDNER, NATHANIEL JAMESON"
332191,"DE ROSA ASSET MANAGEMENT, LLC","DE ROSA ASSET MANAGEMENT, LLC"
332194,LEWIS WEIL CO.,LEWIS WEIL COMPANY LLC
332237,BROOKS WEALTH MANAGEMENT,BROOKS WEALTH MANAGEMENT LLC
332240,"NN INVESTMENT ADVISORY, LLC","NN INVESTMENT ADVISORY, LLC"
332247,FIDUCIARY SOLUTIONS LLC,FIDUCIARY SOLUTIONS LLC
332263,"TRACTION WEALTH MANAGEMENT, LLC","TRACTION WEALTH MANAGEMENT, LLC"
332273,ADVISORY DIALECTICS,"ADVISORY DIALECTICS, INC."
332291,"FARNEY PRIVATE WEALTH MANAGEMENT, LLC","FARNEY PRIVATE WEALTH MANAGEMENT, LLC"
332301,PODER WEALTH ADVISORS,PODER WEALTH ADVISORS LLC
332303,VITALITY WEALTH PLANNING,VITALITY WEALTH PLANNING LLC
332336,TATE CAPITAL GROUP,"TATE CAPITAL GROUP, LLC"
332369,NEW PARADIGM WEALTH ADVISORY,"NEW PARADIGM WEALTH ADVISORY, LLC"
332397,STABLEFORD CAPITAL PARTNERS,STABLEFORD CAPITAL PARTNERS LLC
332403,PATEL CAPITAL MANAGEMENT,PATEL CAPITAL MANAGEMENT LLC
332423,BABIN WEALTH MANAGEMENT,BABIN WEALTH MANAGEMENT LLC
332428,"FLAGSHIP WEALTH MANAGEMENT GROUP, LLC","FLAGSHIP WEALTH MANAGEMENT GROUP, LLC"
332430,"LEADERSHIP FINANCIAL ADVISORS, LLC","LEADERSHIP FINANCIAL ADVISORS, LLC"
332450,ALOFT FINANCIAL,ALOFT FINANCIAL LLC
332454,"JI FINANCIAL SERVICES, LLC","JI FINANCIAL SERVICES, LLC"
332457,"QUIVIRA ADVISORS, LLC","QUIVIRA ADVISORS, LLC"
332464,MOUNTAIN GOAT WEALTH MANAGEMENT LLC,MOUNTAIN GOAT WEALTH MANAGEMENT LLC
332465,TRIFLAME CAPITAL,TRIFLAME CAPITAL LLC
332472,SILICON BEACH FINANCIAL LLC,SILICON BEACH FINANCIAL LLC
332491,RUSHMORE CAPITAL PARTNERS,RUSHMORE CAPITAL PARTNERS LLC
332492,TORTOISE WEALTH MANAGEMENT,TORTOISE WEALTH MANAGEMENT LLC
332510,ANNUALITIX,"ALPHAWAVE INVESTMENTS, LLC."
332527,"EQUITY X INVESTMENTS, LLC","EQUITY X INVESTMENTS, LLC"
332553,TWO TRAILS FINANCIAL PLANNING,TWO TRAILS FINANCIAL PLANNING LLC
332564,QUANTWEALTH ADVISORS LLC,QUANTWEALTH ADVISORS LLC
332571,HAWK ADVISORY LLC,HAWK ADVISORY LLC
332576,A7 MANAGEMENT,A7 MANAGEMENT LLC
332582,"HOWLETT TAX SERVICES, INC","HOWLETT TAX SERVICES, INC"
332593,ARDENT WEALTH MANAGEMENT,ARDENT WEALTH MANAGEMENT INC.
332651,"BENARI CAPITAL, LLC","BENARI CAPITAL, LLC"
332662,SAGEWATER WEALTH MANAGEMENT LLC,SAGEWATER WEALTH MANAGEMENT LLC
332672,SIERRA HOTEL FINANCIAL LLC,SIERRA HOTEL FINANCIAL LLC
332674,SEAPOINT CAPITAL MANAGEMENT LLC,SEAPOINT CAPITAL MANAGEMENT LLC
332697,SHEPHERD INVESTMENT MANAGEMENT,SHEPHERD INVESTMENT MANAGEMENT LLC
332698,PARADISE ADVISOR GROUP LLC,PARADISE ADVISOR GROUP LLC
332717,LIFE STORY WEALTH PLANNING,LIFE STORY WEALTH PLANNING LLC
332718,JOYNER FINANCIAL PLANNING LLC,JOYNER FINANCIAL PLANNING LLC
332723,"ALTERE FINANCIAL, LLC","ALTERE FINANCIAL, LLC"
332737,"FINZ ADVISORS, LLC","FINZ ADVISORS, LLC"
332747,NORTHWOODS FINANCIAL PARTNERS LLC,NORTHWOODS FINANCIAL PARTNERS LLC
332749,AIHARA WEALTH MANAGEMENT LLC,AIHARA WEALTH MANAGEMENT LLC
332755,ASSETFUSION,"ASSETFUSION, LLC"
332761,"BEE FINANCIAL PARTNERS WEALTH, LLC","BEE FINANCIAL PARTNERS WEALTH, LLC"
332763,BAUCOM WEALTH MANAGEMENT LLC,BAUCOM WEALTH MANAGEMENT LLC
332776,THE BLACKMONT GROUP,THE BLACKMONT GROUP LLC
332779,BPW ADVISORY SERVICES LLC,BPW ADVISORY SERVICES LLC
332780,FULL FOCUS CAPITAL MANAGEMENT,CLEARWATER ENTERPRISES LLC
332785,"STUDIOI, LLC","STUDIOI, LLC"
332804,TRANQUIL ASSET MANAGEMENT LLC,TRANQUIL ASSET MANAGEMENT LLC
332809,"BRINK FINANCIAL GROUP, INC.","BRINK FINANCIAL GROUP, INC."
332816,A SMALL INVESTMENT,"A SMALL INVESTMENT, LLC"
332829,49TH PARALLEL WEALTH MANAGEMENT,"49TH PARALLEL WEALTH MANAGEMENT, LLC"
332834,"WEALTH FOR LIFE, LLC","WEALTH FOR LIFE, LLC"
332842,MANZANITA WEALTH MANAGEMENT LLC,MANZANITA WEALTH MANAGEMENT LLC
332862,THIRD WAVE CAPITAL LLC,THIRD WAVE CAPITAL LLC
332892,CASTANEDA FINANCIAL MANAGEMENT,CASTANEDA FINANCIAL MANAGEMENT LLC
332898,"RIVAL CAPITAL MANAGEMENT, LLC","RIVAL CAPITAL MANAGEMENT, LLC"
332903,GOUDA WEALTH PLANNING,"GOUDA WEALTH PLANNING, INC"
332925,LIFE STRATEGY PARTNERS,LIFE STRATEGY PARTNERS INC.
332937,NORTHERN MONARCH CAPITAL LLC,NORTHERN MONARCH CAPITAL LLC
332939,NEWHOUSE INTEGRATED FINANCIAL ADVISORS LLC,NEWHOUSE INTEGRATED FINANCIAL ADVISORS LLC
332940,MONTIS MANAGEMENT,MONTIS MANAGEMENT
332962,ANALYTICEDGE FINANCE,ANALYTICEDGE FINANCE
332974,WHOLENESS FINANCIAL,"STEVEN TOOMEY ENTERPRISES, LLC"
332975,"MERIDIAN VENTURE PARTNERS, INC","MERIDIAN VENTURE PARTNERS, INC"
332993,TL-B CAPITAL MANAGEMENT,TL-B CAPITAL MANAGEMENT LLC
333020,"SUREPATH WEALTH MANAGEMENT, LLC","SUREPATH WEALTH MANAGEMENT, LLC"
333039,TEKTON WEALTH ADVISORS,"TEKTON WEALTH ADVISORY SERVICES, LLC"
333076,ASCEND WEALTH MANAGEMENT LLC,ASCEND WEALTH MANAGEMENT LLC
333085,ATWIMA WEALTH MANAGEMENT LLC,ATWIMA WEALTH MANAGEMENT LLC
333094,WEALTH BEING ADVISORS LLC,WEALTH BEING ADVISORS LLC
333101,WORTHIQUE,WORTHIQUE LLC
333128,MARTOS WEALTH MANAGEMENT,MARTOS WEALTH MANAGEMENT LLC
333129,GLYNN CAPITAL ADVISORS,"GLYNN CAPITAL ADVISORS, LLC"
333135,PACIFIC CREST ASSET MANAGEMENT LLC,PACIFIC CREST ASSET MANAGEMENT LLC
333146,HARVESTWISE WEALTH PLANNING,HARVESTWISE WEALTH LLC
333177,"ASPEN RIDGE WEALTH MANAGEMENT, LLC","ASPEN RIDGE WEALTH MANAGEMENT, LLC"
333179,YOUR INVESTMENT ADVISOR,YOUR INVESTMENT ADVISOR LLC
333198,"21:5 ADVISORS, LLC","21:5 ADVISORS, LLC"
333200,TOOLE FINANCIAL,TOOLE FINANCIAL LLC
333216,"FAMILY FREEDOM WEALTH MANAGEMENT, LLC","FAMILY FREEDOM WEALTH MANAGEMENT, LLC"
333225,FIWHEELS,FIWHEELS LLC
333243,AFROBLOC,AFROBLOC LLC
333244,RAINEY FINANCIAL LLC,RAINEY FINANCIAL LLC
333252,CRESVITA CAPITAL,CRESVITA CAPITAL LLC
333256,BLUE MOUNTAIN WEALTH MANAGEMENT,BLUE MOUNTAIN WEALTH MANAGEMENT LLC
333264,CRESCENDO WEALTH GROUP LLC,CRESCENDO WEALTH GROUP LLC
333270,"5 TALENTS ADVISORS, INC","5 TALENTS ADVISORS, INC"
333280,"VALIANT FINANCIAL PLANNING, LLC","VALIANT FINANCIAL PLANNING, LLC"
333281,COOL WEALTH MANAGEMENT,COOL WEALTH MANAGEMENT LLC
333303,WORLD CAPITAL MANAGEMENT,WALKER CHANDRIGA
333333,TRIO ADVISORS LONGVIEW LLC,TRIO ADVISORS LONGVIEW LLC
333348,POLYMATH INVESTMENTS LLC,POLYMATH INVESTMENTS LLC
333375,EMORY WEALTH LLC,EMORY WEALTH LLC
333384,"FENGER FINANCIAL, PLLC","FENGER FINANCIAL, PLLC"
333390,CORTEZ WEALTH MANAGEMENT,"CORTEZ WEALTH MANAGEMENT, LLC"
333391,CAMRIEL ADVISORS,CAMRIEL ADVISORS LLC
333407,SANTAFINO WEALTH MANAGEMENT LLC,SANTAFINO WEALTH MANAGEMENT LLC
333411,PRIME SENTRY WEALTH MANAGEMENT LLC,PRIME SENTRY WEALTH MANAGEMENT LLC
333416,EXPONENTIAL ADVISORS LLC,EXPONENTIAL ADVISORS LLC
333431,FREEMAN WEALTH MANAGEMENT,"FREEMAN WEALTH MANAGEMENT, LLC"
333469,"ANNE CORNELIUS, CPA, P.C.","ANNE CORNELIUS, CPA, P.C."
333477,BRIGHTORANGE ADVISORS,BRIGHTORANGE ADVISORS
333505,OPP WEALTH ADVISORY LLC,OPP WEALTH ADVISORY LLC
333511,"HERRIOT FINANCIAL, LLC","HERRIOT FINANCIAL, LLC"
333517,"CORCOVADO INVESTMENT ADVISORS, LLC","CORCOVADO INVESTMENT ADVISORS, LLC"
333522,VERA WEALTH LLC,VERA WEALTH LLC
333542,POMIFER CAPITAL PARTNERS LLC,POMIFER CAPITAL PARTNERS LLC
333557,HN BUSS INVESTING,"HN BUSS INVESTING, CORPORATION"
333577,"REA INVESTMENTS, LLC","REA INVESTMENTS, LLC"
333585,UNIVERSAL WEALTH MANAGEMENT LLC,UNIVERSAL WEALTH MANAGEMENT LLC
333588,TWO PALMS FINANCIAL,TWO PALMS PLANNING LLC
333590,SANDERS RETIREMENT PLANNING LLC,SANDERS RETIREMENT PLANNING LLC
333591,"CLANTON FINANCIAL PARTNERS, LLC","CLANTON FINANCIAL PARTNERS, LLC"
333597,FACTOR FINANCIAL,FACTOR FINANCIAL LLC
333604,RAYMOND JOHN MANAGEMENT LLC,RAYMOND JOHN MANAGEMENT LLC
333631,PALO SECO WEALTH MANAGEMENT,"PALO SECO, LLC"
333652,SENDERA WEALTH ADVISORS,"SENDERA WEALTH ADVISORS, LLC"
333659,PRUDENT PROSPERITY,"PRUDENT PROSPERITY OF TEXAS, LLC"
333663,"HICKOK ADVISORY, LLC","HICKOK ADVISORY, LLC"
333678,CAPROCK WEALTH MANAGEMENT,CAPROCK WEALTH MANAGEMENT LIMITED LIABILITY COMPANY
333679,BSQUARE INVESTALYTIX LLC,BSQUARE INVESTALYTIX LLC
333709,COUILLARD CAPITAL LLC,COUILLARD CAPITAL LLC
333749,INVERSEWEALTH LLC,INVERSEWEALTH LLC
333780,SANTARA WEALTH MANAGEMENT LLC,SANTARA WEALTH MANAGEMENT LLC
333806,CHAPS LIFESTYLE LLC,CHAPS LIFESTYLE LLC
333819,LATITUDE INVESTMENT GROUP,"LATITUDE INVESTMENT GROUP, LLC"
333832,"MAROSEK, YUKA",YUKA OKAWA MAROSEK
333840,"REHOBOTH FINANCIAL PLANNING, INC.","REHOBOTH FINANCIAL PLANNING, INC."
333843,WEISBERG CAPITAL MANAGEMENT,WEISBERG CAPITAL MANAGEMENT LLC
333853,MC INVESTMENTS & ADVISORY LLC,MC INVESTMENTS & ADVISORY LLC
333855,"OXDRAWN CAPITAL, LLC","OXDRAWN CAPITAL, LLC"
333858,GLOBAL SOLUTIONS WEALTH CONSULTANTS,GLOBAL SOLUTIONS WEALTH CONSULTANTS LLC
333870,CONE WEALTH MANAGEMENT,"OKLAHOMA SENIOR PLANNING SOLUTIONS, LLC"
333883,"IN-CHRIST ASSET MANAGEMENT, LLC","IN-CHRIST ASSET MANAGEMENT, LLC"
333905,"ALIGN FINANCIAL ADVISORS, LLC","ALIGN FINANCIAL ADVISORS, LLC"
333936,NARRATIVE FINANCIAL GROUP,NARRATIVE FINANCIAL GROUP LLC
333992,SEMPER SURSUM INVESTMENTS LLC,SEMPER SURSUM INVESTMENTS LLC
334030,"PINECREST ADVISORY SERVICES, LLC","PINECREST ADVISORY SERVICES, LLC"
334038,INSPIRATION FINANCIAL PLANNING,INSPIRATION FINANCIAL PLANNING LLC
334043,DELEON WEALTH LLC,DELEON WEALTH LLC
334046,MOMENTUM WEALTH STRATEGIES,"MOMENTUM WEALTH STRATEGIES, INC."
334060,BROOKSIDE STRATEGY AND CONSULTING,BROOKSIDE STUDIOS LLC
334064,THE DEAN'S LIST,"LYULKIN, VADIM, GARRY"
334075,SIEVE CAPITAL LLC,SIEVE CAPITAL LLC
334088,"CLEARSTONE WEALTH MANAGEMENT, LLC","CLEARSTONE WEALTH MANAGEMENT, LLC"
334092,"CRESTVIEW WEALTH MANAGEMENT, LLC","CRESTVIEW WEALTH MANAGEMENT, LLC"
334095,SPENCER FINANCIAL STRATEGIES,"SPENDES1, LLC"
334096,GRINSTEAD WEALTH MANAGEMENT,"GRINSTEAD WEALTH MANAGEMENT, LLC"
334099,SONOMA MOUNTAIN FINANCIAL LLC,SONOMA MOUNTAIN FINANCIAL LLC
334119,"FOOTHILLS CAPITAL MANAGEMENT, LLC","FOOTHILLS CAPITAL MANAGEMENT, LLC"
334177,VERTEX INVESTMENTS GROUP,VERTEX INVESTMENTS GROUP LLC.
334180,GREYFOX INVESTORS LLC,GREYFOX INVESTORS LLC
334200,"ELION FINANCIAL, LLC","ELION FINANCIAL, LLC"
334207,SANTA CRUZ FINANCIAL,SANTA CRUZ FINANCIAL
334209,"JOLLEY WEALTH MANAGEMENT, LLC","JOLLEY WEALTH MANAGEMENT, LLC"
334224,PARKWOOD CAPITAL MANAGEMENT LLC,PARKWOOD CAPITAL MANAGEMENT LLC
334226,TPW FINANCE LLC,TPW FINANCE LLC
334229,ROBINSON WEALTH AND FINANCIAL PLANNING,ROBINSON WEALTH AND FINANCIAL PLANNING LLC
334235,AI INVESTOR 360,AI INVESTOR360 LLC
334246,ATLAS FINANCIAL LLC,ATLAS FINANCIAL LLC
334259,EMPATH WEALTH,EMPATH WEALTH LLC
334262,PROFLEX FINANCE,PROFLEX FINANCE LLC
334273,KIEPE WEALTH MANAGEMENT,KIEPE LLC
334283,KATE CAPITAL GROUP,KATE CAPITAL GROUP LLC
334284,EARLS FINANCIAL,EARLS FINANCIAL LLC
334306,PHASE CHANGE WEALTH MANAGEMENT LLC,PHASE CHANGE WEALTH MANAGEMENT LLC
334313,A5 FINANCIAL LLC,A5 FINANCIAL LLC
334335,MIDAS CAPITAL MANAGEMENT,MIDAS CAPITAL MANAGEMENT
334342,HILLTOP PLANNING,HILLTOP PLANNING LLC
334359,EQUANIMITY WEALTH,EQUANIMITY WEALTH LLC
334369,FALLBROOK FI,FALLBROOK FI LLC
334371,PRO CAPITAL LLC,PRO CAPITAL LLC
334394,MEXUS WEALTH MANAGEMENT,MEXUS ADVISORY L.L.C.
334412,"DAUNTLESS ADVISORY, LLC","DAUNTLESS ADVISORY, LLC"
334427,"API CAPITAL, LLC","API CAPITAL, LLC"
334428,KWM PARTNERS LLC,KWM PARTNERS LLC
334445,IRON FORGE FINANCIAL,IRON FORGE FINANCIAL LLC
334451,CIRCADIA FINANCIAL PLANNING,CIRCADIA FINANCIAL PLANNING LLC
334463,ECKEL FINANCIAL ADVISORS,ECKEL FINANCIAL ADVISORS
334503,FINANCIAL EXCAVATION,"FINANCIAL EXCAVATION, LLC"
334515,CUSTOM WEALTH SOLUTIONS,"KAREN LEA PONG, SOLE PROPRIETOR"
334519,EVERYPLAN FINANCIAL,EVERYPLAN FINANCIAL LLC
334520,HALL FINANCIAL WELLNESS,HALL FINANCIAL WELLNESS LLC
334532,24ACRES,"24ACRES WEALTH, LLC"
334537,WEIMER FINANCIAL ADVISORS LLC,WEIMER FINANCIAL ADVISORS LLC
334544,THOMAS INVESTMENT ADVISORS LLC,THOMAS INVESTMENT ADVISORS LLC
334572,RETIREMENT PLANNING PARTNER LLC,RETIREMENT PLANNING PARTNER LLC
334599,SOMAN ADVISORS LLC,SOMAN ADVISORS LLC
334602,BALAI LAGAI WEALTH MANAGEMENT,BALAI LAGAI WEALTH MANAGEMENT LLC
334608,PLUMB FINANCIAL,PLUMB FINANCIAL LLC
334609,ASTRA WEALTH MANAGEMENT LLC,ASTRA WEALTH MANAGEMENT LLC
334610,AJAY AGRAWAL,"AGRAWAL, AJAY"
334626,"A & L PERSONAL BUSINESS MANAGEMENT, LLC","A & L PERSONAL BUSINESS MANAGEMENT, LLC"
334658,BROOKSIDE CAPITAL GROUP LLC,BROOKSIDE CAPITAL GROUP LLC
334665,HOLLAND STRATEGIC WEALTH ADVISORS LLC,HOLLAND STRATEGIC WEALTH ADVISORS LLC
334667,MINDFUL MILLIONS MANAGEMENT PLLC,MINDFUL MILLIONS MANAGEMENT PLLC
334679,"PALUMBO CAPITAL GROUP, LLC","PALUMBO CAPITAL GROUP, LLC"
334680,"KISHER CAPITAL, LLC","KISHER CAPITAL, LLC"
334704,MERIDIAN PASSAGE,"MERIDIAN PASSAGE, LLC"
334714,"ISMAIL, MUSTAFA","ISMAIL, MUSTAFA KHALID"
334716,SOUTHFORK INVESTMENT MANAGEMENT,SOUTHFORK INVESTMENT MANAGEMENT LLC
334718,CASITA FINANCIAL PLANNING,CASITA FINANCIAL PLANNING LLC
334719,NORMALTOWN FINANCIAL LLC,NORMALTOWN FINANCIAL LLC
334738,OVERLAND ADVISORS,OVERLAND ADVISORS CORPORATION
334740,"ROSE WEALTH, LLC","ROSE WEALTH, LLC"
334749,"STRATIA WEALTH MANAGEMENT, LLC","STRATIA WEALTH MANAGEMENT, LLC"
334753,"OAK SUMMIT WEALTH MANAGEMENT, INC.","OAK SUMMIT WEALTH MANAGEMENT, INC."
334762,"JFD CAPITAL, LLC","JFD CAPITAL, LLC"
334805,AP INVESTMENT MANAGEMENT,AP-FINANCIAL LLC
334807,BELAY FINANCE,"BELAY FINANCE, LLC"
334809,WEALTHETIC LLC,WEALTHETIC LLC
334822,"AM WEALTH SOLUTIONS, LLC","AM WEALTH SOLUTIONS, LLC"
334836,DUNES FINANCIAL,DUNES FINANCIAL LLC
334855,JOURNEY ASSET MANAGEMENT LLC,JOURNEY ASSET MANAGEMENT LLC
334862,"THELINKU RIA, LLC","THELINKU RIA, LLC"
334865,"PRAESTANTIA CAPITAL, LLC","PRAESTANTIA CAPITAL, LLC"
334873,"LIGHTCAP FINANCIAL GROUP, LLC","LIGHTCAP FINANCIAL GROUP, LLC"
334880,BRAYPARK WEALTH MANAGEMENT,BRAYPARK WEALTH MANAGEMENT
334888,AXON CAPITAL MANAGEMENT,AXON CAPITAL MANAGEMENT LLC
334893,"ACEEDA WEALTH MANAGEMENT, INC.","ACEEDA WEALTH MANAGEMENT, INC."
334915,FEMPIRE MINDSET LLC,FEMPIRE MINDSET LLC
334951,BIXY WEALTH LLC,BIXY WEALTH LLC
334957,"SMARTCOURSE ADVISORY, LLC","SMARTCOURSE ADVISORY, LLC"
334968,EXPONENT WEALTH LLC,EXPONENT WEALTH LLC
334987,FPF WEALTH LLC,FPF WEALTH LLC
334988,IRIDESCENT CAPITAL MANAGEMENT,IRIDESCENT CAPITAL MANAGEMENT LLC
335023,WONDERLAND FINANCIAL PLANNING,"WONDERLAND FINANCIAL PLANNING, LLC"
335034,"FOOTHILLS WEALTH MANAGEMENT, LLC","FOOTHILLS WEALTH MANAGEMENT, LLC"
335053,DORNICK WEALTH MANAGEMENT,DORNICK WEALTH MANAGEMENT LLC
335058,VEDANTA SENTINEL INVESTMENT ADVISORS,"VEDANTA SENTINEL INVESTMENT ADVISORS, LLC"
335076,RUN FREE CAPITAL LLC,RUN FREE CAPITAL LLC
335087,KENOBI WEALTH,KENOBI WEALTH LLC
335105,"FINANCIAL ESSENTIALS 4 LIFE, INC.","FINANCIAL ESSENTIALS 4 LIFE, INC."
335111,HALAL ALPHA,HALAL ALPHA INC.
335113,BANCROFT BOOTH CAPITAL ADVISORS,JOHN WINSTON BOOTH
335123,FLIPWITHLOU&KIP LLC,FLIPWITHLOU&KIP LLC
335136,"MENDE FINANCIAL COUNCIL, INC.","MENDE FINANCIAL COUNCIL, INC."
335137,"DUAL DESERT WEALTH MANAGEMENT, LLC","DUAL DESERT WEALTH MANAGEMENT, LLC"
335138,VIRIDIAN WAY LLC,VIRIDIAN WAY LLC
335162,WALLA WALLA WEALTH ADVISORS,"WALLA WALLA WEALTH ADVISORS, LLC"
335226,DESAI WEALTH LLC,DESAI WEALTH LLC
335228,FIVE KEYS PRIVATE ADVISORS LLC,FIVE KEYS PRIVATE ADVISORS LLC
335232,RO2 WEALTH,RO2 WEALTH LLC
335241,APIIS WEALTH MANAGEMENT CORP.,APIIS WEALTH MANAGEMENT CORP.
335249,TAYLOR WILLIAMS PRIVATE WEALTH MANAGEMENT LLC,TAYLOR WILLIAMS PRIVATE WEALTH MANAGEMENT LLC
335260,XWEALTH,XWEALTH LLC
335261,NORTHSHORE WEALTH MANAGEMENT,"CLARK, ALYSE, LEIGH"
335271,395 FINANCIAL PLANNING,395 FINANCIAL PLANNING LLC
335277,"LINDY WEALTH, LLC","LINDY WEALTH, LLC"
335293,TOPRAC FINANCIAL LLC,TOPRAC FINANCIAL LLC
335296,PATELS AND COMPANY CAPITAL,"PATEL, STEPHEN RASIK"
335299,OUTLIVE FINANCIAL PLANNING LLC,OUTLIVE FINANCIAL PLANNING LLC
335323,NORTHERN STAR GENERATIONAL WEALTH,NORTHERN STAR GENERATIONAL WEALTH
335416,"SAGE WEALTH SOLUTIONS, LLC","SAGE WEALTH SOLUTIONS, LLC"
335433,6|21 PRIVATE WEALTH,"6|21 PRIVATE WEALTH, LLC"
335442,EXETER INVESTMENT MANAGEMENT,EXETER INVESTMENT MANAGEMENT LLC
335449,WESCAL WEALTH LLC,WESCAL WEALTH LLC
335465,STRAVIDA WEALTH LLC,STRAVIDA WEALTH LLC
335469,ENOUGHFP LLC,ENOUGHFP LLC
335477,JMCMAHAN LLC,JMCMAHAN LLC
335502,GIBRALTAR FINANCIAL ADVISORS,"DYSART, JESSE"
335503,GOMEZ FINANCIAL PLANNING,"GOMEZ, VICTORIA DEVIN"
335534,"NERGARD WEALTH MANAGEMENT, LLC","NERGARD WEALTH MANAGEMENT, LLC"
335543,ROOK FINANCIAL LLC,ROOK FINANCIAL LLC
335544,STERLING CAPITAL ADVISORS,"STERLING CAPITAL ADVISORS, LLC"
335547,MAHOGANY FINANCIAL STRATEGIES LLC,MAHOGANY FINANCIAL STRATEGIES LLC
335596,SO LLC,"SILVER OAK, LLC"
335615,DIWY FINANCIAL PLANNING,DIWY LLC
335646,HOFFMAN WEALTH ADVISORS,HOFFMAN WEALTH ADVISORS LLC
335661,RIDGE FALLS FINANCIAL PLANNING,"RIDGE FALLS FINANCIAL PLANNING, LLC"
335676,PK WEALTH ADVISORS,"PK WEALTH ADVISORS, LLC"
335699,WJ CONSULTING LLC,WJ CONSULTING LLC
335715,"KAUZER CAPITAL MANAGEMENT, LLC","KAUZER CAPITAL MANAGEMENT, LLC"
335718,CIRCUIT WEALTH LLC,CIRCUIT WEALTH LLC
335725,OAKRIDGE FINANCIAL PLANNING LLC,OAKRIDGE FINANCIAL PLANNING LLC
335731,LOAM ADVISORY,LOAM ADVISORY LLC
335741,"THREE SHEEP WEALTH MANAGEMENT, LLC","THREE SHEEP WEALTH MANAGEMENT, LLC"
335758,"72CAPITAL, LLC","72CAPITAL, LLC"
335766,"KCONNALLY STRATEGIES, LLC","KCONNALLY STRATEGIES, LLC"
335788,HIGH FLIGHT FINANCIAL LLC,HIGH FLIGHT FINANCIAL LLC
335789,STREAMLINE ADVISORY,STREAMLINE ADVISORY LLC
335811,WALKER LEGACY INVESTMENTS,WALKER LEGACY INVESTMENTS LLC
335823,ORION FINANCIAL GROUP,FLINT AND FLETCHING LLC
335828,VESICA WEALTH ACQUISITION,MILLENNIAL INVESTORS LTD. CO.
335837,LYON WEALTH ADVISORY LLC,LYON WEALTH ADVISORY LLC
335931,JOURNEY EQUITY WEALTH MANAGEMENT LLC,JOURNEY EQUITY WEALTH MANAGEMENT LLC
335988,TEXAS ASSURED FINANCIAL PLANNING LLC,TEXAS ASSURED FINANCIAL PLANNING LLC
336015,MMM CAPITAL VENTURES,MMM CAPITAL VENTURES LLC
336030,BRAVE NEW WEALTH,"BRAVE NEW WEALTH, LLC"
336097,FREEDOM WEALTH MANAGEMENT LLC,FREEDOM WEALTH MANAGEMENT LLC
336109,THE WEALTH EXPEDITION,"LANCITY ENTERPRISES, LLC"
336114,KNODE WEALTH MANAGEMENT LLC,KNODE WEALTH MANAGEMENT LLC
336140,PHILADELPHUS CAPITAL,PJ9K ADIVISORS LLC
336150,TRADESPRO LLC,TRADESPRO LLC
336166,CHARLES MCLEAN CAPITAL MANAGEMENT,"CHARLES MCLEAN CAPITAL MANAGEMENT, LLC"
336167,SIGHTLINE WEALTH,SIGHTLINE WEALTH LLC
336212,"ALTERNATIVE INVESTMENT ADVISORS, LLC","ALTERNATIVE INVESTMENT ADVISORS, LLC"
336221,CALISI WEALTH MANAGEMENT,CALISI WEALTH MANAGEMENT LLC
336225,DONCASTER WEALTH LLC,DONCASTER WEALTH LLC
336230,"FARMERS ASSET MANAGEMENT, LLC","FARMERS ASSET MANAGEMENT, LLC"
336249,WEHLING INVESTMENT MANAGEMENT,"WEHLING INVESTMENT MANAGEMENT, LLC"
336260,EAGLE GUARDIAN ADVISORS,EAGLE GUARDIAN ADVISORS LLC
336302,"PROSPERITY PLANNING AND ADVISORY, LLC","PROSPERITY PLANNING AND ADVISORY, LLC"
336306,TULIP FINANCIAL PLANNING LLC,TULIP FINANCIAL PLANNING LLC
336319,STONEBRIDGE WEALTH MANAGEMENT LLC,STONEBRIDGE WEALTH MANAGEMENT LLC
336335,COATS WEALTH MANAGEMENT,COATS WEALTH MANAGEMENT LLC
336344,COUNT YOUR BEANS FINANCIAL PLANNING LLC,COUNT YOUR BEANS FINANCIAL PLANNING LLC
336386,BLUEGRASS LEGACY PLANNING,"BLUEGRASS LEGACY PLANNING, LLC"
336395,"TRUSTED PATH WEALTH MANAGEMENT, LLC","TRUSTED PATH WEALTH MANAGEMENT, LLC"
336409,FSO WEALTH,GLOBAL FIDUCIARY PARTNERS LLC
336440,BLUEPRISM WEALTH MANAGEMENT LLC,BLUEPRISM WEALTH MANAGEMENT LLC
336450,"HONOR WEALTH MANAGEMENT, LLC","HONOR WEALTH MANAGEMENT, LLC"
336457,SAN FRANCISCO ASSET SOLUTIONS,SAN FRANCISCO ASSET SOLUTIONS LLC
336468,"TRADE THERAPY, LLC","TRADE THERAPY, LLC"
336470,FOLSE FINANCIAL,"FOLSE FINANCIAL, LLC"
336503,FOX WEALTH STRATEGIES,FOX PROFESSIONAL SOLUTIONS LLC
336511,"PATHWAY FINANCIAL ADVISORY, LLC","PATHWAY FINANCIAL ADVISORY, LLC"
336522,WAYPOINT WEST,"WAYPOINT WEST, LLC"
336527,NAAI INVESTMENT MANAGEMENT LLC,NAAI INVESTMENT MANAGEMENT LLC
336530,"ACUMAIN CAPITAL, LLC","ACUMAIN CAPITAL, LLC"
336538,PILLAR POINT WEALTH MANAGEMENT LLC,PILLAR POINT WEALTH MANAGEMENT LLC
336548,FINANCIAL GROWTH MANAGEMENT INC.,FINANCIAL GROWTH MANAGEMENT INC.
336562,"ALLORA WEALTH, LLC","ALLORA WEALTH, LLC"
336569,"ZEALTH PLANNING, LLC","ZEALTH PLANNING, LLC"
336570,AALEXANDER LLC,AALEXANDER LLC
336574,SUSTAINABLE WEALTH ADVISORY GROUP,SUSTAINABLE WEALTH ADVISORY GROUP LLC
336614,RIDGEBACK FINANCIAL LLC,RIDGEBACK FINANCIAL LLC
336633,ELEVATED WEALTH STRATEGIES LLC,ELEVATED WEALTH STRATEGIES LLC
336634,"ADVISING FOR LIFE, LLC","ADVISING FOR LIFE, LLC"
336656,EEDARA FINANCIALS,EEDARA FINANCIALS LLC
336670,FIDUCIARY PLANNERS,"DILIBERTO, ANTHONY J"
336715,"HUNTER VIP INVESTMENTS, LLC","HUNTER VIP INVESTMENTS, LLC"
336729,RAYNMAKER FINANCIAL,RAYNMAKER FINANCIAL
336764,RUBRIC ADVISORS LLC,RUBRIC ADVISORS LLC
336797,"ERK WEALTH ADVISORS, LLC","ERK WEALTH ADVISORS, LLC"
336802,PROCESS WEALTH LLC,PROCESS WEALTH LLC
336805,STRUCTURED FINANCE LLC,STRUCTURED FINANCE LLC
336807,FLECK JURENKA WEALTH MANAGEMENT LLC,FLECK JURENKA WEALTH MANAGEMENT LLC
336808,GAELIN LLC,GAELIN LLC
336816,B&E FINANCIAL SERVICES,"B&E FINANCIAL, LLC"
336818,AURI,"AURI HOLDINGS, INC."
336819,SYNERGY WEALTH MANAGEMENT,SYNERGY WEALTH MANAGEMENT LLC
336847,NEXUS STRATEGIC WEALTH,"NEXUS STRATEGIC WEALTH, LLC"
336848,TRIPLE PINE WEALTH MANAGEMENT LLC,TRIPLE PINE WEALTH MANAGEMENT LLC
336849,LIVINGSTON WEALTH ADVISORY,LIVINGSTON WEALTH ADVISORY LLC
336852,INTEG FINANCIAL INVESTMENT ADVISORY LLC,INTEG FINANCIAL INVESTMENT ADVISORY LLC
337228,CHADWICK FINANCIAL,"THE CHAD GOLSETH AGENCY, INC"
337261,FAIRWAY PLANNING,FAIRWAY FINANCIAL PLANNING LLC
337281,"JONES WEALTH ADVISORS, LLC","JONES WEALTH ADVISORS, LLC"
337292,"BROKEN INVESTING, LLC","BROKEN INVESTING, LLC"
337314,DEAJ INSURANCE AND INVESTMENTS CONSULTING,"JAVIER, DOMINIC HILARIO, ESPIRITU"
337319,BACK NINE FINANCIAL COACHING LLC,BACK NINE FINANCIAL COACHING LLC
337332,UNCAGED IMPACT,"UNCAGED IMPACT, LLC"
337375,SHE WEALTH ADVISORS LLC,"SHE WEALTH ADVISORS, LLC"
337378,OFF-TRAIL WORKS LLC,OFF-TRAIL WORKS LLC
337395,"ANGEL LEGACY ADVISORS, LLC","ANGEL LEGACY ADVISORS, LLC"
337405,"LEGACY WEALTH, INC.","LEGACY WEALTH, INC."
337425,"FORUM PRIVATE WEALTH, LLC","FORUM PRIVATE WEALTH, LLC"
337437,ANORA WEALTH,"ANORA WEALTH, LLC"
337446,ASCENSION ADVISORS,"ASCENSION ADVISORS ARIZONA, LLC"
337453,REFINED WEALTH,REFINED WEALTH LLC
337472,WEALTHX ADVISORS,WEALTHX ADVISORS LLC
337477,SAMJU CAPITAL LLC,SAMJU CAPITAL LLC
337503,"ONPOINT FINANCIAL ADVICE, LLC","ONPOINT FINANCIAL ADVICE, LLC"
337507,WOLFE SIGNAL CAPITAL LLC,WOLFE SIGNAL CAPITAL LLC
337518,WEALTHWISE ASSET MANAGEMENT LLC,WEALTHWISE ASSET MANAGEMENT LLC
337528,DIVERGENT PATH CAPITAL MANAGEMENT,DIVERGENT PATH CAPITAL MANAGEMENT LLC
337539,ALONGSIDE FINANCIAL PARTNERS,"ALONGSIDE FINANCIAL PARTNERS, LLC"
337542,"ALLEN FINANCIAL ADVISEMENT, INC.","ALLEN FINANCIAL ADVISEMENT, INC."
337545,ALTA STRADA WEALTH MANAGEMENT,"ALTA STRADA WEALTH PARTNERS, LLC"
337549,TENNEXT LLC,TENNEXT LLC
337564,"HIGHMARK, LLC","HIGHMARK, LLC"
337578,"GOTMAN-MATUSOVSKAYA, JULIE EVGENIEVNA","GOTMAN-MATUSOVSKAYA, JULIE EVGENIEVNA"
337609,BAKER GALLO,BAKER GALLO PLLC
337627,INVANTAGE CAPITAL LLC,INVANTAGE CAPITAL LLC
337630,THIRD STANZA GROUP,THIRD STANZA GROUP LLC
337636,CAPITAL ADULTING LLC,CAPITAL ADULTING LLC
337649,CLEARPOINT WEALTH MANAGEMENT,"CLEARPOINT WEALTH MANAGEMENT, LLC"
337662,WISMAR FINANCIAL,BAKER AND BAKER FINANCIAL LLC
337683,NEXT GEN FINANCIAL PLANNING,"NEXT GEN FINANCIAL PLANNING, LLC"
337706,TRG FINANCIAL,BREION LASHAY ROLLINS
337742,B365INVEST,B365INVEST LLC
337744,BLSH WEALTH MANAGEMENT,BLSH WEALTH MANAGEMENT LLC
337745,JW HALL FINANCIAL LLC,JW HALL FINANCIAL LLC
337793,"GREENLIGHT FINANCIAL PLANNING, LLC","GREENLIGHT FINANCIAL PLANNING, LLC"
337806,BANYAN LAKE CAPITAL LLC,BANYAN LAKE CAPITAL LLC
337811,RIDLEY WEALTH MANAGEMENT,RIDLEY WEALTH MANAGEMENT LLC
337831,CLEARWATER WEALTH MANAGEMENT,CLEARWATER WEALTH MANAGEMENT LLC
337862,"ELEVATE INVESTMENT MANAGEMENT, LLC","ELEVATE INVESTMENT MANAGEMENT, LLC"
337865,YUKA CORP,YUKA CORP
337890,KANAN ADVISORS,"KANAN ADVISORS, LLC"
337908,MARAVI CAPITAL MANAGEMENT,"MARAVI CAPITAL MANAGEMENT, LLC"
337918,"BODDINGTON CAPITAL, LLC","BODDINGTON CAPITAL, LLC"
337930,GOLDEN ACRE WEALTH MANAGEMENT,GOLDEN ACRE LLC
337935,ARCHSTONE CAPITAL ADVISORS,ARCHSTONE CAPITAL ADVISORS LLC
337951,AURE ADVISORS LLC,AURE ADVISORS LLC
337978,"THERAWEALTH, LLC","THERAWEALTH, LLC"
337989,"NEVADA RETIREMENT PLANNERS, LLC","NEVADA RETIREMENT PLANNERS, LLC"
338005,WHITE SANDS FAMILY OFFICE LLC,WHITE SANDS FAMILY OFFICE LLC
338008,STYRA WEALTH MANAGEMENT,STYRA WEALTH MANAGEMENT LLC
338031,DEVENS WEALTH MANAGEMENT,DEVENS WEALTH MANAGEMENT LLC
338047,"DOMINION FINANCIAL ADVISORS, LLC","DOMINION FINANCIAL ADVISORS, LLC"
338053,"ENVEST ADVISORS, LLC","ENVEST ADVISORS, LLC"
338070,SPENDITRIGHT LLC,SPENDITRIGHT LLC
338071,ARIZONA WEALTH STRATEGIES LLC,ARIZONA WEALTH STRATEGIES LLC
338145,SAGE ADVICE FINANCIAL LLC,SAGE ADVICE FINANCIAL LLC
338179,"MELO OUT FINANCIAL, LLC","MELO OUT FINANCIAL, LLC"
338220,WIN PRIVATE WEALTH,"WIN PRIVATE WEALTH, LLC"
338264,CLEARVIEW PRIVATE WEALTH,CLEARVIEW PRIVATE WEALTH LLC
338278,MENDLSTEIN CAPITAL HOLDINGS LLC,MENDLSTEIN CAPITAL HOLDINGS LLC
338281,FIDUCIA WEALTH MANAGEMENT,FIDUCIA WEALTH MANAGEMENT LLC
338296,WG PLAN LLC,WG PLAN LLC
338319,ONE LIFE ADVISORY,"ONE LIFE ADVISORY, LLC"
338336,SIMPLIFIEDFP,"SIMPLIFIEDFP, LLC"
338356,MAKARIOS INVESTMENTS INC,MAKARIOS INVESTMENTS INC
338392,PACIFIC POINT WEALTH MANAGEMENT,"PACIFIC POINT WEALTH MANAGEMENT, LLC"
338402,SISU CAPITAL MANAGEMENT LLC,SISU CAPITAL MANAGEMENT LLC
338405,ELEVATE WEALTH LLC,ELEVATE WEALTH LLC
338413,RECALIBRATING WEALTH,RECALIBRATING WEALTH LLC
338417,"PRENEED ADVISORY, LLC","PRENEED ADVISORY, LLC"
338421,LAKEMONT WEALTH,LAKEMONT WEALTH MANAGEMENT LLC
338457,CASTELLANO WEALTH PLANNING,CASTELLANO WEALTH LLC
338462,PENMAR WEALTH MANAGEMENT LLC,PENMAR WEALTH MANAGEMENT LLC
338463,"LILAC WEALTH, LLC","LILAC WEALTH, LLC"
338474,MORRIS WEALTH MANAGEMENT,"GLENN MORRIS, INC."
338475,"KINGSLEY WEALTH PARTNERS, INC.","KINGSLEY WEALTH PARTNERS, INC."
338515,BRIGHT WOMEN FINANCIAL,BRIGHT WOMEN FINANCIAL LLC
338552,FINCRAFTERS ADVISORY LLC,FINCRAFTERS ADVISORY LLC
338553,LGBTQ WEALTH PLANNING LLC,LGBTQ WEALTH PLANNING LLC
338561,"JARIWALA FINANCIAL WELLNESS, LLC","JARIWALA FINANCIAL WELLNESS, LLC"
338567,"ASCENSION LEGACY PARTNERS, INC.","ASCENSION LEGACY PARTNERS, INC."
338591,DALLAS FINANCIAL PLANNING LLC,DALLAS FINANCIAL PLANNING LLC
338596,VESSEL FINANCIAL PLANNING LLC,VESSEL FINANCIAL PLANNING LLC
338599,"RTB WEALTH ADVISORS, LLC","RTB WEALTH ADVISORS, LLC"
338600,SIGHTLINE CAPITAL LLC,SIGHTLINE CAPITAL LLC
338605,SILVERSTONE PRIVATE WEALTH,SILVERSTONE PRIVATE WEALTH LLC
338629,SCOUT WEALTH ADVISORS LLC,SCOUT WEALTH ADVISORS LLC
338635,CONCEPTUM STRATEGIES,CONCEPTUM STRATEGIES LLC
338636,BENDER MONEY LLC,BENDER MONEY LLC
338642,SOMOS FINANCIAL PARTNERS LLC,SOMOS FINANCIAL PARTNERS LLC
338683,NOOR FINANCIAL SERVICES,NOOR FINANCIAL SERVICES LLC
338691,BLUE HORIZON INVESTMENTS LLC,BLUE HORIZON INVESTMENTS LLC
338696,ROBIN LEE WEALTH MANAGEMENT,ROBIN LEE INVESTMENT INC.
338709,FOUR PINES FINANCIAL,FOUR PINES FINANCIAL LLC
338710,SEVENWEALTH LLC,SEVENWEALTH LLC
338724,"BRIGHTWORK WEALTH MANAGEMENT, LLC","BRIGHTWORK WEALTH MANAGEMENT, LLC"
338731,BEACON LIGHT WEALTH MANAGEMENT,BEACON LIGHT WEALTH MANAGEMENT LLC
338735,TWENTY-FIVE CAPITAL PARTNERS,"TWENTY-FIVE CAPITAL PARTNERS, LLC"
338744,PROPULSION CAPITAL MANAGEMENT LLC,PROPULSION CAPITAL MANAGEMENT LLC
338746,MAR FINANCIAL,MAR FINANCIAL GROUP LLC
338749,ZAPA INVESTING LLC,ZAPA INVESTING LLC
338782,PEZZI WEALTH MANAGEMENT LLC,PEZZI WEALTH MANAGEMENT LLC
338783,"J. OLIVER MAXWELL, LLC","J. OLIVER MAXWELL, LLC"
338795,MOLINAR & CO FINANCIAL ADVOCATES,MOLINAR & CO FINANCIAL ADVOCATES
338805,COMMONWEALTH FAMILY OFFICE,"COMMONWEALTH FAMILY OFFICE, LLC"
338818,CREST WEALTH MANAGEMENT LLC,CREST WEALTH MANAGEMENT LLC
338820,"EQUALIENT, LLC","EQUALIENT, LLC"
338840,CLARITY WEALTH PARTNERS,"CLARITY WEALTH PARTNERS, LLC"
338849,"ALT ALPHA CAPITAL, LLC","ALT ALPHA CAPITAL, LLC"
338855,"NOBLEHOUSE FAMILY OFFICE, LLC","NOBLEHOUSE FAMILY OFFICE, LLC"
338890,SR99ADVISORS,MATTHEW CLARKE FEE
338930,"CRADLE TO COLLEGE FINANCIAL, LLC","CRADLE TO COLLEGE FINANCIAL, LLC"
338951,"BORA CAPITAL, LLC","BORA CAPITAL, LLC"
338952,"POWERHOUSE FINANCIAL ADVISORS, INC.","POWERHOUSE FINANCIAL ADVISORS, INC."
338961,"SPELTS WEALTH MANAGEMENT, INC.","SPELTS WEALTH MANAGEMENT, INC."
338966,RABBITPLANS,RABBITPLANS LLC
338971,LAMBDA WEALTH MANAGEMENT LLC,LAMBDA WEALTH MANAGEMENT LLC
338991,ROONEY WEALTH MANAGEMENT,ROONEY WEALTH MANAGEMENT LLC
338997,"AGENTECH EQUITIES, LLC","AGENTECH EQUITIES, LLC"
339003,REAP ASSET MANAGEMENT LLC,REAP ASSET MANAGEMENT LLC
339006,FIDUCIARY WEALTH PARTNERS,"FISCHER, BLAKE EDWARD"
339012,"OAK BAY FINANCIAL, LLC","OAK BAY FINANCIAL, LLC"
339034,DUVALL WEALTH MANAGEMENT LLC,DUVALL WEALTH MANAGEMENT LLC
339037,ABUNDANCE PATHWAYS,ABUNDANCE PATHWAYS LLC
339053,LOTUS OAK CAPITAL INSTITUTE,LOTUS OAK CAPITAL INSTITUTE
339056,"THREE-SIXTY WEALTH MANAGEMENT, LLC.","THREE-SIXTY WEALTH MANAGEMENT, LLC."
339071,"BARD INVESTMENT GROUP, LLC","BARD INVESTMENT GROUP, LLC"
339081,EVERLEAP FINANCIAL PLANNING,ZESTFUL FINANCIAL PLANNING LLC
339084,STF ADVISORY INC,STF ADVISORY INC
339100,"ASTUTE CONSULTING, LLC","ASTUTE CONSULTING, LLC"
339110,LEGES WEALTH MANAGEMENT LLC,LEGES WEALTH MANAGEMENT LLC
339114,AYURASSET LLC,AYURASSET LLC
339118,WHISPER WEALTH ADVISORS LLC,WHISPER WEALTH ADVISORS LLC
339128,IRONWOOD INVESTMENT GROUP LLC,IRONWOOD INVESTMENT GROUP LLC
339132,LANKFORD CAPITAL MANAGEMENT LLC,LANKFORD CAPITAL MANAGEMENT LLC
339140,VESTTED WEALTH ADVISORS,"VESTTED, LLC."
339155,BRIGHTGUIDE FINANCIAL,"BRIGHTGUIDE INVESTMENT ADVISORS, LLC"
339194,HYVORIAN FINANCIAL,HYVORIAN FINANCIAL LLC
339208,ARUSHA WEALTH LIMITED LIABILITY COMPANY,ARUSHA WEALTH LIMITED LIABILITY COMPANY
339213,"CHENG, JEN I","CHENG, JEN I"
339217,AVORA WEALTH LLC,AVORA WEALTH LLC
339237,360 WEALTH CREATION,VWA LLC
339239,NEXT PLAY WEALTH,"NEXT PLAY WEALTH, LLC"
339242,PARKSIDE FAMILY OFFICE LLC,PARKSIDE FAMILY OFFICE LLC
339262,POTENTIA WEALTH ADVISORS LLC,POTENTIA WEALTH ADVISORS LLC
339284,"WORTH WEALTH ADVISORS, LLC","WORTH WEALTH ADVISORS, LLC"
339306,HARPER WEALTH MANAGEMENT LLC,HARPER WEALTH MANAGEMENT LLC
339307,STRONG FOUNDATION WEALTH MANAGEMENT LLC,STRONG FOUNDATION WEALTH MANAGEMENT LLC
339323,DARROW WEALTH GROUP,DARROW WEALTH GROUP LLC
339325,"KOLB WEALTH MANAGEMENT, LLC","KOLB WEALTH MANAGEMENT, LLC"
339333,RIVERWEST FINANCIAL LLC,RIVERWEST FINANCIAL LLC
339339,PHIL ADVISORS LLC,PHIL ADVISORS LLC
339344,WEALTH AND PLAN,WEALTH AND PLAN LLC
339346,"DEFINITIVE ADVISOR GROUP, LLC.","DEFINITIVE ADVISOR GROUP, LLC."
339353,PEACH WEALTH MANAGEMENT,"PEACH WEALTH MANAGEMENT, LLC"
339355,"ARCADIAN ASSOCIATES, LLC","ARCADIAN ASSOCIATES, LLC"
339372,584 NORTH LLC,584 NORTH LLC
339410,TIVERTON WEALTH,"TIVERTON WEALTH, LLC"
339415,"SOUTHERN CAPITAL PARTNERS, LLC","SOUTHERN CAPITAL PARTNERS, LLC"
339420,BAY AREA WEALTH ADVISORS,"HARTHCOCK, ANDREW DAVID"
339424,"OLD BEACH INVESTMENT ADVISORS, LLC","OLD BEACH INVESTMENT ADVISORS, LLC"
339429,WEALTHMAP PLANNING,"WEALTHMAP PLANNING, PROFESSIONAL CORPORATION"
339432,JAIN WEALTHONOMICS,"JAIN WEALTHONOMICS, LLC"
339464,VIRESCENT FINANCIAL LLC,VIRESCENT FINANCIAL LLC
339474,NATIONAL RETIREMENT INSTITUTE,"NATIONAL RETIREMENT INSTITUTE, LLC"
339488,JGL ADVISORY LLC,JGL ADVISORY LLC
339501,"HELIOS FINANCIAL SERVICES, LLC","HELIOS FINANCIAL SERVICES, LLC"
339515,CLASSICCPA,CLASSIC CAPITAL PLANNING ADVISORS
339527,READ FINANCIAL SERVICES LLC,READ FINANCIAL SERVICES LLC
339554,"CRYSTAL OAK WEALTH MANAGEMENT, LLC","CRYSTAL OAK WEALTH MANAGEMENT, LLC"
339557,"CAMPBELL WEALTH PARTNERS, LLC","CAMPBELL WEALTH PARTNERS, LLC"
339582,"HICOK FINANCIAL SOLUTIONS, LLC","HICOK FINANCIAL SOLUTIONS, LLC"
339602,LAKELINE FINANCIAL,LAKELINE FINANCIAL LLC
339644,KINDRED PEAK WEALTH MANAGEMENT LLC,KINDRED PEAK WEALTH MANAGEMENT LLC
339645,"DIXIE'S TAX & FINANCIAL SERVICES, L.L.C.","DIXIE'S TAX & FINANCIAL SERVICES, L.L.C."
339676,PENMAR,"PENMAR ADVISORS, LLC"
339680,"PAX HORIZON WEALTH MANAGEMENT, LLC","PAX HORIZON WEALTH MANAGEMENT, LLC"
339711,VIGNEC FINANCIAL LLC,VIGNEC FINANCIAL LLC
339717,"BEACON FREEDOM ADVISORY, LLC","BEACON FREEDOM ADVISORY, LLC"
339725,AWAKEN FINANCIAL DESIGNS LLC,AWAKEN FINANCIAL DESIGNS LLC
339734,ARCADIA PRIVATE WEALTH LLC,ARCADIA PRIVATE WEALTH LLC
339754,"BRANCH & BLOOM FINANCIAL PLANNING, LLC","BRANCH & BLOOM FINANCIAL PLANNING, LLC"
339768,PECUSAVVY FINANCIAL,"PECUSAVVY FINANCIAL, LLC"
339769,CURA COLLECTIVE LEGACY,CURA COLLECTIVE LEGACY
339783,"ANALOG CAPITAL AI, LLC","ANALOG CAPITAL AI, LLC"
339804,FWM PARTNERS,"MDKB HOLDINGS, LLC"
339822,FINMENTUM LLC,FINMENTUM LLC
339837,TYR SECURITIES LLC,TYR SECURITIES LLC
339843,FIRST FIDELITY WEALTH MANAGEMENT LLC,FIRST FIDELITY WEALTH MANAGEMENT LLC
339849,RAVEN WEALTH ADVISORS,"RAVEN WEALTH ADVISORS, LLC"
339871,XFO CAPITAL,"XFO CAPITAL, LLC"
339878,INSPIRE WEALTH ADVISORY LLC,INSPIRE WEALTH ADVISORY LLC
339890,STORMBREAKER FINANCIAL LLC,STORMBREAKER FINANCIAL LLC
339898,AGAPE WEALTH MANAGEMENT LLC,AGAPE WEALTH MANAGEMENT LLC
339913,FRONTSTAGE FINANCIAL LLC,FRONTSTAGE FINANCIAL LLC
339914,CRESSCILA WEALTH MANAGEMENT,CRESSCILA LLC
339917,HOLT INVESTMENT PARTNERS LLC,HOLT INVESTMENT PARTNERS LLC
339923,"FD WEALTH ADVISORS, LLC","FD WEALTH ADVISORS, LLC"
339938,CARDINAL WEALTH MANAGEMENT LLC,CARDINAL WEALTH MANAGEMENT LLC
339968,CURRENTS WEALTH STRATEGIES LLC,CURRENTS WEALTH STRATEGIES LLC
339978,LUHMAN WEALTH PARTNERS,BRIAN LUHMAN FINANCIAL PLANNING LLC
339989,EVERGREEN INVESTMENT MANAGEMENT LLC,EVERGREEN INVESTMENT MANAGEMENT LLC
340009,"LIBERTY FINANCIAL GROUP, INC.","LIBERTY FINANCIAL GROUP, INC."
340031,AUREVIA CAPITAL INC.,AUREVIA CAPITAL INC.
340032,SHERPA WEALTH MANAGEMENT LLC,SHERPA WEALTH MANAGEMENT LLC
340040,CORINGTON WEALTH,CORINGTON WEALTH LLC
340070,RETIRE LAB LLC,RETIRE LAB LLC
340078,MANEY WEALTH,MANEY WEALTH LLC
340099,"THE FINANCIAL SCIENCES COMPANY, LLC","THE FINANCIAL SCIENCES COMPANY, LLC"
340110,"GRANTD WEALTH, INC.","GRANTD WEALTH, INC."
340113,INTEGRITY INVESTMENT PORTFOLIOS LLC,INTEGRITY INVESTMENT PORTFOLIOS LLC
340120,KIN STEWARDS LLC,KIN STEWARDS LLC
340127,GREYSTONE WEALTH MANAGEMENT LLC,GREYSTONE WEALTH MANAGEMENT LLC
340142,MONT,"MONT WEALTH MANAGEMENT, LLC"
340148,REINHARDT CONSULTING,REINHARDT CONSULTING FIRM LLC
340171,THE MONEY AND VALUES GROUP,FOR THE SCOTT GIRLS LLC
340191,BALUDEN FINANCIAL,BALUDEN FINANCIAL LLC
340202,SAVI FINANCE,SAVI FINANCE LLC
340208,A YEO CAPITAL MANAGEMENT LLC,A YEO CAPITAL MANAGEMENT LLC
340226,MJ CAPITAL MANAGEMENT LLC,MJ CAPITAL MANAGEMENT LLC
340230,GOLDEN STATE CAPITAL INC.,GOLDEN STATE CAPITAL INC.
340234,SUNBURST FINANCIAL MANAGEMENT LLC,SUNBURST FINANCIAL MANAGEMENT LLC
340239,STQ CAPITAL,STQ CAPITAL LLC
340256,BRAVO ZULU CAPITAL MANAGEMENT,BRAVO ZULU CAPITAL MANAGEMENT LLC
340257,ADVISIA FINANCIAL PLANNING,"ADVISIA FINANCIAL PLANNING, LLC"
340282,HULL WEALTH MANAGEMENT LLC,HULL WEALTH MANAGEMENT LLC
340315,GOSCH WEALTH ADVISORY,GOSCH WEALTH ADVISORY LLC
340319,GOLKONDA INVESTMENT ADVISORS,"VEMULAPALLI, SUNIL CHOWDARY"
340335,"SILVERHAVEN STRATEGIC WEALTH, LLC","SILVERHAVEN STRATEGIC WEALTH, LLC"
340390,LAGUNA PRIVATE CAPITAL,LAGUNA PRIVATE CAPITAL LLC
340407,KERNS LEGACY PLANNING,KERNS LEGACY PLANNING LLC
340415,CAPITAL NARRATIVE WEALTH MANAGEMENT,CAPITAL NARRATIVE WEALTH MANAGEMENT LLC
340427,WENTWORTH-BAER WEALTH MANAGEMENT,"HANDLEY, RAINEE CATHERINE"
340435,GROUNDWORK FINANCIAL PARTNERS,"GROUNDWORK FINANCIAL PARTNERS, PLLC"
340443,ING WEALTH,ING WEALTH LLC
340462,NUNA INVESTMENTS,"NUNA INVESTMENTS, LLC"
340468,FRONTLINE WEALTH MANAGEMENT,FRONTLINE WEALTH MANAGEMENT LLC
340472,WAGNER WEALTH MANAGEMENT,"WAGNER WEALTH MANAGEMENT, PLLC"
340503,NEW TALENTS FINANCIAL SERVICES INC,NEW TALENTS FINANCIAL SERVICES INC
340508,"NORTH COUNTY FINANCIAL PLANNING, LLC","NORTH COUNTY FINANCIAL PLANNING, LLC"
340511,GRAYCHASE WEALTH ADVISORY LLC,GRAYCHASE WEALTH ADVISORY LLC
340513,JMD FINANCIAL PLANNING INC.,JMD FINANCIAL PLANNING INC.
340537,LONE WOLF WEALTH MANAGEMENT,"LONE WOLF, INC."
340555,ATLAS GROVE CAPITAL LLC,ATLAS GROVE CAPITAL LLC
340557,HIFI PLANNING,HIFI PLANNING LLC
340562,SHORESTOWN PARTNERS LLC,SHORESTOWN PARTNERS LLC
340577,"TROVERA CAPITAL MANAGEMENT, LLC","TROVERA CAPITAL MANAGEMENT, LLC"
340582,VORTALIS WEALTH MANAGEMENT LLC,VORTALIS WEALTH MANAGEMENT LLC
340649,"MIOTTO, JORDAN PHILIP","MIOTTO, JORDAN PHILIP"
340650,GLOBAL INSIGHT ADVISORS,"GLOBAL INSIGHT ADVISORS, LLC"
340669,AWARD FINANCIAL GROUP,"BRENT A. WARD FINANCIAL & INSURANCE SERVICES, INC."
340684,FELSPAR FINANCIAL,FELSPAR FINANCIAL LLC
340688,FORREST MICHAEL LEICHTBERG,"LEICHTBERG, FORREST MICHAEL"
340693,DELTA CAPITAL MANAGEMENT,"HIGGS, TIMOTHY"
340705,TANGENT RETIREMENT,TANGENT RETIREMENT INC
340715,"TRINCHERA INVESTMENTS, LLC","TRINCHERA INVESTMENTS, LLC"
340753,FJAKA WEALTH MANAGEMENT LLC,FJAKA WEALTH MANAGEMENT LLC
340803,CARRARA WEALTH MANAGEMENT,"CARRARA CAPITAL, LLC"
340841,"FAMILY WEALTH STRATEGISTS, LLC","FAMILY WEALTH STRATEGISTS, LLC"
340845,SOUNDVIEW PRIVATE WEALTH ADVISORS,RIDGEVIEW HOLDINGS LIMITED LIABILITY COMPANY
340872,"GENSPHERE PRIVATE WEALTH, LLC","GENSPHERE PRIVATE WEALTH, LLC"
340874,STEELHEAD CAPITAL MANAGEMENT LLC,STEELHEAD CAPITAL MANAGEMENT LLC
340875,DENTLER CAPITAL LLC,DENTLER CAPITAL LLC
340886,"ROOTN WEALTH MANAGEMENT, INC.","ROOTN WEALTH MANAGEMENT, INC."
340891,KOALA FINANCIAL,"KOALA FINANCIAL, INC."
340894,BEACON RIDGE ADVISORS LLC,BEACON RIDGE ADVISORS LLC
340903,THIRD ACT FINANCIAL PLANNING LLC,THIRD ACT FINANCIAL PLANNING LLC
340920,"B. LIVELY FINANCIAL, LLC","B. LIVELY FINANCIAL, LLC"
340921,5TH GENERATION FINANCIAL,FIFTH GENERATION FINANCIAL LLC
340942,AVANZZA INVESTMENTS LLC,AVANZZA INVESTMENTS LLC
340948,COMPOSED CAPITAL LLC,COMPOSED CAPITAL LLC
341013,FORUM WEALTH GROUP,"FORUM WEALTH GROUP, LLC"
341019,WORTHWHILE WEALTH,WORTHWHILE WEALTH LLC
341021,"SLATER TOMPKINS LEGACY, LLC","SLATER-TOMPKINS LEGACY, LLC"
341027,"DE VRIES ASSET MANAGEMENT, LLC","DE VRIES ASSET MANAGEMENT, LLC"
341038,HORIZON RIDGE ADVISORS L.L.C.,HORIZON RIDGE ADVISORS L.L.C.
341048,ASPEN & PINE ASSET MANAGEMENT,ASPEN & PINE ASSET MANAGEMENT LLC
341107,SCHOLARDOG,SCHOLARDOG LLC
341172,VANMAY WEALTH MANAGEMENT,"VANMAY WEALTH MANAGEMENT, LLC"
341190,SHEPHERD ADVISORY LLC,SHEPHERD ADVISORY LLC
341202,APOGEE WEALTH ADVISORS,"KIMBALL, KERRI LYNN"
341212,GREENBOOK FINANCIAL,GREENBOOK FINANCIAL LLC
341219,"TARTAN ROAD WEALTH ADVISORY, LLC","TARTAN ROAD WEALTH ADVISORY, LLC"
341225,LUCAS RETIREMENT GROUP LLC,LUCAS RETIREMENT GROUP LLC
341240,MACALLEN CAPITAL,MACALLEN CAPITAL LLC
341242,EASY SUNDAY FINANCIAL PLANNING,EASY SUNDAY FINANCIAL PLANNING LLC
341272,P&L FAMILY WEALTH,"P&L FAMILY WEALTH, LLC"
341276,CRESCENT MERIDIAN CAPITAL LLC,CRESCENT MERIDIAN CAPITAL LLC
341280,SAPPHIRE WEALTH ADVISORY,SAPPHIRE WEALTH ADVISORY LLC
341288,"TOP RANK WEALTH MANAGEMENT, LLC","TOP RANK WEALTH MANAGEMENT, LLC"
341295,"WHEELER FINANCIAL SERVICES, LLC","WHEELER FINANCIAL SERVICES, LLC"
341329,PATTERSON STRATEGIC EQUITY LLC,PATTERSON STRATEGIC EQUITY LLC
341355,GOLDENSTATE WEALTH MANAGEMENT,GOLDENSTATE WEALTH MANAGEMENT LLC
341420,LAHONTAN CAPITAL LLC,LAHONTAN CAPITAL LLC
341421,KODA CAPITAL MANAGEMENT LLC,KODA CAPITAL MANAGEMENT LLC
341427,INDIGO PRIVATE WEALTH,INDIGO PRIVATE WEALTH LLC
341446,DEBORAH WEALTH ADVISORY LLC,DEBORAH WEALTH ADVISORY LLC
341453,"SAVY WEALTH ADVISORS, INC","SAVY WEALTH ADVISORS, INC"
341574,VOSKA WEALTH,VOSKA WEALTH LLC
341629,"SANTA SUSANA FINANCIAL, LLC","SANTA SUSANA FINANCIAL, LLC"
341633,"VINDEX CAPITAL MANAGEMENT, LLC","VINDEX CAPITAL MANAGEMENT, LLC"
341678,VERIFY WEALTH,VERIFY WEALTH LLC
341746,VARN FINANCIAL PLANNING,"VARN, DOUGLAS FRANCIS II"
341789,SAAGA WEALTH PLANNING LLC,SAAGA WEALTH PLANNING LLC
341790,HARVESTING GAINS CORPORATION,HARVESTING GAINS CORPORATION
341830,ELITE DATA SOLUTIONS LLC,ELITE DATA SOLUTIONS LLC
341862,CASTLE FINANCIAL,CASTLE GROUP HOLDINGS INC.
341891,YOU INVESTMENT MANAGEMENT LLC,YOU INVESTMENT MANAGEMENT LLC
341892,VIRTUE WEALTH MANAGEMENT,LAXMI RAJ PRIVATE WEALTH LLC
341908,BLUEPRINT WEALTH GROUP,"BLUEPRINT WEALTH GROUP, LLC"
341909,IHSAN WEALTH,64BITS LLC
341915,"AZUL PRIVATE WEALTH, LLC","AZUL PRIVATE WEALTH, LLC"
341947,NADEL PRIVATE WEALTH LLC,NADEL PRIVATE WEALTH LLC
342017,OPEN WATER ADVISORY PARTNERS,OPEN WATER ADVISORY PARTNERS LLC
342018,FOURZAN FINANCIAL LLC,FOURZAN FINANCIAL LLC
342038,VECTOR DYNAMICS WEALTH MANAGEMENT P.L.L.C,VECTOR DYNAMICS WEALTH MANAGEMENT P.L.L.C
342107,DOUGLAS MARIA LLC,DOUGLAS MARIA LLC
342122,LAGUNA INVESTMENTS LLC,LAGUNA INVESTMENTS LLC
342124,DVERSIFY ADVISORS LLC,DVERSIFY ADVISORS LLC
342154,STOUT CAPITAL MANAGEMENT LLC,STOUT CAPITAL MANAGEMENT LLC
342168,SERENITY ADVISING,SERENITY ADVISING LLC
342174,HAN ASSETS MANAGEMENT LLC,HAN ASSETS MANAGEMENT LLC
342177,PACIFIC PENSION ADVISORS LLC,PACIFIC PENSION ADVISORS LLC
342184,THEORY79 WEALTH DESIGN LLC,THEORY79 WEALTH DESIGN LLC
342193,MULTIPOLAR CAPITAL LLC,MULTIPOLAR CAPITAL LLC
342251,"WOO, HARRY","WOO, HARRY"
342260,ID ASSET ADVISORY,"CHELLEVOLD, IMEE ROSE, TAGACA"
342285,BLACKACRE WEALTH,BLACKACRE ADVISORY
342290,BOND BELL & CO.,BOND BELL & CO LLC
342327,ARTIZAN WEALTH,ARTIZAN WEALTH MANAGEMENT LLC
342347,"YIU ADVISORS, LLC","YIU ADVISORS, LLC"
342387,YOUYA WEALTH,YOUYA WEALTH LLC
342400,BAYLEAF FINANCIAL SERVICES,BAYLEAF FINANCIAL SERVICES LLC
342405,DYNAMIC LIFESTYLE PLANNING GROUP,DYNAMIC LIFESTYLE PLANNING GROUP LLC
342407,FAMILY STYLE ADVISORS LLC,FAMILY STYLE ADVISORS LLC
342417,"CAVENDER FINANCIAL PLANNING, LLC","CAVENDER FINANCIAL PLANNING, LLC"
342502,"HERITAGE FIRST WEALTH MANAGEMENT, LLC","HERITAGE FIRST WEALTH MANAGEMENT, LLC"
342508,LARKSPUR CAPITAL PARTNERS,LARKSPUR CAPITAL PARTNERS LLC
342519,GILBERT PRIVATE WEALTH LLC,GILBERT PRIVATE WEALTH LLC
342549,8020 CAPITAL MANAGEMENT,8020 CAPITAL MANAGEMENT LLC
342619,SIMPLE MONEY ADVISORS LLC,SIMPLE MONEY ADVISORS LLC
342624,AVERTON WEALTH,AVERTON WEALTH MANAGEMENT LLC
342628,NORTH PINE STRATEGIC WEALTH,NORTH PINE STRATEGIC WEALTH LLC
342657,WELCH PRIVATE WEALTH,WELCH PRIVATE WEALTH
342660,REVEL WEALTH PARTNERS,REVEL WEALTH PARTNERS LLC
342685,10/28 WEALTH MANAGEMENT LLC,10/28 WEALTH MANAGEMENT LLC
342698,KRAMER WEALTH MANAGEMENT,"KRAMER WEALTH MANAGEMENT, LLC"
342705,BUILD WEALTH PARTNERS,BUILD WEALTH PARTNERS LLC
342724,LOBOS CREEK INVESTORS LLC,LOBOS CREEK INVESTORS LLC
342729,SLIPSTREAM WEALTH PLANNING LLC,SLIPSTREAM WEALTH PLANNING LLC
342753,FRASSATI WEALTH,FRASSATI WEALTH LLC
342757,MILLER ASSET MANAGEMENT LLC,MILLER ASSET MANAGEMENT LLC
342758,"TANAGER FINANCIAL, LLC","TANAGER FINANCIAL, LLC"
342821,QUINTESSENCE WEALTH COLLECTIVE LLC,QUINTESSENCE WEALTH COLLECTIVE LLC
342828,YOCUM WEALTH,"YOCUM WEALTH, LLC"
342844,AMBITION FINANCIAL LLC,AMBITION FINANCIAL LLC
342872,POLYMITA WEALTH MANAGEMENT LLC,POLYMITA WEALTH MANAGEMENT LLC
342877,SHARMA EVERYDAY FINANCE,"SHARMA, ADAM CHRISTOPHER"
342923,BEST OPTIONS FINANCIAL PLANNING,BEST OPTIONS FINANCIAL PLANNING LLC
342935,ROYCE WEALTH MANAGEMENT LLC,ROYCE WEALTH MANAGEMENT LLC
342993,HEIGHTEN CAPITAL MANAGEMENT LLC,HEIGHTEN CAPITAL MANAGEMENT LLC
343057,VAN HAM WEALTH MANAGEMENT,VAN HAM WEALTH MANAGEMENT LLC
343079,WHITTIER GREEN WEALTH MANAGEMENT LLC,WHITTIER GREEN WEALTH MANAGEMENT LLC
343107,SCN CAPITAL,SCN CAPITAL LLC
343126,VALENCE WEALTH,"VALENCE WEALTH, LLC"
343169,DUNDEE CAPITAL MANAGEMENT LLC,DUNDEE CAPITAL MANAGEMENT LLC
343211,CASTLE CAPITAL MANAGEMENT,CASTLE CAPITAL MANAGEMENT LLC
343226,KANE CAPITAL ADVISORS LLC,KANE CAPITAL ADVISORS LLC
343294,SEVEN STAGES WEALTH LLC,SEVEN STAGES WEALTH LLC
343307,PUENTE WEALTH,PUENTE WEALTH ADVISORS LLC
343333,COMPASS WEALTH PLANNING LLC,COMPASS WEALTH PLANNING LLC
343403,ETU FINANCIAL,"ALWAYSONTAX, LLC"
343408,LUCERNA CAPITAL MANAGEMENT LLC,LUCERNA CAPITAL MANAGEMENT LLC
343487,BUGLE VALLEY,BUGLE VALLEY LLC
343508,ADAM ADVISORY,ADAM ADVISORY LLC
343510,MEASURED HORIZON WEALTH,MEASURED HORIZON WEALTH LLC
343763,"SEQUEL CAPITAL MANAGEMENT, LLC","SEQUEL CAPITAL MANAGEMENT, LLC"
