ofr_license_number,license_type,affiliation,primary_address_state,reason
IA9908994,IA,SEC,CO,no official OFR-to-CRD identifier in owned extract
IA9913152,IA,FLA,MI,no official OFR-to-CRD identifier in owned extract
IA9913029,IA,SEC,FL,no official OFR-to-CRD identifier in owned extract
IA9915192,IA,SEC,MI,no official OFR-to-CRD identifier in owned extract
IA9914479,IA,SEC,CT,no official OFR-to-CRD identifier in owned extract
IA9915570,IA,SEC,FL,no official OFR-to-CRD identifier in owned extract
IA9910109,IA,SEC,VA,no official OFR-to-CRD identifier in owned extract
BD0900747,BD,FNRA,NY,no official OFR-to-CRD identifier in owned extract
IA0901684,IA,FLA,FL,no official OFR-to-CRD identifier in owned extract
IA9907370,IA,SEC,MD,no official OFR-to-CRD identifier in owned extract
BD0901418,BD,FNRA,MA,no official OFR-to-CRD identifier in owned extract
BD0900257,BD,FNRA,CT,no official OFR-to-CRD identifier in owned extract
IA9903827,IA,SEC,CT,no official OFR-to-CRD identifier in owned extract
IA9914972,IA,SEC,NC,no official OFR-to-CRD identifier in owned extract
BD1004017,BD,FNRA,NY,no official OFR-to-CRD identifier in owned extract
IA9913676,IA,SEC,OH,no official OFR-to-CRD identifier in owned extract
IA9911701,IA,SEC,MA,no official OFR-to-CRD identifier in owned extract
BD1004322,BD,FNRA,FL,no official OFR-to-CRD identifier in owned extract
IA9904787,IA,FLA,FL,no official OFR-to-CRD identifier in owned extract
IA9907328,IA,SEC,TX,no official OFR-to-CRD identifier in owned extract
IA9913210,IA,SEC,FL,no official OFR-to-CRD identifier in owned extract
IA9917566,IA,FLA,FL,no official OFR-to-CRD identifier in owned extract
IA9916224,IA,SEC,FL,no official OFR-to-CRD identifier in owned extract
IA9916054,IA,SEC,FL,no official OFR-to-CRD identifier in owned extract
BD0901115,BD,FNRA,WI,no official OFR-to-CRD identifier in owned extract
IA9908704,IA,SEC,SC,no official OFR-to-CRD identifier in owned extract
IA9904358,IA,SEC,CA,no official OFR-to-CRD identifier in owned extract
IA9915258,IA,SEC,MN,no official OFR-to-CRD identifier in owned extract
IA9907559,IA,SEC,NY,no official OFR-to-CRD identifier in owned extract
IA9909398,IA,SEC,MA,no official OFR-to-CRD identifier in owned extract
IA9905230,IA,FLA,NJ,no official OFR-to-CRD identifier in owned extract
IA9909700,IA,FLA,TX,no official OFR-to-CRD identifier in owned extract
BD0902972,BD,FNRA,PA,no official OFR-to-CRD identifier in owned extract
IA9915946,IA,SEC,FL,no official OFR-to-CRD identifier in owned extract
IA9915298,IA,SEC,UT,no official OFR-to-CRD identifier in owned extract
BD0902016,BD,FNRA,NY,no official OFR-to-CRD identifier in owned extract
IA9914783,IA,SEC,VA,no official OFR-to-CRD identifier in owned extract
IA9915109,IA,SEC,FL,no official OFR-to-CRD identifier in owned extract
IA9916298,IA,SEC,AZ,no official OFR-to-CRD identifier in owned extract
IA9916043,IA,SEC,NJ,no official OFR-to-CRD identifier in owned extract
IA9908813,IA,SEC,SC,no official OFR-to-CRD identifier in owned extract
BD1004668,BD,FNRA,NY,no official OFR-to-CRD identifier in owned extract
BD0901249,BD,FNRA,IL,no official OFR-to-CRD identifier in owned extract
BD1003077,BD,FNRA,NJ,no official OFR-to-CRD identifier in owned extract
IA0901750,IA,SEC,NJ,no official OFR-to-CRD identifier in owned extract
IA9908817,IA,SEC,TN,no official OFR-to-CRD identifier in owned extract
IA9916719,IA,SEC,CA,no official OFR-to-CRD identifier in owned extract
BD1004748,BD,FNRA,WA,no official OFR-to-CRD identifier in owned extract
IA9917162,IA,SEC,WA,no official OFR-to-CRD identifier in owned extract
IA0900768,IA,SEC,PA,no official OFR-to-CRD identifier in owned extract
IA9911169,IA,SEC,NC,no official OFR-to-CRD identifier in owned extract
IA0901983,IA,SEC,PA,no official OFR-to-CRD identifier in owned extract
IA9914379,IA,SEC,FL,no official OFR-to-CRD identifier in owned extract
IA9911195,IA,FLA,IA,no official OFR-to-CRD identifier in owned extract
IA0901504,IA,SEC,PA,no official OFR-to-CRD identifier in owned extract
IA9916624,IA,SEC,CT,no official OFR-to-CRD identifier in owned extract
IA9917109,IA,SEC,TX,no official OFR-to-CRD identifier in owned extract
IA9912987,IA,FLA,GA,no official OFR-to-CRD identifier in owned extract
BD1004469,BD,FNRA,FL,no official OFR-to-CRD identifier in owned extract
BD0901667,BD,FNRA,NJ,no official OFR-to-CRD identifier in owned extract
IA0901899,IA,SEC,NJ,no official OFR-to-CRD identifier in owned extract
IA9904189,IA,SEC,TX,no official OFR-to-CRD identifier in owned extract
BD0900748,BD,FNRA,NY,no official OFR-to-CRD identifier in owned extract
BD1003788,BD,FNRA,VA,no official OFR-to-CRD identifier in owned extract
IA9913443,IA,SEC,VA,no official OFR-to-CRD identifier in owned extract
IA9914739,IA,FLA,NY,no official OFR-to-CRD identifier in owned extract
IA9913119,IA,SEC,IA,no official OFR-to-CRD identifier in owned extract
IA9915640,IA,SEC,CA,no official OFR-to-CRD identifier in owned extract
IA9908724,IA,SEC,CO,no official OFR-to-CRD identifier in owned extract
BD1003936,BD,FNRA,NY,no official OFR-to-CRD identifier in owned extract
BD0901093,BD,FNRA,IL,no official OFR-to-CRD identifier in owned extract
IA0903657,IA,SEC,IL,no official OFR-to-CRD identifier in owned extract
IA9910937,IA,SEC,OK,no official OFR-to-CRD identifier in owned extract
IA9912692,IA,SEC,MN,no official OFR-to-CRD identifier in owned extract
BD0901472,BD,FNRA,CT,no official OFR-to-CRD identifier in owned extract
IA9912545,IA,SEC,IL,no official OFR-to-CRD identifier in owned extract
IA9917248,IA,SEC,KY,no official OFR-to-CRD identifier in owned extract
IA0901460,IA,SEC,NJ,no official OFR-to-CRD identifier in owned extract
IA9916822,IA,FLA,FL,no official OFR-to-CRD identifier in owned extract
IA0900239,IA,SEC,OH,no official OFR-to-CRD identifier in owned extract
IA9914402,IA,SEC,MD,no official OFR-to-CRD identifier in owned extract
IA9906133,IA,SEC,NY,no official OFR-to-CRD identifier in owned extract
IA9916598,IA,SEC,MN,no official OFR-to-CRD identifier in owned extract
IA0901935,IA,SEC,MN,no official OFR-to-CRD identifier in owned extract
IA9911234,IA,SEC,NJ,no official OFR-to-CRD identifier in owned extract
BD0900308,BD,FNRA,NY,no official OFR-to-CRD identifier in owned extract
IA9917513,IA,SEC,FL,no official OFR-to-CRD identifier in owned extract
IA9910116,IA,FLA,VA,no official OFR-to-CRD identifier in owned extract
IA9911061,IA,SEC,FL,no official OFR-to-CRD identifier in owned extract
IA9909178,IA,FLA,FL,no official OFR-to-CRD identifier in owned extract
IA9916014,IA,FLA,FL,no official OFR-to-CRD identifier in owned extract
BD0902189,BD,FNRA,NY,no official OFR-to-CRD identifier in owned extract
IA9914803,IA,FLA,FL,no official OFR-to-CRD identifier in owned extract
IA9911998,IA,FLA,FL,no official OFR-to-CRD identifier in owned extract
IA9904840,IA,FLA,TX,no official OFR-to-CRD identifier in owned extract
BD0900080,BD,CAN,ON,no official OFR-to-CRD identifier in owned extract
IA9913496,IA,SEC,NY,no official OFR-to-CRD identifier in owned extract
IA9906710,IA,SEC,VA,no official OFR-to-CRD identifier in owned extract
IA9910994,IA,SEC,MI,no official OFR-to-CRD identifier in owned extract
IA9906623,IA,SEC,CA,no official OFR-to-CRD identifier in owned extract
BD1003631,BD,FNRA,CA,no official OFR-to-CRD identifier in owned extract
IA9912985,IA,SEC,FL,no official OFR-to-CRD identifier in owned extract
BD0902647,BD,FNRA,FL,no official OFR-to-CRD identifier in owned extract
IA9904890,IA,SEC,MO,no official OFR-to-CRD identifier in owned extract
IA9917447,IA,SEC,NY,no official OFR-to-CRD identifier in owned extract
IA9917410,IA,SEC,NY,no official OFR-to-CRD identifier in owned extract
IA0902244,IA,SEC,MO,no official OFR-to-CRD identifier in owned extract
IA9913419,IA,SEC,AZ,no official OFR-to-CRD identifier in owned extract
BD0900480,BD,FNRA,NJ,no official OFR-to-CRD identifier in owned extract
IA9916710,IA,FLA,MA,no official OFR-to-CRD identifier in owned extract
IA9908267,IA,SEC,NC,no official OFR-to-CRD identifier in owned extract
IA9906647,IA,SEC,TX,no official OFR-to-CRD identifier in owned extract
IA9912375,IA,SEC,FL,no official OFR-to-CRD identifier in owned extract
IA9916992,IA,SEC,VA,no official OFR-to-CRD identifier in owned extract
IA9916751,IA,SEC,NJ,no official OFR-to-CRD identifier in owned extract
IA9910029,IA,SEC,FL,no official OFR-to-CRD identifier in owned extract
IA9916960,IA,SEC,MN,no official OFR-to-CRD identifier in owned extract
IA9908197,IA,SEC,TN,no official OFR-to-CRD identifier in owned extract
IA9911993,IA,FLA,PA,no official OFR-to-CRD identifier in owned extract
IA9908439,IA,SEC,NY,no official OFR-to-CRD identifier in owned extract
IA9913487,IA,SEC,FL,no official OFR-to-CRD identifier in owned extract
IA9915299,IA,SEC,MD,no official OFR-to-CRD identifier in owned extract
IA9915300,IA,SEC,MD,no official OFR-to-CRD identifier in owned extract
IA9915259,IA,SEC,UT,no official OFR-to-CRD identifier in owned extract
IA9912803,IA,SEC,KS,no official OFR-to-CRD identifier in owned extract
IA9915561,IA,SEC,GA,no official OFR-to-CRD identifier in owned extract
IA9911761,IA,SEC,OK,no official OFR-to-CRD identifier in owned extract
IA9913668,IA,FLA,NC,no official OFR-to-CRD identifier in owned extract
IA9910420,IA,SEC,NY,no official OFR-to-CRD identifier in owned extract
IA9914391,IA,SEC,NY,no official OFR-to-CRD identifier in owned extract
IA9912892,IA,SEC,VT,no official OFR-to-CRD identifier in owned extract
IA9904480,IA,SEC,PA,no official OFR-to-CRD identifier in owned extract
IA9907950,IA,SEC,MD,no official OFR-to-CRD identifier in owned extract
IA0903461,IA,SEC,TX,no official OFR-to-CRD identifier in owned extract
BD1004549,BD,FNRA,NY,no official OFR-to-CRD identifier in owned extract
IA9911327,IA,SEC,LA,no official OFR-to-CRD identifier in owned extract
IA9911231,IA,SEC,NY,no official OFR-to-CRD identifier in owned extract
IA9913420,IA,SEC,NY,no official OFR-to-CRD identifier in owned extract
BD0901112,BD,FNRA,NJ,no official OFR-to-CRD identifier in owned extract
IA9909129,IA,SEC,NJ,no official OFR-to-CRD identifier in owned extract
IA9913080,IA,FLA,AL,no official OFR-to-CRD identifier in owned extract
IA0900339,IA,SEC,MI,no official OFR-to-CRD identifier in owned extract
BD0902757,BD,FNRA,MN,no official OFR-to-CRD identifier in owned extract
IA9916242,IA,SEC,MN,no official OFR-to-CRD identifier in owned extract
IA0902691,IA,SEC,OH,no official OFR-to-CRD identifier in owned extract
IA9909579,IA,SEC,MN,no official OFR-to-CRD identifier in owned extract
IA9906072,IA,FLA,FL,no official OFR-to-CRD identifier in owned extract
IA9909312,IA,FLA,FL,no official OFR-to-CRD identifier in owned extract
IA9906169,IA,FLA,FL,no official OFR-to-CRD identifier in owned extract
IA9917359,IA,SEC,IL,no official OFR-to-CRD identifier in owned extract
IA9916655,IA,FLA,MA,no official OFR-to-CRD identifier in owned extract
BD1004839,BD,FNRA,TN,no official OFR-to-CRD identifier in owned extract
IA0902844,IA,FLA,FL,no official OFR-to-CRD identifier in owned extract
IA9917751,IA,SEC,FL,no official OFR-to-CRD identifier in owned extract
IA9917620,IA,SEC,NY,no official OFR-to-CRD identifier in owned extract
IA9915501,IA,SEC,FL,no official OFR-to-CRD identifier in owned extract
IA9907527,IA,SEC,NY,no official OFR-to-CRD identifier in owned extract
IA9916114,IA,SEC,MA,no official OFR-to-CRD identifier in owned extract
IA0901686,IA,SEC,CT,no official OFR-to-CRD identifier in owned extract
IA9912139,IA,FLA,FL,no official OFR-to-CRD identifier in owned extract
IA9915983,IA,SEC,FL,no official OFR-to-CRD identifier in owned extract
IA9917493,IA,SEC,NY,no official OFR-to-CRD identifier in owned extract
IA9913759,IA,SEC,CA,no official OFR-to-CRD identifier in owned extract
IA9907211,IA,SEC,TX,no official OFR-to-CRD identifier in owned extract
IA9914622,IA,SEC,WA,no official OFR-to-CRD identifier in owned extract
IA9906704,IA,SEC,MN,no official OFR-to-CRD identifier in owned extract
IA9908248,IA,FLA,FL,no official OFR-to-CRD identifier in owned extract
BD0901879,BD,FNRA,CO,no official OFR-to-CRD identifier in owned extract
IA0902209,IA,SEC,CO,no official OFR-to-CRD identifier in owned extract
IA0902115,IA,SEC,NJ,no official OFR-to-CRD identifier in owned extract
IA9908352,IA,SEC,VA,no official OFR-to-CRD identifier in owned extract
IA9903893,IA,SEC,WI,no official OFR-to-CRD identifier in owned extract
IA0901097,IA,FLA,FL,no official OFR-to-CRD identifier in owned extract
IA9917361,IA,SEC,MI,no official OFR-to-CRD identifier in owned extract
IA9909356,IA,SEC,MI,no official OFR-to-CRD identifier in owned extract
IA9912946,IA,SEC,FL,no official OFR-to-CRD identifier in owned extract
IA0901921,IA,SEC,IL,no official OFR-to-CRD identifier in owned extract
IA9904288,IA,SEC,GA,no official OFR-to-CRD identifier in owned extract
IA9917088,IA,SEC,MN,no official OFR-to-CRD identifier in owned extract
IA9906262,IA,SEC,GA,no official OFR-to-CRD identifier in owned extract
IA9913642,IA,SEC,MD,no official OFR-to-CRD identifier in owned extract
IA9917411,IA,SEC,SC,no official OFR-to-CRD identifier in owned extract
IA9912134,IA,SEC,FL,no official OFR-to-CRD identifier in owned extract
IA9913291,IA,SEC,IL,no official OFR-to-CRD identifier in owned extract
IA9911640,IA,SEC,FL,no official OFR-to-CRD identifier in owned extract
BD1004263,BD,FNRA,KS,no official OFR-to-CRD identifier in owned extract
IA9907711,IA,SEC,FL,no official OFR-to-CRD identifier in owned extract
IA9908369,IA,SEC,KS,no official OFR-to-CRD identifier in owned extract
IA9917412,IA,SEC,NY,no official OFR-to-CRD identifier in owned extract
BD1004663,BD,FNRA,NY,no official OFR-to-CRD identifier in owned extract
BD0900525,BD,FNRA,NY,no official OFR-to-CRD identifier in owned extract
IA9904555,IA,SEC,NY,no official OFR-to-CRD identifier in owned extract
IA9914403,IA,SEC,UT,no official OFR-to-CRD identifier in owned extract
IA9903859,IA,SEC,MD,no official OFR-to-CRD identifier in owned extract
IA9911134,IA,SEC,IA,no official OFR-to-CRD identifier in owned extract
IA9907799,IA,SEC,FL,no official OFR-to-CRD identifier in owned extract
IA9915283,IA,SEC,IA,no official OFR-to-CRD identifier in owned extract
BD0900309,BD,FNRA,MN,no official OFR-to-CRD identifier in owned extract
IA9917391,IA,SEC,MA,no official OFR-to-CRD identifier in owned extract
IA9917753,IA,SEC,OR,no official OFR-to-CRD identifier in owned extract
BD0901484,BD,FNRA,MN,no official OFR-to-CRD identifier in owned extract
IA9916369,IA,SEC,NY,no official OFR-to-CRD identifier in owned extract
IA0901637,IA,SEC,MA,no official OFR-to-CRD identifier in owned extract
IA9917392,IA,SEC,FL,no official OFR-to-CRD identifier in owned extract
IA9912420,IA,SEC,FL,no official OFR-to-CRD identifier in owned extract
IA9906479,IA,SEC,MN,no official OFR-to-CRD identifier in owned extract
IA9905277,IA,SEC,WI,no official OFR-to-CRD identifier in owned extract
IA0903269,IA,SEC,NH,no official OFR-to-CRD identifier in owned extract
IA9915971,IA,SEC,OH,no official OFR-to-CRD identifier in owned extract
IA9909556,IA,SEC,DE,no official OFR-to-CRD identifier in owned extract
IA9917019,IA,FLA,MI,no official OFR-to-CRD identifier in owned extract
IA9908413,IA,FLA,TX,no official OFR-to-CRD identifier in owned extract
IA9912874,IA,SEC,MA,no official OFR-to-CRD identifier in owned extract
IA9914861,IA,FLA,FL,no official OFR-to-CRD identifier in owned extract
IA9916735,IA,SEC,CA,no official OFR-to-CRD identifier in owned extract
IA9905872,IA,SEC,FL,no official OFR-to-CRD identifier in owned extract
IA0902815,IA,SEC,FL,no official OFR-to-CRD identifier in owned extract
IA9909909,IA,SEC,FL,no official OFR-to-CRD identifier in owned extract
BD1003712,BD,FNRA,VA,no official OFR-to-CRD identifier in owned extract
IA9917211,IA,SEC,CO,no official OFR-to-CRD identifier in owned extract
IA9917718,IA,SEC,MA,no official OFR-to-CRD identifier in owned extract
IA9914771,IA,FLA,FL,no official OFR-to-CRD identifier in owned extract
IA9916299,IA,SEC,FL,no official OFR-to-CRD identifier in owned extract
IA9917413,IA,SEC,CT,no official OFR-to-CRD identifier in owned extract
IA0903043,IA,SEC,VA,no official OFR-to-CRD identifier in owned extract
IA9907875,IA,SEC,FL,no official OFR-to-CRD identifier in owned extract
BD1004826,BD,FNRA,FL,no official OFR-to-CRD identifier in owned extract
IA9908926,IA,SEC,FL,no official OFR-to-CRD identifier in owned extract
IA9915726,IA,SEC,TN,no official OFR-to-CRD identifier in owned extract
BD1004611,BD,FNRA,NJ,no official OFR-to-CRD identifier in owned extract
IA9908195,IA,SEC,NY,no official OFR-to-CRD identifier in owned extract
IA9916436,IA,FLA,NY,no official OFR-to-CRD identifier in owned extract
BD1004793,BD,FNRA,CA,no official OFR-to-CRD identifier in owned extract
IA9913659,IA,SEC,CT,no official OFR-to-CRD identifier in owned extract
IA9913956,IA,SEC,TN,no official OFR-to-CRD identifier in owned extract
IA9913495,IA,SEC,TN,no official OFR-to-CRD identifier in owned extract
IA9917491,IA,SEC,FL,no official OFR-to-CRD identifier in owned extract
IA9911462,IA,SEC,NY,no official OFR-to-CRD identifier in owned extract
IA9910518,IA,FLA,FL,no official OFR-to-CRD identifier in owned extract
IA9911113,IA,FLA,FL,no official OFR-to-CRD identifier in owned extract
BD0900325,BD,FNRA,FL,no official OFR-to-CRD identifier in owned extract
IA0901761,IA,FLA,FL,no official OFR-to-CRD identifier in owned extract
IA9913646,IA,FLA,GA,no official OFR-to-CRD identifier in owned extract
IA0904051,IA,SEC,VA,no official OFR-to-CRD identifier in owned extract
BD0900952,BD,FNRA,CA,no official OFR-to-CRD identifier in owned extract
IA9917669,IA,FLA,FL,no official OFR-to-CRD identifier in owned extract
IA9912952,IA,SEC,OH,no official OFR-to-CRD identifier in owned extract
IA9913201,IA,SEC,NY,no official OFR-to-CRD identifier in owned extract
IA9913874,IA,FLA,FL,no official OFR-to-CRD identifier in owned extract
IA9915626,IA,SEC,FL,no official OFR-to-CRD identifier in owned extract
IA9912823,IA,FLA,FL,no official OFR-to-CRD identifier in owned extract
IA0903110,IA,SEC,MA,no official OFR-to-CRD identifier in owned extract
IA9910362,IA,SEC,CA,no official OFR-to-CRD identifier in owned extract
BD1004324,BD,FNRA,CA,no official OFR-to-CRD identifier in owned extract
IA9911384,IA,SEC,UT,no official OFR-to-CRD identifier in owned extract
IA9908406,IA,SEC,CA,no official OFR-to-CRD identifier in owned extract
IA9909238,IA,SEC,CA,no official OFR-to-CRD identifier in owned extract
IA9906654,IA,FLA,FL,no official OFR-to-CRD identifier in owned extract
IA9916872,IA,SEC,OH,no official OFR-to-CRD identifier in owned extract
IA9912484,IA,SEC,IN,no official OFR-to-CRD identifier in owned extract
IA9904188,IA,SEC,TN,no official OFR-to-CRD identifier in owned extract
IA9910875,IA,SEC,PA,no official OFR-to-CRD identifier in owned extract
IA9913328,IA,SEC,PA,no official OFR-to-CRD identifier in owned extract
IA9913581,IA,SEC,OR,no official OFR-to-CRD identifier in owned extract
IA9909682,IA,SEC,IL,no official OFR-to-CRD identifier in owned extract
BD1004783,BD,FNRA,IL,no official OFR-to-CRD identifier in owned extract
IA9910253,IA,FLA,FL,no official OFR-to-CRD identifier in owned extract
IA9917061,IA,SEC,NY,no official OFR-to-CRD identifier in owned extract
IA9913168,IA,FLA,CT,no official OFR-to-CRD identifier in owned extract
IA9912239,IA,SEC,CA,no official OFR-to-CRD identifier in owned extract
IA9910170,IA,SEC,NJ,no official OFR-to-CRD identifier in owned extract
BD1003035,BD,FNRA,NJ,no official OFR-to-CRD identifier in owned extract
BD0901117,BD,FNRA,KY,no official OFR-to-CRD identifier in owned extract
IA9913957,IA,SEC,KY,no official OFR-to-CRD identifier in owned extract
IA9915260,IA,SEC,MO,no official OFR-to-CRD identifier in owned extract
IA0903533,IA,SEC,VA,no official OFR-to-CRD identifier in owned extract
IA9912579,IA,SEC,TX,no official OFR-to-CRD identifier in owned extract
IA9911207,IA,SEC,MA,no official OFR-to-CRD identifier in owned extract
IA0903151,IA,SEC,FL,no official OFR-to-CRD identifier in owned extract
IA9916557,IA,SEC,FL,no official OFR-to-CRD identifier in owned extract
IA9905235,IA,SEC,NC,no official OFR-to-CRD identifier in owned extract
BD0901083,BD,FNRA,IL,no official OFR-to-CRD identifier in owned extract
IA9916720,IA,SEC,MN,no official OFR-to-CRD identifier in owned extract
IA9911014,IA,SEC,FL,no official OFR-to-CRD identifier in owned extract
IA9915920,IA,FLA,FL,no official OFR-to-CRD identifier in owned extract
IA9916734,IA,SEC,FL,no official OFR-to-CRD identifier in owned extract
IA9913949,IA,SEC,CA,no official OFR-to-CRD identifier in owned extract
BD1004704,BD,CAN,ON,no official OFR-to-CRD identifier in owned extract
IA9917301,IA,SEC,NY,no official OFR-to-CRD identifier in owned extract
IA9917603,IA,SEC,FL,no official OFR-to-CRD identifier in owned extract
IA9911951,IA,SEC,FL,no official OFR-to-CRD identifier in owned extract
IA9915687,IA,SEC,NJ,no official OFR-to-CRD identifier in owned extract
IA9914309,IA,SEC,NV,no official OFR-to-CRD identifier in owned extract
IA9917543,IA,SEC,FL,no official OFR-to-CRD identifier in owned extract
IA9915469,IA,SEC,AZ,no official OFR-to-CRD identifier in owned extract
IA9913367,IA,SEC,NY,no official OFR-to-CRD identifier in owned extract
IA9914041,IA,SEC,MN,no official OFR-to-CRD identifier in owned extract
IA9913368,IA,SEC,MN,no official OFR-to-CRD identifier in owned extract
IA9913618,IA,SEC,FL,no official OFR-to-CRD identifier in owned extract
BD1004053,BD,FNRA,FL,no official OFR-to-CRD identifier in owned extract
IA0901547,IA,SEC,PA,no official OFR-to-CRD identifier in owned extract
IA0901608,IA,SEC,PA,no official OFR-to-CRD identifier in owned extract
BD0901957,BD,FNRA,ME,no official OFR-to-CRD identifier in owned extract
IA9912473,IA,SEC,FL,no official OFR-to-CRD identifier in owned extract
IA9912980,IA,SEC,VA,no official OFR-to-CRD identifier in owned extract
IA9912937,IA,SEC,ME,no official OFR-to-CRD identifier in owned extract
IA0903303,IA,FLA,FL,no official OFR-to-CRD identifier in owned extract
BD1004132,BD,FNRA,NY,no official OFR-to-CRD identifier in owned extract
BD0900127,BD,FNRA,NY,no official OFR-to-CRD identifier in owned extract
IA9908820,IA,SEC,NE,no official OFR-to-CRD identifier in owned extract
IA9912328,IA,SEC,NY,no official OFR-to-CRD identifier in owned extract
IA9904795,IA,SEC,NC,no official OFR-to-CRD identifier in owned extract
BD0902865,BD,FNRA,GA,no official OFR-to-CRD identifier in owned extract
IA0901445,IA,SEC,GA,no official OFR-to-CRD identifier in owned extract
IA9913004,IA,SEC,IL,no official OFR-to-CRD identifier in owned extract
IA9907141,IA,SEC,FL,no official OFR-to-CRD identifier in owned extract
IA9916219,IA,FLA,MI,no official OFR-to-CRD identifier in owned extract
IA9914944,IA,SEC,CA,no official OFR-to-CRD identifier in owned extract
IA9916300,IA,SEC,MI,no official OFR-to-CRD identifier in owned extract
IA9917292,IA,SEC,MD,no official OFR-to-CRD identifier in owned extract
IA9913421,IA,SEC,MD,no official OFR-to-CRD identifier in owned extract
IA9909396,IA,SEC,PA,no official OFR-to-CRD identifier in owned extract
IA9917844,IA,SEC,UT,no official OFR-to-CRD identifier in owned extract
IA9908153,IA,SEC,NJ,no official OFR-to-CRD identifier in owned extract
IA9915704,IA,FLA,IL,no official OFR-to-CRD identifier in owned extract
IA9912929,IA,SEC,TN,no official OFR-to-CRD identifier in owned extract
IA9914819,IA,SEC,VA,no official OFR-to-CRD identifier in owned extract
BD0900383,BD,FNRA,TN,no official OFR-to-CRD identifier in owned extract
IA0901271,IA,SEC,TN,no official OFR-to-CRD identifier in owned extract
BD0902719,BD,FNRA,WA,no official OFR-to-CRD identifier in owned extract
BD0900393,BD,FNRA,MN,no official OFR-to-CRD identifier in owned extract
IA9911583,IA,SEC,FL,no official OFR-to-CRD identifier in owned extract
IA9908915,IA,FLA,FL,no official OFR-to-CRD identifier in owned extract
BD1003335,BD,FNRA,IN,no official OFR-to-CRD identifier in owned extract
IA9915041,IA,SEC,FL,no official OFR-to-CRD identifier in owned extract
IA9917737,IA,SEC,CA,no official OFR-to-CRD identifier in owned extract
IA9910476,IA,SEC,TX,no official OFR-to-CRD identifier in owned extract
BD0902526,BD,FNRA,NC,no official OFR-to-CRD identifier in owned extract
IA0902506,IA,SEC,NC,no official OFR-to-CRD identifier in owned extract
IA0901327,IA,SEC,NC,no official OFR-to-CRD identifier in owned extract
IA9905904,IA,SEC,NY,no official OFR-to-CRD identifier in owned extract
IA0904122,IA,SEC,NE,no official OFR-to-CRD identifier in owned extract
BD0900835,BD,FNRA,NE,no official OFR-to-CRD identifier in owned extract
IA9915170,IA,FLA,IN,no official OFR-to-CRD identifier in owned extract
IA9917581,IA,SEC,VA,no official OFR-to-CRD identifier in owned extract
IA9903745,IA,SEC,CA,no official OFR-to-CRD identifier in owned extract
IA9907319,IA,SEC,NC,no official OFR-to-CRD identifier in owned extract
BD0902583,BD,FNRA,NC,no official OFR-to-CRD identifier in owned extract
IA9912240,IA,SEC,PA,no official OFR-to-CRD identifier in owned extract
IA9914261,IA,FLA,AZ,no official OFR-to-CRD identifier in owned extract
IA9916563,IA,SEC,TX,no official OFR-to-CRD identifier in owned extract
IA9915338,IA,SEC,NJ,no official OFR-to-CRD identifier in owned extract
BD1004083,BD,FNRA,NY,no official OFR-to-CRD identifier in owned extract
IA9912241,IA,SEC,,no official OFR-to-CRD identifier in owned extract
IA9903746,IA,FLA,FL,no official OFR-to-CRD identifier in owned extract
IA9914404,IA,SEC,VA,no official OFR-to-CRD identifier in owned extract
IA9912716,IA,SEC,PA,no official OFR-to-CRD identifier in owned extract
IA9912096,IA,SEC,ME,no official OFR-to-CRD identifier in owned extract
IA9917723,IA,SEC,CO,no official OFR-to-CRD identifier in owned extract
IA9908460,IA,SEC,CO,no official OFR-to-CRD identifier in owned extract
IA9907037,IA,SEC,NC,no official OFR-to-CRD identifier in owned extract
IA9913216,IA,SEC,VA,no official OFR-to-CRD identifier in owned extract
IA9915346,IA,SEC,FL,no official OFR-to-CRD identifier in owned extract
IA9908161,IA,FLA,FL,no official OFR-to-CRD identifier in owned extract
IA9915117,IA,SEC,FL,no official OFR-to-CRD identifier in owned extract
IA9906640,IA,SEC,VA,no official OFR-to-CRD identifier in owned extract
IA9917259,IA,SEC,OH,no official OFR-to-CRD identifier in owned extract
IA9910245,IA,FLA,FL,no official OFR-to-CRD identifier in owned extract
IA9917448,IA,SEC,FL,no official OFR-to-CRD identifier in owned extract
IA9916470,IA,SEC,UT,no official OFR-to-CRD identifier in owned extract
IA9912214,IA,SEC,CA,no official OFR-to-CRD identifier in owned extract
IA9913567,IA,SEC,FL,no official OFR-to-CRD identifier in owned extract
IA9916512,IA,SEC,FL,no official OFR-to-CRD identifier in owned extract
IA9910821,IA,SEC,CA,no official OFR-to-CRD identifier in owned extract
BD1004550,BD,FNRA,WA,no official OFR-to-CRD identifier in owned extract
IA9917149,IA,SEC,FL,no official OFR-to-CRD identifier in owned extract
BD1003669,BD,FNRA,NY,no official OFR-to-CRD identifier in owned extract
IA9905037,IA,SEC,NC,no official OFR-to-CRD identifier in owned extract
BD1003324,BD,FNRA,CO,no official OFR-to-CRD identifier in owned extract
IA9914405,IA,SEC,FL,no official OFR-to-CRD identifier in owned extract
IA9908808,IA,SEC,MO,no official OFR-to-CRD identifier in owned extract
BD0900432,BD,FNRA,UT,no official OFR-to-CRD identifier in owned extract
IA9912242,IA,SEC,CO,no official OFR-to-CRD identifier in owned extract
BD0900575,BD,FNRA,CO,no official OFR-to-CRD identifier in owned extract
BD0902885,BD,FNRA,CO,no official OFR-to-CRD identifier in owned extract
IA9910580,IA,SEC,NY,no official OFR-to-CRD identifier in owned extract
BD1003750,BD,FNRA,NY,no official OFR-to-CRD identifier in owned extract
IA0900517,IA,SEC,UT,no official OFR-to-CRD identifier in owned extract
IA9910359,IA,SEC,MA,no official OFR-to-CRD identifier in owned extract
BD0902893,BD,FNRA,TX,no official OFR-to-CRD identifier in owned extract
IA9908983,IA,SEC,IL,no official OFR-to-CRD identifier in owned extract
IA9916941,IA,SEC,NY,no official OFR-to-CRD identifier in owned extract
IA9913422,IA,SEC,FL,no official OFR-to-CRD identifier in owned extract
IA9915786,IA,SEC,CA,no official OFR-to-CRD identifier in owned extract
IA9917381,IA,SEC,FL,no official OFR-to-CRD identifier in owned extract
BD0902327,BD,FNRA,TX,no official OFR-to-CRD identifier in owned extract
IA9908822,IA,SEC,TX,no official OFR-to-CRD identifier in owned extract
IA9908624,IA,FLA,MA,no official OFR-to-CRD identifier in owned extract
IA9915636,IA,FLA,FL,no official OFR-to-CRD identifier in owned extract
IA9910964,IA,SEC,FL,no official OFR-to-CRD identifier in owned extract
BD1004810,BD,FNRA,FL,no official OFR-to-CRD identifier in owned extract
IA9912860,IA,SEC,FL,no official OFR-to-CRD identifier in owned extract
IA9904183,IA,SEC,FL,no official OFR-to-CRD identifier in owned extract
IA9913968,IA,FLA,FL,no official OFR-to-CRD identifier in owned extract
IA9911718,IA,SEC,OH,no official OFR-to-CRD identifier in owned extract
IA9915193,IA,SEC,IA,no official OFR-to-CRD identifier in owned extract
IA9916015,IA,FLA,CO,no official OFR-to-CRD identifier in owned extract
IA9916138,IA,SEC,FL,no official OFR-to-CRD identifier in owned extract
IA9908561,IA,SEC,IL,no official OFR-to-CRD identifier in owned extract
BD1004558,BD,FNRA,TN,no official OFR-to-CRD identifier in owned extract
IA9915888,IA,SEC,FL,no official OFR-to-CRD identifier in owned extract
IA0904299,IA,SEC,MI,no official OFR-to-CRD identifier in owned extract
IA9917790,IA,SEC,CA,no official OFR-to-CRD identifier in owned extract
BD1004232,BD,FNRA,TX,no official OFR-to-CRD identifier in owned extract
IA9911241,IA,SEC,CA,no official OFR-to-CRD identifier in owned extract
IA9917858,IA,SEC,FL,no official OFR-to-CRD identifier in owned extract
IA9917851,IA,SEC,UT,no official OFR-to-CRD identifier in owned extract
IA9909142,IA,SEC,CO,no official OFR-to-CRD identifier in owned extract
IA9917587,IA,SEC,KY,no official OFR-to-CRD identifier in owned extract
IA9916301,IA,SEC,ZZ,no official OFR-to-CRD identifier in owned extract
IA9906065,IA,SEC,TN,no official OFR-to-CRD identifier in owned extract
IA9913154,IA,FLA,FL,no official OFR-to-CRD identifier in owned extract
IA9917582,IA,SEC,IN,no official OFR-to-CRD identifier in owned extract
IA9913270,IA,FLA,IL,no official OFR-to-CRD identifier in owned extract
BD0902849,BD,FNRA,IL,no official OFR-to-CRD identifier in owned extract
IA9913400,IA,SEC,,no official OFR-to-CRD identifier in owned extract
IA9915796,IA,FLA,FL,no official OFR-to-CRD identifier in owned extract
BD0902004,BD,FNRA,FL,no official OFR-to-CRD identifier in owned extract
IA0901610,IA,SEC,FL,no official OFR-to-CRD identifier in owned extract
IA9910762,IA,SEC,NY,no official OFR-to-CRD identifier in owned extract
BD1004815,BD,FNRA,NY,no official OFR-to-CRD identifier in owned extract
IA9914089,IA,SEC,FL,no official OFR-to-CRD identifier in owned extract
IA9908698,IA,SEC,NE,no official OFR-to-CRD identifier in owned extract
BD0902240,BD,FNRA,MA,no official OFR-to-CRD identifier in owned extract
IA9911382,IA,SEC,NY,no official OFR-to-CRD identifier in owned extract
BD1004479,BD,FNRA,MI,no official OFR-to-CRD identifier in owned extract
IA9910856,IA,SEC,NY,no official OFR-to-CRD identifier in owned extract
IA9909748,IA,FLA,IN,no official OFR-to-CRD identifier in owned extract
BD0902064,BD,FNRA,NY,no official OFR-to-CRD identifier in owned extract
BD0900729,BD,FNRA,MO,no official OFR-to-CRD identifier in owned extract
IA9909441,IA,SEC,MO,no official OFR-to-CRD identifier in owned extract
IA9916658,IA,SEC,IL,no official OFR-to-CRD identifier in owned extract
IA9908638,IA,FLA,FL,no official OFR-to-CRD identifier in owned extract
BD1003184,BD,FNRA,NH,no official OFR-to-CRD identifier in owned extract
BD0900741,BD,FNRA,MN,no official OFR-to-CRD identifier in owned extract
IA9916441,IA,SEC,,no official OFR-to-CRD identifier in owned extract
IA9904625,IA,FLA,FL,no official OFR-to-CRD identifier in owned extract
IA9916858,IA,SEC,NY,no official OFR-to-CRD identifier in owned extract
IA0900750,IA,SEC,FL,no official OFR-to-CRD identifier in owned extract
IA0901516,IA,SEC,GA,no official OFR-to-CRD identifier in owned extract
BD0902527,BD,FNRA,PA,no official OFR-to-CRD identifier in owned extract
IA0900398,IA,SEC,MD,no official OFR-to-CRD identifier in owned extract
BD0900365,BD,FNRA,GA,no official OFR-to-CRD identifier in owned extract
IA9913838,IA,FLA,FL,no official OFR-to-CRD identifier in owned extract
BD1004051,BD,FNRA,OH,no official OFR-to-CRD identifier in owned extract
BD0902624,BD,FNRA,ID,no official OFR-to-CRD identifier in owned extract
IA0904082,IA,SEC,ID,no official OFR-to-CRD identifier in owned extract
IA0902602,IA,SEC,MA,no official OFR-to-CRD identifier in owned extract
IA9916170,IA,SEC,CA,no official OFR-to-CRD identifier in owned extract
IA9912183,IA,SEC,WA,no official OFR-to-CRD identifier in owned extract
IA0903725,IA,SEC,CA,no official OFR-to-CRD identifier in owned extract
IA9914513,IA,FLA,MA,no official OFR-to-CRD identifier in owned extract
IA9909099,IA,SEC,NV,no official OFR-to-CRD identifier in owned extract
IA9903943,IA,SEC,NH,no official OFR-to-CRD identifier in owned extract
BD0901282,BD,FNRA,CA,no official OFR-to-CRD identifier in owned extract
IA9917840,IA,SEC,FL,no official OFR-to-CRD identifier in owned extract
BD1004111,BD,FNRA,NY,no official OFR-to-CRD identifier in owned extract
IA9911487,IA,SEC,NY,no official OFR-to-CRD identifier in owned extract
IA9917544,IA,SEC,GA,no official OFR-to-CRD identifier in owned extract
IA0903015,IA,SEC,GA,no official OFR-to-CRD identifier in owned extract
IA9912844,IA,SEC,TX,no official OFR-to-CRD identifier in owned extract
IA9910647,IA,FLA,FL,no official OFR-to-CRD identifier in owned extract
BD0900187,BD,FNRA,MN,no official OFR-to-CRD identifier in owned extract
IA0901729,IA,SEC,MN,no official OFR-to-CRD identifier in owned extract
IA9912906,IA,SEC,NE,no official OFR-to-CRD identifier in owned extract
BD0900402,BD,FNRA,NE,no official OFR-to-CRD identifier in owned extract
IA0900917,IA,SEC,NE,no official OFR-to-CRD identifier in owned extract
IA9914776,IA,SEC,FL,no official OFR-to-CRD identifier in owned extract
BD1004190,BD,FNRA,NY,no official OFR-to-CRD identifier in owned extract
IA9906563,IA,FLA,FL,no official OFR-to-CRD identifier in owned extract
IA9907622,IA,FLA,FL,no official OFR-to-CRD identifier in owned extract
IA9916800,IA,FLA,OH,no official OFR-to-CRD identifier in owned extract
IA9913634,IA,SEC,GA,no official OFR-to-CRD identifier in owned extract
BD0900811,BD,FNRA,CT,no official OFR-to-CRD identifier in owned extract
IA0902703,IA,SEC,CT,no official OFR-to-CRD identifier in owned extract
IA9911592,IA,FLA,FL,no official OFR-to-CRD identifier in owned extract
IA9907034,IA,SEC,CA,no official OFR-to-CRD identifier in owned extract
IA9917763,IA,SEC,NC,no official OFR-to-CRD identifier in owned extract
IA9907249,IA,SEC,IN,no official OFR-to-CRD identifier in owned extract
IA9914182,IA,SEC,FL,no official OFR-to-CRD identifier in owned extract
IA9914983,IA,FLA,FL,no official OFR-to-CRD identifier in owned extract
IA9911034,IA,SEC,NY,no official OFR-to-CRD identifier in owned extract
IA9910209,IA,SEC,VA,no official OFR-to-CRD identifier in owned extract
IA9917814,IA,SEC,FL,no official OFR-to-CRD identifier in owned extract
BD1004617,BD,FNRA,FL,no official OFR-to-CRD identifier in owned extract
IA9912720,IA,FLA,FL,no official OFR-to-CRD identifier in owned extract
IA9916302,IA,SEC,PA,no official OFR-to-CRD identifier in owned extract
IA9912081,IA,SEC,PA,no official OFR-to-CRD identifier in owned extract
BD1004792,BD,FNRA,LA,no official OFR-to-CRD identifier in owned extract
BD0900259,BD,FNRA,FL,no official OFR-to-CRD identifier in owned extract
IA9912171,IA,SEC,FL,no official OFR-to-CRD identifier in owned extract
BD1004849,BD,FNRA,NY,no official OFR-to-CRD identifier in owned extract
IA9914406,IA,SEC,IN,no official OFR-to-CRD identifier in owned extract
IA9915590,IA,FLA,TX,no official OFR-to-CRD identifier in owned extract
BD0902345,BD,FNRA,NY,no official OFR-to-CRD identifier in owned extract
IA9917663,IA,SEC,FL,no official OFR-to-CRD identifier in owned extract
IA9910379,IA,FLA,FL,no official OFR-to-CRD identifier in owned extract
IA0900477,IA,SEC,MA,no official OFR-to-CRD identifier in owned extract
IA0904166,IA,FLA,FL,no official OFR-to-CRD identifier in owned extract
IA9914789,IA,SEC,SC,no official OFR-to-CRD identifier in owned extract
IA9915341,IA,SEC,FL,no official OFR-to-CRD identifier in owned extract
IA9916931,IA,SEC,NJ,no official OFR-to-CRD identifier in owned extract
IA9916547,IA,SEC,GA,no official OFR-to-CRD identifier in owned extract
IA0901990,IA,SEC,OH,no official OFR-to-CRD identifier in owned extract
IA9905065,IA,SEC,OH,no official OFR-to-CRD identifier in owned extract
BD1004486,BD,FNRA,NY,no official OFR-to-CRD identifier in owned extract
IA9914307,IA,SEC,MD,no official OFR-to-CRD identifier in owned extract
IA9907058,IA,SEC,FL,no official OFR-to-CRD identifier in owned extract
BD1003386,BD,FNRA,FL,no official OFR-to-CRD identifier in owned extract
IA0902077,IA,SEC,VA,no official OFR-to-CRD identifier in owned extract
IA0902083,IA,SEC,FL,no official OFR-to-CRD identifier in owned extract
IA9915594,IA,SEC,OH,no official OFR-to-CRD identifier in owned extract
IA9906644,IA,SEC,MO,no official OFR-to-CRD identifier in owned extract
BD1003806,BD,FNRA,IL,no official OFR-to-CRD identifier in owned extract
IA9916024,IA,SEC,UT,no official OFR-to-CRD identifier in owned extract
BD0901191,BD,FNRA,NY,no official OFR-to-CRD identifier in owned extract
IA9904524,IA,SEC,NY,no official OFR-to-CRD identifier in owned extract
IA9912550,IA,SEC,FL,no official OFR-to-CRD identifier in owned extract
IA9911077,IA,FLA,FL,no official OFR-to-CRD identifier in owned extract
IA9905326,IA,SEC,CA,no official OFR-to-CRD identifier in owned extract
IA9916303,IA,SEC,NY,no official OFR-to-CRD identifier in owned extract
IA9915060,IA,SEC,FL,no official OFR-to-CRD identifier in owned extract
BD1004610,BD,FNRA,IA,no official OFR-to-CRD identifier in owned extract
IA9916078,IA,SEC,TX,no official OFR-to-CRD identifier in owned extract
BD0902395,BD,FNRA,NY,no official OFR-to-CRD identifier in owned extract
IA9913497,IA,SEC,TX,no official OFR-to-CRD identifier in owned extract
IA0903475,IA,SEC,WI,no official OFR-to-CRD identifier in owned extract
IA9903798,IA,SEC,FL,no official OFR-to-CRD identifier in owned extract
BD1003935,BD,FNRA,NY,no official OFR-to-CRD identifier in owned extract
IA9914699,IA,FLA,TX,no official OFR-to-CRD identifier in owned extract
BD0902591,BD,FNRA,GA,no official OFR-to-CRD identifier in owned extract
IA9911039,IA,FLA,CA,no official OFR-to-CRD identifier in owned extract
BD1003696,BD,FNRA,MI,no official OFR-to-CRD identifier in owned extract
IA9914961,IA,SEC,GA,no official OFR-to-CRD identifier in owned extract
BD1004864,BD,FNRA,VA,no official OFR-to-CRD identifier in owned extract
BD1003627,BD,FNRA,FL,no official OFR-to-CRD identifier in owned extract
IA9917572,IA,FLA,FL,no official OFR-to-CRD identifier in owned extract
IA9915248,IA,SEC,NY,no official OFR-to-CRD identifier in owned extract
BD1004781,BD,FNRA,NY,no official OFR-to-CRD identifier in owned extract
IA9916647,IA,FLA,WV,no official OFR-to-CRD identifier in owned extract
IA9913248,IA,SEC,VT,no official OFR-to-CRD identifier in owned extract
IA9909751,IA,SEC,FL,no official OFR-to-CRD identifier in owned extract
IA0903815,IA,FLA,CO,no official OFR-to-CRD identifier in owned extract
BD1003382,BD,FNRA,NY,no official OFR-to-CRD identifier in owned extract
BD1003796,BD,FNRA,NY,no official OFR-to-CRD identifier in owned extract
IA9911642,IA,SEC,FL,no official OFR-to-CRD identifier in owned extract
IA9904676,IA,SEC,IL,no official OFR-to-CRD identifier in owned extract
BD0900416,BD,FNRA,IL,no official OFR-to-CRD identifier in owned extract
BD0902300,BD,FNRA,IL,no official OFR-to-CRD identifier in owned extract
IA9911768,IA,FLA,FL,no official OFR-to-CRD identifier in owned extract
IA9917309,IA,SEC,GA,no official OFR-to-CRD identifier in owned extract
BD0902487,BD,FNRA,NJ,no official OFR-to-CRD identifier in owned extract
IA9916421,IA,SEC,AK,no official OFR-to-CRD identifier in owned extract
IA9910126,IA,SEC,TX,no official OFR-to-CRD identifier in owned extract
IA9908016,IA,SEC,CT,no official OFR-to-CRD identifier in owned extract
IA0904009,IA,SEC,CA,no official OFR-to-CRD identifier in owned extract
IA9914780,IA,SEC,FL,no official OFR-to-CRD identifier in owned extract
BD0900250,BD,FNRA,TX,no official OFR-to-CRD identifier in owned extract
BD1004336,BD,FNRA,TX,no official OFR-to-CRD identifier in owned extract
IA9916085,IA,SEC,MA,no official OFR-to-CRD identifier in owned extract
IA9914023,IA,SEC,FL,no official OFR-to-CRD identifier in owned extract
IA9911530,IA,SEC,TN,no official OFR-to-CRD identifier in owned extract
IA9914770,IA,SEC,VA,no official OFR-to-CRD identifier in owned extract
IA9910927,IA,SEC,FL,no official OFR-to-CRD identifier in owned extract
IA9911042,IA,FLA,FL,no official OFR-to-CRD identifier in owned extract
IA9915150,IA,FLA,OR,no official OFR-to-CRD identifier in owned extract
IA9917119,IA,SEC,CO,no official OFR-to-CRD identifier in owned extract
IA9913712,IA,SEC,NY,no official OFR-to-CRD identifier in owned extract
BD1003345,BD,FNRA,NY,no official OFR-to-CRD identifier in owned extract
IA9915347,IA,SEC,SC,no official OFR-to-CRD identifier in owned extract
IA9909674,IA,SEC,SC,no official OFR-to-CRD identifier in owned extract
IA9915495,IA,SEC,OH,no official OFR-to-CRD identifier in owned extract
IA9908155,IA,SEC,NJ,no official OFR-to-CRD identifier in owned extract
BD1004809,BD,FNRA,NJ,no official OFR-to-CRD identifier in owned extract
IA9916477,IA,SEC,IN,no official OFR-to-CRD identifier in owned extract
IA9909576,IA,SEC,MA,no official OFR-to-CRD identifier in owned extract
IA9916967,IA,SEC,TX,no official OFR-to-CRD identifier in owned extract
IA9916748,IA,FLA,MI,no official OFR-to-CRD identifier in owned extract
IA9910744,IA,SEC,AR,no official OFR-to-CRD identifier in owned extract
IA9912974,IA,SEC,FL,no official OFR-to-CRD identifier in owned extract
IA9904739,IA,FLA,NH,no official OFR-to-CRD identifier in owned extract
BD1003682,BD,FNRA,IN,no official OFR-to-CRD identifier in owned extract
IA9917393,IA,SEC,NY,no official OFR-to-CRD identifier in owned extract
IA9912582,IA,SEC,AL,no official OFR-to-CRD identifier in owned extract
IA9912184,IA,SEC,CA,no official OFR-to-CRD identifier in owned extract
IA0902636,IA,SEC,GA,no official OFR-to-CRD identifier in owned extract
IA9913227,IA,SEC,NY,no official OFR-to-CRD identifier in owned extract
IA9908562,IA,SEC,AL,no official OFR-to-CRD identifier in owned extract
IA9912366,IA,SEC,AR,no official OFR-to-CRD identifier in owned extract
BD0901524,BD,FNRA,NJ,no official OFR-to-CRD identifier in owned extract
BD1004129,BD,FNRA,CT,no official OFR-to-CRD identifier in owned extract
IA9911937,IA,SEC,FL,no official OFR-to-CRD identifier in owned extract
IA9914001,IA,FLA,FL,no official OFR-to-CRD identifier in owned extract
BD0903071,BD,FNRA,CA,no official OFR-to-CRD identifier in owned extract
IA9910793,IA,SEC,UT,no official OFR-to-CRD identifier in owned extract
IA9912656,IA,SEC,FL,no official OFR-to-CRD identifier in owned extract
IA9914153,IA,SEC,FL,no official OFR-to-CRD identifier in owned extract
IA9908833,IA,SEC,NY,no official OFR-to-CRD identifier in owned extract
IA9915871,IA,SEC,FL,no official OFR-to-CRD identifier in owned extract
IA0900921,IA,FLA,FL,no official OFR-to-CRD identifier in owned extract
IA9914407,IA,SEC,AK,no official OFR-to-CRD identifier in owned extract
BD1003683,BD,FNRA,OH,no official OFR-to-CRD identifier in owned extract
IA9912535,IA,SEC,IL,no official OFR-to-CRD identifier in owned extract
IA0902444,IA,SEC,NC,no official OFR-to-CRD identifier in owned extract
IA9914655,IA,SEC,FL,no official OFR-to-CRD identifier in owned extract
BD0902969,BD,FNRA,IL,no official OFR-to-CRD identifier in owned extract
IA9908956,IA,SEC,MI,no official OFR-to-CRD identifier in owned extract
IA9907910,IA,SEC,MI,no official OFR-to-CRD identifier in owned extract
IA9908605,IA,FLA,FL,no official OFR-to-CRD identifier in owned extract
IA9917606,IA,SEC,MA,no official OFR-to-CRD identifier in owned extract
IA9916594,IA,SEC,CA,no official OFR-to-CRD identifier in owned extract
BD1004816,BD,FNRA,CA,no official OFR-to-CRD identifier in owned extract
IA9911328,IA,SEC,NH,no official OFR-to-CRD identifier in owned extract
BD0902535,BD,FNRA,NY,no official OFR-to-CRD identifier in owned extract
IA9909000,IA,SEC,NY,no official OFR-to-CRD identifier in owned extract
IA9913660,IA,SEC,NH,no official OFR-to-CRD identifier in owned extract
IA9912109,IA,SEC,WI,no official OFR-to-CRD identifier in owned extract
IA9911082,IA,FLA,OH,no official OFR-to-CRD identifier in owned extract
IA9910360,IA,SEC,NY,no official OFR-to-CRD identifier in owned extract
IA9911243,IA,FLA,NJ,no official OFR-to-CRD identifier in owned extract
BD1003460,BD,FNRA,MD,no official OFR-to-CRD identifier in owned extract
IA9904292,IA,SEC,IN,no official OFR-to-CRD identifier in owned extract
IA9913498,IA,SEC,PA,no official OFR-to-CRD identifier in owned extract
IA9907891,IA,SEC,IL,no official OFR-to-CRD identifier in owned extract
BD0900408,BD,FNRA,IL,no official OFR-to-CRD identifier in owned extract
BD1004691,BD,FNRA,IL,no official OFR-to-CRD identifier in owned extract
IA9906069,IA,SEC,FL,no official OFR-to-CRD identifier in owned extract
IA9916427,IA,SEC,CA,no official OFR-to-CRD identifier in owned extract
IA9914843,IA,SEC,MO,no official OFR-to-CRD identifier in owned extract
BD1004167,BD,FNRA,NY,no official OFR-to-CRD identifier in owned extract
IA9904038,IA,SEC,GA,no official OFR-to-CRD identifier in owned extract
IA9915674,IA,SEC,FL,no official OFR-to-CRD identifier in owned extract
IA9906042,IA,SEC,OH,no official OFR-to-CRD identifier in owned extract
BD0902552,BD,FNRA,NY,no official OFR-to-CRD identifier in owned extract
BD1004628,BD,FNRA,CA,no official OFR-to-CRD identifier in owned extract
BD1004332,BD,FNRA,NY,no official OFR-to-CRD identifier in owned extract
IA9916372,IA,SEC,NY,no official OFR-to-CRD identifier in owned extract
IA9916130,IA,FLA,IN,no official OFR-to-CRD identifier in owned extract
IA9914481,IA,SEC,CA,no official OFR-to-CRD identifier in owned extract
IA9917394,IA,SEC,CA,no official OFR-to-CRD identifier in owned extract
IA9917395,IA,SEC,CA,no official OFR-to-CRD identifier in owned extract
BD1003620,BD,FNRA,CO,no official OFR-to-CRD identifier in owned extract
IA9915301,IA,SEC,CA,no official OFR-to-CRD identifier in owned extract
BD1003167,BD,FNRA,TX,no official OFR-to-CRD identifier in owned extract
IA9903812,IA,SEC,IL,no official OFR-to-CRD identifier in owned extract
BD0901692,BD,FNRA,IL,no official OFR-to-CRD identifier in owned extract
IA9916666,IA,SEC,NY,no official OFR-to-CRD identifier in owned extract
IA9908482,IA,SEC,LA,no official OFR-to-CRD identifier in owned extract
IA0903489,IA,SEC,MO,no official OFR-to-CRD identifier in owned extract
IA9914353,IA,SEC,MS,no official OFR-to-CRD identifier in owned extract
IA9915682,IA,SEC,OH,no official OFR-to-CRD identifier in owned extract
IA9916460,IA,SEC,VA,no official OFR-to-CRD identifier in owned extract
IA9912915,IA,SEC,MA,no official OFR-to-CRD identifier in owned extract
IA9909656,IA,SEC,NV,no official OFR-to-CRD identifier in owned extract
IA9914265,IA,SEC,NY,no official OFR-to-CRD identifier in owned extract
IA9914408,IA,SEC,PA,no official OFR-to-CRD identifier in owned extract
IA9916304,IA,SEC,CA,no official OFR-to-CRD identifier in owned extract
IA9909297,IA,SEC,CA,no official OFR-to-CRD identifier in owned extract
IA9911011,IA,SEC,FL,no official OFR-to-CRD identifier in owned extract
BD0901134,BD,FNRA,IL,no official OFR-to-CRD identifier in owned extract
IA0901483,IA,SEC,IL,no official OFR-to-CRD identifier in owned extract
IA9911318,IA,SEC,ME,no official OFR-to-CRD identifier in owned extract
IA9917078,IA,SEC,CA,no official OFR-to-CRD identifier in owned extract
IA9908761,IA,SEC,NY,no official OFR-to-CRD identifier in owned extract
IA9915475,IA,SEC,NV,no official OFR-to-CRD identifier in owned extract
IA9912215,IA,SEC,FL,no official OFR-to-CRD identifier in owned extract
IA9907276,IA,SEC,MA,no official OFR-to-CRD identifier in owned extract
IA0900521,IA,SEC,CA,no official OFR-to-CRD identifier in owned extract
BD1003753,BD,FNRA,NY,no official OFR-to-CRD identifier in owned extract
IA9910696,IA,SEC,FL,no official OFR-to-CRD identifier in owned extract
IA9915795,IA,SEC,TX,no official OFR-to-CRD identifier in owned extract
BD1003920,BD,FNRA,GA,no official OFR-to-CRD identifier in owned extract
IA9909719,IA,SEC,GA,no official OFR-to-CRD identifier in owned extract
IA9915876,IA,FLA,VA,no official OFR-to-CRD identifier in owned extract
BD1004671,BD,FNRA,GA,no official OFR-to-CRD identifier in owned extract
IA9917283,IA,SEC,NE,no official OFR-to-CRD identifier in owned extract
IA9916784,IA,FLA,FL,no official OFR-to-CRD identifier in owned extract
IA9911623,IA,SEC,TX,no official OFR-to-CRD identifier in owned extract
IA9916591,IA,FLA,FL,no official OFR-to-CRD identifier in owned extract
IA0903577,IA,SEC,RI,no official OFR-to-CRD identifier in owned extract
IA9907283,IA,FLA,FL,no official OFR-to-CRD identifier in owned extract
IA9914409,IA,SEC,IL,no official OFR-to-CRD identifier in owned extract
BD1004262,BD,FNRA,AL,no official OFR-to-CRD identifier in owned extract
IA9908468,IA,SEC,CA,no official OFR-to-CRD identifier in owned extract
BD0902797,BD,FNRA,MO,no official OFR-to-CRD identifier in owned extract
IA9917008,IA,SEC,VA,no official OFR-to-CRD identifier in owned extract
IA9912076,IA,SEC,FL,no official OFR-to-CRD identifier in owned extract
IA9905614,IA,SEC,NY,no official OFR-to-CRD identifier in owned extract
IA9916373,IA,SEC,NY,no official OFR-to-CRD identifier in owned extract
IA9910418,IA,SEC,NC,no official OFR-to-CRD identifier in owned extract
BD0903076,BD,FNRA,CA,no official OFR-to-CRD identifier in owned extract
IA9905892,IA,SEC,FL,no official OFR-to-CRD identifier in owned extract
IA9913825,IA,SEC,MA,no official OFR-to-CRD identifier in owned extract
IA9905631,IA,SEC,DC,no official OFR-to-CRD identifier in owned extract
IA9907967,IA,FLA,FL,no official OFR-to-CRD identifier in owned extract
IA9914169,IA,FLA,GA,no official OFR-to-CRD identifier in owned extract
IA9914482,IA,SEC,FL,no official OFR-to-CRD identifier in owned extract
IA9916028,IA,SEC,AZ,no official OFR-to-CRD identifier in owned extract
IA9914761,IA,SEC,FL,no official OFR-to-CRD identifier in owned extract
IA9917295,IA,SEC,NY,no official OFR-to-CRD identifier in owned extract
IA9917768,IA,SEC,CA,no official OFR-to-CRD identifier in owned extract
IA0901751,IA,SEC,NY,no official OFR-to-CRD identifier in owned extract
IA9912548,IA,SEC,FL,no official OFR-to-CRD identifier in owned extract
IA9917029,IA,SEC,PA,no official OFR-to-CRD identifier in owned extract
IA9914560,IA,SEC,CA,no official OFR-to-CRD identifier in owned extract
IA9917333,IA,SEC,NY,no official OFR-to-CRD identifier in owned extract
IA9907567,IA,SEC,IL,no official OFR-to-CRD identifier in owned extract
IA9911157,IA,FLA,FL,no official OFR-to-CRD identifier in owned extract
IA9914019,IA,SEC,FL,no official OFR-to-CRD identifier in owned extract
BD0901513,BD,FNRA,WI,no official OFR-to-CRD identifier in owned extract
IA9910187,IA,SEC,WI,no official OFR-to-CRD identifier in owned extract
BD1003434,BD,FNRA,NY,no official OFR-to-CRD identifier in owned extract
IA9917230,IA,FLA,OH,no official OFR-to-CRD identifier in owned extract
BD0901325,BD,FNRA,AR,no official OFR-to-CRD identifier in owned extract
IA0902705,IA,SEC,AR,no official OFR-to-CRD identifier in owned extract
IA9917679,IA,FLA,FL,no official OFR-to-CRD identifier in owned extract
IA9916711,IA,SEC,NY,no official OFR-to-CRD identifier in owned extract
IA9914483,IA,SEC,MN,no official OFR-to-CRD identifier in owned extract
BD1003351,BD,FNRA,,no official OFR-to-CRD identifier in owned extract
IA9907089,IA,SEC,MD,no official OFR-to-CRD identifier in owned extract
IA9915804,IA,FLA,FL,no official OFR-to-CRD identifier in owned extract
BD1003230,BD,FNRA,FL,no official OFR-to-CRD identifier in owned extract
IA9914633,IA,FLA,FL,no official OFR-to-CRD identifier in owned extract
BD0901065,BD,FNRA,MA,no official OFR-to-CRD identifier in owned extract
IA9917494,IA,SEC,MN,no official OFR-to-CRD identifier in owned extract
IA9914898,IA,FLA,FL,no official OFR-to-CRD identifier in owned extract
IA9905165,IA,SEC,NY,no official OFR-to-CRD identifier in owned extract
IA9914434,IA,SEC,TX,no official OFR-to-CRD identifier in owned extract
IA9904822,IA,FLA,FL,no official OFR-to-CRD identifier in owned extract
IA9906183,IA,FLA,FL,no official OFR-to-CRD identifier in owned extract
IA9907474,IA,FLA,FL,no official OFR-to-CRD identifier in owned extract
IA9904970,IA,SEC,NY,no official OFR-to-CRD identifier in owned extract
BD1003222,BD,FNRA,NY,no official OFR-to-CRD identifier in owned extract
BD1003485,BD,FNRA,FL,no official OFR-to-CRD identifier in owned extract
IA9908773,IA,SEC,AZ,no official OFR-to-CRD identifier in owned extract
BD0902484,BD,FNRA,NY,no official OFR-to-CRD identifier in owned extract
IA0904119,IA,SEC,NY,no official OFR-to-CRD identifier in owned extract
IA9913028,IA,SEC,UT,no official OFR-to-CRD identifier in owned extract
IA9906199,IA,FLA,FL,no official OFR-to-CRD identifier in owned extract
IA9914666,IA,SEC,,no official OFR-to-CRD identifier in owned extract
IA9912371,IA,SEC,KY,no official OFR-to-CRD identifier in owned extract
IA9917414,IA,SEC,CO,no official OFR-to-CRD identifier in owned extract
BD1004071,BD,FNRA,CT,no official OFR-to-CRD identifier in owned extract
IA9914043,IA,SEC,VA,no official OFR-to-CRD identifier in owned extract
IA9916611,IA,FLA,TX,no official OFR-to-CRD identifier in owned extract
IA9905714,IA,FLA,NM,no official OFR-to-CRD identifier in owned extract
IA9914820,IA,SEC,CO,no official OFR-to-CRD identifier in owned extract
IA9914873,IA,SEC,MI,no official OFR-to-CRD identifier in owned extract
IA9916267,IA,SEC,SD,no official OFR-to-CRD identifier in owned extract
IA9912924,IA,FLA,FL,no official OFR-to-CRD identifier in owned extract
IA9913850,IA,SEC,CO,no official OFR-to-CRD identifier in owned extract
IA9913699,IA,SEC,CT,no official OFR-to-CRD identifier in owned extract
IA9906205,IA,SEC,NY,no official OFR-to-CRD identifier in owned extract
IA9912800,IA,SEC,WA,no official OFR-to-CRD identifier in owned extract
IA9911941,IA,SEC,FL,no official OFR-to-CRD identifier in owned extract
IA9910143,IA,SEC,NC,no official OFR-to-CRD identifier in owned extract
IA9914908,IA,SEC,NY,no official OFR-to-CRD identifier in owned extract
IA9913329,IA,SEC,CA,no official OFR-to-CRD identifier in owned extract
IA9905869,IA,SEC,CA,no official OFR-to-CRD identifier in owned extract
IA9915984,IA,SEC,OH,no official OFR-to-CRD identifier in owned extract
IA9910077,IA,SEC,GA,no official OFR-to-CRD identifier in owned extract
IA0900740,IA,SEC,NJ,no official OFR-to-CRD identifier in owned extract
IA0900950,IA,FLA,FL,no official OFR-to-CRD identifier in owned extract
IA9908009,IA,SEC,MI,no official OFR-to-CRD identifier in owned extract
IA0900742,IA,SEC,MO,no official OFR-to-CRD identifier in owned extract
IA9913096,IA,SEC,CA,no official OFR-to-CRD identifier in owned extract
IA9915380,IA,FLA,NJ,no official OFR-to-CRD identifier in owned extract
IA0900417,IA,FLA,FL,no official OFR-to-CRD identifier in owned extract
IA0901544,IA,SEC,CT,no official OFR-to-CRD identifier in owned extract
IA9917704,IA,SEC,MD,no official OFR-to-CRD identifier in owned extract
IA9917142,IA,SEC,WA,no official OFR-to-CRD identifier in owned extract
IA0902440,IA,SEC,FL,no official OFR-to-CRD identifier in owned extract
IA0901096,IA,SEC,LA,no official OFR-to-CRD identifier in owned extract
IA0904079,IA,SEC,GA,no official OFR-to-CRD identifier in owned extract
IA9913670,IA,SEC,TX,no official OFR-to-CRD identifier in owned extract
IA9908584,IA,FLA,CO,no official OFR-to-CRD identifier in owned extract
IA0900855,IA,FLA,IL,no official OFR-to-CRD identifier in owned extract
IA9914183,IA,SEC,MA,no official OFR-to-CRD identifier in owned extract
IA9914266,IA,SEC,PA,no official OFR-to-CRD identifier in owned extract
IA9911461,IA,FLA,FL,no official OFR-to-CRD identifier in owned extract
IA9903939,IA,SEC,TX,no official OFR-to-CRD identifier in owned extract
IA9913371,IA,SEC,MA,no official OFR-to-CRD identifier in owned extract
BD1003998,BD,FNRA,CA,no official OFR-to-CRD identifier in owned extract
IA0900849,IA,SEC,CA,no official OFR-to-CRD identifier in owned extract
BD1003845,BD,FNRA,VA,no official OFR-to-CRD identifier in owned extract
BD0900693,BD,FNRA,WI,no official OFR-to-CRD identifier in owned extract
IA9906117,IA,SEC,WI,no official OFR-to-CRD identifier in owned extract
IA0900637,IA,FLA,FL,no official OFR-to-CRD identifier in owned extract
IA0901204,IA,FLA,FL,no official OFR-to-CRD identifier in owned extract
IA9915021,IA,SEC,MN,no official OFR-to-CRD identifier in owned extract
BD1004251,BD,FNRA,FL,no official OFR-to-CRD identifier in owned extract
IA9911595,IA,SEC,FL,no official OFR-to-CRD identifier in owned extract
IA9911380,IA,SEC,CT,no official OFR-to-CRD identifier in owned extract
IA9909767,IA,SEC,FL,no official OFR-to-CRD identifier in owned extract
BD1003055,BD,FNRA,NY,no official OFR-to-CRD identifier in owned extract
IA9912147,IA,SEC,NY,no official OFR-to-CRD identifier in owned extract
IA9913866,IA,SEC,NJ,no official OFR-to-CRD identifier in owned extract
IA9913418,IA,SEC,CA,no official OFR-to-CRD identifier in owned extract
IA0903848,IA,SEC,NY,no official OFR-to-CRD identifier in owned extract
IA0901783,IA,SEC,NY,no official OFR-to-CRD identifier in owned extract
BD1003723,BD,CAN,AB,no official OFR-to-CRD identifier in owned extract
BD1003978,BD,FNRA,AB,no official OFR-to-CRD identifier in owned extract
IA9908229,IA,SEC,MD,no official OFR-to-CRD identifier in owned extract
IA9916056,IA,SEC,PA,no official OFR-to-CRD identifier in owned extract
IA9909079,IA,SEC,NY,no official OFR-to-CRD identifier in owned extract
IA9915086,IA,SEC,TX,no official OFR-to-CRD identifier in owned extract
IA9909371,IA,FLA,IL,no official OFR-to-CRD identifier in owned extract
IA9915500,IA,SEC,NV,no official OFR-to-CRD identifier in owned extract
BD1003069,BD,FNRA,IA,no official OFR-to-CRD identifier in owned extract
IA9915274,IA,SEC,NY,no official OFR-to-CRD identifier in owned extract
BD1003025,BD,FNRA,IN,no official OFR-to-CRD identifier in owned extract
IA0900251,IA,SEC,GA,no official OFR-to-CRD identifier in owned extract
IA9909792,IA,SEC,GA,no official OFR-to-CRD identifier in owned extract
BD0901725,BD,FNRA,CT,no official OFR-to-CRD identifier in owned extract
IA9907142,IA,SEC,NY,no official OFR-to-CRD identifier in owned extract
IA9914834,IA,SEC,FL,no official OFR-to-CRD identifier in owned extract
IA9913561,IA,SEC,FL,no official OFR-to-CRD identifier in owned extract
IA9915841,IA,SEC,NC,no official OFR-to-CRD identifier in owned extract
IA9910704,IA,SEC,CT,no official OFR-to-CRD identifier in owned extract
IA9910377,IA,SEC,OH,no official OFR-to-CRD identifier in owned extract
IA0904328,IA,SEC,KY,no official OFR-to-CRD identifier in owned extract
IA9913834,IA,FLA,FL,no official OFR-to-CRD identifier in owned extract
IA0900884,IA,SEC,IN,no official OFR-to-CRD identifier in owned extract
IA9908921,IA,FLA,FL,no official OFR-to-CRD identifier in owned extract
IA9915584,IA,SEC,CA,no official OFR-to-CRD identifier in owned extract
IA9908494,IA,SEC,NJ,no official OFR-to-CRD identifier in owned extract
IA9914321,IA,SEC,OH,no official OFR-to-CRD identifier in owned extract
IA9908993,IA,SEC,PA,no official OFR-to-CRD identifier in owned extract
IA9916498,IA,SEC,WI,no official OFR-to-CRD identifier in owned extract
BD1004644,BD,FNRA,NY,no official OFR-to-CRD identifier in owned extract
IA9915079,IA,SEC,NY,no official OFR-to-CRD identifier in owned extract
IA9910085,IA,SEC,PR,no official OFR-to-CRD identifier in owned extract
IA9912243,IA,SEC,NC,no official OFR-to-CRD identifier in owned extract
IA9909410,IA,FLA,FL,no official OFR-to-CRD identifier in owned extract
IA9910058,IA,SEC,FL,no official OFR-to-CRD identifier in owned extract
IA9910589,IA,SEC,MO,no official OFR-to-CRD identifier in owned extract
IA9912664,IA,SEC,DC,no official OFR-to-CRD identifier in owned extract
IA9907740,IA,SEC,,no official OFR-to-CRD identifier in owned extract
IA9912244,IA,SEC,FL,no official OFR-to-CRD identifier in owned extract
IA9915087,IA,SEC,NC,no official OFR-to-CRD identifier in owned extract
IA9911909,IA,SEC,NY,no official OFR-to-CRD identifier in owned extract
IA9911910,IA,SEC,MA,no official OFR-to-CRD identifier in owned extract
IA9916201,IA,SEC,NY,no official OFR-to-CRD identifier in owned extract
IA9915793,IA,FLA,MD,no official OFR-to-CRD identifier in owned extract
BD1003486,BD,FNRA,NY,no official OFR-to-CRD identifier in owned extract
IA0903047,IA,SEC,PA,no official OFR-to-CRD identifier in owned extract
BD1004576,BD,FNRA,TX,no official OFR-to-CRD identifier in owned extract
BD1004716,BD,FNRA,OH,no official OFR-to-CRD identifier in owned extract
IA0900301,IA,SEC,FL,no official OFR-to-CRD identifier in owned extract
IA9912685,IA,FLA,FL,no official OFR-to-CRD identifier in owned extract
IA9907663,IA,SEC,MA,no official OFR-to-CRD identifier in owned extract
IA9917245,IA,FLA,FL,no official OFR-to-CRD identifier in owned extract
IA9915899,IA,FLA,FL,no official OFR-to-CRD identifier in owned extract
IA9904642,IA,SEC,NY,no official OFR-to-CRD identifier in owned extract
IA9916445,IA,FLA,FL,no official OFR-to-CRD identifier in owned extract
IA9913955,IA,SEC,NH,no official OFR-to-CRD identifier in owned extract
IA9915520,IA,SEC,FL,no official OFR-to-CRD identifier in owned extract
IA0903926,IA,SEC,FL,no official OFR-to-CRD identifier in owned extract
IA9909137,IA,SEC,NJ,no official OFR-to-CRD identifier in owned extract
BD0902831,BD,FNRA,MI,no official OFR-to-CRD identifier in owned extract
BD0903025,BD,FNRA,FL,no official OFR-to-CRD identifier in owned extract
BD0902147,BD,FNRA,IA,no official OFR-to-CRD identifier in owned extract
IA0904134,IA,SEC,IA,no official OFR-to-CRD identifier in owned extract
IA9910244,IA,SEC,CA,no official OFR-to-CRD identifier in owned extract
IA9917272,IA,SEC,TX,no official OFR-to-CRD identifier in owned extract
BD0901419,BD,FNRA,FL,no official OFR-to-CRD identifier in owned extract
IA9917041,IA,SEC,TX,no official OFR-to-CRD identifier in owned extract
IA9916097,IA,SEC,CO,no official OFR-to-CRD identifier in owned extract
IA9913372,IA,SEC,TX,no official OFR-to-CRD identifier in owned extract
IA0900405,IA,FLA,FL,no official OFR-to-CRD identifier in owned extract
IA9916972,IA,SEC,NY,no official OFR-to-CRD identifier in owned extract
IA9915667,IA,SEC,NY,no official OFR-to-CRD identifier in owned extract
IA9908270,IA,SEC,WA,no official OFR-to-CRD identifier in owned extract
IA9916849,IA,FLA,ID,no official OFR-to-CRD identifier in owned extract
IA9913996,IA,SEC,WI,no official OFR-to-CRD identifier in owned extract
IA9914380,IA,SEC,PA,no official OFR-to-CRD identifier in owned extract
IA9915873,IA,SEC,CA,no official OFR-to-CRD identifier in owned extract
IA9910033,IA,SEC,PA,no official OFR-to-CRD identifier in owned extract
IA9913743,IA,FLA,IN,no official OFR-to-CRD identifier in owned extract
IA9914484,IA,SEC,NY,no official OFR-to-CRD identifier in owned extract
IA9916650,IA,FLA,FL,no official OFR-to-CRD identifier in owned extract
IA9913072,IA,SEC,LA,no official OFR-to-CRD identifier in owned extract
IA0901116,IA,SEC,IA,no official OFR-to-CRD identifier in owned extract
IA9914337,IA,FLA,FL,no official OFR-to-CRD identifier in owned extract
IA9915930,IA,FLA,FL,no official OFR-to-CRD identifier in owned extract
IA9917289,IA,FLA,NJ,no official OFR-to-CRD identifier in owned extract
IA0902919,IA,FLA,FL,no official OFR-to-CRD identifier in owned extract
IA9911661,IA,SEC,PA,no official OFR-to-CRD identifier in owned extract
IA0902680,IA,SEC,VA,no official OFR-to-CRD identifier in owned extract
IA9908140,IA,FLA,FL,no official OFR-to-CRD identifier in owned extract
IA9916707,IA,SEC,PA,no official OFR-to-CRD identifier in owned extract
IA0903293,IA,SEC,FL,no official OFR-to-CRD identifier in owned extract
IA9915759,IA,SEC,FL,no official OFR-to-CRD identifier in owned extract
BD0902788,BD,FNRA,FL,no official OFR-to-CRD identifier in owned extract
IA9916034,IA,SEC,FL,no official OFR-to-CRD identifier in owned extract
BD1004163,BD,FNRA,FL,no official OFR-to-CRD identifier in owned extract
IA9909537,IA,FLA,FL,no official OFR-to-CRD identifier in owned extract
IA9913135,IA,SEC,NY,no official OFR-to-CRD identifier in owned extract
IA0903993,IA,SEC,FL,no official OFR-to-CRD identifier in owned extract
IA9911591,IA,SEC,TX,no official OFR-to-CRD identifier in owned extract
IA9908592,IA,FLA,FL,no official OFR-to-CRD identifier in owned extract
BD1004567,BD,FNRA,ID,no official OFR-to-CRD identifier in owned extract
IA9909860,IA,SEC,TX,no official OFR-to-CRD identifier in owned extract
IA9911006,IA,SEC,TX,no official OFR-to-CRD identifier in owned extract
IA9916180,IA,FLA,NY,no official OFR-to-CRD identifier in owned extract
IA9906578,IA,SEC,NE,no official OFR-to-CRD identifier in owned extract
BD0902291,BD,FNRA,CA,no official OFR-to-CRD identifier in owned extract
BD0900092,BD,CAN,BC,no official OFR-to-CRD identifier in owned extract
IA9908855,IA,SEC,WA,no official OFR-to-CRD identifier in owned extract
IA0900252,IA,SEC,CT,no official OFR-to-CRD identifier in owned extract
IA9916738,IA,FLA,FL,no official OFR-to-CRD identifier in owned extract
BD0900443,BD,FNRA,FL,no official OFR-to-CRD identifier in owned extract
IA9917277,IA,SEC,IL,no official OFR-to-CRD identifier in owned extract
IA9910525,IA,SEC,FL,no official OFR-to-CRD identifier in owned extract
IA9917867,IA,SEC,TX,no official OFR-to-CRD identifier in owned extract
IA9911336,IA,SEC,AZ,no official OFR-to-CRD identifier in owned extract
IA9917089,IA,SEC,TX,no official OFR-to-CRD identifier in owned extract
BD0901239,BD,FNRA,PA,no official OFR-to-CRD identifier in owned extract
IA9917446,IA,SEC,OH,no official OFR-to-CRD identifier in owned extract
IA9914995,IA,SEC,IN,no official OFR-to-CRD identifier in owned extract
IA9917206,IA,SEC,AL,no official OFR-to-CRD identifier in owned extract
IA9913897,IA,SEC,OH,no official OFR-to-CRD identifier in owned extract
IA9915922,IA,FLA,FL,no official OFR-to-CRD identifier in owned extract
BD0900756,BD,FNRA,NY,no official OFR-to-CRD identifier in owned extract
IA9911447,IA,SEC,IN,no official OFR-to-CRD identifier in owned extract
IA0903228,IA,SEC,NY,no official OFR-to-CRD identifier in owned extract
IA9916425,IA,FLA,MD,no official OFR-to-CRD identifier in owned extract
IA9912044,IA,SEC,RI,no official OFR-to-CRD identifier in owned extract
IA9915549,IA,SEC,MO,no official OFR-to-CRD identifier in owned extract
BD0902042,BD,FNRA,NE,no official OFR-to-CRD identifier in owned extract
BD1003777,BD,FNRA,NY,no official OFR-to-CRD identifier in owned extract
IA9907387,IA,SEC,NV,no official OFR-to-CRD identifier in owned extract
IA9913130,IA,SEC,CA,no official OFR-to-CRD identifier in owned extract
IA9917586,IA,SEC,FL,no official OFR-to-CRD identifier in owned extract
IA9917495,IA,SEC,FL,no official OFR-to-CRD identifier in owned extract
IA9917590,IA,SEC,FL,no official OFR-to-CRD identifier in owned extract
IA9910486,IA,SEC,CT,no official OFR-to-CRD identifier in owned extract
IA0902604,IA,SEC,FL,no official OFR-to-CRD identifier in owned extract
IA9913283,IA,SEC,MI,no official OFR-to-CRD identifier in owned extract
IA9912919,IA,SEC,FL,no official OFR-to-CRD identifier in owned extract
IA9915510,IA,SEC,NY,no official OFR-to-CRD identifier in owned extract
IA9909923,IA,FLA,FL,no official OFR-to-CRD identifier in owned extract
IA0902863,IA,SEC,VA,no official OFR-to-CRD identifier in owned extract
IA9914364,IA,FLA,FL,no official OFR-to-CRD identifier in owned extract
IA9912513,IA,SEC,TX,no official OFR-to-CRD identifier in owned extract
IA9916285,IA,FLA,MN,no official OFR-to-CRD identifier in owned extract
IA9912953,IA,SEC,TX,no official OFR-to-CRD identifier in owned extract
BD0900145,BD,FNRA,IL,no official OFR-to-CRD identifier in owned extract
BD0900686,BD,FNRA,VA,no official OFR-to-CRD identifier in owned extract
IA0902833,IA,SEC,TN,no official OFR-to-CRD identifier in owned extract
BD0901013,BD,FNRA,TN,no official OFR-to-CRD identifier in owned extract
IA9912743,IA,SEC,TN,no official OFR-to-CRD identifier in owned extract
IA9910433,IA,SEC,MI,no official OFR-to-CRD identifier in owned extract
IA9914553,IA,SEC,OH,no official OFR-to-CRD identifier in owned extract
BD0901374,BD,FNRA,CA,no official OFR-to-CRD identifier in owned extract
IA9908094,IA,SEC,CA,no official OFR-to-CRD identifier in owned extract
IA9917761,IA,FLA,MO,no official OFR-to-CRD identifier in owned extract
IA9911888,IA,SEC,UT,no official OFR-to-CRD identifier in owned extract
IA9917076,IA,FLA,FL,no official OFR-to-CRD identifier in owned extract
BD1003294,BD,FNRA,PA,no official OFR-to-CRD identifier in owned extract
BD1003113,BD,FNRA,NY,no official OFR-to-CRD identifier in owned extract
BD1003905,BD,FNRA,CA,no official OFR-to-CRD identifier in owned extract
IA9912637,IA,SEC,WA,no official OFR-to-CRD identifier in owned extract
IA9914300,IA,FLA,FL,no official OFR-to-CRD identifier in owned extract
IA9916761,IA,SEC,FL,no official OFR-to-CRD identifier in owned extract
IA0901059,IA,SEC,OH,no official OFR-to-CRD identifier in owned extract
IA9904733,IA,FLA,ID,no official OFR-to-CRD identifier in owned extract
IA0901470,IA,SEC,CA,no official OFR-to-CRD identifier in owned extract
BD1003965,BD,FNRA,,no official OFR-to-CRD identifier in owned extract
IA9913500,IA,SEC,NY,no official OFR-to-CRD identifier in owned extract
IA9912068,IA,SEC,,no official OFR-to-CRD identifier in owned extract
BD1003904,BD,FNRA,MA,no official OFR-to-CRD identifier in owned extract
IA9903815,IA,SEC,CA,no official OFR-to-CRD identifier in owned extract
IA9912246,IA,SEC,CA,no official OFR-to-CRD identifier in owned extract
BD0901996,BD,FNRA,WI,no official OFR-to-CRD identifier in owned extract
IA9911838,IA,SEC,WI,no official OFR-to-CRD identifier in owned extract
IA9917806,IA,SEC,FL,no official OFR-to-CRD identifier in owned extract
IA9916517,IA,SEC,OH,no official OFR-to-CRD identifier in owned extract
BD0900149,BD,FNRA,CA,no official OFR-to-CRD identifier in owned extract
IA9915125,IA,SEC,OH,no official OFR-to-CRD identifier in owned extract
IA9916426,IA,FLA,NH,no official OFR-to-CRD identifier in owned extract
IA9914026,IA,SEC,FL,no official OFR-to-CRD identifier in owned extract
BD1004688,BD,FNRA,FL,no official OFR-to-CRD identifier in owned extract
IA9909771,IA,SEC,AZ,no official OFR-to-CRD identifier in owned extract
IA9905630,IA,SEC,NH,no official OFR-to-CRD identifier in owned extract
IA9906992,IA,SEC,PA,no official OFR-to-CRD identifier in owned extract
IA0900487,IA,SEC,MA,no official OFR-to-CRD identifier in owned extract
IA9908954,IA,SEC,TX,no official OFR-to-CRD identifier in owned extract
IA9907101,IA,SEC,GA,no official OFR-to-CRD identifier in owned extract
IA9913941,IA,SEC,PA,no official OFR-to-CRD identifier in owned extract
IA9915553,IA,FLA,OK,no official OFR-to-CRD identifier in owned extract
IA9915527,IA,FLA,FL,no official OFR-to-CRD identifier in owned extract
IA9908896,IA,SEC,MN,no official OFR-to-CRD identifier in owned extract
IA9910952,IA,SEC,PA,no official OFR-to-CRD identifier in owned extract
BD1004556,BD,FNRA,SC,no official OFR-to-CRD identifier in owned extract
IA9914003,IA,SEC,KY,no official OFR-to-CRD identifier in owned extract
IA9904494,IA,SEC,MA,no official OFR-to-CRD identifier in owned extract
IA9909293,IA,FLA,FL,no official OFR-to-CRD identifier in owned extract
IA9914829,IA,SEC,MS,no official OFR-to-CRD identifier in owned extract
IA9905835,IA,SEC,MD,no official OFR-to-CRD identifier in owned extract
IA9915078,IA,FLA,FL,no official OFR-to-CRD identifier in owned extract
IA9916419,IA,SEC,CO,no official OFR-to-CRD identifier in owned extract
IA9916537,IA,SEC,NY,no official OFR-to-CRD identifier in owned extract
IA9914805,IA,FLA,FL,no official OFR-to-CRD identifier in owned extract
BD0902568,BD,FNRA,FL,no official OFR-to-CRD identifier in owned extract
IA9913907,IA,FLA,FL,no official OFR-to-CRD identifier in owned extract
BD1004093,BD,FNRA,PA,no official OFR-to-CRD identifier in owned extract
IA9914051,IA,FLA,CA,no official OFR-to-CRD identifier in owned extract
IA9910675,IA,SEC,IN,no official OFR-to-CRD identifier in owned extract
IA9908083,IA,SEC,IL,no official OFR-to-CRD identifier in owned extract
BD1003810,BD,FNRA,IL,no official OFR-to-CRD identifier in owned extract
IA9915423,IA,SEC,MS,no official OFR-to-CRD identifier in owned extract
IA9912132,IA,FLA,FL,no official OFR-to-CRD identifier in owned extract
IA9911210,IA,SEC,TX,no official OFR-to-CRD identifier in owned extract
BD0901196,BD,FNRA,TX,no official OFR-to-CRD identifier in owned extract
IA0902020,IA,FLA,FL,no official OFR-to-CRD identifier in owned extract
IA9909974,IA,SEC,GA,no official OFR-to-CRD identifier in owned extract
IA9908272,IA,SEC,FL,no official OFR-to-CRD identifier in owned extract
BD0900599,BD,FNRA,CA,no official OFR-to-CRD identifier in owned extract
IA9917856,IA,SEC,99,no official OFR-to-CRD identifier in owned extract
IA9916002,IA,FLA,FL,no official OFR-to-CRD identifier in owned extract
IA9904050,IA,FLA,NY,no official OFR-to-CRD identifier in owned extract
IA9905046,IA,FLA,FL,no official OFR-to-CRD identifier in owned extract
BD0901439,BD,FNRA,NY,no official OFR-to-CRD identifier in owned extract
IA9906924,IA,SEC,IL,no official OFR-to-CRD identifier in owned extract
IA0900246,IA,SEC,NC,no official OFR-to-CRD identifier in owned extract
BD0901164,BD,FNRA,NC,no official OFR-to-CRD identifier in owned extract
IA9910268,IA,FLA,FL,no official OFR-to-CRD identifier in owned extract
IA9914745,IA,SEC,KY,no official OFR-to-CRD identifier in owned extract
BD1004218,BD,FNRA,NC,no official OFR-to-CRD identifier in owned extract
IA9916183,IA,SEC,OH,no official OFR-to-CRD identifier in owned extract
IA0903402,IA,SEC,MS,no official OFR-to-CRD identifier in owned extract
IA9916035,IA,SEC,FL,no official OFR-to-CRD identifier in owned extract
IA9916982,IA,FLA,MI,no official OFR-to-CRD identifier in owned extract
IA0900614,IA,SEC,NY,no official OFR-to-CRD identifier in owned extract
BD0900503,BD,FNRA,NY,no official OFR-to-CRD identifier in owned extract
IA0903867,IA,SEC,NJ,no official OFR-to-CRD identifier in owned extract
IA0904206,IA,SEC,FL,no official OFR-to-CRD identifier in owned extract
IA9904893,IA,SEC,MI,no official OFR-to-CRD identifier in owned extract
IA9907757,IA,SEC,FL,no official OFR-to-CRD identifier in owned extract
IA9917334,IA,SEC,FL,no official OFR-to-CRD identifier in owned extract
BD1004452,BD,FNRA,FL,no official OFR-to-CRD identifier in owned extract
BD0900769,BD,FNRA,RI,no official OFR-to-CRD identifier in owned extract
IA9909237,IA,SEC,RI,no official OFR-to-CRD identifier in owned extract
IA9911081,IA,FLA,VA,no official OFR-to-CRD identifier in owned extract
BD0902183,BD,FNRA,IL,no official OFR-to-CRD identifier in owned extract
IA9911452,IA,FLA,PA,no official OFR-to-CRD identifier in owned extract
IA9913285,IA,SEC,CT,no official OFR-to-CRD identifier in owned extract
IA0902308,IA,SEC,TX,no official OFR-to-CRD identifier in owned extract
IA0903967,IA,SEC,MA,no official OFR-to-CRD identifier in owned extract
IA9917725,IA,SEC,MA,no official OFR-to-CRD identifier in owned extract
IA9909760,IA,SEC,OH,no official OFR-to-CRD identifier in owned extract
IA9912509,IA,SEC,NH,no official OFR-to-CRD identifier in owned extract
IA9908064,IA,SEC,PA,no official OFR-to-CRD identifier in owned extract
IA9913963,IA,SEC,FL,no official OFR-to-CRD identifier in owned extract
IA9916845,IA,FLA,NC,no official OFR-to-CRD identifier in owned extract
IA9914196,IA,SEC,AZ,no official OFR-to-CRD identifier in owned extract
IA9916690,IA,FLA,FL,no official OFR-to-CRD identifier in owned extract
IA9911434,IA,SEC,,no official OFR-to-CRD identifier in owned extract
IA9909524,IA,SEC,IA,no official OFR-to-CRD identifier in owned extract
IA9909694,IA,FLA,FL,no official OFR-to-CRD identifier in owned extract
IA9914411,IA,SEC,AR,no official OFR-to-CRD identifier in owned extract
IA9915518,IA,SEC,FL,no official OFR-to-CRD identifier in owned extract
IA9917396,IA,SEC,CT,no official OFR-to-CRD identifier in owned extract
IA9915969,IA,SEC,FL,no official OFR-to-CRD identifier in owned extract
IA9904894,IA,SEC,IL,no official OFR-to-CRD identifier in owned extract
BD0901035,BD,FNRA,IL,no official OFR-to-CRD identifier in owned extract
IA9912490,IA,FLA,FL,no official OFR-to-CRD identifier in owned extract
IA9914400,IA,FLA,FL,no official OFR-to-CRD identifier in owned extract
BD1003697,BD,FNRA,CA,no official OFR-to-CRD identifier in owned extract
IA9914710,IA,SEC,FL,no official OFR-to-CRD identifier in owned extract
IA9916253,IA,FLA,FL,no official OFR-to-CRD identifier in owned extract
IA9916305,IA,SEC,NV,no official OFR-to-CRD identifier in owned extract
IA9915183,IA,SEC,NJ,no official OFR-to-CRD identifier in owned extract
IA0901959,IA,SEC,CT,no official OFR-to-CRD identifier in owned extract
IA9912981,IA,SEC,VA,no official OFR-to-CRD identifier in owned extract
IA9908461,IA,SEC,MA,no official OFR-to-CRD identifier in owned extract
BD0903006,BD,FNRA,NY,no official OFR-to-CRD identifier in owned extract
IA9916132,IA,FLA,MD,no official OFR-to-CRD identifier in owned extract
IA9910291,IA,SEC,MD,no official OFR-to-CRD identifier in owned extract
IA9909511,IA,FLA,GA,no official OFR-to-CRD identifier in owned extract
IA9914184,IA,SEC,VA,no official OFR-to-CRD identifier in owned extract
BD1004581,BD,FNRA,VA,no official OFR-to-CRD identifier in owned extract
IA9913461,IA,SEC,NY,no official OFR-to-CRD identifier in owned extract
BD1004868,BD,FNRA,CA,no official OFR-to-CRD identifier in owned extract
IA0903809,IA,SEC,FL,no official OFR-to-CRD identifier in owned extract
IA0901394,IA,SEC,FL,no official OFR-to-CRD identifier in owned extract
IA9911154,IA,FLA,FL,no official OFR-to-CRD identifier in owned extract
BD0902408,BD,FNRA,FL,no official OFR-to-CRD identifier in owned extract
IA9917026,IA,SEC,FL,no official OFR-to-CRD identifier in owned extract
IA9905410,IA,SEC,FL,no official OFR-to-CRD identifier in owned extract
IA9915188,IA,FLA,FL,no official OFR-to-CRD identifier in owned extract
IA9905935,IA,FLA,MD,no official OFR-to-CRD identifier in owned extract
IA0901922,IA,SEC,NY,no official OFR-to-CRD identifier in owned extract
IA9915167,IA,SEC,FL,no official OFR-to-CRD identifier in owned extract
BD0900839,BD,FNRA,NY,no official OFR-to-CRD identifier in owned extract
IA0904006,IA,SEC,NJ,no official OFR-to-CRD identifier in owned extract
IA9913170,IA,SEC,SC,no official OFR-to-CRD identifier in owned extract
BD0900800,BD,FNRA,NJ,no official OFR-to-CRD identifier in owned extract
IA9905551,IA,SEC,NJ,no official OFR-to-CRD identifier in owned extract
IA9911315,IA,SEC,IN,no official OFR-to-CRD identifier in owned extract
BD1003661,BD,FNRA,FL,no official OFR-to-CRD identifier in owned extract
IA9912815,IA,SEC,FL,no official OFR-to-CRD identifier in owned extract
IA9909798,IA,SEC,NY,no official OFR-to-CRD identifier in owned extract
IA9917242,IA,SEC,LA,no official OFR-to-CRD identifier in owned extract
BD0902682,BD,FNRA,CT,no official OFR-to-CRD identifier in owned extract
IA9909127,IA,FLA,PA,no official OFR-to-CRD identifier in owned extract
IA9911065,IA,SEC,AL,no official OFR-to-CRD identifier in owned extract
IA9915275,IA,SEC,TN,no official OFR-to-CRD identifier in owned extract
IA9908192,IA,SEC,IL,no official OFR-to-CRD identifier in owned extract
BD1003401,BD,FNRA,CT,no official OFR-to-CRD identifier in owned extract
IA0903686,IA,SEC,KS,no official OFR-to-CRD identifier in owned extract
IA9912335,IA,SEC,DE,no official OFR-to-CRD identifier in owned extract
BD0902276,BD,FNRA,IL,no official OFR-to-CRD identifier in owned extract
IA9911456,IA,SEC,AZ,no official OFR-to-CRD identifier in owned extract
IA9915497,IA,SEC,NY,no official OFR-to-CRD identifier in owned extract
BD1003007,BD,FNRA,IL,no official OFR-to-CRD identifier in owned extract
IA9914076,IA,SEC,IL,no official OFR-to-CRD identifier in owned extract
IA9908755,IA,FLA,FL,no official OFR-to-CRD identifier in owned extract
BD1004822,BD,FNRA,FL,no official OFR-to-CRD identifier in owned extract
IA9913910,IA,SEC,PA,no official OFR-to-CRD identifier in owned extract
IA0901639,IA,SEC,OH,no official OFR-to-CRD identifier in owned extract
IA9907990,IA,SEC,TN,no official OFR-to-CRD identifier in owned extract
IA9908658,IA,SEC,OH,no official OFR-to-CRD identifier in owned extract
IA9910163,IA,SEC,MA,no official OFR-to-CRD identifier in owned extract
IA9909213,IA,SEC,GA,no official OFR-to-CRD identifier in owned extract
IA9910791,IA,SEC,VA,no official OFR-to-CRD identifier in owned extract
IA9907759,IA,SEC,NJ,no official OFR-to-CRD identifier in owned extract
IA9903960,IA,SEC,CA,no official OFR-to-CRD identifier in owned extract
IA9904540,IA,SEC,TX,no official OFR-to-CRD identifier in owned extract
BD1004782,BD,FNRA,,no official OFR-to-CRD identifier in owned extract
IA9911568,IA,SEC,VA,no official OFR-to-CRD identifier in owned extract
IA9912045,IA,SEC,NC,no official OFR-to-CRD identifier in owned extract
BD1003829,BD,FNRA,CA,no official OFR-to-CRD identifier in owned extract
BD0900757,BD,FNRA,PA,no official OFR-to-CRD identifier in owned extract
IA9914412,IA,SEC,CA,no official OFR-to-CRD identifier in owned extract
IA9906702,IA,SEC,TX,no official OFR-to-CRD identifier in owned extract
IA9907949,IA,FLA,GA,no official OFR-to-CRD identifier in owned extract
IA0902001,IA,SEC,LA,no official OFR-to-CRD identifier in owned extract
IA9912247,IA,SEC,,no official OFR-to-CRD identifier in owned extract
IA9915980,IA,SEC,MN,no official OFR-to-CRD identifier in owned extract
IA9916167,IA,FLA,CT,no official OFR-to-CRD identifier in owned extract
IA9914024,IA,SEC,MA,no official OFR-to-CRD identifier in owned extract
IA9907589,IA,SEC,,no official OFR-to-CRD identifier in owned extract
IA9908147,IA,SEC,MA,no official OFR-to-CRD identifier in owned extract
IA9915595,IA,SEC,TX,no official OFR-to-CRD identifier in owned extract
IA0900263,IA,SEC,NY,no official OFR-to-CRD identifier in owned extract
IA9912917,IA,SEC,OR,no official OFR-to-CRD identifier in owned extract
IA9914347,IA,SEC,NJ,no official OFR-to-CRD identifier in owned extract
IA9915744,IA,FLA,FL,no official OFR-to-CRD identifier in owned extract
IA0901577,IA,SEC,IN,no official OFR-to-CRD identifier in owned extract
IA9913870,IA,FLA,FL,no official OFR-to-CRD identifier in owned extract
IA9915284,IA,SEC,SC,no official OFR-to-CRD identifier in owned extract
BD0900885,BD,FNRA,NY,no official OFR-to-CRD identifier in owned extract
IA0900268,IA,SEC,OH,no official OFR-to-CRD identifier in owned extract
IA0903781,IA,FLA,FL,no official OFR-to-CRD identifier in owned extract
IA9906280,IA,SEC,CT,no official OFR-to-CRD identifier in owned extract
IA9913292,IA,SEC,FL,no official OFR-to-CRD identifier in owned extract
IA9917212,IA,SEC,CA,no official OFR-to-CRD identifier in owned extract
IA9914670,IA,SEC,OH,no official OFR-to-CRD identifier in owned extract
IA9917072,IA,FLA,GA,no official OFR-to-CRD identifier in owned extract
IA0903701,IA,SEC,TX,no official OFR-to-CRD identifier in owned extract
BD0900865,BD,FNRA,NY,no official OFR-to-CRD identifier in owned extract
IA9905016,IA,SEC,NY,no official OFR-to-CRD identifier in owned extract
IA9909517,IA,SEC,FL,no official OFR-to-CRD identifier in owned extract
IA9916999,IA,SEC,FL,no official OFR-to-CRD identifier in owned extract
IA9905118,IA,SEC,,no official OFR-to-CRD identifier in owned extract
IA9913175,IA,SEC,NE,no official OFR-to-CRD identifier in owned extract
IA9909918,IA,SEC,TN,no official OFR-to-CRD identifier in owned extract
IA9916851,IA,SEC,MO,no official OFR-to-CRD identifier in owned extract
IA9903829,IA,SEC,NV,no official OFR-to-CRD identifier in owned extract
IA9911678,IA,FLA,FL,no official OFR-to-CRD identifier in owned extract
IA9915303,IA,SEC,NY,no official OFR-to-CRD identifier in owned extract
IA9917449,IA,SEC,MI,no official OFR-to-CRD identifier in owned extract
IA9909226,IA,SEC,FL,no official OFR-to-CRD identifier in owned extract
IA9910103,IA,SEC,IL,no official OFR-to-CRD identifier in owned extract
BD1003459,BD,FNRA,NC,no official OFR-to-CRD identifier in owned extract
IA9906276,IA,SEC,GA,no official OFR-to-CRD identifier in owned extract
IA9908004,IA,FLA,FL,no official OFR-to-CRD identifier in owned extract
BD0901547,BD,FNRA,AZ,no official OFR-to-CRD identifier in owned extract
BD1003791,BD,FNRA,CA,no official OFR-to-CRD identifier in owned extract
IA9917174,IA,SEC,NY,no official OFR-to-CRD identifier in owned extract
IA9915404,IA,FLA,FL,no official OFR-to-CRD identifier in owned extract
IA0901984,IA,SEC,CT,no official OFR-to-CRD identifier in owned extract
BD1002950,BD,FNRA,MO,no official OFR-to-CRD identifier in owned extract
IA9904446,IA,SEC,MO,no official OFR-to-CRD identifier in owned extract
IA9910520,IA,SEC,MO,no official OFR-to-CRD identifier in owned extract
BD0900548,BD,FNRA,FL,no official OFR-to-CRD identifier in owned extract
IA9905945,IA,SEC,NY,no official OFR-to-CRD identifier in owned extract
IA9912248,IA,SEC,VT,no official OFR-to-CRD identifier in owned extract
IA9914131,IA,SEC,WA,no official OFR-to-CRD identifier in owned extract
IA9909644,IA,FLA,FL,no official OFR-to-CRD identifier in owned extract
IA9914413,IA,SEC,WA,no official OFR-to-CRD identifier in owned extract
BD1004436,BD,FNRA,NY,no official OFR-to-CRD identifier in owned extract
IA9915908,IA,SEC,NY,no official OFR-to-CRD identifier in owned extract
IA9915913,IA,FLA,FL,no official OFR-to-CRD identifier in owned extract
IA9913776,IA,FLA,FL,no official OFR-to-CRD identifier in owned extract
IA9916510,IA,SEC,FL,no official OFR-to-CRD identifier in owned extract
BD1003507,BD,FNRA,NY,no official OFR-to-CRD identifier in owned extract
IA9906114,IA,FLA,VA,no official OFR-to-CRD identifier in owned extract
IA9917579,IA,SEC,NJ,no official OFR-to-CRD identifier in owned extract
IA9911655,IA,SEC,MN,no official OFR-to-CRD identifier in owned extract
IA9915191,IA,FLA,FL,no official OFR-to-CRD identifier in owned extract
IA9907873,IA,SEC,GA,no official OFR-to-CRD identifier in owned extract
BD1003414,BD,FNRA,NY,no official OFR-to-CRD identifier in owned extract
IA0903790,IA,SEC,PA,no official OFR-to-CRD identifier in owned extract
BD0902564,BD,FNRA,NY,no official OFR-to-CRD identifier in owned extract
IA0902413,IA,SEC,MA,no official OFR-to-CRD identifier in owned extract
IA9916562,IA,SEC,MD,no official OFR-to-CRD identifier in owned extract
IA9911374,IA,SEC,NJ,no official OFR-to-CRD identifier in owned extract
IA9914414,IA,SEC,MI,no official OFR-to-CRD identifier in owned extract
IA0903821,IA,SEC,IL,no official OFR-to-CRD identifier in owned extract
BD0900467,BD,FNRA,IL,no official OFR-to-CRD identifier in owned extract
IA9909381,IA,SEC,PA,no official OFR-to-CRD identifier in owned extract
IA9916740,IA,SEC,WI,no official OFR-to-CRD identifier in owned extract
BD1004633,BD,FNRA,NY,no official OFR-to-CRD identifier in owned extract
IA9917450,IA,SEC,CA,no official OFR-to-CRD identifier in owned extract
IA0902156,IA,FLA,FL,no official OFR-to-CRD identifier in owned extract
BD0900547,BD,FNRA,IA,no official OFR-to-CRD identifier in owned extract
IA0901942,IA,SEC,IA,no official OFR-to-CRD identifier in owned extract
IA9909820,IA,SEC,CA,no official OFR-to-CRD identifier in owned extract
IA9912004,IA,SEC,NY,no official OFR-to-CRD identifier in owned extract
IA9915966,IA,FLA,FL,no official OFR-to-CRD identifier in owned extract
BD0901214,BD,FNRA,NY,no official OFR-to-CRD identifier in owned extract
IA9913774,IA,SEC,CO,no official OFR-to-CRD identifier in owned extract
BD1004402,BD,FNRA,CT,no official OFR-to-CRD identifier in owned extract
IA9908028,IA,SEC,FL,no official OFR-to-CRD identifier in owned extract
BD0901168,BD,FNRA,FL,no official OFR-to-CRD identifier in owned extract
BD1004574,BD,FNRA,CT,no official OFR-to-CRD identifier in owned extract
IA9916837,IA,FLA,MD,no official OFR-to-CRD identifier in owned extract
IA9914585,IA,SEC,FL,no official OFR-to-CRD identifier in owned extract
IA9904453,IA,SEC,NY,no official OFR-to-CRD identifier in owned extract
BD1004186,BD,FNRA,NJ,no official OFR-to-CRD identifier in owned extract
IA9913987,IA,SEC,CA,no official OFR-to-CRD identifier in owned extract
IA9913800,IA,SEC,GA,no official OFR-to-CRD identifier in owned extract
IA9909120,IA,FLA,FL,no official OFR-to-CRD identifier in owned extract
IA9906313,IA,SEC,IA,no official OFR-to-CRD identifier in owned extract
IA9905584,IA,SEC,,no official OFR-to-CRD identifier in owned extract
IA9915624,IA,SEC,TX,no official OFR-to-CRD identifier in owned extract
BD1003419,BD,FNRA,AZ,no official OFR-to-CRD identifier in owned extract
IA9909096,IA,SEC,CA,no official OFR-to-CRD identifier in owned extract
BD0902175,BD,FNRA,FL,no official OFR-to-CRD identifier in owned extract
IA9915684,IA,FLA,KS,no official OFR-to-CRD identifier in owned extract
BD0902041,BD,FNRA,NY,no official OFR-to-CRD identifier in owned extract
IA9910504,IA,SEC,MN,no official OFR-to-CRD identifier in owned extract
IA9914415,IA,SEC,NY,no official OFR-to-CRD identifier in owned extract
IA9914892,IA,SEC,FL,no official OFR-to-CRD identifier in owned extract
BD1004491,BD,FNRA,FL,no official OFR-to-CRD identifier in owned extract
IA9917734,IA,SEC,NY,no official OFR-to-CRD identifier in owned extract
IA9915552,IA,SEC,FL,no official OFR-to-CRD identifier in owned extract
BD1004687,BD,FNRA,MA,no official OFR-to-CRD identifier in owned extract
IA9916790,IA,SEC,CT,no official OFR-to-CRD identifier in owned extract
IA0903164,IA,SEC,AL,no official OFR-to-CRD identifier in owned extract
BD0902709,BD,FNRA,AL,no official OFR-to-CRD identifier in owned extract
IA0903536,IA,SEC,AL,no official OFR-to-CRD identifier in owned extract
BD0903040,BD,FNRA,FL,no official OFR-to-CRD identifier in owned extract
IA9905363,IA,FLA,FL,no official OFR-to-CRD identifier in owned extract
IA9914295,IA,FLA,FL,no official OFR-to-CRD identifier in owned extract
IA9917014,IA,SEC,FL,no official OFR-to-CRD identifier in owned extract
IA9917357,IA,SEC,FL,no official OFR-to-CRD identifier in owned extract
IA9914919,IA,FLA,FL,no official OFR-to-CRD identifier in owned extract
IA9916442,IA,SEC,SD,no official OFR-to-CRD identifier in owned extract
BD1003519,BD,FNRA,FL,no official OFR-to-CRD identifier in owned extract
IA9910376,IA,SEC,ME,no official OFR-to-CRD identifier in owned extract
IA0904026,IA,SEC,FL,no official OFR-to-CRD identifier in owned extract
IA9917253,IA,SEC,AZ,no official OFR-to-CRD identifier in owned extract
IA0902296,IA,SEC,PA,no official OFR-to-CRD identifier in owned extract
IA9914251,IA,SEC,FL,no official OFR-to-CRD identifier in owned extract
IA9917597,IA,FLA,FL,no official OFR-to-CRD identifier in owned extract
IA9907361,IA,SEC,NC,no official OFR-to-CRD identifier in owned extract
IA9907538,IA,SEC,AZ,no official OFR-to-CRD identifier in owned extract
IA9905894,IA,SEC,FL,no official OFR-to-CRD identifier in owned extract
IA9912583,IA,SEC,IA,no official OFR-to-CRD identifier in owned extract
IA0902222,IA,SEC,PA,no official OFR-to-CRD identifier in owned extract
IA9913173,IA,FLA,FL,no official OFR-to-CRD identifier in owned extract
IA9904321,IA,SEC,GA,no official OFR-to-CRD identifier in owned extract
IA9915885,IA,SEC,NH,no official OFR-to-CRD identifier in owned extract
IA0903619,IA,SEC,MA,no official OFR-to-CRD identifier in owned extract
IA9915727,IA,SEC,NY,no official OFR-to-CRD identifier in owned extract
IA0902046,IA,SEC,ME,no official OFR-to-CRD identifier in owned extract
IA9911448,IA,SEC,OH,no official OFR-to-CRD identifier in owned extract
IA9907176,IA,SEC,MN,no official OFR-to-CRD identifier in owned extract
IA9916691,IA,SEC,MD,no official OFR-to-CRD identifier in owned extract
IA0901042,IA,SEC,CT,no official OFR-to-CRD identifier in owned extract
BD0900168,BD,FNRA,FL,no official OFR-to-CRD identifier in owned extract
IA9908019,IA,SEC,IN,no official OFR-to-CRD identifier in owned extract
IA9911453,IA,SEC,PA,no official OFR-to-CRD identifier in owned extract
IA9914141,IA,FLA,FL,no official OFR-to-CRD identifier in owned extract
IA9913501,IA,SEC,CA,no official OFR-to-CRD identifier in owned extract
IA9917833,IA,SEC,OH,no official OFR-to-CRD identifier in owned extract
IA9911386,IA,SEC,GA,no official OFR-to-CRD identifier in owned extract
IA9914879,IA,FLA,FL,no official OFR-to-CRD identifier in owned extract
BD1004789,BD,FNRA,CT,no official OFR-to-CRD identifier in owned extract
BD1004719,BD,FNRA,CA,no official OFR-to-CRD identifier in owned extract
IA9914416,IA,SEC,WI,no official OFR-to-CRD identifier in owned extract
IA9915733,IA,FLA,DE,no official OFR-to-CRD identifier in owned extract
IA9905373,IA,SEC,NJ,no official OFR-to-CRD identifier in owned extract
IA9912080,IA,FLA,FL,no official OFR-to-CRD identifier in owned extract
IA9911545,IA,SEC,FL,no official OFR-to-CRD identifier in owned extract
IA9908734,IA,SEC,MD,no official OFR-to-CRD identifier in owned extract
IA9916409,IA,SEC,NJ,no official OFR-to-CRD identifier in owned extract
IA9915797,IA,SEC,FL,no official OFR-to-CRD identifier in owned extract
IA9915639,IA,FLA,IL,no official OFR-to-CRD identifier in owned extract
IA9916231,IA,SEC,TX,no official OFR-to-CRD identifier in owned extract
IA9916016,IA,FLA,IA,no official OFR-to-CRD identifier in owned extract
IA9909423,IA,FLA,FL,no official OFR-to-CRD identifier in owned extract
IA9913045,IA,SEC,CO,no official OFR-to-CRD identifier in owned extract
IA9914616,IA,SEC,FL,no official OFR-to-CRD identifier in owned extract
IA9910188,IA,SEC,NY,no official OFR-to-CRD identifier in owned extract
IA9912555,IA,SEC,WI,no official OFR-to-CRD identifier in owned extract
IA9908543,IA,SEC,NY,no official OFR-to-CRD identifier in owned extract
IA9905873,IA,SEC,,no official OFR-to-CRD identifier in owned extract
IA9909837,IA,SEC,NY,no official OFR-to-CRD identifier in owned extract
IA9906220,IA,SEC,,no official OFR-to-CRD identifier in owned extract
IA9906611,IA,SEC,,no official OFR-to-CRD identifier in owned extract
IA0901969,IA,SEC,DE,no official OFR-to-CRD identifier in owned extract
BD0901194,BD,FNRA,NY,no official OFR-to-CRD identifier in owned extract
IA0903081,IA,SEC,NY,no official OFR-to-CRD identifier in owned extract
IA9909830,IA,SEC,CA,no official OFR-to-CRD identifier in owned extract
IA9903902,IA,SEC,,no official OFR-to-CRD identifier in owned extract
IA0903239,IA,SEC,NJ,no official OFR-to-CRD identifier in owned extract
BD0901319,BD,FNRA,NY,no official OFR-to-CRD identifier in owned extract
IA9909839,IA,SEC,NY,no official OFR-to-CRD identifier in owned extract
IA9909673,IA,SEC,FL,no official OFR-to-CRD identifier in owned extract
BD0900506,BD,FNRA,NY,no official OFR-to-CRD identifier in owned extract
IA9909337,IA,SEC,FL,no official OFR-to-CRD identifier in owned extract
IA9916848,IA,FLA,FL,no official OFR-to-CRD identifier in owned extract
IA9914684,IA,SEC,OH,no official OFR-to-CRD identifier in owned extract
IA9914660,IA,SEC,AZ,no official OFR-to-CRD identifier in owned extract
IA9916935,IA,SEC,FL,no official OFR-to-CRD identifier in owned extract
IA9908262,IA,FLA,FL,no official OFR-to-CRD identifier in owned extract
BD1002962,BD,FNRA,NY,no official OFR-to-CRD identifier in owned extract
IA0903002,IA,SEC,PA,no official OFR-to-CRD identifier in owned extract
IA9916503,IA,FLA,KS,no official OFR-to-CRD identifier in owned extract
IA9913156,IA,SEC,NJ,no official OFR-to-CRD identifier in owned extract
BD1004389,BD,FNRA,TX,no official OFR-to-CRD identifier in owned extract
BD1004420,BD,FNRA,NY,no official OFR-to-CRD identifier in owned extract
IA9906502,IA,SEC,MI,no official OFR-to-CRD identifier in owned extract
IA9913680,IA,SEC,CA,no official OFR-to-CRD identifier in owned extract
IA9913286,IA,FLA,FL,no official OFR-to-CRD identifier in owned extract
BD1003971,BD,FNRA,FL,no official OFR-to-CRD identifier in owned extract
BD1004603,BD,FNRA,,no official OFR-to-CRD identifier in owned extract
BD0901344,BD,FNRA,NY,no official OFR-to-CRD identifier in owned extract
IA9913871,IA,FLA,FL,no official OFR-to-CRD identifier in owned extract
IA9915440,IA,SEC,UT,no official OFR-to-CRD identifier in owned extract
IA0903006,IA,SEC,PA,no official OFR-to-CRD identifier in owned extract
IA9917837,IA,SEC,RI,no official OFR-to-CRD identifier in owned extract
IA9910375,IA,SEC,MI,no official OFR-to-CRD identifier in owned extract
IA9914121,IA,FLA,FL,no official OFR-to-CRD identifier in owned extract
IA9916068,IA,SEC,MD,no official OFR-to-CRD identifier in owned extract
BD1004713,BD,FNRA,NY,no official OFR-to-CRD identifier in owned extract
IA0902792,IA,SEC,RI,no official OFR-to-CRD identifier in owned extract
IA9917520,IA,SEC,SC,no official OFR-to-CRD identifier in owned extract
IA9917143,IA,SEC,IL,no official OFR-to-CRD identifier in owned extract
IA9917580,IA,SEC,NY,no official OFR-to-CRD identifier in owned extract
IA9915172,IA,FLA,FL,no official OFR-to-CRD identifier in owned extract
IA9913414,IA,SEC,FL,no official OFR-to-CRD identifier in owned extract
IA9913766,IA,FLA,FL,no official OFR-to-CRD identifier in owned extract
IA9917024,IA,SEC,OH,no official OFR-to-CRD identifier in owned extract
IA9916632,IA,SEC,NY,no official OFR-to-CRD identifier in owned extract
IA9917231,IA,SEC,IL,no official OFR-to-CRD identifier in owned extract
IA9911246,IA,FLA,FL,no official OFR-to-CRD identifier in owned extract
BD1004768,BD,FNRA,FL,no official OFR-to-CRD identifier in owned extract
IA9908594,IA,FLA,FL,no official OFR-to-CRD identifier in owned extract
IA9916703,IA,SEC,NY,no official OFR-to-CRD identifier in owned extract
IA9917451,IA,SEC,NY,no official OFR-to-CRD identifier in owned extract
IA9917452,IA,SEC,NY,no official OFR-to-CRD identifier in owned extract
IA9917453,IA,SEC,NY,no official OFR-to-CRD identifier in owned extract
IA9917454,IA,SEC,NY,no official OFR-to-CRD identifier in owned extract
BD1003948,BD,FNRA,NY,no official OFR-to-CRD identifier in owned extract
IA9917455,IA,SEC,NY,no official OFR-to-CRD identifier in owned extract
IA9917456,IA,SEC,NY,no official OFR-to-CRD identifier in owned extract
IA9917457,IA,SEC,NY,no official OFR-to-CRD identifier in owned extract
IA9916592,IA,SEC,ME,no official OFR-to-CRD identifier in owned extract
IA9916708,IA,FLA,FL,no official OFR-to-CRD identifier in owned extract
IA9906630,IA,SEC,FL,no official OFR-to-CRD identifier in owned extract
IA9915111,IA,SEC,CA,no official OFR-to-CRD identifier in owned extract
IA9910945,IA,SEC,NY,no official OFR-to-CRD identifier in owned extract
IA9916636,IA,SEC,FL,no official OFR-to-CRD identifier in owned extract
BD0902433,BD,FNRA,IL,no official OFR-to-CRD identifier in owned extract
IA9909286,IA,SEC,FL,no official OFR-to-CRD identifier in owned extract
IA9913046,IA,SEC,MI,no official OFR-to-CRD identifier in owned extract
IA9912709,IA,FLA,PA,no official OFR-to-CRD identifier in owned extract
IA9916451,IA,SEC,NC,no official OFR-to-CRD identifier in owned extract
IA9913424,IA,SEC,CA,no official OFR-to-CRD identifier in owned extract
IA9916659,IA,SEC,,no official OFR-to-CRD identifier in owned extract
IA9914130,IA,SEC,GA,no official OFR-to-CRD identifier in owned extract
IA9916797,IA,SEC,MA,no official OFR-to-CRD identifier in owned extract
IA9903980,IA,FLA,FL,no official OFR-to-CRD identifier in owned extract
IA9914152,IA,SEC,NH,no official OFR-to-CRD identifier in owned extract
IA9915651,IA,FLA,FL,no official OFR-to-CRD identifier in owned extract
IA9913988,IA,SEC,NC,no official OFR-to-CRD identifier in owned extract
IA9910305,IA,SEC,NC,no official OFR-to-CRD identifier in owned extract
IA9917126,IA,SEC,FL,no official OFR-to-CRD identifier in owned extract
IA9914548,IA,SEC,MD,no official OFR-to-CRD identifier in owned extract
IA9913061,IA,SEC,FL,no official OFR-to-CRD identifier in owned extract
BD1003042,BD,FNRA,NY,no official OFR-to-CRD identifier in owned extract
IA9911921,IA,FLA,VA,no official OFR-to-CRD identifier in owned extract
IA9908156,IA,SEC,NC,no official OFR-to-CRD identifier in owned extract
IA9905676,IA,FLA,FL,no official OFR-to-CRD identifier in owned extract
IA9911139,IA,SEC,PA,no official OFR-to-CRD identifier in owned extract
IA9905280,IA,SEC,TX,no official OFR-to-CRD identifier in owned extract
IA9914227,IA,SEC,MN,no official OFR-to-CRD identifier in owned extract
BD1004648,BD,FNRA,NY,no official OFR-to-CRD identifier in owned extract
IA9917709,IA,SEC,NJ,no official OFR-to-CRD identifier in owned extract
IA9915407,IA,FLA,FL,no official OFR-to-CRD identifier in owned extract
IA9914381,IA,SEC,CA,no official OFR-to-CRD identifier in owned extract
IA9914077,IA,SEC,KY,no official OFR-to-CRD identifier in owned extract
IA9912862,IA,FLA,FL,no official OFR-to-CRD identifier in owned extract
BD1004818,BD,FNRA,MA,no official OFR-to-CRD identifier in owned extract
BD0900681,BD,FNRA,NY,no official OFR-to-CRD identifier in owned extract
IA9912063,IA,SEC,IL,no official OFR-to-CRD identifier in owned extract
BD1003975,BD,CAN,ON,no official OFR-to-CRD identifier in owned extract
BD0900052,BD,CAN,ZZ,no official OFR-to-CRD identifier in owned extract
BD0901427,BD,FNRA,,no official OFR-to-CRD identifier in owned extract
IA9911227,IA,SEC,,no official OFR-to-CRD identifier in owned extract
IA9908893,IA,SEC,,no official OFR-to-CRD identifier in owned extract
IA9910780,IA,FLA,FL,no official OFR-to-CRD identifier in owned extract
BD1003869,BD,FNRA,NY,no official OFR-to-CRD identifier in owned extract
IA9911685,IA,SEC,AL,no official OFR-to-CRD identifier in owned extract
IA9917260,IA,SEC,SC,no official OFR-to-CRD identifier in owned extract
IA9907524,IA,SEC,MD,no official OFR-to-CRD identifier in owned extract
IA9914931,IA,SEC,OR,no official OFR-to-CRD identifier in owned extract
BD0900588,BD,FNRA,NY,no official OFR-to-CRD identifier in owned extract
IA0901270,IA,SEC,NY,no official OFR-to-CRD identifier in owned extract
BD0900970,BD,FNRA,NY,no official OFR-to-CRD identifier in owned extract
BD0900134,BD,FNRA,NY,no official OFR-to-CRD identifier in owned extract
IA0901706,IA,SEC,NY,no official OFR-to-CRD identifier in owned extract
IA9911679,IA,FLA,FL,no official OFR-to-CRD identifier in owned extract
IA0901105,IA,SEC,FL,no official OFR-to-CRD identifier in owned extract
IA9907232,IA,FLA,NJ,no official OFR-to-CRD identifier in owned extract
BD1004104,BD,FNRA,NY,no official OFR-to-CRD identifier in owned extract
IA9908505,IA,SEC,VA,no official OFR-to-CRD identifier in owned extract
IA9914801,IA,FLA,FL,no official OFR-to-CRD identifier in owned extract
IA0903379,IA,SEC,CO,no official OFR-to-CRD identifier in owned extract
BD0901497,BD,FNRA,OK,no official OFR-to-CRD identifier in owned extract
IA0904194,IA,SEC,OK,no official OFR-to-CRD identifier in owned extract
BD0901002,BD,FNRA,MA,no official OFR-to-CRD identifier in owned extract
IA0903177,IA,SEC,MA,no official OFR-to-CRD identifier in owned extract
BD1003523,BD,FNRA,MA,no official OFR-to-CRD identifier in owned extract
IA9908632,IA,SEC,MN,no official OFR-to-CRD identifier in owned extract
IA9910140,IA,FLA,MA,no official OFR-to-CRD identifier in owned extract
IA9916564,IA,SEC,OH,no official OFR-to-CRD identifier in owned extract
IA9911023,IA,SEC,NY,no official OFR-to-CRD identifier in owned extract
IA9912110,IA,SEC,CO,no official OFR-to-CRD identifier in owned extract
IA9917159,IA,SEC,CA,no official OFR-to-CRD identifier in owned extract
IA9909892,IA,SEC,MD,no official OFR-to-CRD identifier in owned extract
IA9910236,IA,FLA,VA,no official OFR-to-CRD identifier in owned extract
BD0902312,BD,FNRA,CT,no official OFR-to-CRD identifier in owned extract
IA9914717,IA,SEC,GA,no official OFR-to-CRD identifier in owned extract
IA9915932,IA,SEC,DE,no official OFR-to-CRD identifier in owned extract
IA9916555,IA,SEC,MA,no official OFR-to-CRD identifier in owned extract
IA9914891,IA,SEC,FL,no official OFR-to-CRD identifier in owned extract
IA9914838,IA,SEC,PA,no official OFR-to-CRD identifier in owned extract
IA9917519,IA,FLA,WI,no official OFR-to-CRD identifier in owned extract
IA9906748,IA,FLA,FL,no official OFR-to-CRD identifier in owned extract
IA9907852,IA,FLA,MA,no official OFR-to-CRD identifier in owned extract
IA9913330,IA,SEC,IL,no official OFR-to-CRD identifier in owned extract
IA9904957,IA,SEC,MA,no official OFR-to-CRD identifier in owned extract
IA9907695,IA,SEC,MA,no official OFR-to-CRD identifier in owned extract
IA0901995,IA,SEC,MA,no official OFR-to-CRD identifier in owned extract
BD0900200,BD,FNRA,MA,no official OFR-to-CRD identifier in owned extract
IA0900924,IA,SEC,MA,no official OFR-to-CRD identifier in owned extract
IA9910108,IA,SEC,MA,no official OFR-to-CRD identifier in owned extract
IA9915658,IA,SEC,MA,no official OFR-to-CRD identifier in owned extract
IA9904736,IA,SEC,NY,no official OFR-to-CRD identifier in owned extract
IA0902882,IA,SEC,MN,no official OFR-to-CRD identifier in owned extract
IA9904176,IA,FLA,FL,no official OFR-to-CRD identifier in owned extract
IA9915394,IA,SEC,RI,no official OFR-to-CRD identifier in owned extract
IA9907355,IA,SEC,CT,no official OFR-to-CRD identifier in owned extract
IA9907031,IA,SEC,NY,no official OFR-to-CRD identifier in owned extract
BD1004355,BD,FNRA,CA,no official OFR-to-CRD identifier in owned extract
BD1003274,BD,FNRA,CA,no official OFR-to-CRD identifier in owned extract
IA9907073,IA,SEC,PA,no official OFR-to-CRD identifier in owned extract
IA0900269,IA,SEC,FL,no official OFR-to-CRD identifier in owned extract
BD1003589,BD,FNRA,MA,no official OFR-to-CRD identifier in owned extract
IA9907515,IA,FLA,MD,no official OFR-to-CRD identifier in owned extract
IA9907036,IA,SEC,NV,no official OFR-to-CRD identifier in owned extract
BD1003509,BD,FNRA,NY,no official OFR-to-CRD identifier in owned extract
IA9910669,IA,SEC,NY,no official OFR-to-CRD identifier in owned extract
IA9912345,IA,SEC,NY,no official OFR-to-CRD identifier in owned extract
IA0901300,IA,SEC,OH,no official OFR-to-CRD identifier in owned extract
IA9909990,IA,SEC,CA,no official OFR-to-CRD identifier in owned extract
IA9907251,IA,SEC,IA,no official OFR-to-CRD identifier in owned extract
IA9910908,IA,SEC,FL,no official OFR-to-CRD identifier in owned extract
IA9916884,IA,SEC,MN,no official OFR-to-CRD identifier in owned extract
IA9911664,IA,SEC,NY,no official OFR-to-CRD identifier in owned extract
BD1004777,BD,FNRA,FL,no official OFR-to-CRD identifier in owned extract
IA9914839,IA,SEC,CA,no official OFR-to-CRD identifier in owned extract
IA9916867,IA,SEC,NJ,no official OFR-to-CRD identifier in owned extract
IA0901028,IA,SEC,OH,no official OFR-to-CRD identifier in owned extract
IA9911812,IA,SEC,FL,no official OFR-to-CRD identifier in owned extract
IA9915262,IA,SEC,NY,no official OFR-to-CRD identifier in owned extract
IA9913358,IA,SEC,FL,no official OFR-to-CRD identifier in owned extract
BD0900528,BD,FNRA,FL,no official OFR-to-CRD identifier in owned extract
IA9904376,IA,SEC,IA,no official OFR-to-CRD identifier in owned extract
IA9914285,IA,SEC,FL,no official OFR-to-CRD identifier in owned extract
IA0900883,IA,SEC,CT,no official OFR-to-CRD identifier in owned extract
IA9916787,IA,FLA,GA,no official OFR-to-CRD identifier in owned extract
IA9915005,IA,SEC,AZ,no official OFR-to-CRD identifier in owned extract
BD1004259,BD,FNRA,NY,no official OFR-to-CRD identifier in owned extract
IA9916712,IA,SEC,MO,no official OFR-to-CRD identifier in owned extract
IA9915921,IA,SEC,ND,no official OFR-to-CRD identifier in owned extract
IA9913266,IA,SEC,MI,no official OFR-to-CRD identifier in owned extract
IA9911694,IA,SEC,NC,no official OFR-to-CRD identifier in owned extract
IA9917193,IA,FLA,FL,no official OFR-to-CRD identifier in owned extract
IA9910717,IA,SEC,FL,no official OFR-to-CRD identifier in owned extract
IA9909183,IA,SEC,FL,no official OFR-to-CRD identifier in owned extract
IA0904208,IA,SEC,MO,no official OFR-to-CRD identifier in owned extract
IA0900471,IA,SEC,CA,no official OFR-to-CRD identifier in owned extract
IA0903229,IA,SEC,TN,no official OFR-to-CRD identifier in owned extract
IA0900569,IA,SEC,PA,no official OFR-to-CRD identifier in owned extract
IA9910353,IA,SEC,PA,no official OFR-to-CRD identifier in owned extract
IA9917362,IA,SEC,TX,no official OFR-to-CRD identifier in owned extract
IA9916939,IA,SEC,NY,no official OFR-to-CRD identifier in owned extract
BD1003831,BD,FNRA,FL,no official OFR-to-CRD identifier in owned extract
IA9916472,IA,FLA,VA,no official OFR-to-CRD identifier in owned extract
BD1003297,BD,FNRA,MA,no official OFR-to-CRD identifier in owned extract
IA9913026,IA,SEC,PA,no official OFR-to-CRD identifier in owned extract
IA0902986,IA,SEC,NJ,no official OFR-to-CRD identifier in owned extract
IA9914737,IA,SEC,NJ,no official OFR-to-CRD identifier in owned extract
IA9905424,IA,FLA,FL,no official OFR-to-CRD identifier in owned extract
IA9914895,IA,SEC,RI,no official OFR-to-CRD identifier in owned extract
IA9914004,IA,SEC,NJ,no official OFR-to-CRD identifier in owned extract
BD0900646,BD,FNRA,NY,no official OFR-to-CRD identifier in owned extract
IA0901284,IA,SEC,MA,no official OFR-to-CRD identifier in owned extract
IA9917700,IA,SEC,MO,no official OFR-to-CRD identifier in owned extract
BD1004012,BD,FNRA,NY,no official OFR-to-CRD identifier in owned extract
IA9914811,IA,SEC,,no official OFR-to-CRD identifier in owned extract
IA9909889,IA,SEC,NH,no official OFR-to-CRD identifier in owned extract
IA9917053,IA,FLA,CT,no official OFR-to-CRD identifier in owned extract
IA9912783,IA,SEC,IL,no official OFR-to-CRD identifier in owned extract
BD1003033,BD,FNRA,NY,no official OFR-to-CRD identifier in owned extract
BD1004240,BD,FNRA,UT,no official OFR-to-CRD identifier in owned extract
IA9916998,IA,SEC,FL,no official OFR-to-CRD identifier in owned extract
IA9909130,IA,SEC,TX,no official OFR-to-CRD identifier in owned extract
IA9916406,IA,FLA,FL,no official OFR-to-CRD identifier in owned extract
IA0901047,IA,SEC,PA,no official OFR-to-CRD identifier in owned extract
IA9908572,IA,FLA,FL,no official OFR-to-CRD identifier in owned extract
IA0903433,IA,FLA,FL,no official OFR-to-CRD identifier in owned extract
IA9916522,IA,FLA,FL,no official OFR-to-CRD identifier in owned extract
IA9915619,IA,SEC,FL,no official OFR-to-CRD identifier in owned extract
IA9906691,IA,SEC,UT,no official OFR-to-CRD identifier in owned extract
IA9911702,IA,SEC,FL,no official OFR-to-CRD identifier in owned extract
IA9916852,IA,SEC,CT,no official OFR-to-CRD identifier in owned extract
IA9914524,IA,SEC,AZ,no official OFR-to-CRD identifier in owned extract
IA9914248,IA,SEC,FL,no official OFR-to-CRD identifier in owned extract
IA9911128,IA,SEC,NE,no official OFR-to-CRD identifier in owned extract
IA0902010,IA,SEC,NY,no official OFR-to-CRD identifier in owned extract
IA9909661,IA,SEC,MO,no official OFR-to-CRD identifier in owned extract
IA9914693,IA,SEC,IA,no official OFR-to-CRD identifier in owned extract
IA9909541,IA,FLA,IL,no official OFR-to-CRD identifier in owned extract
IA9912046,IA,SEC,CT,no official OFR-to-CRD identifier in owned extract
IA9915080,IA,SEC,MN,no official OFR-to-CRD identifier in owned extract
IA9915785,IA,FLA,FL,no official OFR-to-CRD identifier in owned extract
IA9908159,IA,SEC,MI,no official OFR-to-CRD identifier in owned extract
IA9909939,IA,SEC,NY,no official OFR-to-CRD identifier in owned extract
BD1004698,BD,FNRA,NY,no official OFR-to-CRD identifier in owned extract
IA9916859,IA,SEC,VA,no official OFR-to-CRD identifier in owned extract
IA0902846,IA,SEC,NC,no official OFR-to-CRD identifier in owned extract
BD1003944,BD,FNRA,NC,no official OFR-to-CRD identifier in owned extract
IA9913105,IA,SEC,FL,no official OFR-to-CRD identifier in owned extract
IA9904722,IA,SEC,WA,no official OFR-to-CRD identifier in owned extract
BD0901290,BD,FNRA,NY,no official OFR-to-CRD identifier in owned extract
IA9910214,IA,SEC,NY,no official OFR-to-CRD identifier in owned extract
IA9914673,IA,FLA,FL,no official OFR-to-CRD identifier in owned extract
IA9916196,IA,FLA,MD,no official OFR-to-CRD identifier in owned extract
IA9911357,IA,SEC,CA,no official OFR-to-CRD identifier in owned extract
IA9916812,IA,SEC,FL,no official OFR-to-CRD identifier in owned extract
IA9912040,IA,SEC,NY,no official OFR-to-CRD identifier in owned extract
IA9909141,IA,SEC,FL,no official OFR-to-CRD identifier in owned extract
BD0901559,BD,FNRA,PA,no official OFR-to-CRD identifier in owned extract
IA9914078,IA,SEC,CA,no official OFR-to-CRD identifier in owned extract
IA0902655,IA,FLA,MA,no official OFR-to-CRD identifier in owned extract
IA9913639,IA,SEC,,no official OFR-to-CRD identifier in owned extract
BD0902297,BD,FNRA,CO,no official OFR-to-CRD identifier in owned extract
IA9909234,IA,SEC,NY,no official OFR-to-CRD identifier in owned extract
IA0903980,IA,FLA,FL,no official OFR-to-CRD identifier in owned extract
IA9908818,IA,SEC,VA,no official OFR-to-CRD identifier in owned extract
BD1003966,BD,FNRA,IN,no official OFR-to-CRD identifier in owned extract
IA9912639,IA,SEC,FL,no official OFR-to-CRD identifier in owned extract
IA9916916,IA,FLA,FL,no official OFR-to-CRD identifier in owned extract
BD1003958,BD,FNRA,IL,no official OFR-to-CRD identifier in owned extract
IA9904498,IA,SEC,OH,no official OFR-to-CRD identifier in owned extract
IA9903725,IA,FLA,FL,no official OFR-to-CRD identifier in owned extract
IA9915524,IA,FLA,FL,no official OFR-to-CRD identifier in owned extract
BD0901968,BD,FNRA,FL,no official OFR-to-CRD identifier in owned extract
IA0902188,IA,FLA,FL,no official OFR-to-CRD identifier in owned extract
IA9907673,IA,SEC,WI,no official OFR-to-CRD identifier in owned extract
IA9914138,IA,SEC,NY,no official OFR-to-CRD identifier in owned extract
IA9910618,IA,SEC,TN,no official OFR-to-CRD identifier in owned extract
IA0900804,IA,FLA,TX,no official OFR-to-CRD identifier in owned extract
BD1003192,BD,FNRA,NY,no official OFR-to-CRD identifier in owned extract
BD1004375,BD,FNRA,NY,no official OFR-to-CRD identifier in owned extract
IA9910652,IA,SEC,NY,no official OFR-to-CRD identifier in owned extract
BD1004705,BD,FNRA,NY,no official OFR-to-CRD identifier in owned extract
BD1003914,BD,FNRA,CA,no official OFR-to-CRD identifier in owned extract
BD0900438,BD,FNRA,AZ,no official OFR-to-CRD identifier in owned extract
IA9911123,IA,SEC,AL,no official OFR-to-CRD identifier in owned extract
IA9915231,IA,SEC,NY,no official OFR-to-CRD identifier in owned extract
IA9905800,IA,SEC,TX,no official OFR-to-CRD identifier in owned extract
IA0902282,IA,FLA,FL,no official OFR-to-CRD identifier in owned extract
IA9913754,IA,SEC,NY,no official OFR-to-CRD identifier in owned extract
IA0903661,IA,SEC,IL,no official OFR-to-CRD identifier in owned extract
IA9906661,IA,SEC,IL,no official OFR-to-CRD identifier in owned extract
IA9914203,IA,SEC,AZ,no official OFR-to-CRD identifier in owned extract
BD0901055,BD,FNRA,MA,no official OFR-to-CRD identifier in owned extract
IA9906722,IA,SEC,NH,no official OFR-to-CRD identifier in owned extract
IA9911404,IA,SEC,VA,no official OFR-to-CRD identifier in owned extract
IA0900876,IA,SEC,MD,no official OFR-to-CRD identifier in owned extract
BD0900808,BD,FNRA,TX,no official OFR-to-CRD identifier in owned extract
BD0900341,BD,FNRA,TN,no official OFR-to-CRD identifier in owned extract
IA9917079,IA,SEC,NY,no official OFR-to-CRD identifier in owned extract
BD1003895,BD,FNRA,NY,no official OFR-to-CRD identifier in owned extract
IA9911749,IA,SEC,OH,no official OFR-to-CRD identifier in owned extract
IA9915304,IA,SEC,AL,no official OFR-to-CRD identifier in owned extract
IA9914476,IA,SEC,IL,no official OFR-to-CRD identifier in owned extract
BD0900722,BD,FNRA,RI,no official OFR-to-CRD identifier in owned extract
IA9913068,IA,SEC,RI,no official OFR-to-CRD identifier in owned extract
IA9907166,IA,SEC,IL,no official OFR-to-CRD identifier in owned extract
BD1004493,BD,FNRA,NY,no official OFR-to-CRD identifier in owned extract
IA9917218,IA,FLA,CA,no official OFR-to-CRD identifier in owned extract
IA0900701,IA,SEC,CO,no official OFR-to-CRD identifier in owned extract
IA9909802,IA,SEC,PA,no official OFR-to-CRD identifier in owned extract
IA9912123,IA,SEC,NY,no official OFR-to-CRD identifier in owned extract
IA9908695,IA,SEC,PA,no official OFR-to-CRD identifier in owned extract
BD1004249,BD,FNRA,TN,no official OFR-to-CRD identifier in owned extract
BD1004751,BD,FNRA,GA,no official OFR-to-CRD identifier in owned extract
IA9915349,IA,SEC,NY,no official OFR-to-CRD identifier in owned extract
IA9914225,IA,SEC,NY,no official OFR-to-CRD identifier in owned extract
IA9910792,IA,SEC,CO,no official OFR-to-CRD identifier in owned extract
IA9917107,IA,FLA,FL,no official OFR-to-CRD identifier in owned extract
IA9906929,IA,SEC,NY,no official OFR-to-CRD identifier in owned extract
BD1003444,BD,FNRA,NY,no official OFR-to-CRD identifier in owned extract
BD0902377,BD,FNRA,CA,no official OFR-to-CRD identifier in owned extract
IA0900282,IA,SEC,MA,no official OFR-to-CRD identifier in owned extract
BD0901299,BD,FNRA,MA,no official OFR-to-CRD identifier in owned extract
IA9914302,IA,SEC,VA,no official OFR-to-CRD identifier in owned extract
IA9914005,IA,SEC,CO,no official OFR-to-CRD identifier in owned extract
IA9915547,IA,SEC,FL,no official OFR-to-CRD identifier in owned extract
IA0902330,IA,SEC,GA,no official OFR-to-CRD identifier in owned extract
BD1003988,BD,FNRA,CT,no official OFR-to-CRD identifier in owned extract
IA9909180,IA,SEC,FL,no official OFR-to-CRD identifier in owned extract
IA9913769,IA,FLA,FL,no official OFR-to-CRD identifier in owned extract
IA0902582,IA,SEC,NJ,no official OFR-to-CRD identifier in owned extract
BD0900770,BD,FNRA,NJ,no official OFR-to-CRD identifier in owned extract
BD0902243,BD,FNRA,NY,no official OFR-to-CRD identifier in owned extract
IA9909242,IA,SEC,NY,no official OFR-to-CRD identifier in owned extract
BD0900829,BD,FNRA,CT,no official OFR-to-CRD identifier in owned extract
IA9916775,IA,SEC,NY,no official OFR-to-CRD identifier in owned extract
IA9914694,IA,SEC,NY,no official OFR-to-CRD identifier in owned extract
IA9913180,IA,FLA,PA,no official OFR-to-CRD identifier in owned extract
IA9906399,IA,FLA,NC,no official OFR-to-CRD identifier in owned extract
IA9914030,IA,FLA,FL,no official OFR-to-CRD identifier in owned extract
IA9915519,IA,SEC,IL,no official OFR-to-CRD identifier in owned extract
BD1004753,BD,FNRA,CA,no official OFR-to-CRD identifier in owned extract
IA0900291,IA,SEC,GA,no official OFR-to-CRD identifier in owned extract
IA9914178,IA,FLA,FL,no official OFR-to-CRD identifier in owned extract
IA9905654,IA,FLA,FL,no official OFR-to-CRD identifier in owned extract
IA9909688,IA,FLA,VA,no official OFR-to-CRD identifier in owned extract
IA9914769,IA,SEC,MD,no official OFR-to-CRD identifier in owned extract
IA9909547,IA,FLA,FL,no official OFR-to-CRD identifier in owned extract
BD1003909,BD,FNRA,FL,no official OFR-to-CRD identifier in owned extract
IA9913886,IA,FLA,VA,no official OFR-to-CRD identifier in owned extract
IA9910798,IA,SEC,GA,no official OFR-to-CRD identifier in owned extract
IA9910706,IA,SEC,NJ,no official OFR-to-CRD identifier in owned extract
IA9917039,IA,SEC,,no official OFR-to-CRD identifier in owned extract
IA9911915,IA,FLA,OH,no official OFR-to-CRD identifier in owned extract
IA9916780,IA,SEC,NY,no official OFR-to-CRD identifier in owned extract
IA9912435,IA,SEC,OH,no official OFR-to-CRD identifier in owned extract
IA0904096,IA,SEC,FL,no official OFR-to-CRD identifier in owned extract
BD0902762,BD,FNRA,FL,no official OFR-to-CRD identifier in owned extract
IA9914054,IA,SEC,FL,no official OFR-to-CRD identifier in owned extract
IA9916524,IA,SEC,FL,no official OFR-to-CRD identifier in owned extract
BD1004642,BD,FNRA,NC,no official OFR-to-CRD identifier in owned extract
BD0901756,BD,FNRA,MO,no official OFR-to-CRD identifier in owned extract
IA9913426,IA,SEC,IL,no official OFR-to-CRD identifier in owned extract
IA9905134,IA,FLA,FL,no official OFR-to-CRD identifier in owned extract
IA0900357,IA,SEC,FL,no official OFR-to-CRD identifier in owned extract
IA9905026,IA,FLA,FL,no official OFR-to-CRD identifier in owned extract
IA9909543,IA,FLA,FL,no official OFR-to-CRD identifier in owned extract
IA9909807,IA,SEC,SC,no official OFR-to-CRD identifier in owned extract
IA9913217,IA,SEC,DC,no official OFR-to-CRD identifier in owned extract
IA0903677,IA,FLA,FL,no official OFR-to-CRD identifier in owned extract
IA9915994,IA,SEC,IL,no official OFR-to-CRD identifier in owned extract
IA9916258,IA,SEC,CT,no official OFR-to-CRD identifier in owned extract
IA9905465,IA,FLA,FL,no official OFR-to-CRD identifier in owned extract
IA0900571,IA,SEC,NY,no official OFR-to-CRD identifier in owned extract
IA9903895,IA,SEC,NY,no official OFR-to-CRD identifier in owned extract
IA9908809,IA,SEC,CA,no official OFR-to-CRD identifier in owned extract
IA9904560,IA,SEC,IL,no official OFR-to-CRD identifier in owned extract
IA9910195,IA,FLA,FL,no official OFR-to-CRD identifier in owned extract
IA9910857,IA,SEC,GA,no official OFR-to-CRD identifier in owned extract
IA9916570,IA,FLA,WA,no official OFR-to-CRD identifier in owned extract
IA9917077,IA,SEC,NC,no official OFR-to-CRD identifier in owned extract
IA9915118,IA,SEC,WI,no official OFR-to-CRD identifier in owned extract
IA0900895,IA,SEC,FL,no official OFR-to-CRD identifier in owned extract
BD0902876,BD,FNRA,NY,no official OFR-to-CRD identifier in owned extract
IA9911094,IA,SEC,AZ,no official OFR-to-CRD identifier in owned extract
IA9911537,IA,SEC,MD,no official OFR-to-CRD identifier in owned extract
IA9916374,IA,SEC,MO,no official OFR-to-CRD identifier in owned extract
BD0900754,BD,FNRA,WI,no official OFR-to-CRD identifier in owned extract
BD1004029,BD,FNRA,TX,no official OFR-to-CRD identifier in owned extract
IA9916109,IA,FLA,AL,no official OFR-to-CRD identifier in owned extract
IA9911805,IA,FLA,AZ,no official OFR-to-CRD identifier in owned extract
IA9917711,IA,FLA,NC,no official OFR-to-CRD identifier in owned extract
IA9913293,IA,SEC,NJ,no official OFR-to-CRD identifier in owned extract
IA9908273,IA,SEC,MA,no official OFR-to-CRD identifier in owned extract
IA9914907,IA,SEC,FL,no official OFR-to-CRD identifier in owned extract
IA9908063,IA,SEC,NY,no official OFR-to-CRD identifier in owned extract
IA0900262,IA,SEC,MN,no official OFR-to-CRD identifier in owned extract
BD0900911,BD,FNRA,NY,no official OFR-to-CRD identifier in owned extract
IA9914062,IA,FLA,FL,no official OFR-to-CRD identifier in owned extract
IA9917747,IA,SEC,VA,no official OFR-to-CRD identifier in owned extract
IA9905292,IA,SEC,OH,no official OFR-to-CRD identifier in owned extract
IA9912230,IA,FLA,DC,no official OFR-to-CRD identifier in owned extract
IA9916607,IA,SEC,KS,no official OFR-to-CRD identifier in owned extract
BD1003679,BD,FNRA,KS,no official OFR-to-CRD identifier in owned extract
BD1003471,BD,FNRA,IL,no official OFR-to-CRD identifier in owned extract
IA0900712,IA,SEC,MA,no official OFR-to-CRD identifier in owned extract
BD0902080,BD,FNRA,IL,no official OFR-to-CRD identifier in owned extract
IA9917225,IA,SEC,CA,no official OFR-to-CRD identifier in owned extract
BD1004533,BD,FNRA,CA,no official OFR-to-CRD identifier in owned extract
IA9908343,IA,FLA,FL,no official OFR-to-CRD identifier in owned extract
IA9906873,IA,SEC,MA,no official OFR-to-CRD identifier in owned extract
IA9915415,IA,FLA,NC,no official OFR-to-CRD identifier in owned extract
IA9915874,IA,SEC,OK,no official OFR-to-CRD identifier in owned extract
IA0904210,IA,SEC,HI,no official OFR-to-CRD identifier in owned extract
IA9911304,IA,SEC,TX,no official OFR-to-CRD identifier in owned extract
IA9914930,IA,FLA,PR,no official OFR-to-CRD identifier in owned extract
IA9905838,IA,FLA,FL,no official OFR-to-CRD identifier in owned extract
IA9904539,IA,SEC,GA,no official OFR-to-CRD identifier in owned extract
IA9907195,IA,SEC,MN,no official OFR-to-CRD identifier in owned extract
IA0902561,IA,SEC,TX,no official OFR-to-CRD identifier in owned extract
BD1003644,BD,FNRA,NY,no official OFR-to-CRD identifier in owned extract
IA9909209,IA,SEC,MI,no official OFR-to-CRD identifier in owned extract
BD1003950,BD,FNRA,NY,no official OFR-to-CRD identifier in owned extract
IA9904332,IA,SEC,IL,no official OFR-to-CRD identifier in owned extract
IA9913980,IA,SEC,IL,no official OFR-to-CRD identifier in owned extract
BD0900552,BD,FNRA,IL,no official OFR-to-CRD identifier in owned extract
IA9904346,IA,SEC,IL,no official OFR-to-CRD identifier in owned extract
IA9916139,IA,SEC,WI,no official OFR-to-CRD identifier in owned extract
IA9914856,IA,SEC,MI,no official OFR-to-CRD identifier in owned extract
IA9913294,IA,SEC,TN,no official OFR-to-CRD identifier in owned extract
BD1004609,BD,CAN,ON,no official OFR-to-CRD identifier in owned extract
BD1003088,BD,FNRA,CA,no official OFR-to-CRD identifier in owned extract
IA9917042,IA,SEC,CA,no official OFR-to-CRD identifier in owned extract
IA9917007,IA,SEC,FL,no official OFR-to-CRD identifier in owned extract
IA9909379,IA,FLA,FL,no official OFR-to-CRD identifier in owned extract
IA9915652,IA,SEC,KS,no official OFR-to-CRD identifier in owned extract
IA9915943,IA,FLA,MN,no official OFR-to-CRD identifier in owned extract
IA9916307,IA,SEC,TX,no official OFR-to-CRD identifier in owned extract
IA9914924,IA,SEC,CO,no official OFR-to-CRD identifier in owned extract
IA9912831,IA,SEC,FL,no official OFR-to-CRD identifier in owned extract
IA9913794,IA,SEC,PA,no official OFR-to-CRD identifier in owned extract
IA0901169,IA,SEC,CA,no official OFR-to-CRD identifier in owned extract
BD0900558,BD,FNRA,FL,no official OFR-to-CRD identifier in owned extract
IA9903877,IA,SEC,FL,no official OFR-to-CRD identifier in owned extract
IA9914485,IA,SEC,FL,no official OFR-to-CRD identifier in owned extract
IA9915305,IA,SEC,DC,no official OFR-to-CRD identifier in owned extract
IA9911481,IA,SEC,MD,no official OFR-to-CRD identifier in owned extract
IA9915326,IA,SEC,TN,no official OFR-to-CRD identifier in owned extract
IA0900978,IA,SEC,FL,no official OFR-to-CRD identifier in owned extract
IA0901482,IA,SEC,CO,no official OFR-to-CRD identifier in owned extract
IA9917760,IA,SEC,MI,no official OFR-to-CRD identifier in owned extract
IA9917387,IA,SEC,FL,no official OFR-to-CRD identifier in owned extract
IA9909073,IA,SEC,CA,no official OFR-to-CRD identifier in owned extract
IA0900987,IA,SEC,MA,no official OFR-to-CRD identifier in owned extract
IA9911976,IA,SEC,IL,no official OFR-to-CRD identifier in owned extract
IA9916533,IA,FLA,CO,no official OFR-to-CRD identifier in owned extract
IA0900941,IA,SEC,OH,no official OFR-to-CRD identifier in owned extract
IA0902612,IA,SEC,IA,no official OFR-to-CRD identifier in owned extract
BD0901225,BD,FNRA,IA,no official OFR-to-CRD identifier in owned extract
BD1004465,BD,FNRA,CA,no official OFR-to-CRD identifier in owned extract
IA9903924,IA,SEC,TX,no official OFR-to-CRD identifier in owned extract
IA9904816,IA,SEC,OH,no official OFR-to-CRD identifier in owned extract
IA9907185,IA,FLA,FL,no official OFR-to-CRD identifier in owned extract
IA9907284,IA,FLA,FL,no official OFR-to-CRD identifier in owned extract
IA0901015,IA,FLA,FL,no official OFR-to-CRD identifier in owned extract
IA9917743,IA,FLA,FL,no official OFR-to-CRD identifier in owned extract
IA9908361,IA,SEC,TN,no official OFR-to-CRD identifier in owned extract
IA0900387,IA,SEC,FL,no official OFR-to-CRD identifier in owned extract
IA9909779,IA,SEC,VA,no official OFR-to-CRD identifier in owned extract
IA9909715,IA,SEC,FL,no official OFR-to-CRD identifier in owned extract
BD1003123,BD,FNRA,MD,no official OFR-to-CRD identifier in owned extract
BD0902554,BD,FNRA,NY,no official OFR-to-CRD identifier in owned extract
IA0900274,IA,SEC,WI,no official OFR-to-CRD identifier in owned extract
IA9911043,IA,FLA,FL,no official OFR-to-CRD identifier in owned extract
IA0900778,IA,FLA,FL,no official OFR-to-CRD identifier in owned extract
IA9908168,IA,SEC,VA,no official OFR-to-CRD identifier in owned extract
IA9910980,IA,FLA,FL,no official OFR-to-CRD identifier in owned extract
BD1003506,BD,CAN,BC,no official OFR-to-CRD identifier in owned extract
BD0901227,BD,FNRA,NY,no official OFR-to-CRD identifier in owned extract
BD0900373,BD,FNRA,,no official OFR-to-CRD identifier in owned extract
IA9916148,IA,SEC,,no official OFR-to-CRD identifier in owned extract
IA9914064,IA,SEC,VA,no official OFR-to-CRD identifier in owned extract
IA9914906,IA,SEC,FL,no official OFR-to-CRD identifier in owned extract
BD1003489,BD,FNRA,NY,no official OFR-to-CRD identifier in owned extract
IA9906889,IA,FLA,MA,no official OFR-to-CRD identifier in owned extract
IA9917397,IA,SEC,MA,no official OFR-to-CRD identifier in owned extract
BD1003633,BD,FNRA,OH,no official OFR-to-CRD identifier in owned extract
IA9916671,IA,FLA,FL,no official OFR-to-CRD identifier in owned extract
IA9916744,IA,SEC,LA,no official OFR-to-CRD identifier in owned extract
BD1004736,BD,FNRA,CA,no official OFR-to-CRD identifier in owned extract
IA0904045,IA,SEC,NY,no official OFR-to-CRD identifier in owned extract
IA9915042,IA,SEC,WY,no official OFR-to-CRD identifier in owned extract
IA9912250,IA,SEC,GA,no official OFR-to-CRD identifier in owned extract
IA9910868,IA,SEC,FL,no official OFR-to-CRD identifier in owned extract
IA9913978,IA,SEC,NC,no official OFR-to-CRD identifier in owned extract
IA9916929,IA,SEC,,no official OFR-to-CRD identifier in owned extract
IA9910176,IA,SEC,FL,no official OFR-to-CRD identifier in owned extract
IA9916229,IA,FLA,FL,no official OFR-to-CRD identifier in owned extract
IA9917815,IA,SEC,FL,no official OFR-to-CRD identifier in owned extract
IA9916762,IA,SEC,AL,no official OFR-to-CRD identifier in owned extract
IA0903412,IA,SEC,CA,no official OFR-to-CRD identifier in owned extract
IA0902025,IA,SEC,IN,no official OFR-to-CRD identifier in owned extract
IA9913193,IA,SEC,RI,no official OFR-to-CRD identifier in owned extract
BD0900120,BD,FNRA,NY,no official OFR-to-CRD identifier in owned extract
IA9908952,IA,SEC,NY,no official OFR-to-CRD identifier in owned extract
IA9904230,IA,FLA,FL,no official OFR-to-CRD identifier in owned extract
IA0903901,IA,SEC,NY,no official OFR-to-CRD identifier in owned extract
IA9917741,IA,SEC,KS,no official OFR-to-CRD identifier in owned extract
IA9910098,IA,SEC,FL,no official OFR-to-CRD identifier in owned extract
BD1004156,BD,FNRA,PA,no official OFR-to-CRD identifier in owned extract
IA9912400,IA,SEC,SC,no official OFR-to-CRD identifier in owned extract
IA9909236,IA,SEC,FL,no official OFR-to-CRD identifier in owned extract
IA0903535,IA,SEC,MA,no official OFR-to-CRD identifier in owned extract
IA9905374,IA,SEC,GA,no official OFR-to-CRD identifier in owned extract
IA0902134,IA,SEC,NC,no official OFR-to-CRD identifier in owned extract
BD0902278,BD,FNRA,NC,no official OFR-to-CRD identifier in owned extract
IA9910088,IA,SEC,UT,no official OFR-to-CRD identifier in owned extract
BD1003292,BD,FNRA,FL,no official OFR-to-CRD identifier in owned extract
IA9915100,IA,SEC,PA,no official OFR-to-CRD identifier in owned extract
IA9906795,IA,SEC,NC,no official OFR-to-CRD identifier in owned extract
IA9904551,IA,SEC,OH,no official OFR-to-CRD identifier in owned extract
IA9913985,IA,FLA,OH,no official OFR-to-CRD identifier in owned extract
IA9905552,IA,SEC,PA,no official OFR-to-CRD identifier in owned extract
IA9913674,IA,SEC,GA,no official OFR-to-CRD identifier in owned extract
IA9905823,IA,FLA,FL,no official OFR-to-CRD identifier in owned extract
IA9904572,IA,SEC,MI,no official OFR-to-CRD identifier in owned extract
IA0901551,IA,FLA,FL,no official OFR-to-CRD identifier in owned extract
IA9909289,IA,FLA,FL,no official OFR-to-CRD identifier in owned extract
IA0902876,IA,FLA,FL,no official OFR-to-CRD identifier in owned extract
IA9908160,IA,SEC,CA,no official OFR-to-CRD identifier in owned extract
BD0900502,BD,FNRA,VA,no official OFR-to-CRD identifier in owned extract
IA0904216,IA,SEC,IN,no official OFR-to-CRD identifier in owned extract
IA9909385,IA,FLA,OH,no official OFR-to-CRD identifier in owned extract
BD0903051,BD,FNRA,OH,no official OFR-to-CRD identifier in owned extract
IA9908588,IA,FLA,FL,no official OFR-to-CRD identifier in owned extract
BD0900972,BD,FNRA,CA,no official OFR-to-CRD identifier in owned extract
IA9915849,IA,SEC,CA,no official OFR-to-CRD identifier in owned extract
BD1004658,BD,FNRA,FL,no official OFR-to-CRD identifier in owned extract
IA0903181,IA,SEC,NY,no official OFR-to-CRD identifier in owned extract
IA9912172,IA,SEC,CA,no official OFR-to-CRD identifier in owned extract
IA9914162,IA,SEC,NH,no official OFR-to-CRD identifier in owned extract
BD1003166,BD,FNRA,NY,no official OFR-to-CRD identifier in owned extract
IA9906061,IA,SEC,NY,no official OFR-to-CRD identifier in owned extract
IA9914932,IA,SEC,CO,no official OFR-to-CRD identifier in owned extract
IA9912494,IA,SEC,CA,no official OFR-to-CRD identifier in owned extract
IA9911005,IA,SEC,CA,no official OFR-to-CRD identifier in owned extract
IA9909488,IA,SEC,DC,no official OFR-to-CRD identifier in owned extract
IA9905108,IA,SEC,GA,no official OFR-to-CRD identifier in owned extract
IA9904002,IA,SEC,NC,no official OFR-to-CRD identifier in owned extract
BD0901338,BD,FNRA,NC,no official OFR-to-CRD identifier in owned extract
IA0903706,IA,SEC,NC,no official OFR-to-CRD identifier in owned extract
IA9916882,IA,SEC,CO,no official OFR-to-CRD identifier in owned extract
BD0900534,BD,FNRA,NC,no official OFR-to-CRD identifier in owned extract
IA9910663,IA,SEC,MO,no official OFR-to-CRD identifier in owned extract
IA0900278,IA,SEC,WI,no official OFR-to-CRD identifier in owned extract
IA0900817,IA,FLA,OH,no official OFR-to-CRD identifier in owned extract
IA0900881,IA,SEC,MN,no official OFR-to-CRD identifier in owned extract
IA0900962,IA,SEC,NY,no official OFR-to-CRD identifier in owned extract
BD0900592,BD,FNRA,IA,no official OFR-to-CRD identifier in owned extract
BD0900437,BD,FNRA,MN,no official OFR-to-CRD identifier in owned extract
IA9911218,IA,SEC,MO,no official OFR-to-CRD identifier in owned extract
IA9905162,IA,SEC,TX,no official OFR-to-CRD identifier in owned extract
IA9916876,IA,FLA,FL,no official OFR-to-CRD identifier in owned extract
BD0901435,BD,FNRA,LA,no official OFR-to-CRD identifier in owned extract
IA9912251,IA,SEC,WA,no official OFR-to-CRD identifier in owned extract
BD0900858,BD,FNRA,MD,no official OFR-to-CRD identifier in owned extract
IA9914163,IA,SEC,NY,no official OFR-to-CRD identifier in owned extract
IA9917263,IA,SEC,FL,no official OFR-to-CRD identifier in owned extract
IA9908665,IA,SEC,CA,no official OFR-to-CRD identifier in owned extract
IA9909912,IA,SEC,TN,no official OFR-to-CRD identifier in owned extract
BD1003177,BD,FNRA,CA,no official OFR-to-CRD identifier in owned extract
IA9909390,IA,FLA,CA,no official OFR-to-CRD identifier in owned extract
IA9914652,IA,FLA,OR,no official OFR-to-CRD identifier in owned extract
IA9907028,IA,SEC,WI,no official OFR-to-CRD identifier in owned extract
IA9910752,IA,SEC,AZ,no official OFR-to-CRD identifier in owned extract
IA9906471,IA,FLA,PA,no official OFR-to-CRD identifier in owned extract
IA9906016,IA,SEC,RI,no official OFR-to-CRD identifier in owned extract
IA9903963,IA,SEC,FL,no official OFR-to-CRD identifier in owned extract
IA9915405,IA,FLA,FL,no official OFR-to-CRD identifier in owned extract
IA9912747,IA,SEC,FL,no official OFR-to-CRD identifier in owned extract
IA9917398,IA,SEC,NC,no official OFR-to-CRD identifier in owned extract
BD1004665,BD,FNRA,NC,no official OFR-to-CRD identifier in owned extract
IA9909302,IA,SEC,VA,no official OFR-to-CRD identifier in owned extract
BD0900433,BD,FNRA,VA,no official OFR-to-CRD identifier in owned extract
IA0901786,IA,SEC,VA,no official OFR-to-CRD identifier in owned extract
BD1004551,BD,FNRA,CA,no official OFR-to-CRD identifier in owned extract
BD1003532,BD,FNRA,CA,no official OFR-to-CRD identifier in owned extract
IA0904027,IA,SEC,AL,no official OFR-to-CRD identifier in owned extract
BD1004636,BD,FNRA,MA,no official OFR-to-CRD identifier in owned extract
IA0903056,IA,SEC,IL,no official OFR-to-CRD identifier in owned extract
IA0903468,IA,SEC,NY,no official OFR-to-CRD identifier in owned extract
IA9907956,IA,FLA,FL,no official OFR-to-CRD identifier in owned extract
IA9916781,IA,FLA,CO,no official OFR-to-CRD identifier in owned extract
IA9911433,IA,SEC,OR,no official OFR-to-CRD identifier in owned extract
IA9915790,IA,FLA,AL,no official OFR-to-CRD identifier in owned extract
IA9912476,IA,SEC,FL,no official OFR-to-CRD identifier in owned extract
IA9911549,IA,SEC,PA,no official OFR-to-CRD identifier in owned extract
IA9917355,IA,SEC,OH,no official OFR-to-CRD identifier in owned extract
IA9915504,IA,FLA,FL,no official OFR-to-CRD identifier in owned extract
IA9917098,IA,SEC,IN,no official OFR-to-CRD identifier in owned extract
BD1004754,BD,FNRA,FL,no official OFR-to-CRD identifier in owned extract
IA9915352,IA,SEC,NY,no official OFR-to-CRD identifier in owned extract
BD1004025,BD,FNRA,AZ,no official OFR-to-CRD identifier in owned extract
IA9911184,IA,FLA,FL,no official OFR-to-CRD identifier in owned extract
IA9904205,IA,SEC,TN,no official OFR-to-CRD identifier in owned extract
IA9912954,IA,SEC,CA,no official OFR-to-CRD identifier in owned extract
BD1003539,BD,FNRA,NY,no official OFR-to-CRD identifier in owned extract
IA9915911,IA,FLA,FL,no official OFR-to-CRD identifier in owned extract
IA9912672,IA,SEC,FL,no official OFR-to-CRD identifier in owned extract
IA9916047,IA,SEC,MD,no official OFR-to-CRD identifier in owned extract
IA0903435,IA,SEC,CA,no official OFR-to-CRD identifier in owned extract
IA9917075,IA,SEC,FL,no official OFR-to-CRD identifier in owned extract
IA9914079,IA,SEC,NC,no official OFR-to-CRD identifier in owned extract
IA9916011,IA,SEC,,no official OFR-to-CRD identifier in owned extract
BD0901222,BD,FNRA,IL,no official OFR-to-CRD identifier in owned extract
IA9904975,IA,SEC,,no official OFR-to-CRD identifier in owned extract
IA9916595,IA,SEC,NC,no official OFR-to-CRD identifier in owned extract
IA9908488,IA,SEC,KY,no official OFR-to-CRD identifier in owned extract
IA9914283,IA,FLA,FL,no official OFR-to-CRD identifier in owned extract
IA9916940,IA,SEC,FL,no official OFR-to-CRD identifier in owned extract
IA9904171,IA,FLA,FL,no official OFR-to-CRD identifier in owned extract
BD0902687,BD,FNRA,FL,no official OFR-to-CRD identifier in owned extract
IA9908769,IA,SEC,FL,no official OFR-to-CRD identifier in owned extract
IA9910977,IA,FLA,FL,no official OFR-to-CRD identifier in owned extract
BD0901409,BD,FNRA,WI,no official OFR-to-CRD identifier in owned extract
BD0902944,BD,FNRA,NY,no official OFR-to-CRD identifier in owned extract
IA9906935,IA,SEC,MA,no official OFR-to-CRD identifier in owned extract
IA9911521,IA,SEC,FL,no official OFR-to-CRD identifier in owned extract
IA9906747,IA,SEC,FL,no official OFR-to-CRD identifier in owned extract
IA9916306,IA,SEC,CA,no official OFR-to-CRD identifier in owned extract
IA9903804,IA,SEC,OH,no official OFR-to-CRD identifier in owned extract
IA9915264,IA,SEC,NJ,no official OFR-to-CRD identifier in owned extract
IA9911552,IA,SEC,PA,no official OFR-to-CRD identifier in owned extract
BD0900428,BD,FNRA,FL,no official OFR-to-CRD identifier in owned extract
IA9916206,IA,SEC,NC,no official OFR-to-CRD identifier in owned extract
BD0901531,BD,FNRA,NC,no official OFR-to-CRD identifier in owned extract
IA9911674,IA,SEC,SC,no official OFR-to-CRD identifier in owned extract
IA9909829,IA,SEC,NC,no official OFR-to-CRD identifier in owned extract
IA9912074,IA,SEC,TN,no official OFR-to-CRD identifier in owned extract
IA0903500,IA,SEC,FL,no official OFR-to-CRD identifier in owned extract
IA9904603,IA,FLA,TX,no official OFR-to-CRD identifier in owned extract
IA9913218,IA,SEC,MA,no official OFR-to-CRD identifier in owned extract
IA9914335,IA,FLA,FL,no official OFR-to-CRD identifier in owned extract
IA9915806,IA,SEC,MI,no official OFR-to-CRD identifier in owned extract
IA0902365,IA,SEC,NY,no official OFR-to-CRD identifier in owned extract
IA9911596,IA,FLA,KY,no official OFR-to-CRD identifier in owned extract
IA9915285,IA,SEC,NY,no official OFR-to-CRD identifier in owned extract
IA9905092,IA,FLA,NC,no official OFR-to-CRD identifier in owned extract
IA9916221,IA,SEC,TX,no official OFR-to-CRD identifier in owned extract
IA9916516,IA,SEC,NY,no official OFR-to-CRD identifier in owned extract
IA9903753,IA,SEC,GA,no official OFR-to-CRD identifier in owned extract
BD1004208,BD,FNRA,NE,no official OFR-to-CRD identifier in owned extract
IA9911717,IA,SEC,IL,no official OFR-to-CRD identifier in owned extract
IA9911463,IA,SEC,NY,no official OFR-to-CRD identifier in owned extract
BD1004398,BD,FNRA,CT,no official OFR-to-CRD identifier in owned extract
IA9912425,IA,SEC,IL,no official OFR-to-CRD identifier in owned extract
IA9914596,IA,FLA,FL,no official OFR-to-CRD identifier in owned extract
BD0900608,BD,FNRA,GA,no official OFR-to-CRD identifier in owned extract
IA9909937,IA,SEC,GA,no official OFR-to-CRD identifier in owned extract
BD0900220,BD,FNRA,TN,no official OFR-to-CRD identifier in owned extract
IA0901162,IA,FLA,FL,no official OFR-to-CRD identifier in owned extract
BD1004615,BD,FNRA,TX,no official OFR-to-CRD identifier in owned extract
IA9909659,IA,SEC,VA,no official OFR-to-CRD identifier in owned extract
IA0903636,IA,SEC,VA,no official OFR-to-CRD identifier in owned extract
BD0902810,BD,FNRA,VA,no official OFR-to-CRD identifier in owned extract
BD0901244,BD,FNRA,CO,no official OFR-to-CRD identifier in owned extract
IA0901865,IA,SEC,CO,no official OFR-to-CRD identifier in owned extract
BD1004347,BD,FNRA,MI,no official OFR-to-CRD identifier in owned extract
IA9916244,IA,SEC,NC,no official OFR-to-CRD identifier in owned extract
BD1004775,BD,FNRA,WA,no official OFR-to-CRD identifier in owned extract
BD1003846,BD,FNRA,CA,no official OFR-to-CRD identifier in owned extract
IA9913006,IA,SEC,VA,no official OFR-to-CRD identifier in owned extract
IA9914015,IA,FLA,FL,no official OFR-to-CRD identifier in owned extract
IA9912549,IA,SEC,FL,no official OFR-to-CRD identifier in owned extract
BD1003120,BD,FNRA,FL,no official OFR-to-CRD identifier in owned extract
IA9912836,IA,SEC,NC,no official OFR-to-CRD identifier in owned extract
IA9916454,IA,SEC,MD,no official OFR-to-CRD identifier in owned extract
IA9909296,IA,FLA,FL,no official OFR-to-CRD identifier in owned extract
IA9915523,IA,FLA,FL,no official OFR-to-CRD identifier in owned extract
IA9912252,IA,SEC,KY,no official OFR-to-CRD identifier in owned extract
IA9906827,IA,SEC,NJ,no official OFR-to-CRD identifier in owned extract
IA9913401,IA,SEC,NY,no official OFR-to-CRD identifier in owned extract
BD1003952,BD,FNRA,NY,no official OFR-to-CRD identifier in owned extract
BD1004289,BD,FNRA,NY,no official OFR-to-CRD identifier in owned extract
IA9916268,IA,SEC,CA,no official OFR-to-CRD identifier in owned extract
IA0900980,IA,SEC,FL,no official OFR-to-CRD identifier in owned extract
IA9915307,IA,SEC,CT,no official OFR-to-CRD identifier in owned extract
BD1003577,BD,FNRA,NY,no official OFR-to-CRD identifier in owned extract
IA0903183,IA,SEC,NY,no official OFR-to-CRD identifier in owned extract
IA9907961,IA,SEC,TX,no official OFR-to-CRD identifier in owned extract
IA9915881,IA,SEC,OR,no official OFR-to-CRD identifier in owned extract
IA9912955,IA,SEC,MA,no official OFR-to-CRD identifier in owned extract
IA9914375,IA,SEC,NH,no official OFR-to-CRD identifier in owned extract
IA9915441,IA,SEC,TX,no official OFR-to-CRD identifier in owned extract
IA9917244,IA,SEC,SC,no official OFR-to-CRD identifier in owned extract
IA9905811,IA,SEC,FL,no official OFR-to-CRD identifier in owned extract
BD1004676,BD,FNRA,NY,no official OFR-to-CRD identifier in owned extract
IA9911163,IA,SEC,CT,no official OFR-to-CRD identifier in owned extract
IA0902267,IA,FLA,FL,no official OFR-to-CRD identifier in owned extract
IA9909090,IA,SEC,FL,no official OFR-to-CRD identifier in owned extract
IA9916087,IA,SEC,MD,no official OFR-to-CRD identifier in owned extract
IA9917578,IA,SEC,CT,no official OFR-to-CRD identifier in owned extract
IA9915119,IA,SEC,MO,no official OFR-to-CRD identifier in owned extract
IA9910690,IA,SEC,CA,no official OFR-to-CRD identifier in owned extract
BD1004515,BD,FNRA,NY,no official OFR-to-CRD identifier in owned extract
IA9915774,IA,SEC,CO,no official OFR-to-CRD identifier in owned extract
IA9915391,IA,FLA,FL,no official OFR-to-CRD identifier in owned extract
BD1003990,BD,FNRA,OK,no official OFR-to-CRD identifier in owned extract
IA0903158,IA,SEC,OK,no official OFR-to-CRD identifier in owned extract
BD1003449,BD,FNRA,NJ,no official OFR-to-CRD identifier in owned extract
IA9915728,IA,SEC,CA,no official OFR-to-CRD identifier in owned extract
BD0902260,BD,FNRA,GA,no official OFR-to-CRD identifier in owned extract
IA9915445,IA,SEC,FL,no official OFR-to-CRD identifier in owned extract
IA9913903,IA,FLA,RI,no official OFR-to-CRD identifier in owned extract
IA9917875,IA,SEC,RI,no official OFR-to-CRD identifier in owned extract
IA9910045,IA,SEC,IN,no official OFR-to-CRD identifier in owned extract
BD0900738,BD,FNRA,OH,no official OFR-to-CRD identifier in owned extract
IA0901239,IA,SEC,OH,no official OFR-to-CRD identifier in owned extract
IA9908888,IA,SEC,OH,no official OFR-to-CRD identifier in owned extract
BD0902780,BD,FNRA,TX,no official OFR-to-CRD identifier in owned extract
BD1003272,BD,FNRA,CT,no official OFR-to-CRD identifier in owned extract
IA9913273,IA,SEC,CA,no official OFR-to-CRD identifier in owned extract
IA9917866,IA,FLA,FL,no official OFR-to-CRD identifier in owned extract
IA0900388,IA,SEC,SC,no official OFR-to-CRD identifier in owned extract
IA0904195,IA,SEC,CO,no official OFR-to-CRD identifier in owned extract
BD0902134,BD,FNRA,AZ,no official OFR-to-CRD identifier in owned extract
IA9909915,IA,SEC,CT,no official OFR-to-CRD identifier in owned extract
BD0902256,BD,FNRA,FL,no official OFR-to-CRD identifier in owned extract
IA9914554,IA,SEC,OR,no official OFR-to-CRD identifier in owned extract
BD0902981,BD,FNRA,MN,no official OFR-to-CRD identifier in owned extract
IA9914343,IA,SEC,PA,no official OFR-to-CRD identifier in owned extract
IA9912560,IA,FLA,GA,no official OFR-to-CRD identifier in owned extract
IA9915893,IA,FLA,PA,no official OFR-to-CRD identifier in owned extract
IA9916199,IA,SEC,CO,no official OFR-to-CRD identifier in owned extract
IA9908846,IA,SEC,FL,no official OFR-to-CRD identifier in owned extract
IA9916886,IA,FLA,FL,no official OFR-to-CRD identifier in owned extract
BD1004638,BD,FNRA,CA,no official OFR-to-CRD identifier in owned extract
IA9903790,IA,FLA,FL,no official OFR-to-CRD identifier in owned extract
BD0901066,BD,FNRA,NJ,no official OFR-to-CRD identifier in owned extract
IA9907378,IA,FLA,FL,no official OFR-to-CRD identifier in owned extract
IA9909534,IA,FLA,FL,no official OFR-to-CRD identifier in owned extract
BD0900964,BD,FNRA,CA,no official OFR-to-CRD identifier in owned extract
IA0901847,IA,SEC,CA,no official OFR-to-CRD identifier in owned extract
IA9916171,IA,SEC,TX,no official OFR-to-CRD identifier in owned extract
BD0900239,BD,FNRA,MI,no official OFR-to-CRD identifier in owned extract
IA9908152,IA,SEC,MI,no official OFR-to-CRD identifier in owned extract
IA9910775,IA,SEC,MI,no official OFR-to-CRD identifier in owned extract
IA9911021,IA,SEC,FL,no official OFR-to-CRD identifier in owned extract
IA0902874,IA,SEC,MI,no official OFR-to-CRD identifier in owned extract
IA9909593,IA,SEC,OH,no official OFR-to-CRD identifier in owned extract
IA9916468,IA,SEC,FL,no official OFR-to-CRD identifier in owned extract
IA9914486,IA,SEC,NY,no official OFR-to-CRD identifier in owned extract
IA9905152,IA,SEC,MA,no official OFR-to-CRD identifier in owned extract
IA9914487,IA,SEC,NY,no official OFR-to-CRD identifier in owned extract
IA9917619,IA,SEC,NY,no official OFR-to-CRD identifier in owned extract
BD1003330,BD,FNRA,KS,no official OFR-to-CRD identifier in owned extract
IA9917293,IA,SEC,WI,no official OFR-to-CRD identifier in owned extract
IA9913503,IA,SEC,IL,no official OFR-to-CRD identifier in owned extract
IA9916223,IA,SEC,FL,no official OFR-to-CRD identifier in owned extract
IA9915613,IA,SEC,VA,no official OFR-to-CRD identifier in owned extract
IA9909169,IA,FLA,NJ,no official OFR-to-CRD identifier in owned extract
IA9914943,IA,FLA,FL,no official OFR-to-CRD identifier in owned extract
IA9904192,IA,SEC,FL,no official OFR-to-CRD identifier in owned extract
IA9912253,IA,SEC,NY,no official OFR-to-CRD identifier in owned extract
IA0903873,IA,SEC,FL,no official OFR-to-CRD identifier in owned extract
IA0900937,IA,FLA,GA,no official OFR-to-CRD identifier in owned extract
IA0903123,IA,FLA,MA,no official OFR-to-CRD identifier in owned extract
BD1003931,BD,FNRA,IN,no official OFR-to-CRD identifier in owned extract
IA9904247,IA,SEC,NY,no official OFR-to-CRD identifier in owned extract
IA9914093,IA,SEC,NY,no official OFR-to-CRD identifier in owned extract
BD1002952,BD,FNRA,MD,no official OFR-to-CRD identifier in owned extract
IA0900474,IA,SEC,FL,no official OFR-to-CRD identifier in owned extract
IA9915709,IA,FLA,FL,no official OFR-to-CRD identifier in owned extract
IA9906866,IA,SEC,IL,no official OFR-to-CRD identifier in owned extract
IA9909842,IA,SEC,PA,no official OFR-to-CRD identifier in owned extract
IA9906504,IA,SEC,FL,no official OFR-to-CRD identifier in owned extract
BD1004799,BD,FNRA,TX,no official OFR-to-CRD identifier in owned extract
BD0900350,BD,FNRA,CO,no official OFR-to-CRD identifier in owned extract
IA9908736,IA,SEC,CA,no official OFR-to-CRD identifier in owned extract
BD0900546,BD,FNRA,IL,no official OFR-to-CRD identifier in owned extract
IA0901030,IA,SEC,IL,no official OFR-to-CRD identifier in owned extract
BD0900431,BD,FNRA,MN,no official OFR-to-CRD identifier in owned extract
BD0900360,BD,FNRA,CA,no official OFR-to-CRD identifier in owned extract
BD1003981,BD,FNRA,NY,no official OFR-to-CRD identifier in owned extract
BD0900891,BD,FNRA,IN,no official OFR-to-CRD identifier in owned extract
IA9917533,IA,SEC,IN,no official OFR-to-CRD identifier in owned extract
IA9915065,IA,SEC,TX,no official OFR-to-CRD identifier in owned extract
IA9909943,IA,SEC,TX,no official OFR-to-CRD identifier in owned extract
IA0901063,IA,SEC,NJ,no official OFR-to-CRD identifier in owned extract
BD0901563,BD,FNRA,CT,no official OFR-to-CRD identifier in owned extract
IA9907597,IA,FLA,GA,no official OFR-to-CRD identifier in owned extract
IA9915627,IA,SEC,GA,no official OFR-to-CRD identifier in owned extract
IA9917852,IA,FLA,FL,no official OFR-to-CRD identifier in owned extract
BD0902383,BD,FNRA,NY,no official OFR-to-CRD identifier in owned extract
IA9909773,IA,SEC,OR,no official OFR-to-CRD identifier in owned extract
IA0904170,IA,FLA,FL,no official OFR-to-CRD identifier in owned extract
BD1003317,BD,FNRA,FL,no official OFR-to-CRD identifier in owned extract
IA9908085,IA,SEC,NC,no official OFR-to-CRD identifier in owned extract
IA9913191,IA,SEC,FL,no official OFR-to-CRD identifier in owned extract
BD1004737,BD,FNRA,LA,no official OFR-to-CRD identifier in owned extract
BD1004821,BD,FNRA,NY,no official OFR-to-CRD identifier in owned extract
IA9911106,IA,FLA,FL,no official OFR-to-CRD identifier in owned extract
IA9917855,IA,FLA,KS,no official OFR-to-CRD identifier in owned extract
IA9915494,IA,SEC,CA,no official OFR-to-CRD identifier in owned extract
BD1003479,BD,FNRA,VI,no official OFR-to-CRD identifier in owned extract
IA9911398,IA,SEC,VT,no official OFR-to-CRD identifier in owned extract
IA9911093,IA,SEC,PA,no official OFR-to-CRD identifier in owned extract
IA0902039,IA,SEC,CA,no official OFR-to-CRD identifier in owned extract
BD1004728,BD,FNRA,CA,no official OFR-to-CRD identifier in owned extract
IA9909563,IA,SEC,FL,no official OFR-to-CRD identifier in owned extract
BD0900804,BD,FNRA,MD,no official OFR-to-CRD identifier in owned extract
IA9904222,IA,SEC,MD,no official OFR-to-CRD identifier in owned extract
IA9912474,IA,SEC,OH,no official OFR-to-CRD identifier in owned extract
IA9916102,IA,SEC,HI,no official OFR-to-CRD identifier in owned extract
BD0902614,BD,FNRA,NY,no official OFR-to-CRD identifier in owned extract
IA9914692,IA,FLA,FL,no official OFR-to-CRD identifier in owned extract
BD0900197,BD,FNRA,CA,no official OFR-to-CRD identifier in owned extract
IA0901731,IA,SEC,CA,no official OFR-to-CRD identifier in owned extract
IA0902163,IA,SEC,CA,no official OFR-to-CRD identifier in owned extract
IA9916847,IA,FLA,MD,no official OFR-to-CRD identifier in owned extract
IA9914760,IA,FLA,SC,no official OFR-to-CRD identifier in owned extract
IA9909211,IA,FLA,FL,no official OFR-to-CRD identifier in owned extract
IA9912254,IA,SEC,WI,no official OFR-to-CRD identifier in owned extract
IA9905233,IA,FLA,CT,no official OFR-to-CRD identifier in owned extract
IA0902829,IA,SEC,NH,no official OFR-to-CRD identifier in owned extract
IA9904977,IA,SEC,CT,no official OFR-to-CRD identifier in owned extract
IA0900785,IA,SEC,CA,no official OFR-to-CRD identifier in owned extract
IA9906876,IA,SEC,PA,no official OFR-to-CRD identifier in owned extract
IA0900495,IA,SEC,FL,no official OFR-to-CRD identifier in owned extract
IA9907688,IA,SEC,GA,no official OFR-to-CRD identifier in owned extract
BD0901551,BD,FNRA,CT,no official OFR-to-CRD identifier in owned extract
IA9916122,IA,SEC,CA,no official OFR-to-CRD identifier in owned extract
BD0900827,BD,FNRA,IL,no official OFR-to-CRD identifier in owned extract
IA9907452,IA,SEC,CA,no official OFR-to-CRD identifier in owned extract
IA0902336,IA,SEC,CA,no official OFR-to-CRD identifier in owned extract
IA9910332,IA,SEC,NY,no official OFR-to-CRD identifier in owned extract
BD0901837,BD,FNRA,NY,no official OFR-to-CRD identifier in owned extract
IA9912982,IA,SEC,NY,no official OFR-to-CRD identifier in owned extract
IA9914382,IA,SEC,CA,no official OFR-to-CRD identifier in owned extract
IA9914695,IA,SEC,CO,no official OFR-to-CRD identifier in owned extract
BD1003813,BD,FNRA,MN,no official OFR-to-CRD identifier in owned extract
IA9906154,IA,SEC,MN,no official OFR-to-CRD identifier in owned extract
BD1003822,BD,FNRA,DC,no official OFR-to-CRD identifier in owned extract
IA0901020,IA,SEC,NY,no official OFR-to-CRD identifier in owned extract
IA9914122,IA,SEC,FL,no official OFR-to-CRD identifier in owned extract
IA9910461,IA,FLA,MD,no official OFR-to-CRD identifier in owned extract
IA9916308,IA,SEC,VA,no official OFR-to-CRD identifier in owned extract
IA9904980,IA,SEC,IL,no official OFR-to-CRD identifier in owned extract
BD0801692,BD,FNRA,MA,no official OFR-to-CRD identifier in owned extract
IA9915907,IA,SEC,CA,no official OFR-to-CRD identifier in owned extract
IA0900648,IA,SEC,MD,no official OFR-to-CRD identifier in owned extract
IA9913504,IA,SEC,IL,no official OFR-to-CRD identifier in owned extract
IA9915558,IA,SEC,IL,no official OFR-to-CRD identifier in owned extract
IA9909689,IA,SEC,IL,no official OFR-to-CRD identifier in owned extract
IA9912394,IA,SEC,IL,no official OFR-to-CRD identifier in owned extract
IA9913048,IA,SEC,IL,no official OFR-to-CRD identifier in owned extract
IA9908508,IA,SEC,IL,no official OFR-to-CRD identifier in owned extract
IA9908425,IA,SEC,TN,no official OFR-to-CRD identifier in owned extract
BD0902338,BD,FNRA,TN,no official OFR-to-CRD identifier in owned extract
IA9914185,IA,SEC,TN,no official OFR-to-CRD identifier in owned extract
IA9917600,IA,SEC,WY,no official OFR-to-CRD identifier in owned extract
IA9916589,IA,FLA,MA,no official OFR-to-CRD identifier in owned extract
IA9911358,IA,SEC,TX,no official OFR-to-CRD identifier in owned extract
IA9905327,IA,SEC,CT,no official OFR-to-CRD identifier in owned extract
BD1003993,BD,FNRA,NY,no official OFR-to-CRD identifier in owned extract
IA9915780,IA,FLA,PR,no official OFR-to-CRD identifier in owned extract
IA9915163,IA,SEC,FL,no official OFR-to-CRD identifier in owned extract
IA9911670,IA,SEC,FL,no official OFR-to-CRD identifier in owned extract
BD1004528,BD,FNRA,TX,no official OFR-to-CRD identifier in owned extract
IA9910146,IA,FLA,OH,no official OFR-to-CRD identifier in owned extract
IA9904942,IA,SEC,MA,no official OFR-to-CRD identifier in owned extract
IA9910180,IA,SEC,ME,no official OFR-to-CRD identifier in owned extract
IA9916309,IA,SEC,IL,no official OFR-to-CRD identifier in owned extract
IA0901369,IA,SEC,IL,no official OFR-to-CRD identifier in owned extract
IA0901509,IA,FLA,FL,no official OFR-to-CRD identifier in owned extract
IA9915132,IA,SEC,TX,no official OFR-to-CRD identifier in owned extract
IA9912659,IA,FLA,FL,no official OFR-to-CRD identifier in owned extract
IA9916057,IA,SEC,GA,no official OFR-to-CRD identifier in owned extract
IA9908935,IA,SEC,TX,no official OFR-to-CRD identifier in owned extract
IA9908370,IA,SEC,FL,no official OFR-to-CRD identifier in owned extract
IA9910814,IA,SEC,FL,no official OFR-to-CRD identifier in owned extract
IA9916088,IA,SEC,KY,no official OFR-to-CRD identifier in owned extract
BD0901437,BD,FNRA,KY,no official OFR-to-CRD identifier in owned extract
BD1003206,BD,FNRA,IL,no official OFR-to-CRD identifier in owned extract
IA9916964,IA,FLA,FL,no official OFR-to-CRD identifier in owned extract
IA9911222,IA,SEC,,no official OFR-to-CRD identifier in owned extract
IA0901358,IA,SEC,IL,no official OFR-to-CRD identifier in owned extract
BD0900193,BD,FNRA,NY,no official OFR-to-CRD identifier in owned extract
BD0900083,BD,CAN,ZZ,no official OFR-to-CRD identifier in owned extract
IA9913489,IA,SEC,FL,no official OFR-to-CRD identifier in owned extract
BD1004445,BD,FNRA,FL,no official OFR-to-CRD identifier in owned extract
IA9905695,IA,FLA,AR,no official OFR-to-CRD identifier in owned extract
IA9914976,IA,SEC,FL,no official OFR-to-CRD identifier in owned extract
IA0900311,IA,SEC,FL,no official OFR-to-CRD identifier in owned extract
IA9909077,IA,SEC,,no official OFR-to-CRD identifier in owned extract
IA9913851,IA,SEC,FL,no official OFR-to-CRD identifier in owned extract
IA9916310,IA,SEC,FL,no official OFR-to-CRD identifier in owned extract
IA9916000,IA,SEC,FL,no official OFR-to-CRD identifier in owned extract
IA9910816,IA,SEC,FL,no official OFR-to-CRD identifier in owned extract
BD0902471,BD,FNRA,MI,no official OFR-to-CRD identifier in owned extract
IA9915528,IA,FLA,GA,no official OFR-to-CRD identifier in owned extract
IA9911236,IA,SEC,CA,no official OFR-to-CRD identifier in owned extract
IA9911087,IA,SEC,CA,no official OFR-to-CRD identifier in owned extract
IA9908752,IA,SEC,CA,no official OFR-to-CRD identifier in owned extract
BD0903014,BD,FNRA,AK,no official OFR-to-CRD identifier in owned extract
IA0902458,IA,SEC,NY,no official OFR-to-CRD identifier in owned extract
IA9916627,IA,FLA,FL,no official OFR-to-CRD identifier in owned extract
IA9912701,IA,SEC,CO,no official OFR-to-CRD identifier in owned extract
BD0902472,BD,FNRA,NY,no official OFR-to-CRD identifier in owned extract
BD1003939,BD,FNRA,OH,no official OFR-to-CRD identifier in owned extract
IA0900622,IA,SEC,OH,no official OFR-to-CRD identifier in owned extract
BD0900493,BD,FNRA,NY,no official OFR-to-CRD identifier in owned extract
IA9906031,IA,FLA,GA,no official OFR-to-CRD identifier in owned extract
IA9912363,IA,SEC,GA,no official OFR-to-CRD identifier in owned extract
IA9916996,IA,SEC,FL,no official OFR-to-CRD identifier in owned extract
IA0901043,IA,SEC,NY,no official OFR-to-CRD identifier in owned extract
IA9907904,IA,SEC,NY,no official OFR-to-CRD identifier in owned extract
IA9911099,IA,SEC,NJ,no official OFR-to-CRD identifier in owned extract
IA9917623,IA,SEC,NJ,no official OFR-to-CRD identifier in owned extract
IA9904053,IA,FLA,FL,no official OFR-to-CRD identifier in owned extract
IA9914042,IA,SEC,NY,no official OFR-to-CRD identifier in owned extract
IA9913144,IA,SEC,FL,no official OFR-to-CRD identifier in owned extract
IA9910440,IA,SEC,OH,no official OFR-to-CRD identifier in owned extract
BD1003874,BD,FNRA,FL,no official OFR-to-CRD identifier in owned extract
BD1003196,BD,FNRA,FL,no official OFR-to-CRD identifier in owned extract
BD1003956,BD,FNRA,NY,no official OFR-to-CRD identifier in owned extract
BD0900419,BD,FNRA,NY,no official OFR-to-CRD identifier in owned extract
BD0900117,BD,FNRA,NY,no official OFR-to-CRD identifier in owned extract
IA0901699,IA,SEC,NY,no official OFR-to-CRD identifier in owned extract
BD0900627,BD,FNRA,CA,no official OFR-to-CRD identifier in owned extract
IA0902422,IA,SEC,NY,no official OFR-to-CRD identifier in owned extract
BD0901314,BD,FNRA,RI,no official OFR-to-CRD identifier in owned extract
IA0901871,IA,SEC,RI,no official OFR-to-CRD identifier in owned extract
IA9916312,IA,SEC,NY,no official OFR-to-CRD identifier in owned extract
BD1004495,BD,FNRA,IL,no official OFR-to-CRD identifier in owned extract
IA9913141,IA,SEC,MI,no official OFR-to-CRD identifier in owned extract
IA9917641,IA,SEC,NM,no official OFR-to-CRD identifier in owned extract
IA9917729,IA,SEC,MD,no official OFR-to-CRD identifier in owned extract
IA0902067,IA,SEC,VA,no official OFR-to-CRD identifier in owned extract
IA9906234,IA,FLA,NH,no official OFR-to-CRD identifier in owned extract
BD0901463,BD,FNRA,NY,no official OFR-to-CRD identifier in owned extract
IA9909434,IA,FLA,IL,no official OFR-to-CRD identifier in owned extract
IA9913505,IA,SEC,NY,no official OFR-to-CRD identifier in owned extract
IA9905221,IA,SEC,IL,no official OFR-to-CRD identifier in owned extract
IA9913260,IA,SEC,TX,no official OFR-to-CRD identifier in owned extract
IA9910693,IA,SEC,,no official OFR-to-CRD identifier in owned extract
BD1003615,BD,FNRA,NY,no official OFR-to-CRD identifier in owned extract
IA9915016,IA,SEC,NY,no official OFR-to-CRD identifier in owned extract
IA9916082,IA,SEC,VA,no official OFR-to-CRD identifier in owned extract
IA9914363,IA,SEC,MO,no official OFR-to-CRD identifier in owned extract
IA9916313,IA,SEC,VA,no official OFR-to-CRD identifier in owned extract
IA9914844,IA,SEC,FL,no official OFR-to-CRD identifier in owned extract
IA9914009,IA,SEC,FL,no official OFR-to-CRD identifier in owned extract
IA9912796,IA,FLA,FL,no official OFR-to-CRD identifier in owned extract
IA9908986,IA,SEC,TX,no official OFR-to-CRD identifier in owned extract
IA9916756,IA,SEC,MA,no official OFR-to-CRD identifier in owned extract
IA9908277,IA,SEC,CA,no official OFR-to-CRD identifier in owned extract
IA9917800,IA,SEC,FL,no official OFR-to-CRD identifier in owned extract
IA9909972,IA,SEC,ME,no official OFR-to-CRD identifier in owned extract
IA9916776,IA,SEC,NH,no official OFR-to-CRD identifier in owned extract
IA0900354,IA,SEC,PA,no official OFR-to-CRD identifier in owned extract
IA9907311,IA,FLA,FL,no official OFR-to-CRD identifier in owned extract
IA0900791,IA,SEC,MO,no official OFR-to-CRD identifier in owned extract
IA9913577,IA,FLA,FL,no official OFR-to-CRD identifier in owned extract
IA9913852,IA,SEC,IL,no official OFR-to-CRD identifier in owned extract
IA9917740,IA,FLA,NE,no official OFR-to-CRD identifier in owned extract
BD0900938,BD,FNRA,NY,no official OFR-to-CRD identifier in owned extract
IA9907145,IA,SEC,MI,no official OFR-to-CRD identifier in owned extract
IA9907293,IA,SEC,MA,no official OFR-to-CRD identifier in owned extract
IA9915308,IA,SEC,NY,no official OFR-to-CRD identifier in owned extract
IA9909653,IA,SEC,AZ,no official OFR-to-CRD identifier in owned extract
IA9914186,IA,SEC,CO,no official OFR-to-CRD identifier in owned extract
IA9907880,IA,SEC,MO,no official OFR-to-CRD identifier in owned extract
IA9912591,IA,SEC,KS,no official OFR-to-CRD identifier in owned extract
BD1003541,BD,FNRA,CA,no official OFR-to-CRD identifier in owned extract
BD0902728,BD,FNRA,FL,no official OFR-to-CRD identifier in owned extract
IA9909382,IA,SEC,WA,no official OFR-to-CRD identifier in owned extract
IA9917232,IA,SEC,CO,no official OFR-to-CRD identifier in owned extract
IA9904597,IA,SEC,CT,no official OFR-to-CRD identifier in owned extract
IA9912036,IA,FLA,FL,no official OFR-to-CRD identifier in owned extract
IA0902084,IA,SEC,NY,no official OFR-to-CRD identifier in owned extract
IA9912468,IA,SEC,MI,no official OFR-to-CRD identifier in owned extract
BD1004222,BD,FNRA,NY,no official OFR-to-CRD identifier in owned extract
IA9915416,IA,FLA,SC,no official OFR-to-CRD identifier in owned extract
IA9913840,IA,FLA,NY,no official OFR-to-CRD identifier in owned extract
IA9917175,IA,SEC,NJ,no official OFR-to-CRD identifier in owned extract
IA9917036,IA,SEC,,no official OFR-to-CRD identifier in owned extract
IA0902865,IA,SEC,NY,no official OFR-to-CRD identifier in owned extract
BD1004285,BD,FNRA,CO,no official OFR-to-CRD identifier in owned extract
IA9916051,IA,FLA,KY,no official OFR-to-CRD identifier in owned extract
IA9917458,IA,SEC,NY,no official OFR-to-CRD identifier in owned extract
BD1004388,BD,FNRA,NY,no official OFR-to-CRD identifier in owned extract
BD1003676,BD,FNRA,NY,no official OFR-to-CRD identifier in owned extract
IA9914210,IA,SEC,FL,no official OFR-to-CRD identifier in owned extract
IA9905643,IA,SEC,OH,no official OFR-to-CRD identifier in owned extract
IA9910078,IA,FLA,FL,no official OFR-to-CRD identifier in owned extract
IA9917608,IA,FLA,FL,no official OFR-to-CRD identifier in owned extract
IA9910334,IA,SEC,PA,no official OFR-to-CRD identifier in owned extract
IA9913695,IA,SEC,CA,no official OFR-to-CRD identifier in owned extract
IA9906698,IA,SEC,IL,no official OFR-to-CRD identifier in owned extract
IA9916932,IA,SEC,FL,no official OFR-to-CRD identifier in owned extract
IA9915438,IA,SEC,FL,no official OFR-to-CRD identifier in owned extract
IA9906816,IA,FLA,PA,no official OFR-to-CRD identifier in owned extract
BD0902858,BD,FNRA,OH,no official OFR-to-CRD identifier in owned extract
IA9911115,IA,SEC,OH,no official OFR-to-CRD identifier in owned extract
IA9915043,IA,SEC,CA,no official OFR-to-CRD identifier in owned extract
IA9906438,IA,SEC,FL,no official OFR-to-CRD identifier in owned extract
IA0902505,IA,FLA,FL,no official OFR-to-CRD identifier in owned extract
IA9913101,IA,SEC,WI,no official OFR-to-CRD identifier in owned extract
IA9910947,IA,FLA,FL,no official OFR-to-CRD identifier in owned extract
IA9912968,IA,SEC,CA,no official OFR-to-CRD identifier in owned extract
BD0901845,BD,FNRA,MN,no official OFR-to-CRD identifier in owned extract
IA0902065,IA,SEC,MN,no official OFR-to-CRD identifier in owned extract
IA9915249,IA,SEC,,no official OFR-to-CRD identifier in owned extract
IA9904371,IA,SEC,CT,no official OFR-to-CRD identifier in owned extract
IA9916963,IA,FLA,FL,no official OFR-to-CRD identifier in owned extract
IA9913661,IA,SEC,FL,no official OFR-to-CRD identifier in owned extract
IA9915862,IA,SEC,WA,no official OFR-to-CRD identifier in owned extract
IA9910921,IA,SEC,AL,no official OFR-to-CRD identifier in owned extract
IA9917500,IA,SEC,FL,no official OFR-to-CRD identifier in owned extract
IA9916485,IA,SEC,NY,no official OFR-to-CRD identifier in owned extract
IA9913374,IA,SEC,MN,no official OFR-to-CRD identifier in owned extract
IA9912029,IA,SEC,NY,no official OFR-to-CRD identifier in owned extract
BD1003503,BD,FNRA,NY,no official OFR-to-CRD identifier in owned extract
IA9916205,IA,SEC,OH,no official OFR-to-CRD identifier in owned extract
IA9911120,IA,FLA,NJ,no official OFR-to-CRD identifier in owned extract
IA0902623,IA,SEC,OH,no official OFR-to-CRD identifier in owned extract
IA9916885,IA,FLA,FL,no official OFR-to-CRD identifier in owned extract
IA9905205,IA,SEC,FL,no official OFR-to-CRD identifier in owned extract
IA9909778,IA,SEC,GA,no official OFR-to-CRD identifier in owned extract
BD1004334,BD,FNRA,IL,no official OFR-to-CRD identifier in owned extract
IA0902080,IA,SEC,PA,no official OFR-to-CRD identifier in owned extract
IA9916814,IA,SEC,AZ,no official OFR-to-CRD identifier in owned extract
IA9911321,IA,SEC,TX,no official OFR-to-CRD identifier in owned extract
BD1004404,BD,FNRA,CA,no official OFR-to-CRD identifier in owned extract
IA9905274,IA,SEC,NH,no official OFR-to-CRD identifier in owned extract
IA9907546,IA,SEC,FL,no official OFR-to-CRD identifier in owned extract
IA9907475,IA,SEC,FL,no official OFR-to-CRD identifier in owned extract
IA9916490,IA,SEC,FL,no official OFR-to-CRD identifier in owned extract
BD0900652,BD,FNRA,FL,no official OFR-to-CRD identifier in owned extract
IA9908929,IA,SEC,FL,no official OFR-to-CRD identifier in owned extract
BD0900504,BD,FNRA,NY,no official OFR-to-CRD identifier in owned extract
IA9904236,IA,SEC,CT,no official OFR-to-CRD identifier in owned extract
IA9915937,IA,SEC,FL,no official OFR-to-CRD identifier in owned extract
IA9915677,IA,SEC,FL,no official OFR-to-CRD identifier in owned extract
IA9909155,IA,FLA,FL,no official OFR-to-CRD identifier in owned extract
IA9917286,IA,SEC,SC,no official OFR-to-CRD identifier in owned extract
IA9911493,IA,FLA,FL,no official OFR-to-CRD identifier in owned extract
IA9915265,IA,SEC,CA,no official OFR-to-CRD identifier in owned extract
IA9916993,IA,SEC,SC,no official OFR-to-CRD identifier in owned extract
IA9908351,IA,FLA,KY,no official OFR-to-CRD identifier in owned extract
BD0902584,BD,FNRA,FL,no official OFR-to-CRD identifier in owned extract
IA9914855,IA,SEC,VA,no official OFR-to-CRD identifier in owned extract
BD0902503,BD,FNRA,TX,no official OFR-to-CRD identifier in owned extract
IA9916925,IA,FLA,AL,no official OFR-to-CRD identifier in owned extract
IA9911650,IA,SEC,FL,no official OFR-to-CRD identifier in owned extract
IA9915926,IA,SEC,IL,no official OFR-to-CRD identifier in owned extract
BD1004801,BD,FNRA,VT,no official OFR-to-CRD identifier in owned extract
IA9917444,IA,SEC,FL,no official OFR-to-CRD identifier in owned extract
IA9916513,IA,SEC,FL,no official OFR-to-CRD identifier in owned extract
BD1002981,BD,FNRA,NY,no official OFR-to-CRD identifier in owned extract
IA0902162,IA,SEC,NY,no official OFR-to-CRD identifier in owned extract
BD0900874,BD,FNRA,NY,no official OFR-to-CRD identifier in owned extract
IA9917161,IA,SEC,IL,no official OFR-to-CRD identifier in owned extract
IA9911062,IA,SEC,NH,no official OFR-to-CRD identifier in owned extract
IA9911531,IA,SEC,CO,no official OFR-to-CRD identifier in owned extract
IA9908552,IA,FLA,NJ,no official OFR-to-CRD identifier in owned extract
IA9917670,IA,SEC,CT,no official OFR-to-CRD identifier in owned extract
BD0902379,BD,FNRA,NY,no official OFR-to-CRD identifier in owned extract
BD1003662,BD,FNRA,UT,no official OFR-to-CRD identifier in owned extract
BD1003926,BD,FNRA,CA,no official OFR-to-CRD identifier in owned extract
IA9912255,IA,SEC,MS,no official OFR-to-CRD identifier in owned extract
IA9915085,IA,SEC,AL,no official OFR-to-CRD identifier in owned extract
IA0900958,IA,SEC,FL,no official OFR-to-CRD identifier in owned extract
IA9915266,IA,SEC,CT,no official OFR-to-CRD identifier in owned extract
IA9906376,IA,SEC,WA,no official OFR-to-CRD identifier in owned extract
BD1004589,BD,FNRA,WA,no official OFR-to-CRD identifier in owned extract
IA9914598,IA,FLA,AL,no official OFR-to-CRD identifier in owned extract
IA9909878,IA,SEC,AZ,no official OFR-to-CRD identifier in owned extract
IA9909533,IA,FLA,NC,no official OFR-to-CRD identifier in owned extract
IA9907184,IA,SEC,FL,no official OFR-to-CRD identifier in owned extract
BD1004425,BD,FNRA,FL,no official OFR-to-CRD identifier in owned extract
IA9916645,IA,SEC,TX,no official OFR-to-CRD identifier in owned extract
IA9913486,IA,SEC,GA,no official OFR-to-CRD identifier in owned extract
IA9917310,IA,SEC,NC,no official OFR-to-CRD identifier in owned extract
IA9913163,IA,SEC,NC,no official OFR-to-CRD identifier in owned extract
BD0900352,BD,FNRA,MN,no official OFR-to-CRD identifier in owned extract
IA9907273,IA,SEC,MN,no official OFR-to-CRD identifier in owned extract
IA9906979,IA,SEC,NY,no official OFR-to-CRD identifier in owned extract
IA9907690,IA,SEC,MA,no official OFR-to-CRD identifier in owned extract
IA9915573,IA,SEC,LA,no official OFR-to-CRD identifier in owned extract
IA9910378,IA,SEC,VA,no official OFR-to-CRD identifier in owned extract
BD1003180,BD,FNRA,NY,no official OFR-to-CRD identifier in owned extract
IA9906798,IA,SEC,SC,no official OFR-to-CRD identifier in owned extract
BD1004511,BD,FNRA,PR,no official OFR-to-CRD identifier in owned extract
BD1004315,BD,FNRA,FL,no official OFR-to-CRD identifier in owned extract
IA9912503,IA,SEC,FL,no official OFR-to-CRD identifier in owned extract
IA9906648,IA,SEC,NC,no official OFR-to-CRD identifier in owned extract
BD1002915,BD,FNRA,CO,no official OFR-to-CRD identifier in owned extract
IA9906413,IA,FLA,CO,no official OFR-to-CRD identifier in owned extract
IA9913295,IA,SEC,CT,no official OFR-to-CRD identifier in owned extract
BD1004338,BD,FNRA,PR,no official OFR-to-CRD identifier in owned extract
IA9909992,IA,SEC,NC,no official OFR-to-CRD identifier in owned extract
IA9912977,IA,SEC,WA,no official OFR-to-CRD identifier in owned extract
BD1003278,BD,FNRA,CA,no official OFR-to-CRD identifier in owned extract
IA0901171,IA,SEC,MA,no official OFR-to-CRD identifier in owned extract
BD0900264,BD,FNRA,MA,no official OFR-to-CRD identifier in owned extract
IA9909520,IA,SEC,PA,no official OFR-to-CRD identifier in owned extract
BD0900605,BD,FNRA,MI,no official OFR-to-CRD identifier in owned extract
IA9914617,IA,SEC,IL,no official OFR-to-CRD identifier in owned extract
IA9916860,IA,SEC,TN,no official OFR-to-CRD identifier in owned extract
BD0901855,BD,FNRA,MO,no official OFR-to-CRD identifier in owned extract
BD0901716,BD,FNRA,NY,no official OFR-to-CRD identifier in owned extract
BD0902928,BD,FNRA,TX,no official OFR-to-CRD identifier in owned extract
IA9909585,IA,SEC,TX,no official OFR-to-CRD identifier in owned extract
BD0901279,BD,FNRA,NY,no official OFR-to-CRD identifier in owned extract
IA9917746,IA,SEC,FL,no official OFR-to-CRD identifier in owned extract
IA9906751,IA,FLA,FL,no official OFR-to-CRD identifier in owned extract
IA9911747,IA,SEC,CT,no official OFR-to-CRD identifier in owned extract
BD0901430,BD,FNRA,CT,no official OFR-to-CRD identifier in owned extract
BD1004065,BD,FNRA,FL,no official OFR-to-CRD identifier in owned extract
IA9911788,IA,SEC,MA,no official OFR-to-CRD identifier in owned extract
BD1004060,BD,FNRA,NY,no official OFR-to-CRD identifier in owned extract
IA9912121,IA,SEC,FL,no official OFR-to-CRD identifier in owned extract
BD0900281,BD,FNRA,MA,no official OFR-to-CRD identifier in owned extract
IA0901752,IA,SEC,MA,no official OFR-to-CRD identifier in owned extract
IA9915309,IA,SEC,GA,no official OFR-to-CRD identifier in owned extract
IA9915353,IA,SEC,WV,no official OFR-to-CRD identifier in owned extract
IA0901196,IA,SEC,FL,no official OFR-to-CRD identifier in owned extract
IA9908010,IA,SEC,FL,no official OFR-to-CRD identifier in owned extract
IA0901401,IA,SEC,CA,no official OFR-to-CRD identifier in owned extract
IA9909152,IA,SEC,NY,no official OFR-to-CRD identifier in owned extract
IA9910049,IA,SEC,MA,no official OFR-to-CRD identifier in owned extract
IA9910272,IA,FLA,VA,no official OFR-to-CRD identifier in owned extract
IA9911415,IA,SEC,MN,no official OFR-to-CRD identifier in owned extract
IA9903932,IA,SEC,IN,no official OFR-to-CRD identifier in owned extract
IA9913074,IA,SEC,FL,no official OFR-to-CRD identifier in owned extract
IA9911470,IA,SEC,SD,no official OFR-to-CRD identifier in owned extract
IA0901200,IA,SEC,FL,no official OFR-to-CRD identifier in owned extract
IA9911278,IA,SEC,NJ,no official OFR-to-CRD identifier in owned extract
IA9911013,IA,SEC,FL,no official OFR-to-CRD identifier in owned extract
IA0903573,IA,SEC,PA,no official OFR-to-CRD identifier in owned extract
IA9906999,IA,SEC,PA,no official OFR-to-CRD identifier in owned extract
IA9915034,IA,SEC,MA,no official OFR-to-CRD identifier in owned extract
BD0902226,BD,FNRA,DC,no official OFR-to-CRD identifier in owned extract
IA9913598,IA,SEC,MO,no official OFR-to-CRD identifier in owned extract
IA9917569,IA,SEC,CT,no official OFR-to-CRD identifier in owned extract
IA9915310,IA,SEC,NY,no official OFR-to-CRD identifier in owned extract
IA9906137,IA,FLA,CT,no official OFR-to-CRD identifier in owned extract
BD0900989,BD,FNRA,MA,no official OFR-to-CRD identifier in owned extract
IA9911555,IA,SEC,CT,no official OFR-to-CRD identifier in owned extract
IA9905250,IA,SEC,GA,no official OFR-to-CRD identifier in owned extract
BD1004595,BD,FNRA,VA,no official OFR-to-CRD identifier in owned extract
IA9911259,IA,SEC,CA,no official OFR-to-CRD identifier in owned extract
IA9910290,IA,SEC,FL,no official OFR-to-CRD identifier in owned extract
IA9913783,IA,SEC,NY,no official OFR-to-CRD identifier in owned extract
IA0902558,IA,SEC,NJ,no official OFR-to-CRD identifier in owned extract
IA9904679,IA,SEC,IN,no official OFR-to-CRD identifier in owned extract
IA9912462,IA,SEC,PA,no official OFR-to-CRD identifier in owned extract
IA9916620,IA,SEC,FL,no official OFR-to-CRD identifier in owned extract
IA9913884,IA,FLA,CT,no official OFR-to-CRD identifier in owned extract
IA9906546,IA,SEC,WA,no official OFR-to-CRD identifier in owned extract
IA9904852,IA,SEC,FL,no official OFR-to-CRD identifier in owned extract
IA9915747,IA,SEC,VA,no official OFR-to-CRD identifier in owned extract
IA9905502,IA,SEC,FL,no official OFR-to-CRD identifier in owned extract
IA9912072,IA,SEC,FL,no official OFR-to-CRD identifier in owned extract
IA9913789,IA,SEC,FL,no official OFR-to-CRD identifier in owned extract
IA9916232,IA,SEC,CA,no official OFR-to-CRD identifier in owned extract
IA9915424,IA,SEC,WI,no official OFR-to-CRD identifier in owned extract
IA9912491,IA,FLA,FL,no official OFR-to-CRD identifier in owned extract
IA9907826,IA,SEC,FL,no official OFR-to-CRD identifier in owned extract
IA9906345,IA,SEC,NJ,no official OFR-to-CRD identifier in owned extract
IA9909506,IA,SEC,VA,no official OFR-to-CRD identifier in owned extract
IA9906063,IA,SEC,MI,no official OFR-to-CRD identifier in owned extract
IA9909925,IA,SEC,NC,no official OFR-to-CRD identifier in owned extract
BD1003144,BD,FNRA,MI,no official OFR-to-CRD identifier in owned extract
IA9913723,IA,SEC,WA,no official OFR-to-CRD identifier in owned extract
IA9915644,IA,SEC,FL,no official OFR-to-CRD identifier in owned extract
IA9914034,IA,SEC,FL,no official OFR-to-CRD identifier in owned extract
IA9917716,IA,SEC,MA,no official OFR-to-CRD identifier in owned extract
IA0900604,IA,SEC,NJ,no official OFR-to-CRD identifier in owned extract
IA0902786,IA,SEC,PA,no official OFR-to-CRD identifier in owned extract
IA9908884,IA,FLA,CO,no official OFR-to-CRD identifier in owned extract
IA9913582,IA,SEC,CA,no official OFR-to-CRD identifier in owned extract
IA9912446,IA,SEC,MI,no official OFR-to-CRD identifier in owned extract
BD0901107,BD,FNRA,MI,no official OFR-to-CRD identifier in owned extract
BD1003720,BD,FNRA,GA,no official OFR-to-CRD identifier in owned extract
IA0904222,IA,SEC,MO,no official OFR-to-CRD identifier in owned extract
IA9912323,IA,SEC,PA,no official OFR-to-CRD identifier in owned extract
IA9915578,IA,FLA,AZ,no official OFR-to-CRD identifier in owned extract
IA0900454,IA,SEC,MA,no official OFR-to-CRD identifier in owned extract
IA9912069,IA,SEC,NY,no official OFR-to-CRD identifier in owned extract
IA9915996,IA,FLA,OK,no official OFR-to-CRD identifier in owned extract
BD1004269,BD,FNRA,,no official OFR-to-CRD identifier in owned extract
IA9905408,IA,SEC,CT,no official OFR-to-CRD identifier in owned extract
IA9916538,IA,SEC,NY,no official OFR-to-CRD identifier in owned extract
BD0900425,BD,FNRA,OH,no official OFR-to-CRD identifier in owned extract
IA0900319,IA,SEC,PA,no official OFR-to-CRD identifier in owned extract
IA0902960,IA,SEC,NY,no official OFR-to-CRD identifier in owned extract
IA9907339,IA,SEC,PA,no official OFR-to-CRD identifier in owned extract
IA9911535,IA,FLA,FL,no official OFR-to-CRD identifier in owned extract
IA9909265,IA,FLA,GA,no official OFR-to-CRD identifier in owned extract
IA9913969,IA,SEC,FL,no official OFR-to-CRD identifier in owned extract
IA9913479,IA,SEC,GA,no official OFR-to-CRD identifier in owned extract
BD1003469,BD,FNRA,MA,no official OFR-to-CRD identifier in owned extract
IA9904074,IA,FLA,FL,no official OFR-to-CRD identifier in owned extract
IA9903930,IA,SEC,CA,no official OFR-to-CRD identifier in owned extract
IA0902255,IA,SEC,PA,no official OFR-to-CRD identifier in owned extract
IA0902368,IA,SEC,FL,no official OFR-to-CRD identifier in owned extract
IA9912208,IA,SEC,TX,no official OFR-to-CRD identifier in owned extract
IA9906433,IA,SEC,CA,no official OFR-to-CRD identifier in owned extract
BD0900654,BD,FNRA,MO,no official OFR-to-CRD identifier in owned extract
IA9912216,IA,SEC,OH,no official OFR-to-CRD identifier in owned extract
IA9907913,IA,SEC,NY,no official OFR-to-CRD identifier in owned extract
IA9912016,IA,SEC,CT,no official OFR-to-CRD identifier in owned extract
IA0902592,IA,SEC,PR,no official OFR-to-CRD identifier in owned extract
IA9912712,IA,FLA,FL,no official OFR-to-CRD identifier in owned extract
IA9908123,IA,SEC,CA,no official OFR-to-CRD identifier in owned extract
BD0900896,BD,FNRA,WA,no official OFR-to-CRD identifier in owned extract
IA9916763,IA,SEC,WA,no official OFR-to-CRD identifier in owned extract
IA9909528,IA,SEC,ID,no official OFR-to-CRD identifier in owned extract
IA9904995,IA,SEC,NY,no official OFR-to-CRD identifier in owned extract
IA9912031,IA,FLA,NJ,no official OFR-to-CRD identifier in owned extract
IA9910393,IA,FLA,FL,no official OFR-to-CRD identifier in owned extract
IA0903041,IA,SEC,MA,no official OFR-to-CRD identifier in owned extract
IA9914269,IA,SEC,MO,no official OFR-to-CRD identifier in owned extract
IA9905612,IA,SEC,FL,no official OFR-to-CRD identifier in owned extract
IA0900258,IA,SEC,PA,no official OFR-to-CRD identifier in owned extract
IA0901411,IA,SEC,PA,no official OFR-to-CRD identifier in owned extract
IA9915444,IA,FLA,PA,no official OFR-to-CRD identifier in owned extract
IA9917514,IA,SEC,FL,no official OFR-to-CRD identifier in owned extract
IA0903764,IA,SEC,CA,no official OFR-to-CRD identifier in owned extract
IA0900903,IA,SEC,CT,no official OFR-to-CRD identifier in owned extract
IA0903522,IA,SEC,NY,no official OFR-to-CRD identifier in owned extract
IA9911309,IA,SEC,CT,no official OFR-to-CRD identifier in owned extract
BD1004525,BD,FNRA,VA,no official OFR-to-CRD identifier in owned extract
BD0900436,BD,FNRA,WI,no official OFR-to-CRD identifier in owned extract
IA9909328,IA,SEC,WI,no official OFR-to-CRD identifier in owned extract
IA0902324,IA,SEC,OH,no official OFR-to-CRD identifier in owned extract
IA9903968,IA,SEC,PA,no official OFR-to-CRD identifier in owned extract
IA9905122,IA,FLA,TN,no official OFR-to-CRD identifier in owned extract
IA9911621,IA,FLA,CA,no official OFR-to-CRD identifier in owned extract
IA9911502,IA,SEC,NC,no official OFR-to-CRD identifier in owned extract
IA9917090,IA,SEC,NJ,no official OFR-to-CRD identifier in owned extract
IA9908920,IA,FLA,FL,no official OFR-to-CRD identifier in owned extract
BD1003645,BD,FNRA,KS,no official OFR-to-CRD identifier in owned extract
IA9907809,IA,SEC,KS,no official OFR-to-CRD identifier in owned extract
IA9907210,IA,SEC,SC,no official OFR-to-CRD identifier in owned extract
IA9916798,IA,SEC,WY,no official OFR-to-CRD identifier in owned extract
IA9916994,IA,SEC,IL,no official OFR-to-CRD identifier in owned extract
IA9916164,IA,SEC,FL,no official OFR-to-CRD identifier in owned extract
IA9913853,IA,SEC,NJ,no official OFR-to-CRD identifier in owned extract
IA9915711,IA,FLA,FL,no official OFR-to-CRD identifier in owned extract
IA9916129,IA,SEC,FL,no official OFR-to-CRD identifier in owned extract
IA0900969,IA,SEC,MD,no official OFR-to-CRD identifier in owned extract
IA9905415,IA,SEC,TX,no official OFR-to-CRD identifier in owned extract
IA9908661,IA,SEC,PA,no official OFR-to-CRD identifier in owned extract
IA9913021,IA,SEC,NC,no official OFR-to-CRD identifier in owned extract
IA9911503,IA,SEC,NY,no official OFR-to-CRD identifier in owned extract
IA9906839,IA,SEC,TX,no official OFR-to-CRD identifier in owned extract
IA9913448,IA,SEC,SC,no official OFR-to-CRD identifier in owned extract
BD1003203,BD,FNRA,OH,no official OFR-to-CRD identifier in owned extract
IA9915027,IA,FLA,TX,no official OFR-to-CRD identifier in owned extract
IA9916212,IA,SEC,MO,no official OFR-to-CRD identifier in owned extract
IA9907555,IA,SEC,FL,no official OFR-to-CRD identifier in owned extract
IA9916578,IA,SEC,IN,no official OFR-to-CRD identifier in owned extract
IA9907611,IA,FLA,FL,no official OFR-to-CRD identifier in owned extract
IA9910162,IA,SEC,FL,no official OFR-to-CRD identifier in owned extract
BD0900468,BD,FNRA,NJ,no official OFR-to-CRD identifier in owned extract
IA9905833,IA,SEC,MI,no official OFR-to-CRD identifier in owned extract
BD1003476,BD,FNRA,MI,no official OFR-to-CRD identifier in owned extract
IA9911900,IA,SEC,AZ,no official OFR-to-CRD identifier in owned extract
IA9917459,IA,SEC,FL,no official OFR-to-CRD identifier in owned extract
IA9913614,IA,SEC,FL,no official OFR-to-CRD identifier in owned extract
IA9910439,IA,SEC,PA,no official OFR-to-CRD identifier in owned extract
IA9910435,IA,SEC,PA,no official OFR-to-CRD identifier in owned extract
IA9910858,IA,SEC,NY,no official OFR-to-CRD identifier in owned extract
BD0901248,BD,FNRA,NY,no official OFR-to-CRD identifier in owned extract
BD0902098,BD,FNRA,ZZ,no official OFR-to-CRD identifier in owned extract
IA9904819,IA,SEC,NY,no official OFR-to-CRD identifier in owned extract
IA0904091,IA,SEC,PA,no official OFR-to-CRD identifier in owned extract
IA9917631,IA,SEC,AR,no official OFR-to-CRD identifier in owned extract
IA9914990,IA,SEC,KS,no official OFR-to-CRD identifier in owned extract
IA9905522,IA,SEC,MD,no official OFR-to-CRD identifier in owned extract
IA9915604,IA,SEC,SC,no official OFR-to-CRD identifier in owned extract
IA9916410,IA,SEC,CA,no official OFR-to-CRD identifier in owned extract
IA9914154,IA,SEC,WI,no official OFR-to-CRD identifier in owned extract
IA9916572,IA,FLA,OH,no official OFR-to-CRD identifier in owned extract
IA9916730,IA,FLA,WI,no official OFR-to-CRD identifier in owned extract
IA9916728,IA,SEC,NE,no official OFR-to-CRD identifier in owned extract
IA9917506,IA,SEC,GA,no official OFR-to-CRD identifier in owned extract
IA9912447,IA,SEC,NH,no official OFR-to-CRD identifier in owned extract
IA9905765,IA,FLA,AL,no official OFR-to-CRD identifier in owned extract
IA0903363,IA,SEC,GA,no official OFR-to-CRD identifier in owned extract
IA9905984,IA,FLA,RI,no official OFR-to-CRD identifier in owned extract
IA0902688,IA,SEC,GA,no official OFR-to-CRD identifier in owned extract
IA9911295,IA,SEC,NJ,no official OFR-to-CRD identifier in owned extract
IA9915103,IA,SEC,NC,no official OFR-to-CRD identifier in owned extract
IA0902387,IA,SEC,NY,no official OFR-to-CRD identifier in owned extract
IA9910357,IA,FLA,KS,no official OFR-to-CRD identifier in owned extract
IA9913801,IA,SEC,MO,no official OFR-to-CRD identifier in owned extract
IA9915354,IA,SEC,FL,no official OFR-to-CRD identifier in owned extract
IA9913332,IA,SEC,MN,no official OFR-to-CRD identifier in owned extract
IA9909586,IA,SEC,NC,no official OFR-to-CRD identifier in owned extract
IA9905944,IA,SEC,MO,no official OFR-to-CRD identifier in owned extract
IA9915393,IA,SEC,MI,no official OFR-to-CRD identifier in owned extract
IA9914270,IA,SEC,TN,no official OFR-to-CRD identifier in owned extract
IA9908448,IA,FLA,CA,no official OFR-to-CRD identifier in owned extract
BD0901989,BD,FNRA,CA,no official OFR-to-CRD identifier in owned extract
BD1003306,BD,FNRA,CA,no official OFR-to-CRD identifier in owned extract
BD1004723,BD,FNRA,NY,no official OFR-to-CRD identifier in owned extract
IA9911458,IA,SEC,TX,no official OFR-to-CRD identifier in owned extract
IA0903507,IA,SEC,NJ,no official OFR-to-CRD identifier in owned extract
IA9915713,IA,SEC,FL,no official OFR-to-CRD identifier in owned extract
IA9910512,IA,SEC,MO,no official OFR-to-CRD identifier in owned extract
BD0901203,BD,FNRA,IL,no official OFR-to-CRD identifier in owned extract
IA9910796,IA,SEC,FL,no official OFR-to-CRD identifier in owned extract
IA9909619,IA,FLA,FL,no official OFR-to-CRD identifier in owned extract
IA9905564,IA,SEC,MO,no official OFR-to-CRD identifier in owned extract
IA9910458,IA,SEC,GA,no official OFR-to-CRD identifier in owned extract
IA9909887,IA,SEC,CO,no official OFR-to-CRD identifier in owned extract
IA9912361,IA,SEC,TN,no official OFR-to-CRD identifier in owned extract
IA9910620,IA,SEC,CO,no official OFR-to-CRD identifier in owned extract
IA9908659,IA,SEC,PA,no official OFR-to-CRD identifier in owned extract
IA9914419,IA,SEC,MA,no official OFR-to-CRD identifier in owned extract
IA9917523,IA,FLA,UT,no official OFR-to-CRD identifier in owned extract
IA0901126,IA,SEC,,no official OFR-to-CRD identifier in owned extract
IA9914962,IA,SEC,MD,no official OFR-to-CRD identifier in owned extract
IA9915809,IA,SEC,NC,no official OFR-to-CRD identifier in owned extract
BD0902232,BD,FNRA,IL,no official OFR-to-CRD identifier in owned extract
IA9911105,IA,SEC,VA,no official OFR-to-CRD identifier in owned extract
IA9913015,IA,FLA,VA,no official OFR-to-CRD identifier in owned extract
IA9908134,IA,SEC,NY,no official OFR-to-CRD identifier in owned extract
IA9917307,IA,SEC,NC,no official OFR-to-CRD identifier in owned extract
IA0903678,IA,FLA,FL,no official OFR-to-CRD identifier in owned extract
BD1003823,BD,FNRA,CA,no official OFR-to-CRD identifier in owned extract
IA9909713,IA,SEC,PA,no official OFR-to-CRD identifier in owned extract
IA9905688,IA,FLA,FL,no official OFR-to-CRD identifier in owned extract
BD1003378,BD,FNRA,NY,no official OFR-to-CRD identifier in owned extract
IA9911581,IA,FLA,FL,no official OFR-to-CRD identifier in owned extract
IA9914074,IA,FLA,NY,no official OFR-to-CRD identifier in owned extract
IA9916089,IA,SEC,NY,no official OFR-to-CRD identifier in owned extract
IA9904478,IA,SEC,NJ,no official OFR-to-CRD identifier in owned extract
IA9911247,IA,FLA,FL,no official OFR-to-CRD identifier in owned extract
BD1003045,BD,FNRA,PA,no official OFR-to-CRD identifier in owned extract
IA9904261,IA,SEC,,no official OFR-to-CRD identifier in owned extract
IA9917368,IA,SEC,NJ,no official OFR-to-CRD identifier in owned extract
BD1002930,BD,FNRA,MA,no official OFR-to-CRD identifier in owned extract
IA0902108,IA,SEC,PA,no official OFR-to-CRD identifier in owned extract
IA9914672,IA,SEC,FL,no official OFR-to-CRD identifier in owned extract
IA9914012,IA,SEC,OK,no official OFR-to-CRD identifier in owned extract
IA9913219,IA,SEC,MA,no official OFR-to-CRD identifier in owned extract
IA9917541,IA,SEC,OH,no official OFR-to-CRD identifier in owned extract
IA0900543,IA,SEC,IL,no official OFR-to-CRD identifier in owned extract
IA0900347,IA,SEC,IL,no official OFR-to-CRD identifier in owned extract
BD1004773,BD,FNRA,NY,no official OFR-to-CRD identifier in owned extract
IA9914886,IA,FLA,FL,no official OFR-to-CRD identifier in owned extract
BD0900817,BD,FNRA,CA,no official OFR-to-CRD identifier in owned extract
IA0900954,IA,SEC,FL,no official OFR-to-CRD identifier in owned extract
IA9904912,IA,FLA,FL,no official OFR-to-CRD identifier in owned extract
IA0903712,IA,FLA,FL,no official OFR-to-CRD identifier in owned extract
IA9915764,IA,FLA,FL,no official OFR-to-CRD identifier in owned extract
IA9910570,IA,FLA,GA,no official OFR-to-CRD identifier in owned extract
IA9904204,IA,SEC,GA,no official OFR-to-CRD identifier in owned extract
IA9910388,IA,FLA,FL,no official OFR-to-CRD identifier in owned extract
IA9907985,IA,FLA,TX,no official OFR-to-CRD identifier in owned extract
IA9909460,IA,SEC,MI,no official OFR-to-CRD identifier in owned extract
BD0901935,BD,FNRA,CA,no official OFR-to-CRD identifier in owned extract
BD1004814,BD,FNRA,DE,no official OFR-to-CRD identifier in owned extract
IA9913148,IA,SEC,CA,no official OFR-to-CRD identifier in owned extract
IA0904275,IA,SEC,NJ,no official OFR-to-CRD identifier in owned extract
IA9916713,IA,SEC,MO,no official OFR-to-CRD identifier in owned extract
IA9915839,IA,SEC,FL,no official OFR-to-CRD identifier in owned extract
BD1003782,BD,FNRA,NY,no official OFR-to-CRD identifier in owned extract
IA9915101,IA,FLA,VA,no official OFR-to-CRD identifier in owned extract
BD0902122,BD,FNRA,MN,no official OFR-to-CRD identifier in owned extract
IA9914634,IA,SEC,FL,no official OFR-to-CRD identifier in owned extract
IA0901576,IA,SEC,CT,no official OFR-to-CRD identifier in owned extract
IA0903499,IA,SEC,MI,no official OFR-to-CRD identifier in owned extract
IA9917621,IA,SEC,TN,no official OFR-to-CRD identifier in owned extract
IA0901256,IA,SEC,GA,no official OFR-to-CRD identifier in owned extract
BD1004451,BD,FNRA,NJ,no official OFR-to-CRD identifier in owned extract
IA9912339,IA,FLA,FL,no official OFR-to-CRD identifier in owned extract
BD0902601,BD,FNRA,ME,no official OFR-to-CRD identifier in owned extract
IA0901019,IA,SEC,IN,no official OFR-to-CRD identifier in owned extract
IA9906166,IA,FLA,CT,no official OFR-to-CRD identifier in owned extract
IA9916411,IA,SEC,TN,no official OFR-to-CRD identifier in owned extract
IA0902981,IA,SEC,KS,no official OFR-to-CRD identifier in owned extract
IA9907768,IA,FLA,RI,no official OFR-to-CRD identifier in owned extract
BD1003209,BD,FNRA,KS,no official OFR-to-CRD identifier in owned extract
IA9906493,IA,SEC,KS,no official OFR-to-CRD identifier in owned extract
IA9908980,IA,SEC,KS,no official OFR-to-CRD identifier in owned extract
IA9916883,IA,SEC,FL,no official OFR-to-CRD identifier in owned extract
IA9912766,IA,SEC,FL,no official OFR-to-CRD identifier in owned extract
BD0902604,BD,FNRA,FL,no official OFR-to-CRD identifier in owned extract
BD0900311,BD,FNRA,NY,no official OFR-to-CRD identifier in owned extract
IA9915817,IA,SEC,FL,no official OFR-to-CRD identifier in owned extract
IA9915157,IA,SEC,IL,no official OFR-to-CRD identifier in owned extract
BD1004831,BD,FNRA,TN,no official OFR-to-CRD identifier in owned extract
IA9915933,IA,SEC,FL,no official OFR-to-CRD identifier in owned extract
BD0900760,BD,FNRA,PA,no official OFR-to-CRD identifier in owned extract
BD1004220,BD,FNRA,NY,no official OFR-to-CRD identifier in owned extract
IA9914160,IA,SEC,TX,no official OFR-to-CRD identifier in owned extract
IA9916681,IA,SEC,LA,no official OFR-to-CRD identifier in owned extract
IA9907715,IA,SEC,IL,no official OFR-to-CRD identifier in owned extract
IA9907479,IA,SEC,NY,no official OFR-to-CRD identifier in owned extract
BD0902319,BD,FNRA,TX,no official OFR-to-CRD identifier in owned extract
IA9908684,IA,FLA,FL,no official OFR-to-CRD identifier in owned extract
IA9909224,IA,SEC,IL,no official OFR-to-CRD identifier in owned extract
BD1004762,BD,FNRA,FL,no official OFR-to-CRD identifier in owned extract
IA9908837,IA,SEC,MA,no official OFR-to-CRD identifier in owned extract
IA9914286,IA,SEC,OH,no official OFR-to-CRD identifier in owned extract
BD1004625,BD,FNRA,UT,no official OFR-to-CRD identifier in owned extract
BD0900607,BD,FNRA,AR,no official OFR-to-CRD identifier in owned extract
IA9914881,IA,SEC,AR,no official OFR-to-CRD identifier in owned extract
IA9916608,IA,FLA,FL,no official OFR-to-CRD identifier in owned extract
BD1003430,BD,FNRA,AL,no official OFR-to-CRD identifier in owned extract
IA9916875,IA,FLA,FL,no official OFR-to-CRD identifier in owned extract
BD1004518,BD,FNRA,CA,no official OFR-to-CRD identifier in owned extract
BD1004042,BD,FNRA,CT,no official OFR-to-CRD identifier in owned extract
IA9913891,IA,SEC,OH,no official OFR-to-CRD identifier in owned extract
IA9910724,IA,FLA,FL,no official OFR-to-CRD identifier in owned extract
BD0901911,BD,FNRA,GA,no official OFR-to-CRD identifier in owned extract
IA9912181,IA,FLA,OH,no official OFR-to-CRD identifier in owned extract
IA9911495,IA,SEC,NY,no official OFR-to-CRD identifier in owned extract
IA9914123,IA,SEC,OR,no official OFR-to-CRD identifier in owned extract
BD1004303,BD,FNRA,NJ,no official OFR-to-CRD identifier in owned extract
IA9906144,IA,SEC,NY,no official OFR-to-CRD identifier in owned extract
IA9911149,IA,SEC,NM,no official OFR-to-CRD identifier in owned extract
IA9913228,IA,SEC,PA,no official OFR-to-CRD identifier in owned extract
BD0900412,BD,FNRA,TX,no official OFR-to-CRD identifier in owned extract
IA0901557,IA,SEC,TX,no official OFR-to-CRD identifier in owned extract
IA9910827,IA,SEC,TX,no official OFR-to-CRD identifier in owned extract
IA9917501,IA,SEC,PA,no official OFR-to-CRD identifier in owned extract
BD1003251,BD,FNRA,FL,no official OFR-to-CRD identifier in owned extract
IA9917762,IA,FLA,FL,no official OFR-to-CRD identifier in owned extract
IA9916983,IA,FLA,FL,no official OFR-to-CRD identifier in owned extract
BD1004429,BD,FNRA,TX,no official OFR-to-CRD identifier in owned extract
BD1004454,BD,FNRA,NY,no official OFR-to-CRD identifier in owned extract
BD1004253,BD,FNRA,FL,no official OFR-to-CRD identifier in owned extract
IA9912209,IA,SEC,NC,no official OFR-to-CRD identifier in owned extract
IA9907751,IA,SEC,IL,no official OFR-to-CRD identifier in owned extract
BD1004538,BD,FNRA,FL,no official OFR-to-CRD identifier in owned extract
IA9915608,IA,SEC,CO,no official OFR-to-CRD identifier in owned extract
IA9916027,IA,SEC,CA,no official OFR-to-CRD identifier in owned extract
IA9910607,IA,FLA,FL,no official OFR-to-CRD identifier in owned extract
IA9903896,IA,SEC,FL,no official OFR-to-CRD identifier in owned extract
IA9917155,IA,SEC,FL,no official OFR-to-CRD identifier in owned extract
IA9909486,IA,SEC,OR,no official OFR-to-CRD identifier in owned extract
IA9905228,IA,SEC,FL,no official OFR-to-CRD identifier in owned extract
IA9915601,IA,FLA,WA,no official OFR-to-CRD identifier in owned extract
IA9911343,IA,SEC,PA,no official OFR-to-CRD identifier in owned extract
IA9914721,IA,SEC,AZ,no official OFR-to-CRD identifier in owned extract
IA9907437,IA,FLA,FL,no official OFR-to-CRD identifier in owned extract
IA0901258,IA,FLA,FL,no official OFR-to-CRD identifier in owned extract
BD1002983,BD,FNRA,NY,no official OFR-to-CRD identifier in owned extract
BD0902620,BD,FNRA,KS,no official OFR-to-CRD identifier in owned extract
BD1004733,BD,FNRA,PR,no official OFR-to-CRD identifier in owned extract
IA9910205,IA,FLA,PA,no official OFR-to-CRD identifier in owned extract
BD0902446,BD,FNRA,FL,no official OFR-to-CRD identifier in owned extract
IA9914632,IA,FLA,GA,no official OFR-to-CRD identifier in owned extract
IA9912257,IA,SEC,NY,no official OFR-to-CRD identifier in owned extract
IA0901973,IA,SEC,KY,no official OFR-to-CRD identifier in owned extract
BD1004462,BD,FNRA,FL,no official OFR-to-CRD identifier in owned extract
IA9917567,IA,SEC,CO,no official OFR-to-CRD identifier in owned extract
IA0901022,IA,SEC,FL,no official OFR-to-CRD identifier in owned extract
IA9909387,IA,FLA,FL,no official OFR-to-CRD identifier in owned extract
BD0900386,BD,FNRA,IA,no official OFR-to-CRD identifier in owned extract
IA9907509,IA,FLA,OH,no official OFR-to-CRD identifier in owned extract
IA9915743,IA,SEC,IL,no official OFR-to-CRD identifier in owned extract
IA9910232,IA,SEC,CA,no official OFR-to-CRD identifier in owned extract
IA9910243,IA,SEC,NH,no official OFR-to-CRD identifier in owned extract
IA0902566,IA,SEC,IL,no official OFR-to-CRD identifier in owned extract
IA9915035,IA,SEC,MD,no official OFR-to-CRD identifier in owned extract
IA9912149,IA,SEC,SC,no official OFR-to-CRD identifier in owned extract
IA9917257,IA,FLA,NH,no official OFR-to-CRD identifier in owned extract
BD1004455,BD,FNRA,MA,no official OFR-to-CRD identifier in owned extract
BD1004044,BD,FNRA,NJ,no official OFR-to-CRD identifier in owned extract
IA9912710,IA,SEC,WI,no official OFR-to-CRD identifier in owned extract
IA0901283,IA,SEC,MA,no official OFR-to-CRD identifier in owned extract
IA9915104,IA,SEC,OR,no official OFR-to-CRD identifier in owned extract
IA9911237,IA,SEC,MA,no official OFR-to-CRD identifier in owned extract
IA9905897,IA,SEC,FL,no official OFR-to-CRD identifier in owned extract
BD1003867,BD,FNRA,NY,no official OFR-to-CRD identifier in owned extract
IA9914566,IA,SEC,IN,no official OFR-to-CRD identifier in owned extract
IA9917803,IA,SEC,OH,no official OFR-to-CRD identifier in owned extract
IA9911902,IA,SEC,MA,no official OFR-to-CRD identifier in owned extract
BD1003000,BD,FNRA,TN,no official OFR-to-CRD identifier in owned extract
IA9917632,IA,SEC,TN,no official OFR-to-CRD identifier in owned extract
IA9907052,IA,SEC,FL,no official OFR-to-CRD identifier in owned extract
IA9917382,IA,SEC,OR,no official OFR-to-CRD identifier in owned extract
IA9917588,IA,SEC,MD,no official OFR-to-CRD identifier in owned extract
IA9904828,IA,SEC,NE,no official OFR-to-CRD identifier in owned extract
IA9910051,IA,SEC,MI,no official OFR-to-CRD identifier in owned extract
IA9909763,IA,SEC,IN,no official OFR-to-CRD identifier in owned extract
IA9913344,IA,SEC,FL,no official OFR-to-CRD identifier in owned extract
IA9916466,IA,SEC,FL,no official OFR-to-CRD identifier in owned extract
IA9910161,IA,SEC,MI,no official OFR-to-CRD identifier in owned extract
IA9911566,IA,SEC,FL,no official OFR-to-CRD identifier in owned extract
IA9916802,IA,SEC,UT,no official OFR-to-CRD identifier in owned extract
IA9915498,IA,SEC,IL,no official OFR-to-CRD identifier in owned extract
IA9916813,IA,FLA,FL,no official OFR-to-CRD identifier in owned extract
IA9910629,IA,SEC,TN,no official OFR-to-CRD identifier in owned extract
IA9910413,IA,SEC,NJ,no official OFR-to-CRD identifier in owned extract
BD1003681,BD,FNRA,NY,no official OFR-to-CRD identifier in owned extract
IA9905290,IA,FLA,CA,no official OFR-to-CRD identifier in owned extract
IA9912604,IA,FLA,FL,no official OFR-to-CRD identifier in owned extract
IA9911264,IA,SEC,CA,no official OFR-to-CRD identifier in owned extract
IA9917326,IA,SEC,OH,no official OFR-to-CRD identifier in owned extract
IA9915185,IA,SEC,IL,no official OFR-to-CRD identifier in owned extract
IA9916706,IA,SEC,FL,no official OFR-to-CRD identifier in owned extract
IA9915215,IA,SEC,MI,no official OFR-to-CRD identifier in owned extract
IA9913586,IA,SEC,RI,no official OFR-to-CRD identifier in owned extract
IA9909973,IA,SEC,OH,no official OFR-to-CRD identifier in owned extract
IA9904808,IA,FLA,NY,no official OFR-to-CRD identifier in owned extract
IA9907917,IA,SEC,VA,no official OFR-to-CRD identifier in owned extract
BD1004136,BD,FNRA,VT,no official OFR-to-CRD identifier in owned extract
BD1004119,BD,FNRA,AR,no official OFR-to-CRD identifier in owned extract
BD0900624,BD,FNRA,MT,no official OFR-to-CRD identifier in owned extract
IA0901649,IA,SEC,MT,no official OFR-to-CRD identifier in owned extract
IA9907959,IA,SEC,PA,no official OFR-to-CRD identifier in owned extract
BD0901077,BD,FNRA,NY,no official OFR-to-CRD identifier in owned extract
IA0903558,IA,SEC,MD,no official OFR-to-CRD identifier in owned extract
IA9910766,IA,SEC,TX,no official OFR-to-CRD identifier in owned extract
BD0901285,BD,FNRA,TX,no official OFR-to-CRD identifier in owned extract
BD0901185,BD,FNRA,IA,no official OFR-to-CRD identifier in owned extract
IA9913625,IA,FLA,GA,no official OFR-to-CRD identifier in owned extract
IA9913507,IA,SEC,NY,no official OFR-to-CRD identifier in owned extract
IA9904913,IA,FLA,FL,no official OFR-to-CRD identifier in owned extract
IA9916841,IA,FLA,FL,no official OFR-to-CRD identifier in owned extract
IA9913939,IA,SEC,FL,no official OFR-to-CRD identifier in owned extract
BD0900837,BD,FNRA,NY,no official OFR-to-CRD identifier in owned extract
IA9916230,IA,FLA,NJ,no official OFR-to-CRD identifier in owned extract
IA9908703,IA,SEC,FL,no official OFR-to-CRD identifier in owned extract
IA0903544,IA,SEC,OH,no official OFR-to-CRD identifier in owned extract
IA9917642,IA,SEC,FL,no official OFR-to-CRD identifier in owned extract
IA9911323,IA,SEC,MI,no official OFR-to-CRD identifier in owned extract
BD1003979,BD,FNRA,GA,no official OFR-to-CRD identifier in owned extract
IA9910788,IA,SEC,GA,no official OFR-to-CRD identifier in owned extract
BD0900507,BD,FNRA,NY,no official OFR-to-CRD identifier in owned extract
IA9908726,IA,FLA,FL,no official OFR-to-CRD identifier in owned extract
IA9910295,IA,SEC,FL,no official OFR-to-CRD identifier in owned extract
IA0901851,IA,SEC,FL,no official OFR-to-CRD identifier in owned extract
BD1003656,BD,FNRA,NY,no official OFR-to-CRD identifier in owned extract
IA9917627,IA,FLA,GA,no official OFR-to-CRD identifier in owned extract
IA0900416,IA,SEC,WI,no official OFR-to-CRD identifier in owned extract
IA9913062,IA,SEC,GA,no official OFR-to-CRD identifier in owned extract
IA9913729,IA,FLA,AR,no official OFR-to-CRD identifier in owned extract
IA9916950,IA,SEC,MI,no official OFR-to-CRD identifier in owned extract
IA9915616,IA,SEC,MI,no official OFR-to-CRD identifier in owned extract
IA9911191,IA,FLA,FL,no official OFR-to-CRD identifier in owned extract
IA9904507,IA,SEC,FL,no official OFR-to-CRD identifier in owned extract
IA9911945,IA,SEC,MI,no official OFR-to-CRD identifier in owned extract
IA9917694,IA,FLA,CA,no official OFR-to-CRD identifier in owned extract
IA9916696,IA,FLA,FL,no official OFR-to-CRD identifier in owned extract
IA9907180,IA,SEC,FL,no official OFR-to-CRD identifier in owned extract
BD0902773,BD,FNRA,NJ,no official OFR-to-CRD identifier in owned extract
IA9908585,IA,FLA,FL,no official OFR-to-CRD identifier in owned extract
IA9910026,IA,SEC,CA,no official OFR-to-CRD identifier in owned extract
BD0902857,BD,FNRA,IL,no official OFR-to-CRD identifier in owned extract
BD1003621,BD,FNRA,IL,no official OFR-to-CRD identifier in owned extract
IA9917685,IA,FLA,FL,no official OFR-to-CRD identifier in owned extract
IA9914794,IA,FLA,FL,no official OFR-to-CRD identifier in owned extract
IA9913592,IA,SEC,MA,no official OFR-to-CRD identifier in owned extract
IA9915554,IA,FLA,GA,no official OFR-to-CRD identifier in owned extract
IA9914376,IA,SEC,MI,no official OFR-to-CRD identifier in owned extract
BD0900400,BD,FNRA,VA,no official OFR-to-CRD identifier in owned extract
IA0901775,IA,SEC,VA,no official OFR-to-CRD identifier in owned extract
IA9915534,IA,FLA,FL,no official OFR-to-CRD identifier in owned extract
IA9913470,IA,SEC,MS,no official OFR-to-CRD identifier in owned extract
IA9905476,IA,FLA,TN,no official OFR-to-CRD identifier in owned extract
IA9910730,IA,SEC,FL,no official OFR-to-CRD identifier in owned extract
BD0900344,BD,FNRA,NY,no official OFR-to-CRD identifier in owned extract
IA0900968,IA,FLA,FL,no official OFR-to-CRD identifier in owned extract
IA9915870,IA,FLA,FL,no official OFR-to-CRD identifier in owned extract
IA9913490,IA,SEC,IN,no official OFR-to-CRD identifier in owned extract
IA0900630,IA,SEC,IL,no official OFR-to-CRD identifier in owned extract
IA9916172,IA,SEC,NY,no official OFR-to-CRD identifier in owned extract
IA9917099,IA,SEC,NC,no official OFR-to-CRD identifier in owned extract
IA0900629,IA,SEC,MT,no official OFR-to-CRD identifier in owned extract
IA9917233,IA,SEC,CA,no official OFR-to-CRD identifier in owned extract
IA9904420,IA,SEC,NJ,no official OFR-to-CRD identifier in owned extract
IA9904073,IA,FLA,FL,no official OFR-to-CRD identifier in owned extract
IA9915454,IA,SEC,IN,no official OFR-to-CRD identifier in owned extract
BD0902889,BD,FNRA,MA,no official OFR-to-CRD identifier in owned extract
IA9907682,IA,SEC,SC,no official OFR-to-CRD identifier in owned extract
IA9916828,IA,SEC,NY,no official OFR-to-CRD identifier in owned extract
IA9911276,IA,SEC,FL,no official OFR-to-CRD identifier in owned extract
BD0901321,BD,FNRA,AZ,no official OFR-to-CRD identifier in owned extract
IA9914045,IA,SEC,NC,no official OFR-to-CRD identifier in owned extract
IA9912765,IA,SEC,FL,no official OFR-to-CRD identifier in owned extract
BD0902684,BD,FNRA,NY,no official OFR-to-CRD identifier in owned extract
IA0901393,IA,SEC,NY,no official OFR-to-CRD identifier in owned extract
IA0901349,IA,SEC,AZ,no official OFR-to-CRD identifier in owned extract
IA9910093,IA,SEC,TN,no official OFR-to-CRD identifier in owned extract
IA9911513,IA,FLA,MO,no official OFR-to-CRD identifier in owned extract
IA9914120,IA,SEC,FL,no official OFR-to-CRD identifier in owned extract
IA0902796,IA,FLA,FL,no official OFR-to-CRD identifier in owned extract
BD0902368,BD,FNRA,FL,no official OFR-to-CRD identifier in owned extract
IA9910754,IA,SEC,FL,no official OFR-to-CRD identifier in owned extract
BD1004203,BD,FNRA,FL,no official OFR-to-CRD identifier in owned extract
IA9913803,IA,SEC,OH,no official OFR-to-CRD identifier in owned extract
IA9917186,IA,SEC,NY,no official OFR-to-CRD identifier in owned extract
IA9913214,IA,SEC,OH,no official OFR-to-CRD identifier in owned extract
IA9911369,IA,SEC,VA,no official OFR-to-CRD identifier in owned extract
IA9909523,IA,SEC,NY,no official OFR-to-CRD identifier in owned extract
BD1004670,BD,FNRA,TX,no official OFR-to-CRD identifier in owned extract
IA9908990,IA,SEC,CA,no official OFR-to-CRD identifier in owned extract
BD1003311,BD,FNRA,NJ,no official OFR-to-CRD identifier in owned extract
BD1004414,BD,FNRA,NY,no official OFR-to-CRD identifier in owned extract
IA0902484,IA,SEC,OH,no official OFR-to-CRD identifier in owned extract
IA0900385,IA,SEC,OH,no official OFR-to-CRD identifier in owned extract
IA9909795,IA,SEC,TX,no official OFR-to-CRD identifier in owned extract
IA0901301,IA,SEC,IL,no official OFR-to-CRD identifier in owned extract
IA9907071,IA,FLA,PA,no official OFR-to-CRD identifier in owned extract
IA9916475,IA,FLA,TX,no official OFR-to-CRD identifier in owned extract
BD1004494,BD,FNRA,UT,no official OFR-to-CRD identifier in owned extract
IA9916188,IA,SEC,CA,no official OFR-to-CRD identifier in owned extract
IA9914916,IA,SEC,VA,no official OFR-to-CRD identifier in owned extract
IA9917415,IA,SEC,AZ,no official OFR-to-CRD identifier in owned extract
IA9914420,IA,SEC,UT,no official OFR-to-CRD identifier in owned extract
IA9913297,IA,SEC,TN,no official OFR-to-CRD identifier in owned extract
IA9914576,IA,FLA,MA,no official OFR-to-CRD identifier in owned extract
IA9915574,IA,SEC,MN,no official OFR-to-CRD identifier in owned extract
BD1003767,BD,FNRA,NY,no official OFR-to-CRD identifier in owned extract
IA0902317,IA,SEC,IN,no official OFR-to-CRD identifier in owned extract
IA9906921,IA,SEC,FL,no official OFR-to-CRD identifier in owned extract
IA9913839,IA,FLA,IL,no official OFR-to-CRD identifier in owned extract
IA9912047,IA,SEC,NC,no official OFR-to-CRD identifier in owned extract
IA9917017,IA,SEC,FL,no official OFR-to-CRD identifier in owned extract
IA9916772,IA,SEC,CA,no official OFR-to-CRD identifier in owned extract
IA9916926,IA,FLA,FL,no official OFR-to-CRD identifier in owned extract
IA9911762,IA,SEC,NY,no official OFR-to-CRD identifier in owned extract
BD0900345,BD,FNRA,PA,no official OFR-to-CRD identifier in owned extract
IA9915070,IA,FLA,FL,no official OFR-to-CRD identifier in owned extract
IA9916491,IA,SEC,FL,no official OFR-to-CRD identifier in owned extract
IA9914982,IA,FLA,CA,no official OFR-to-CRD identifier in owned extract
IA9916168,IA,FLA,FL,no official OFR-to-CRD identifier in owned extract
IA9911526,IA,FLA,MD,no official OFR-to-CRD identifier in owned extract
BD0901954,BD,FNRA,IL,no official OFR-to-CRD identifier in owned extract
BD0902646,BD,FNRA,NY,no official OFR-to-CRD identifier in owned extract
IA9914176,IA,SEC,FL,no official OFR-to-CRD identifier in owned extract
IA0903480,IA,SEC,TN,no official OFR-to-CRD identifier in owned extract
IA9911505,IA,SEC,FL,no official OFR-to-CRD identifier in owned extract
IA9913333,IA,SEC,MD,no official OFR-to-CRD identifier in owned extract
IA9912495,IA,SEC,LA,no official OFR-to-CRD identifier in owned extract
IA9910248,IA,SEC,CA,no official OFR-to-CRD identifier in owned extract
IA9916314,IA,SEC,IN,no official OFR-to-CRD identifier in owned extract
IA9917696,IA,FLA,FL,no official OFR-to-CRD identifier in owned extract
IA0901902,IA,SEC,NY,no official OFR-to-CRD identifier in owned extract
BD0901504,BD,FNRA,NY,no official OFR-to-CRD identifier in owned extract
BD1004503,BD,FNRA,FL,no official OFR-to-CRD identifier in owned extract
IA9915629,IA,SEC,KY,no official OFR-to-CRD identifier in owned extract
IA0904243,IA,SEC,OH,no official OFR-to-CRD identifier in owned extract
IA9915653,IA,SEC,CA,no official OFR-to-CRD identifier in owned extract
IA9913261,IA,SEC,WI,no official OFR-to-CRD identifier in owned extract
BD1003082,BD,FNRA,CA,no official OFR-to-CRD identifier in owned extract
IA9910427,IA,SEC,CO,no official OFR-to-CRD identifier in owned extract
IA9911133,IA,SEC,CO,no official OFR-to-CRD identifier in owned extract
IA0900737,IA,SEC,FL,no official OFR-to-CRD identifier in owned extract
IA0901657,IA,SEC,MI,no official OFR-to-CRD identifier in owned extract
IA9917131,IA,SEC,IA,no official OFR-to-CRD identifier in owned extract
IA9911485,IA,SEC,MI,no official OFR-to-CRD identifier in owned extract
IA9913579,IA,SEC,ID,no official OFR-to-CRD identifier in owned extract
BD1004794,BD,CAN,ON,no official OFR-to-CRD identifier in owned extract
IA9916910,IA,SEC,,no official OFR-to-CRD identifier in owned extract
IA9910554,IA,SEC,TX,no official OFR-to-CRD identifier in owned extract
BD1003285,BD,CAN,QC,no official OFR-to-CRD identifier in owned extract
BD1003807,BD,CAN,QC,no official OFR-to-CRD identifier in owned extract
BD0902130,BD,FNRA,ZZ,no official OFR-to-CRD identifier in owned extract
IA9910327,IA,SEC,CA,no official OFR-to-CRD identifier in owned extract
IA9914229,IA,SEC,CO,no official OFR-to-CRD identifier in owned extract
IA9916803,IA,SEC,FL,no official OFR-to-CRD identifier in owned extract
IA9907064,IA,SEC,FL,no official OFR-to-CRD identifier in owned extract
IA9909570,IA,SEC,MT,no official OFR-to-CRD identifier in owned extract
BD1003247,BD,FNRA,MT,no official OFR-to-CRD identifier in owned extract
IA9910786,IA,SEC,MO,no official OFR-to-CRD identifier in owned extract
IA9909914,IA,SEC,FL,no official OFR-to-CRD identifier in owned extract
BD0900185,BD,FNRA,NY,no official OFR-to-CRD identifier in owned extract
IA0901728,IA,SEC,NY,no official OFR-to-CRD identifier in owned extract
BD0900385,BD,FNRA,NY,no official OFR-to-CRD identifier in owned extract
IA9917399,IA,SEC,CA,no official OFR-to-CRD identifier in owned extract
IA9911687,IA,SEC,AZ,no official OFR-to-CRD identifier in owned extract
BD0900573,BD,FNRA,TX,no official OFR-to-CRD identifier in owned extract
IA9915033,IA,SEC,FL,no official OFR-to-CRD identifier in owned extract
BD1003279,BD,FNRA,UT,no official OFR-to-CRD identifier in owned extract
IA9913402,IA,SEC,NY,no official OFR-to-CRD identifier in owned extract
IA9914421,IA,SEC,NY,no official OFR-to-CRD identifier in owned extract
IA9914853,IA,FLA,FL,no official OFR-to-CRD identifier in owned extract
IA9917416,IA,SEC,NJ,no official OFR-to-CRD identifier in owned extract
IA9915081,IA,SEC,MN,no official OFR-to-CRD identifier in owned extract
IA9907222,IA,SEC,NJ,no official OFR-to-CRD identifier in owned extract
IA9908618,IA,SEC,IL,no official OFR-to-CRD identifier in owned extract
IA9916497,IA,FLA,TX,no official OFR-to-CRD identifier in owned extract
IA9915177,IA,FLA,FL,no official OFR-to-CRD identifier in owned extract
IA0900371,IA,SEC,CT,no official OFR-to-CRD identifier in owned extract
IA0902615,IA,SEC,OH,no official OFR-to-CRD identifier in owned extract
IA9911197,IA,FLA,FL,no official OFR-to-CRD identifier in owned extract
IA0901495,IA,SEC,CT,no official OFR-to-CRD identifier in owned extract
IA9912189,IA,SEC,IN,no official OFR-to-CRD identifier in owned extract
IA9912258,IA,SEC,TX,no official OFR-to-CRD identifier in owned extract
IA9913788,IA,FLA,VA,no official OFR-to-CRD identifier in owned extract
IA0903645,IA,FLA,FL,no official OFR-to-CRD identifier in owned extract
IA9912729,IA,FLA,FL,no official OFR-to-CRD identifier in owned extract
IA9909786,IA,SEC,FL,no official OFR-to-CRD identifier in owned extract
BD1004311,BD,FNRA,NJ,no official OFR-to-CRD identifier in owned extract
BD1003603,BD,FNRA,CA,no official OFR-to-CRD identifier in owned extract
IA9916173,IA,SEC,TX,no official OFR-to-CRD identifier in owned extract
IA9909877,IA,SEC,FL,no official OFR-to-CRD identifier in owned extract
IA9917637,IA,SEC,FL,no official OFR-to-CRD identifier in owned extract
IA9916149,IA,SEC,CA,no official OFR-to-CRD identifier in owned extract
IA0901053,IA,SEC,MI,no official OFR-to-CRD identifier in owned extract
IA0900971,IA,SEC,FL,no official OFR-to-CRD identifier in owned extract
IA9906396,IA,SEC,TX,no official OFR-to-CRD identifier in owned extract
IA9917316,IA,SEC,CA,no official OFR-to-CRD identifier in owned extract
BD1004770,BD,FNRA,NY,no official OFR-to-CRD identifier in owned extract
IA9914939,IA,FLA,OH,no official OFR-to-CRD identifier in owned extract
BD0902049,BD,FNRA,NY,no official OFR-to-CRD identifier in owned extract
IA0902197,IA,SEC,PA,no official OFR-to-CRD identifier in owned extract
IA9907155,IA,SEC,,no official OFR-to-CRD identifier in owned extract
IA9916492,IA,SEC,FL,no official OFR-to-CRD identifier in owned extract
BD1004161,BD,FNRA,CA,no official OFR-to-CRD identifier in owned extract
IA9917460,IA,SEC,FL,no official OFR-to-CRD identifier in owned extract
IA9915892,IA,SEC,IL,no official OFR-to-CRD identifier in owned extract
BD1004501,BD,FNRA,WA,no official OFR-to-CRD identifier in owned extract
IA9915152,IA,SEC,SC,no official OFR-to-CRD identifier in owned extract
IA0902192,IA,SEC,FL,no official OFR-to-CRD identifier in owned extract
IA9915942,IA,FLA,WI,no official OFR-to-CRD identifier in owned extract
IA0901528,IA,SEC,MN,no official OFR-to-CRD identifier in owned extract
IA9916616,IA,SEC,TX,no official OFR-to-CRD identifier in owned extract
IA9909726,IA,SEC,NC,no official OFR-to-CRD identifier in owned extract
BD1004237,BD,FNRA,NY,no official OFR-to-CRD identifier in owned extract
BD0900709,BD,FNRA,ME,no official OFR-to-CRD identifier in owned extract
IA9914825,IA,FLA,FL,no official OFR-to-CRD identifier in owned extract
IA0901758,IA,FLA,FL,no official OFR-to-CRD identifier in owned extract
IA9915686,IA,SEC,DE,no official OFR-to-CRD identifier in owned extract
IA9905019,IA,SEC,MO,no official OFR-to-CRD identifier in owned extract
IA9907102,IA,SEC,MA,no official OFR-to-CRD identifier in owned extract
IA0903631,IA,SEC,LA,no official OFR-to-CRD identifier in owned extract
IA0902133,IA,SEC,WI,no official OFR-to-CRD identifier in owned extract
IA9917801,IA,SEC,NJ,no official OFR-to-CRD identifier in owned extract
IA9906300,IA,SEC,MI,no official OFR-to-CRD identifier in owned extract
BD0903078,BD,FNRA,RI,no official OFR-to-CRD identifier in owned extract
IA9908650,IA,SEC,RI,no official OFR-to-CRD identifier in owned extract
IA9915202,IA,SEC,UT,no official OFR-to-CRD identifier in owned extract
IA9915181,IA,SEC,UT,no official OFR-to-CRD identifier in owned extract
IA9904139,IA,SEC,SC,no official OFR-to-CRD identifier in owned extract
IA9913813,IA,SEC,FL,no official OFR-to-CRD identifier in owned extract
IA9916742,IA,FLA,NC,no official OFR-to-CRD identifier in owned extract
BD1004247,BD,CAN,BC,no official OFR-to-CRD identifier in owned extract
IA9904574,IA,FLA,FL,no official OFR-to-CRD identifier in owned extract
IA0904033,IA,SEC,NH,no official OFR-to-CRD identifier in owned extract
IA9915681,IA,FLA,MA,no official OFR-to-CRD identifier in owned extract
IA9911514,IA,SEC,AL,no official OFR-to-CRD identifier in owned extract
BD0900401,BD,FNRA,VA,no official OFR-to-CRD identifier in owned extract
BD0901311,BD,FNRA,CO,no official OFR-to-CRD identifier in owned extract
IA9913038,IA,SEC,CO,no official OFR-to-CRD identifier in owned extract
IA9910184,IA,SEC,IA,no official OFR-to-CRD identifier in owned extract
BD1004498,BD,FNRA,IL,no official OFR-to-CRD identifier in owned extract
IA9911365,IA,FLA,FL,no official OFR-to-CRD identifier in owned extract
IA9909490,IA,FLA,FL,no official OFR-to-CRD identifier in owned extract
IA9917363,IA,SEC,ID,no official OFR-to-CRD identifier in owned extract
IA9907916,IA,SEC,FL,no official OFR-to-CRD identifier in owned extract
IA9908923,IA,FLA,MI,no official OFR-to-CRD identifier in owned extract
IA9914271,IA,SEC,CO,no official OFR-to-CRD identifier in owned extract
IA0901523,IA,SEC,CA,no official OFR-to-CRD identifier in owned extract
BD1004230,BD,FNRA,TX,no official OFR-to-CRD identifier in owned extract
BD1004435,BD,FNRA,NY,no official OFR-to-CRD identifier in owned extract
IA9916815,IA,SEC,KS,no official OFR-to-CRD identifier in owned extract
IA9907013,IA,SEC,IL,no official OFR-to-CRD identifier in owned extract
IA9906833,IA,FLA,FL,no official OFR-to-CRD identifier in owned extract
IA9905609,IA,SEC,GA,no official OFR-to-CRD identifier in owned extract
IA9913428,IA,SEC,NY,no official OFR-to-CRD identifier in owned extract
IA9910661,IA,SEC,GA,no official OFR-to-CRD identifier in owned extract
IA9914345,IA,FLA,FL,no official OFR-to-CRD identifier in owned extract
BD0900763,BD,FNRA,NY,no official OFR-to-CRD identifier in owned extract
IA9906594,IA,SEC,NY,no official OFR-to-CRD identifier in owned extract
IA9914155,IA,SEC,VA,no official OFR-to-CRD identifier in owned extract
IA9913298,IA,SEC,TX,no official OFR-to-CRD identifier in owned extract
IA9917783,IA,FLA,WI,no official OFR-to-CRD identifier in owned extract
IA9911100,IA,SEC,DE,no official OFR-to-CRD identifier in owned extract
IA0902414,IA,SEC,IN,no official OFR-to-CRD identifier in owned extract
BD0902179,BD,FNRA,MI,no official OFR-to-CRD identifier in owned extract
IA9908737,IA,SEC,MA,no official OFR-to-CRD identifier in owned extract
IA0903693,IA,SEC,NY,no official OFR-to-CRD identifier in owned extract
IA9917258,IA,FLA,FL,no official OFR-to-CRD identifier in owned extract
IA0903172,IA,SEC,FL,no official OFR-to-CRD identifier in owned extract
BD0902339,BD,FNRA,MN,no official OFR-to-CRD identifier in owned extract
IA9917091,IA,SEC,VA,no official OFR-to-CRD identifier in owned extract
IA9914979,IA,SEC,MN,no official OFR-to-CRD identifier in owned extract
IA9914842,IA,FLA,FL,no official OFR-to-CRD identifier in owned extract
IA9913509,IA,SEC,FL,no official OFR-to-CRD identifier in owned extract
IA9913429,IA,SEC,FL,no official OFR-to-CRD identifier in owned extract
IA9913597,IA,SEC,FL,no official OFR-to-CRD identifier in owned extract
IA9910283,IA,SEC,MN,no official OFR-to-CRD identifier in owned extract
IA9916579,IA,SEC,FL,no official OFR-to-CRD identifier in owned extract
IA9913624,IA,FLA,FL,no official OFR-to-CRD identifier in owned extract
IA0900254,IA,SEC,FL,no official OFR-to-CRD identifier in owned extract
IA9908148,IA,SEC,NY,no official OFR-to-CRD identifier in owned extract
BD0901207,BD,FNRA,TX,no official OFR-to-CRD identifier in owned extract
IA0803019,IA,SEC,NY,no official OFR-to-CRD identifier in owned extract
IA9913590,IA,SEC,VA,no official OFR-to-CRD identifier in owned extract
IA0900596,IA,SEC,OH,no official OFR-to-CRD identifier in owned extract
IA9911852,IA,SEC,NC,no official OFR-to-CRD identifier in owned extract
IA9917539,IA,SEC,FL,no official OFR-to-CRD identifier in owned extract
BD1003193,BD,FNRA,CT,no official OFR-to-CRD identifier in owned extract
IA9917213,IA,SEC,CO,no official OFR-to-CRD identifier in owned extract
IA9914365,IA,SEC,FL,no official OFR-to-CRD identifier in owned extract
IA9907638,IA,FLA,VA,no official OFR-to-CRD identifier in owned extract
IA9917059,IA,SEC,FL,no official OFR-to-CRD identifier in owned extract
IA9913128,IA,SEC,IL,no official OFR-to-CRD identifier in owned extract
IA0901202,IA,FLA,FL,no official OFR-to-CRD identifier in owned extract
IA9915689,IA,FLA,VA,no official OFR-to-CRD identifier in owned extract
IA0903094,IA,SEC,NY,no official OFR-to-CRD identifier in owned extract
IA0903136,IA,FLA,ME,no official OFR-to-CRD identifier in owned extract
IA9905245,IA,SEC,FL,no official OFR-to-CRD identifier in owned extract
IA9910805,IA,SEC,WI,no official OFR-to-CRD identifier in owned extract
BD1004683,BD,FNRA,FL,no official OFR-to-CRD identifier in owned extract
IA9909243,IA,SEC,NY,no official OFR-to-CRD identifier in owned extract
IA9916233,IA,SEC,DE,no official OFR-to-CRD identifier in owned extract
IA9910728,IA,SEC,OK,no official OFR-to-CRD identifier in owned extract
IA9912443,IA,FLA,FL,no official OFR-to-CRD identifier in owned extract
IA9911103,IA,SEC,IL,no official OFR-to-CRD identifier in owned extract
IA9914744,IA,FLA,VA,no official OFR-to-CRD identifier in owned extract
IA9917137,IA,SEC,FL,no official OFR-to-CRD identifier in owned extract
IA0901212,IA,FLA,FL,no official OFR-to-CRD identifier in owned extract
BD0901121,BD,FNRA,IL,no official OFR-to-CRD identifier in owned extract
IA9915877,IA,FLA,NH,no official OFR-to-CRD identifier in owned extract
BD1003265,BD,FNRA,NY,no official OFR-to-CRD identifier in owned extract
IA9916124,IA,FLA,WY,no official OFR-to-CRD identifier in owned extract
IA9911564,IA,SEC,FL,no official OFR-to-CRD identifier in owned extract
IA9914561,IA,SEC,UT,no official OFR-to-CRD identifier in owned extract
IA9913872,IA,SEC,UT,no official OFR-to-CRD identifier in owned extract
BD1003670,BD,FNRA,NY,no official OFR-to-CRD identifier in owned extract
IA0902613,IA,SEC,MO,no official OFR-to-CRD identifier in owned extract
IA9917868,IA,SEC,NY,no official OFR-to-CRD identifier in owned extract
IA9916721,IA,FLA,TX,no official OFR-to-CRD identifier in owned extract
IA9912993,IA,SEC,NY,no official OFR-to-CRD identifier in owned extract
IA9915995,IA,SEC,MN,no official OFR-to-CRD identifier in owned extract
BD0901620,BD,FNRA,NY,no official OFR-to-CRD identifier in owned extract
IA0903866,IA,SEC,FL,no official OFR-to-CRD identifier in owned extract
IA9911351,IA,SEC,CA,no official OFR-to-CRD identifier in owned extract
IA9911324,IA,SEC,PA,no official OFR-to-CRD identifier in owned extract
IA9913983,IA,FLA,FL,no official OFR-to-CRD identifier in owned extract
IA9917609,IA,FLA,FL,no official OFR-to-CRD identifier in owned extract
IA9915982,IA,SEC,NY,no official OFR-to-CRD identifier in owned extract
BD1004569,BD,FNRA,NY,no official OFR-to-CRD identifier in owned extract
IA9908858,IA,SEC,FL,no official OFR-to-CRD identifier in owned extract
IA9907428,IA,SEC,FL,no official OFR-to-CRD identifier in owned extract
IA9915671,IA,SEC,MI,no official OFR-to-CRD identifier in owned extract
IA0902286,IA,SEC,IL,no official OFR-to-CRD identifier in owned extract
IA0901479,IA,SEC,NJ,no official OFR-to-CRD identifier in owned extract
IA9911302,IA,FLA,FL,no official OFR-to-CRD identifier in owned extract
IA9914762,IA,SEC,PA,no official OFR-to-CRD identifier in owned extract
IA9906566,IA,FLA,MO,no official OFR-to-CRD identifier in owned extract
IA9907551,IA,SEC,TN,no official OFR-to-CRD identifier in owned extract
IA9905592,IA,SEC,MO,no official OFR-to-CRD identifier in owned extract
BD0901025,BD,FNRA,CA,no official OFR-to-CRD identifier in owned extract
IA9913377,IA,SEC,CA,no official OFR-to-CRD identifier in owned extract
IA9911016,IA,SEC,CT,no official OFR-to-CRD identifier in owned extract
IA9909170,IA,SEC,,no official OFR-to-CRD identifier in owned extract
IA9915143,IA,SEC,FL,no official OFR-to-CRD identifier in owned extract
BD1004288,BD,FNRA,FL,no official OFR-to-CRD identifier in owned extract
IA9910196,IA,SEC,KY,no official OFR-to-CRD identifier in owned extract
IA9905527,IA,SEC,NY,no official OFR-to-CRD identifier in owned extract
IA9915582,IA,FLA,NJ,no official OFR-to-CRD identifier in owned extract
IA9906685,IA,FLA,FL,no official OFR-to-CRD identifier in owned extract
IA9913510,IA,SEC,NY,no official OFR-to-CRD identifier in owned extract
IA9911843,IA,SEC,NH,no official OFR-to-CRD identifier in owned extract
IA9909985,IA,SEC,PA,no official OFR-to-CRD identifier in owned extract
IA9914845,IA,SEC,FL,no official OFR-to-CRD identifier in owned extract
IA9910115,IA,SEC,IL,no official OFR-to-CRD identifier in owned extract
BD0901096,BD,FNRA,IL,no official OFR-to-CRD identifier in owned extract
IA0900248,IA,SEC,NY,no official OFR-to-CRD identifier in owned extract
IA9910024,IA,FLA,AL,no official OFR-to-CRD identifier in owned extract
BD1004517,BD,FNRA,NY,no official OFR-to-CRD identifier in owned extract
IA9905291,IA,SEC,AZ,no official OFR-to-CRD identifier in owned extract
IA9910120,IA,FLA,MI,no official OFR-to-CRD identifier in owned extract
IA9911290,IA,SEC,IA,no official OFR-to-CRD identifier in owned extract
IA9914999,IA,SEC,NY,no official OFR-to-CRD identifier in owned extract
IA9916652,IA,SEC,AZ,no official OFR-to-CRD identifier in owned extract
BD1004204,BD,FNRA,FL,no official OFR-to-CRD identifier in owned extract
IA9908771,IA,SEC,FL,no official OFR-to-CRD identifier in owned extract
IA9906318,IA,SEC,IL,no official OFR-to-CRD identifier in owned extract
IA0901996,IA,SEC,FL,no official OFR-to-CRD identifier in owned extract
BD0900697,BD,FNRA,PA,no official OFR-to-CRD identifier in owned extract
BD1004715,BD,FNRA,NY,no official OFR-to-CRD identifier in owned extract
IA0901078,IA,SEC,KY,no official OFR-to-CRD identifier in owned extract
IA9916375,IA,SEC,UT,no official OFR-to-CRD identifier in owned extract
IA9913106,IA,SEC,NY,no official OFR-to-CRD identifier in owned extract
IA0900294,IA,SEC,FL,no official OFR-to-CRD identifier in owned extract
IA9908029,IA,SEC,NY,no official OFR-to-CRD identifier in owned extract
IA9914955,IA,SEC,MO,no official OFR-to-CRD identifier in owned extract
IA0902821,IA,SEC,NY,no official OFR-to-CRD identifier in owned extract
IA9910168,IA,FLA,FL,no official OFR-to-CRD identifier in owned extract
IA9914149,IA,FLA,OH,no official OFR-to-CRD identifier in owned extract
IA9907050,IA,FLA,TX,no official OFR-to-CRD identifier in owned extract
IA0903511,IA,SEC,TX,no official OFR-to-CRD identifier in owned extract
BD1004640,BD,FNRA,CT,no official OFR-to-CRD identifier in owned extract
IA0900911,IA,SEC,NY,no official OFR-to-CRD identifier in owned extract
IA9916894,IA,FLA,FL,no official OFR-to-CRD identifier in owned extract
IA9911056,IA,SEC,CT,no official OFR-to-CRD identifier in owned extract
IA9914245,IA,SEC,NJ,no official OFR-to-CRD identifier in owned extract
IA9917517,IA,SEC,NY,no official OFR-to-CRD identifier in owned extract
IA9915044,IA,SEC,MD,no official OFR-to-CRD identifier in owned extract
IA9905510,IA,SEC,MA,no official OFR-to-CRD identifier in owned extract
IA9916029,IA,FLA,SC,no official OFR-to-CRD identifier in owned extract
IA9913378,IA,SEC,VA,no official OFR-to-CRD identifier in owned extract
IA9912809,IA,SEC,TX,no official OFR-to-CRD identifier in owned extract
BD0900942,BD,FNRA,NY,no official OFR-to-CRD identifier in owned extract
IA9909392,IA,SEC,CA,no official OFR-to-CRD identifier in owned extract
IA9915593,IA,FLA,FL,no official OFR-to-CRD identifier in owned extract
IA0902315,IA,SEC,GA,no official OFR-to-CRD identifier in owned extract
IA9911543,IA,SEC,MS,no official OFR-to-CRD identifier in owned extract
IA9916669,IA,SEC,,no official OFR-to-CRD identifier in owned extract
IA9905117,IA,SEC,MA,no official OFR-to-CRD identifier in owned extract
IA9916450,IA,SEC,NJ,no official OFR-to-CRD identifier in owned extract
IA9914230,IA,SEC,NY,no official OFR-to-CRD identifier in owned extract
IA9905626,IA,SEC,NY,no official OFR-to-CRD identifier in owned extract
IA9913069,IA,SEC,CT,no official OFR-to-CRD identifier in owned extract
IA9912492,IA,FLA,MA,no official OFR-to-CRD identifier in owned extract
IA9915648,IA,SEC,NY,no official OFR-to-CRD identifier in owned extract
BD1003517,BD,FNRA,NY,no official OFR-to-CRD identifier in owned extract
BD1004252,BD,FNRA,CA,no official OFR-to-CRD identifier in owned extract
IA9910735,IA,SEC,MA,no official OFR-to-CRD identifier in owned extract
BD1003915,BD,FNRA,MA,no official OFR-to-CRD identifier in owned extract
BD1002922,BD,FNRA,NY,no official OFR-to-CRD identifier in owned extract
IA9916174,IA,SEC,NC,no official OFR-to-CRD identifier in owned extract
IA9917092,IA,SEC,WA,no official OFR-to-CRD identifier in owned extract
IA9908831,IA,FLA,OH,no official OFR-to-CRD identifier in owned extract
BD0901162,BD,FNRA,MA,no official OFR-to-CRD identifier in owned extract
IA0900264,IA,SEC,MA,no official OFR-to-CRD identifier in owned extract
IA9917671,IA,SEC,AZ,no official OFR-to-CRD identifier in owned extract
IA9909622,IA,FLA,FL,no official OFR-to-CRD identifier in owned extract
IA9911271,IA,FLA,FL,no official OFR-to-CRD identifier in owned extract
IA9917742,IA,SEC,CO,no official OFR-to-CRD identifier in owned extract
IA9914207,IA,FLA,FL,no official OFR-to-CRD identifier in owned extract
IA9914539,IA,FLA,FL,no official OFR-to-CRD identifier in owned extract
IA9915057,IA,SEC,WI,no official OFR-to-CRD identifier in owned extract
IA9915381,IA,FLA,AZ,no official OFR-to-CRD identifier in owned extract
IA0902446,IA,SEC,CA,no official OFR-to-CRD identifier in owned extract
IA9915435,IA,SEC,PA,no official OFR-to-CRD identifier in owned extract
IA9906837,IA,SEC,FL,no official OFR-to-CRD identifier in owned extract
IA9916019,IA,FLA,MI,no official OFR-to-CRD identifier in owned extract
IA9906814,IA,FLA,DE,no official OFR-to-CRD identifier in owned extract
BD1004302,BD,FNRA,NY,no official OFR-to-CRD identifier in owned extract
IA9917825,IA,SEC,FL,no official OFR-to-CRD identifier in owned extract
IA9916098,IA,SEC,CA,no official OFR-to-CRD identifier in owned extract
IA9906288,IA,SEC,NY,no official OFR-to-CRD identifier in owned extract
BD1003188,BD,FNRA,CA,no official OFR-to-CRD identifier in owned extract
BD1004580,BD,FNRA,NY,no official OFR-to-CRD identifier in owned extract
IA0903732,IA,SEC,MD,no official OFR-to-CRD identifier in owned extract
BD1003960,BD,FNRA,OH,no official OFR-to-CRD identifier in owned extract
IA9915529,IA,SEC,CO,no official OFR-to-CRD identifier in owned extract
IA0901121,IA,SEC,CT,no official OFR-to-CRD identifier in owned extract
IA9917767,IA,FLA,AZ,no official OFR-to-CRD identifier in owned extract
IA0900564,IA,SEC,FL,no official OFR-to-CRD identifier in owned extract
BD0900166,BD,FNRA,MO,no official OFR-to-CRD identifier in owned extract
IA0901721,IA,SEC,MO,no official OFR-to-CRD identifier in owned extract
BD0900097,BD,CAN,ZZ,no official OFR-to-CRD identifier in owned extract
IA0903485,IA,FLA,FL,no official OFR-to-CRD identifier in owned extract
IA9916376,IA,SEC,FL,no official OFR-to-CRD identifier in owned extract
IA9913777,IA,FLA,FL,no official OFR-to-CRD identifier in owned extract
IA9917785,IA,FLA,CA,no official OFR-to-CRD identifier in owned extract
BD1004776,BD,FNRA,CO,no official OFR-to-CRD identifier in owned extract
IA9914108,IA,FLA,FL,no official OFR-to-CRD identifier in owned extract
BD0901266,BD,FNRA,FL,no official OFR-to-CRD identifier in owned extract
IA9905209,IA,SEC,FL,no official OFR-to-CRD identifier in owned extract
IA9906004,IA,SEC,MN,no official OFR-to-CRD identifier in owned extract
BD1004833,BD,FNRA,FL,no official OFR-to-CRD identifier in owned extract
BD1004294,BD,FNRA,IL,no official OFR-to-CRD identifier in owned extract
IA9909793,IA,SEC,NY,no official OFR-to-CRD identifier in owned extract
IA9909931,IA,SEC,OH,no official OFR-to-CRD identifier in owned extract
IA9906526,IA,SEC,FL,no official OFR-to-CRD identifier in owned extract
IA9917140,IA,FLA,FL,no official OFR-to-CRD identifier in owned extract
IA9916252,IA,FLA,TX,no official OFR-to-CRD identifier in owned extract
IA9912593,IA,FLA,FL,no official OFR-to-CRD identifier in owned extract
IA9915311,IA,SEC,FL,no official OFR-to-CRD identifier in owned extract
IA9916031,IA,FLA,RI,no official OFR-to-CRD identifier in owned extract
IA9917001,IA,SEC,IL,no official OFR-to-CRD identifier in owned extract
IA9910763,IA,SEC,FL,no official OFR-to-CRD identifier in owned extract
IA9916688,IA,SEC,NY,no official OFR-to-CRD identifier in owned extract
IA9915665,IA,SEC,FL,no official OFR-to-CRD identifier in owned extract
IA9917575,IA,SEC,FL,no official OFR-to-CRD identifier in owned extract
IA9912587,IA,FLA,FL,no official OFR-to-CRD identifier in owned extract
IA9916484,IA,FLA,MD,no official OFR-to-CRD identifier in owned extract
IA9911753,IA,SEC,NY,no official OFR-to-CRD identifier in owned extract
IA9915591,IA,FLA,FL,no official OFR-to-CRD identifier in owned extract
IA9917461,IA,SEC,NY,no official OFR-to-CRD identifier in owned extract
IA9917462,IA,SEC,NY,no official OFR-to-CRD identifier in owned extract
IA0902350,IA,SEC,NH,no official OFR-to-CRD identifier in owned extract
IA9917463,IA,SEC,NY,no official OFR-to-CRD identifier in owned extract
IA9917464,IA,SEC,NY,no official OFR-to-CRD identifier in owned extract
IA9911255,IA,SEC,MI,no official OFR-to-CRD identifier in owned extract
BD1003766,BD,FNRA,MI,no official OFR-to-CRD identifier in owned extract
IA9913904,IA,SEC,PA,no official OFR-to-CRD identifier in owned extract
IA9908381,IA,SEC,FL,no official OFR-to-CRD identifier in owned extract
IA9914792,IA,SEC,MN,no official OFR-to-CRD identifier in owned extract
IA9906783,IA,SEC,MS,no official OFR-to-CRD identifier in owned extract
IA9915632,IA,FLA,FL,no official OFR-to-CRD identifier in owned extract
IA9916125,IA,SEC,CO,no official OFR-to-CRD identifier in owned extract
IA9915762,IA,FLA,FL,no official OFR-to-CRD identifier in owned extract
IA9917268,IA,SEC,FL,no official OFR-to-CRD identifier in owned extract
IA9906337,IA,SEC,GA,no official OFR-to-CRD identifier in owned extract
IA9911497,IA,SEC,UT,no official OFR-to-CRD identifier in owned extract
IA9916065,IA,SEC,IN,no official OFR-to-CRD identifier in owned extract
IA9916881,IA,SEC,WI,no official OFR-to-CRD identifier in owned extract
IA9912324,IA,SEC,FL,no official OFR-to-CRD identifier in owned extract
IA9912790,IA,FLA,FL,no official OFR-to-CRD identifier in owned extract
IA9904353,IA,SEC,CO,no official OFR-to-CRD identifier in owned extract
IA9914475,IA,SEC,FL,no official OFR-to-CRD identifier in owned extract
IA9914218,IA,FLA,OK,no official OFR-to-CRD identifier in owned extract
BD0902759,BD,FNRA,NC,no official OFR-to-CRD identifier in owned extract
IA9914580,IA,SEC,NY,no official OFR-to-CRD identifier in owned extract
IA0901039,IA,SEC,VT,no official OFR-to-CRD identifier in owned extract
IA9910681,IA,SEC,SD,no official OFR-to-CRD identifier in owned extract
IA9909287,IA,SEC,FL,no official OFR-to-CRD identifier in owned extract
IA9912570,IA,SEC,RI,no official OFR-to-CRD identifier in owned extract
IA9915234,IA,FLA,MD,no official OFR-to-CRD identifier in owned extract
IA9916554,IA,SEC,MD,no official OFR-to-CRD identifier in owned extract
IA9914104,IA,SEC,PA,no official OFR-to-CRD identifier in owned extract
IA9917096,IA,SEC,IA,no official OFR-to-CRD identifier in owned extract
IA9917417,IA,SEC,WA,no official OFR-to-CRD identifier in owned extract
IA9917085,IA,FLA,TX,no official OFR-to-CRD identifier in owned extract
IA9907369,IA,SEC,WI,no official OFR-to-CRD identifier in owned extract
IA9908170,IA,SEC,NY,no official OFR-to-CRD identifier in owned extract
IA9911877,IA,SEC,FL,no official OFR-to-CRD identifier in owned extract
IA9906874,IA,SEC,PA,no official OFR-to-CRD identifier in owned extract
IA9917715,IA,SEC,AL,no official OFR-to-CRD identifier in owned extract
IA9910448,IA,SEC,OH,no official OFR-to-CRD identifier in owned extract
IA9910064,IA,SEC,PA,no official OFR-to-CRD identifier in owned extract
IA9910562,IA,FLA,FL,no official OFR-to-CRD identifier in owned extract
IA9917028,IA,FLA,FL,no official OFR-to-CRD identifier in owned extract
IA9913810,IA,SEC,GA,no official OFR-to-CRD identifier in owned extract
BD1004205,BD,FNRA,IL,no official OFR-to-CRD identifier in owned extract
IA9907501,IA,SEC,IN,no official OFR-to-CRD identifier in owned extract
IA9914066,IA,SEC,TX,no official OFR-to-CRD identifier in owned extract
IA9914970,IA,FLA,OH,no official OFR-to-CRD identifier in owned extract
IA9915621,IA,SEC,OH,no official OFR-to-CRD identifier in owned extract
IA9913826,IA,SEC,NY,no official OFR-to-CRD identifier in owned extract
IA9911359,IA,SEC,GA,no official OFR-to-CRD identifier in owned extract
IA9916412,IA,SEC,CA,no official OFR-to-CRD identifier in owned extract
IA9916909,IA,FLA,FL,no official OFR-to-CRD identifier in owned extract
IA9917585,IA,FLA,FL,no official OFR-to-CRD identifier in owned extract
IA9915018,IA,SEC,AZ,no official OFR-to-CRD identifier in owned extract
IA9915442,IA,SEC,IL,no official OFR-to-CRD identifier in owned extract
IA9916704,IA,SEC,FL,no official OFR-to-CRD identifier in owned extract
IA9917302,IA,SEC,NC,no official OFR-to-CRD identifier in owned extract
IA9910385,IA,FLA,FL,no official OFR-to-CRD identifier in owned extract
IA9909531,IA,FLA,FL,no official OFR-to-CRD identifier in owned extract
IA9910905,IA,SEC,NY,no official OFR-to-CRD identifier in owned extract
BD0902672,BD,FNRA,CA,no official OFR-to-CRD identifier in owned extract
IA9912539,IA,SEC,CA,no official OFR-to-CRD identifier in owned extract
IA9916192,IA,FLA,FL,no official OFR-to-CRD identifier in owned extract
IA9914396,IA,FLA,FL,no official OFR-to-CRD identifier in owned extract
IA9917418,IA,SEC,NJ,no official OFR-to-CRD identifier in owned extract
IA9907310,IA,FLA,FL,no official OFR-to-CRD identifier in owned extract
BD0902879,BD,FNRA,NJ,no official OFR-to-CRD identifier in owned extract
IA0902942,IA,FLA,FL,no official OFR-to-CRD identifier in owned extract
IA9909184,IA,SEC,NJ,no official OFR-to-CRD identifier in owned extract
BD1003520,BD,FNRA,NY,no official OFR-to-CRD identifier in owned extract
IA9910688,IA,SEC,MA,no official OFR-to-CRD identifier in owned extract
IA9907895,IA,SEC,WA,no official OFR-to-CRD identifier in owned extract
IA9911777,IA,FLA,AZ,no official OFR-to-CRD identifier in owned extract
IA0901938,IA,SEC,CO,no official OFR-to-CRD identifier in owned extract
IA9908317,IA,SEC,CO,no official OFR-to-CRD identifier in owned extract
IA9912832,IA,SEC,CT,no official OFR-to-CRD identifier in owned extract
BD0900445,BD,FNRA,CO,no official OFR-to-CRD identifier in owned extract
IA9917680,IA,SEC,OH,no official OFR-to-CRD identifier in owned extract
IA9915738,IA,FLA,IN,no official OFR-to-CRD identifier in owned extract
BD1004118,BD,FNRA,NY,no official OFR-to-CRD identifier in owned extract
IA9913772,IA,SEC,CA,no official OFR-to-CRD identifier in owned extract
BD1004652,BD,FNRA,CA,no official OFR-to-CRD identifier in owned extract
IA9913512,IA,SEC,FL,no official OFR-to-CRD identifier in owned extract
BD0902092,BD,FNRA,NY,no official OFR-to-CRD identifier in owned extract
IA9914096,IA,FLA,MD,no official OFR-to-CRD identifier in owned extract
IA9912660,IA,SEC,KS,no official OFR-to-CRD identifier in owned extract
IA9913609,IA,SEC,OH,no official OFR-to-CRD identifier in owned extract
IA9913097,IA,SEC,WI,no official OFR-to-CRD identifier in owned extract
IA9914862,IA,FLA,NC,no official OFR-to-CRD identifier in owned extract
IA9915357,IA,SEC,NJ,no official OFR-to-CRD identifier in owned extract
IA9913444,IA,SEC,NY,no official OFR-to-CRD identifier in owned extract
IA9904414,IA,SEC,CT,no official OFR-to-CRD identifier in owned extract
BD0902317,BD,FNRA,TX,no official OFR-to-CRD identifier in owned extract
IA9914726,IA,SEC,NY,no official OFR-to-CRD identifier in owned extract
BD0902335,BD,FNRA,TX,no official OFR-to-CRD identifier in owned extract
IA9915572,IA,SEC,PA,no official OFR-to-CRD identifier in owned extract
IA9914422,IA,SEC,NY,no official OFR-to-CRD identifier in owned extract
IA9907012,IA,SEC,,no official OFR-to-CRD identifier in owned extract
IA9917802,IA,SEC,CA,no official OFR-to-CRD identifier in owned extract
IA9917335,IA,SEC,WI,no official OFR-to-CRD identifier in owned extract
IA9909735,IA,SEC,NY,no official OFR-to-CRD identifier in owned extract
IA9916222,IA,SEC,FL,no official OFR-to-CRD identifier in owned extract
BD0900939,BD,FNRA,MD,no official OFR-to-CRD identifier in owned extract
BD1004076,BD,FNRA,TX,no official OFR-to-CRD identifier in owned extract
IA9915449,IA,SEC,TX,no official OFR-to-CRD identifier in owned extract
IA9910599,IA,SEC,PA,no official OFR-to-CRD identifier in owned extract
IA0904031,IA,SEC,NY,no official OFR-to-CRD identifier in owned extract
IA0901488,IA,SEC,PA,no official OFR-to-CRD identifier in owned extract
IA0901089,IA,SEC,PA,no official OFR-to-CRD identifier in owned extract
IA9907085,IA,SEC,PA,no official OFR-to-CRD identifier in owned extract
IA0904272,IA,FLA,FL,no official OFR-to-CRD identifier in owned extract
IA9908645,IA,SEC,CA,no official OFR-to-CRD identifier in owned extract
IA9915638,IA,SEC,WI,no official OFR-to-CRD identifier in owned extract
IA9913693,IA,SEC,TN,no official OFR-to-CRD identifier in owned extract
IA9910300,IA,FLA,FL,no official OFR-to-CRD identifier in owned extract
IA9910082,IA,SEC,NC,no official OFR-to-CRD identifier in owned extract
IA9911140,IA,SEC,CO,no official OFR-to-CRD identifier in owned extract
BD1003161,BD,FNRA,NY,no official OFR-to-CRD identifier in owned extract
IA0904236,IA,SEC,CA,no official OFR-to-CRD identifier in owned extract
IA9910822,IA,SEC,GA,no official OFR-to-CRD identifier in owned extract
IA9910641,IA,FLA,MI,no official OFR-to-CRD identifier in owned extract
IA9915221,IA,SEC,FL,no official OFR-to-CRD identifier in owned extract
BD1003713,BD,FNRA,FL,no official OFR-to-CRD identifier in owned extract
IA9904761,IA,FLA,CO,no official OFR-to-CRD identifier in owned extract
IA9913176,IA,SEC,NY,no official OFR-to-CRD identifier in owned extract
IA9915609,IA,SEC,MA,no official OFR-to-CRD identifier in owned extract
IA9915847,IA,FLA,FL,no official OFR-to-CRD identifier in owned extract
IA9903944,IA,SEC,CA,no official OFR-to-CRD identifier in owned extract
IA9915489,IA,SEC,TX,no official OFR-to-CRD identifier in owned extract
IA9914423,IA,SEC,WA,no official OFR-to-CRD identifier in owned extract
BD1004553,BD,FNRA,PA,no official OFR-to-CRD identifier in owned extract
BD1004380,BD,FNRA,FL,no official OFR-to-CRD identifier in owned extract
BD0902602,BD,FNRA,FL,no official OFR-to-CRD identifier in owned extract
IA9917860,IA,SEC,VT,no official OFR-to-CRD identifier in owned extract
IA9904132,IA,FLA,FL,no official OFR-to-CRD identifier in owned extract
IA9914822,IA,SEC,PA,no official OFR-to-CRD identifier in owned extract
BD0900258,BD,FNRA,NY,no official OFR-to-CRD identifier in owned extract
IA0901745,IA,SEC,NY,no official OFR-to-CRD identifier in owned extract
BD0900880,BD,FNRA,NC,no official OFR-to-CRD identifier in owned extract
IA9914489,IA,SEC,KY,no official OFR-to-CRD identifier in owned extract
IA9916187,IA,FLA,NV,no official OFR-to-CRD identifier in owned extract
IA9916316,IA,SEC,IL,no official OFR-to-CRD identifier in owned extract
IA9908679,IA,SEC,GA,no official OFR-to-CRD identifier in owned extract
BD0900147,BD,FNRA,VT,no official OFR-to-CRD identifier in owned extract
IA0901713,IA,SEC,VT,no official OFR-to-CRD identifier in owned extract
BD1004348,BD,FNRA,NC,no official OFR-to-CRD identifier in owned extract
IA9913230,IA,SEC,MO,no official OFR-to-CRD identifier in owned extract
BD1004399,BD,FNRA,CA,no official OFR-to-CRD identifier in owned extract
IA9907154,IA,SEC,MD,no official OFR-to-CRD identifier in owned extract
BD1003884,BD,FNRA,NY,no official OFR-to-CRD identifier in owned extract
BD0902531,BD,FNRA,CT,no official OFR-to-CRD identifier in owned extract
BD1004067,BD,FNRA,NY,no official OFR-to-CRD identifier in owned extract
IA9913239,IA,SEC,IL,no official OFR-to-CRD identifier in owned extract
IA9915457,IA,SEC,TN,no official OFR-to-CRD identifier in owned extract
IA9910141,IA,SEC,WI,no official OFR-to-CRD identifier in owned extract
IA9909756,IA,FLA,FL,no official OFR-to-CRD identifier in owned extract
BD1003171,BD,FNRA,NY,no official OFR-to-CRD identifier in owned extract
BD0902314,BD,FNRA,ZZ,no official OFR-to-CRD identifier in owned extract
IA0900833,IA,SEC,NJ,no official OFR-to-CRD identifier in owned extract
BD1003854,BD,FNRA,SD,no official OFR-to-CRD identifier in owned extract
IA9910907,IA,SEC,FL,no official OFR-to-CRD identifier in owned extract
IA9916991,IA,FLA,FL,no official OFR-to-CRD identifier in owned extract
IA9917195,IA,SEC,MA,no official OFR-to-CRD identifier in owned extract
IA9917419,IA,SEC,CA,no official OFR-to-CRD identifier in owned extract
IA0902388,IA,SEC,NH,no official OFR-to-CRD identifier in owned extract
IA9913898,IA,FLA,NY,no official OFR-to-CRD identifier in owned extract
IA0902131,IA,SEC,CT,no official OFR-to-CRD identifier in owned extract
IA0901031,IA,SEC,MA,no official OFR-to-CRD identifier in owned extract
IA9907471,IA,SEC,IL,no official OFR-to-CRD identifier in owned extract
IA9911070,IA,SEC,MA,no official OFR-to-CRD identifier in owned extract
BD0902040,BD,FNRA,NJ,no official OFR-to-CRD identifier in owned extract
IA0903512,IA,SEC,NY,no official OFR-to-CRD identifier in owned extract
IA9907806,IA,FLA,NH,no official OFR-to-CRD identifier in owned extract
IA9913965,IA,FLA,NJ,no official OFR-to-CRD identifier in owned extract
BD1003420,BD,FNRA,TX,no official OFR-to-CRD identifier in owned extract
IA9917235,IA,SEC,FL,no official OFR-to-CRD identifier in owned extract
IA9916150,IA,SEC,OR,no official OFR-to-CRD identifier in owned extract
IA9910449,IA,SEC,KS,no official OFR-to-CRD identifier in owned extract
IA9917196,IA,SEC,PA,no official OFR-to-CRD identifier in owned extract
IA9914124,IA,SEC,PA,no official OFR-to-CRD identifier in owned extract
IA9917817,IA,SEC,FL,no official OFR-to-CRD identifier in owned extract
IA9909705,IA,FLA,FL,no official OFR-to-CRD identifier in owned extract
BD0900775,BD,FNRA,NY,no official OFR-to-CRD identifier in owned extract
IA9909320,IA,SEC,NC,no official OFR-to-CRD identifier in owned extract
BD1004358,BD,FNRA,NY,no official OFR-to-CRD identifier in owned extract
IA0900612,IA,SEC,OH,no official OFR-to-CRD identifier in owned extract
IA9915986,IA,SEC,FL,no official OFR-to-CRD identifier in owned extract
BD1003252,BD,FNRA,FL,no official OFR-to-CRD identifier in owned extract
BD0902201,BD,FNRA,NY,no official OFR-to-CRD identifier in owned extract
IA9906254,IA,SEC,PR,no official OFR-to-CRD identifier in owned extract
IA0902411,IA,SEC,FL,no official OFR-to-CRD identifier in owned extract
BD1004527,BD,FNRA,NY,no official OFR-to-CRD identifier in owned extract
BD1004514,BD,FNRA,NY,no official OFR-to-CRD identifier in owned extract
BD1004027,BD,FNRA,FL,no official OFR-to-CRD identifier in owned extract
IA9909313,IA,FLA,FL,no official OFR-to-CRD identifier in owned extract
IA9904348,IA,FLA,FL,no official OFR-to-CRD identifier in owned extract
IA9917271,IA,SEC,VA,no official OFR-to-CRD identifier in owned extract
IA9916934,IA,SEC,FL,no official OFR-to-CRD identifier in owned extract
IA0901400,IA,SEC,FL,no official OFR-to-CRD identifier in owned extract
IA9915864,IA,SEC,MA,no official OFR-to-CRD identifier in owned extract
BD0902734,BD,FNRA,NY,no official OFR-to-CRD identifier in owned extract
IA9904028,IA,SEC,NY,no official OFR-to-CRD identifier in owned extract
IA9904423,IA,FLA,FL,no official OFR-to-CRD identifier in owned extract
IA9912190,IA,SEC,MN,no official OFR-to-CRD identifier in owned extract
IA9912261,IA,SEC,CA,no official OFR-to-CRD identifier in owned extract
IA0901601,IA,FLA,FL,no official OFR-to-CRD identifier in owned extract
BD1003780,BD,FNRA,MD,no official OFR-to-CRD identifier in owned extract
IA9910634,IA,SEC,TN,no official OFR-to-CRD identifier in owned extract
IA9908694,IA,SEC,WA,no official OFR-to-CRD identifier in owned extract
IA9915195,IA,SEC,NC,no official OFR-to-CRD identifier in owned extract
IA9913650,IA,SEC,MI,no official OFR-to-CRD identifier in owned extract
IA9916816,IA,SEC,MT,no official OFR-to-CRD identifier in owned extract
IA0900899,IA,SEC,OH,no official OFR-to-CRD identifier in owned extract
BD0901776,BD,FNRA,IL,no official OFR-to-CRD identifier in owned extract
IA9903835,IA,SEC,VA,no official OFR-to-CRD identifier in owned extract
IA9917144,IA,SEC,CA,no official OFR-to-CRD identifier in owned extract
IA9912387,IA,SEC,AL,no official OFR-to-CRD identifier in owned extract
IA9914894,IA,SEC,NC,no official OFR-to-CRD identifier in owned extract
IA9917496,IA,SEC,FL,no official OFR-to-CRD identifier in owned extract
IA9916317,IA,SEC,CA,no official OFR-to-CRD identifier in owned extract
IA9914549,IA,SEC,WI,no official OFR-to-CRD identifier in owned extract
IA9910986,IA,SEC,CA,no official OFR-to-CRD identifier in owned extract
IA9917179,IA,SEC,VA,no official OFR-to-CRD identifier in owned extract
IA9909338,IA,SEC,FL,no official OFR-to-CRD identifier in owned extract
IA9916062,IA,SEC,FL,no official OFR-to-CRD identifier in owned extract
IA9912734,IA,SEC,VA,no official OFR-to-CRD identifier in owned extract
IA9916104,IA,SEC,CA,no official OFR-to-CRD identifier in owned extract
IA9904702,IA,SEC,,no official OFR-to-CRD identifier in owned extract
IA9911563,IA,SEC,PA,no official OFR-to-CRD identifier in owned extract
IA9915753,IA,FLA,FL,no official OFR-to-CRD identifier in owned extract
IA0900577,IA,SEC,MA,no official OFR-to-CRD identifier in owned extract
IA9913563,IA,SEC,NJ,no official OFR-to-CRD identifier in owned extract
IA9913784,IA,SEC,MN,no official OFR-to-CRD identifier in owned extract
IA9911755,IA,SEC,CT,no official OFR-to-CRD identifier in owned extract
IA9912956,IA,SEC,MA,no official OFR-to-CRD identifier in owned extract
BD1004061,BD,FNRA,CA,no official OFR-to-CRD identifier in owned extract
IA9917127,IA,SEC,NY,no official OFR-to-CRD identifier in owned extract
IA9915089,IA,SEC,MI,no official OFR-to-CRD identifier in owned extract
IA9906029,IA,FLA,GA,no official OFR-to-CRD identifier in owned extract
BD0900947,BD,FNRA,GA,no official OFR-to-CRD identifier in owned extract
BD1004323,BD,FNRA,MA,no official OFR-to-CRD identifier in owned extract
IA9914678,IA,FLA,AZ,no official OFR-to-CRD identifier in owned extract
IA9917375,IA,SEC,GA,no official OFR-to-CRD identifier in owned extract
IA9907937,IA,SEC,CA,no official OFR-to-CRD identifier in owned extract
BD1004169,BD,FNRA,NY,no official OFR-to-CRD identifier in owned extract
IA9913666,IA,FLA,TX,no official OFR-to-CRD identifier in owned extract
IA9917057,IA,SEC,TX,no official OFR-to-CRD identifier in owned extract
IA9912969,IA,SEC,CO,no official OFR-to-CRD identifier in owned extract
IA9915165,IA,SEC,IL,no official OFR-to-CRD identifier in owned extract
IA0901998,IA,SEC,MA,no official OFR-to-CRD identifier in owned extract
IA9912907,IA,SEC,FL,no official OFR-to-CRD identifier in owned extract
IA9911696,IA,SEC,DC,no official OFR-to-CRD identifier in owned extract
IA9917502,IA,FLA,NH,no official OFR-to-CRD identifier in owned extract
IA9912791,IA,SEC,IL,no official OFR-to-CRD identifier in owned extract
IA9914675,IA,FLA,FL,no official OFR-to-CRD identifier in owned extract
IA9913982,IA,FLA,MI,no official OFR-to-CRD identifier in owned extract
IA9909062,IA,SEC,FL,no official OFR-to-CRD identifier in owned extract
IA9909736,IA,SEC,IL,no official OFR-to-CRD identifier in owned extract
IA9917536,IA,SEC,NY,no official OFR-to-CRD identifier in owned extract
IA9917645,IA,SEC,CA,no official OFR-to-CRD identifier in owned extract
IA9904692,IA,SEC,NY,no official OFR-to-CRD identifier in owned extract
IA9914568,IA,SEC,MI,no official OFR-to-CRD identifier in owned extract
IA0904257,IA,SEC,FL,no official OFR-to-CRD identifier in owned extract
IA9914517,IA,SEC,VA,no official OFR-to-CRD identifier in owned extract
IA9912514,IA,SEC,MA,no official OFR-to-CRD identifier in owned extract
BD1004834,BD,FNRA,FL,no official OFR-to-CRD identifier in owned extract
IA0902040,IA,SEC,CT,no official OFR-to-CRD identifier in owned extract
IA9915037,IA,SEC,MI,no official OFR-to-CRD identifier in owned extract
IA0900972,IA,SEC,FL,no official OFR-to-CRD identifier in owned extract
IA9907063,IA,FLA,MI,no official OFR-to-CRD identifier in owned extract
IA9914046,IA,SEC,CT,no official OFR-to-CRD identifier in owned extract
IA9917445,IA,SEC,CT,no official OFR-to-CRD identifier in owned extract
IA9905258,IA,FLA,AZ,no official OFR-to-CRD identifier in owned extract
BD0900486,BD,FNRA,AZ,no official OFR-to-CRD identifier in owned extract
IA9915053,IA,SEC,NH,no official OFR-to-CRD identifier in owned extract
IA9906256,IA,SEC,CA,no official OFR-to-CRD identifier in owned extract
BD1004835,BD,FNRA,CT,no official OFR-to-CRD identifier in owned extract
IA9915661,IA,SEC,AL,no official OFR-to-CRD identifier in owned extract
IA9916789,IA,SEC,NE,no official OFR-to-CRD identifier in owned extract
IA9915872,IA,SEC,FL,no official OFR-to-CRD identifier in owned extract
IA9911801,IA,SEC,OH,no official OFR-to-CRD identifier in owned extract
IA9916985,IA,SEC,AZ,no official OFR-to-CRD identifier in owned extract
IA0903341,IA,SEC,PA,no official OFR-to-CRD identifier in owned extract
IA9913854,IA,SEC,CA,no official OFR-to-CRD identifier in owned extract
IA0901064,IA,FLA,FL,no official OFR-to-CRD identifier in owned extract
BD1004427,BD,FNRA,CA,no official OFR-to-CRD identifier in owned extract
IA9904623,IA,FLA,FL,no official OFR-to-CRD identifier in owned extract
BD1004274,BD,FNRA,PA,no official OFR-to-CRD identifier in owned extract
IA9917869,IA,SEC,NY,no official OFR-to-CRD identifier in owned extract
IA9911471,IA,SEC,MI,no official OFR-to-CRD identifier in owned extract
IA0901132,IA,FLA,FL,no official OFR-to-CRD identifier in owned extract
IA9912802,IA,SEC,MO,no official OFR-to-CRD identifier in owned extract
IA0900708,IA,SEC,NY,no official OFR-to-CRD identifier in owned extract
IA9910591,IA,SEC,MD,no official OFR-to-CRD identifier in owned extract
IA9916825,IA,SEC,MA,no official OFR-to-CRD identifier in owned extract
IA9908376,IA,SEC,OH,no official OFR-to-CRD identifier in owned extract
IA0902074,IA,SEC,GA,no official OFR-to-CRD identifier in owned extract
IA9917290,IA,FLA,GA,no official OFR-to-CRD identifier in owned extract
IA9909397,IA,SEC,FL,no official OFR-to-CRD identifier in owned extract
IA9911390,IA,SEC,FL,no official OFR-to-CRD identifier in owned extract
IA9917031,IA,FLA,CT,no official OFR-to-CRD identifier in owned extract
BD1003441,BD,FNRA,NY,no official OFR-to-CRD identifier in owned extract
BD0901356,BD,FNRA,NY,no official OFR-to-CRD identifier in owned extract
BD1004500,BD,FNRA,FL,no official OFR-to-CRD identifier in owned extract
IA9906894,IA,FLA,MD,no official OFR-to-CRD identifier in owned extract
IA0902187,IA,FLA,FL,no official OFR-to-CRD identifier in owned extract
BD0902116,BD,FNRA,CA,no official OFR-to-CRD identifier in owned extract
IA9916471,IA,SEC,AZ,no official OFR-to-CRD identifier in owned extract
IA9905069,IA,FLA,FL,no official OFR-to-CRD identifier in owned extract
IA9909617,IA,FLA,FL,no official OFR-to-CRD identifier in owned extract
IA9917343,IA,SEC,FL,no official OFR-to-CRD identifier in owned extract
IA9916145,IA,SEC,NY,no official OFR-to-CRD identifier in owned extract
IA0901466,IA,SEC,VT,no official OFR-to-CRD identifier in owned extract
IA9914663,IA,SEC,CA,no official OFR-to-CRD identifier in owned extract
IA9911708,IA,SEC,CA,no official OFR-to-CRD identifier in owned extract
BD1004341,BD,FNRA,FL,no official OFR-to-CRD identifier in owned extract
BD0901918,BD,FNRA,KS,no official OFR-to-CRD identifier in owned extract
IA9903756,IA,SEC,KS,no official OFR-to-CRD identifier in owned extract
BD1004820,BD,FNRA,AZ,no official OFR-to-CRD identifier in owned extract
IA0900279,IA,SEC,TX,no official OFR-to-CRD identifier in owned extract
BD1004217,BD,FNRA,IA,no official OFR-to-CRD identifier in owned extract
IA9910773,IA,SEC,IA,no official OFR-to-CRD identifier in owned extract
IA9916280,IA,SEC,FL,no official OFR-to-CRD identifier in owned extract
BD0901236,BD,FNRA,NY,no official OFR-to-CRD identifier in owned extract
IA9907541,IA,SEC,PA,no official OFR-to-CRD identifier in owned extract
IA0900288,IA,SEC,TX,no official OFR-to-CRD identifier in owned extract
IA9916918,IA,SEC,NC,no official OFR-to-CRD identifier in owned extract
IA9911881,IA,SEC,TN,no official OFR-to-CRD identifier in owned extract
IA9917150,IA,SEC,CT,no official OFR-to-CRD identifier in owned extract
IA9914751,IA,SEC,FL,no official OFR-to-CRD identifier in owned extract
BD0902194,BD,FNRA,NY,no official OFR-to-CRD identifier in owned extract
IA9914424,IA,SEC,TX,no official OFR-to-CRD identifier in owned extract
BD1004008,BD,FNRA,NY,no official OFR-to-CRD identifier in owned extract
IA9914361,IA,FLA,FL,no official OFR-to-CRD identifier in owned extract
IA9911665,IA,SEC,NY,no official OFR-to-CRD identifier in owned extract
IA0903865,IA,SEC,NY,no official OFR-to-CRD identifier in owned extract
IA0900397,IA,SEC,PA,no official OFR-to-CRD identifier in owned extract
IA0900985,IA,SEC,MA,no official OFR-to-CRD identifier in owned extract
BD0900161,BD,FNRA,PA,no official OFR-to-CRD identifier in owned extract
IA9904141,IA,SEC,PA,no official OFR-to-CRD identifier in owned extract
BD0901017,BD,FNRA,NY,no official OFR-to-CRD identifier in owned extract
IA9916318,IA,SEC,NY,no official OFR-to-CRD identifier in owned extract
IA9908829,IA,FLA,FL,no official OFR-to-CRD identifier in owned extract
IA9908975,IA,SEC,SC,no official OFR-to-CRD identifier in owned extract
BD0902154,BD,FNRA,NY,no official OFR-to-CRD identifier in owned extract
IA9908183,IA,SEC,NY,no official OFR-to-CRD identifier in owned extract
IA0901837,IA,SEC,IL,no official OFR-to-CRD identifier in owned extract
BD0902045,BD,FNRA,NJ,no official OFR-to-CRD identifier in owned extract
IA9915646,IA,SEC,WA,no official OFR-to-CRD identifier in owned extract
IA9914967,IA,SEC,FL,no official OFR-to-CRD identifier in owned extract
IA0901233,IA,FLA,FL,no official OFR-to-CRD identifier in owned extract
BD0902079,BD,FNRA,MN,no official OFR-to-CRD identifier in owned extract
IA9906108,IA,SEC,MN,no official OFR-to-CRD identifier in owned extract
IA0903672,IA,FLA,FL,no official OFR-to-CRD identifier in owned extract
IA0900583,IA,SEC,NY,no official OFR-to-CRD identifier in owned extract
BD0901850,BD,FNRA,NY,no official OFR-to-CRD identifier in owned extract
IA9915934,IA,SEC,NY,no official OFR-to-CRD identifier in owned extract
BD1003704,BD,FNRA,NY,no official OFR-to-CRD identifier in owned extract
BD1004447,BD,FNRA,NY,no official OFR-to-CRD identifier in owned extract
IA9911652,IA,SEC,,no official OFR-to-CRD identifier in owned extract
IA9917043,IA,SEC,NY,no official OFR-to-CRD identifier in owned extract
IA9910134,IA,SEC,GA,no official OFR-to-CRD identifier in owned extract
IA9908034,IA,SEC,OR,no official OFR-to-CRD identifier in owned extract
IA9909658,IA,SEC,MD,no official OFR-to-CRD identifier in owned extract
IA9916319,IA,SEC,CA,no official OFR-to-CRD identifier in owned extract
IA9916795,IA,FLA,FL,no official OFR-to-CRD identifier in owned extract
BD1004019,BD,FNRA,NY,no official OFR-to-CRD identifier in owned extract
IA9910015,IA,FLA,FL,no official OFR-to-CRD identifier in owned extract
IA9914117,IA,SEC,FL,no official OFR-to-CRD identifier in owned extract
IA9917027,IA,SEC,FL,no official OFR-to-CRD identifier in owned extract
IA9912426,IA,SEC,MN,no official OFR-to-CRD identifier in owned extract
BD0901627,BD,FNRA,TN,no official OFR-to-CRD identifier in owned extract
IA9913569,IA,SEC,IN,no official OFR-to-CRD identifier in owned extract
IA9908371,IA,SEC,CO,no official OFR-to-CRD identifier in owned extract
IA9908570,IA,FLA,FL,no official OFR-to-CRD identifier in owned extract
IA9905625,IA,SEC,RI,no official OFR-to-CRD identifier in owned extract
IA9917120,IA,SEC,MN,no official OFR-to-CRD identifier in owned extract
IA9909378,IA,SEC,OH,no official OFR-to-CRD identifier in owned extract
IA9913797,IA,SEC,FL,no official OFR-to-CRD identifier in owned extract
BD1004600,BD,FNRA,IA,no official OFR-to-CRD identifier in owned extract
BD0900231,BD,FNRA,RI,no official OFR-to-CRD identifier in owned extract
BD0900488,BD,FNRA,RI,no official OFR-to-CRD identifier in owned extract
IA9916320,IA,SEC,MA,no official OFR-to-CRD identifier in owned extract
IA9914425,IA,SEC,MA,no official OFR-to-CRD identifier in owned extract
IA9915802,IA,FLA,CT,no official OFR-to-CRD identifier in owned extract
IA9914426,IA,SEC,MA,no official OFR-to-CRD identifier in owned extract
BD1004333,BD,FNRA,MA,no official OFR-to-CRD identifier in owned extract
IA9916269,IA,SEC,UT,no official OFR-to-CRD identifier in owned extract
IA9911983,IA,SEC,SC,no official OFR-to-CRD identifier in owned extract
IA9917288,IA,SEC,WY,no official OFR-to-CRD identifier in owned extract
IA9916767,IA,FLA,GA,no official OFR-to-CRD identifier in owned extract
IA9905951,IA,FLA,FL,no official OFR-to-CRD identifier in owned extract
IA9908992,IA,SEC,MN,no official OFR-to-CRD identifier in owned extract
IA9914746,IA,SEC,FL,no official OFR-to-CRD identifier in owned extract
IA9913224,IA,SEC,MI,no official OFR-to-CRD identifier in owned extract
IA9917100,IA,SEC,IL,no official OFR-to-CRD identifier in owned extract
IA9904963,IA,SEC,FL,no official OFR-to-CRD identifier in owned extract
IA9906727,IA,FLA,FL,no official OFR-to-CRD identifier in owned extract
IA9917093,IA,SEC,WI,no official OFR-to-CRD identifier in owned extract
IA9912262,IA,SEC,MA,no official OFR-to-CRD identifier in owned extract
IA9910408,IA,SEC,MA,no official OFR-to-CRD identifier in owned extract
IA0903529,IA,SEC,IL,no official OFR-to-CRD identifier in owned extract
BD0902524,BD,FNRA,NC,no official OFR-to-CRD identifier in owned extract
BD1004622,BD,FNRA,PA,no official OFR-to-CRD identifier in owned extract
IA0903035,IA,SEC,VA,no official OFR-to-CRD identifier in owned extract
IA9916076,IA,FLA,NY,no official OFR-to-CRD identifier in owned extract
IA9909880,IA,SEC,NY,no official OFR-to-CRD identifier in owned extract
IA9913181,IA,FLA,FL,no official OFR-to-CRD identifier in owned extract
IA9917616,IA,FLA,IN,no official OFR-to-CRD identifier in owned extract
IA0900860,IA,SEC,CT,no official OFR-to-CRD identifier in owned extract
IA0902457,IA,SEC,FL,no official OFR-to-CRD identifier in owned extract
IA9916480,IA,SEC,NY,no official OFR-to-CRD identifier in owned extract
BD0900170,BD,FNRA,OH,no official OFR-to-CRD identifier in owned extract
IA0902475,IA,SEC,OH,no official OFR-to-CRD identifier in owned extract
IA9912902,IA,SEC,OH,no official OFR-to-CRD identifier in owned extract
IA9913251,IA,SEC,CA,no official OFR-to-CRD identifier in owned extract
IA9914709,IA,FLA,FL,no official OFR-to-CRD identifier in owned extract
BD1004350,BD,FNRA,CA,no official OFR-to-CRD identifier in owned extract
IA9912881,IA,FLA,FL,no official OFR-to-CRD identifier in owned extract
BD1004506,BD,FNRA,NY,no official OFR-to-CRD identifier in owned extract
IA9905066,IA,SEC,FL,no official OFR-to-CRD identifier in owned extract
BD1004280,BD,FNRA,NY,no official OFR-to-CRD identifier in owned extract
BD1004563,BD,FNRA,TX,no official OFR-to-CRD identifier in owned extract
IA9915579,IA,FLA,NM,no official OFR-to-CRD identifier in owned extract
IA9915173,IA,SEC,NY,no official OFR-to-CRD identifier in owned extract
IA9917545,IA,SEC,CA,no official OFR-to-CRD identifier in owned extract
IA9910484,IA,SEC,MO,no official OFR-to-CRD identifier in owned extract
IA9915948,IA,FLA,CO,no official OFR-to-CRD identifier in owned extract
IA9917557,IA,SEC,CO,no official OFR-to-CRD identifier in owned extract
IA9911376,IA,SEC,CA,no official OFR-to-CRD identifier in owned extract
IA9911378,IA,SEC,MI,no official OFR-to-CRD identifier in owned extract
IA9911932,IA,SEC,FL,no official OFR-to-CRD identifier in owned extract
IA9909275,IA,FLA,FL,no official OFR-to-CRD identifier in owned extract
IA9913616,IA,SEC,GA,no official OFR-to-CRD identifier in owned extract
IA9912124,IA,SEC,MI,no official OFR-to-CRD identifier in owned extract
IA0901437,IA,SEC,NY,no official OFR-to-CRD identifier in owned extract
IA9905513,IA,SEC,MD,no official OFR-to-CRD identifier in owned extract
IA9907265,IA,FLA,FL,no official OFR-to-CRD identifier in owned extract
IA9911928,IA,SEC,IN,no official OFR-to-CRD identifier in owned extract
IA9913379,IA,SEC,GA,no official OFR-to-CRD identifier in owned extract
IA9911978,IA,SEC,MD,no official OFR-to-CRD identifier in owned extract
IA9915610,IA,SEC,CO,no official OFR-to-CRD identifier in owned extract
IA0900716,IA,SEC,KS,no official OFR-to-CRD identifier in owned extract
IA9915235,IA,SEC,NY,no official OFR-to-CRD identifier in owned extract
IA9914773,IA,SEC,FL,no official OFR-to-CRD identifier in owned extract
IA9916255,IA,SEC,IL,no official OFR-to-CRD identifier in owned extract
IA9917570,IA,SEC,MN,no official OFR-to-CRD identifier in owned extract
IA9917818,IA,FLA,MN,no official OFR-to-CRD identifier in owned extract
IA0901054,IA,SEC,CA,no official OFR-to-CRD identifier in owned extract
IA9907096,IA,SEC,IN,no official OFR-to-CRD identifier in owned extract
IA0900709,IA,FLA,PA,no official OFR-to-CRD identifier in owned extract
IA9917015,IA,SEC,WA,no official OFR-to-CRD identifier in owned extract
IA9907770,IA,FLA,FL,no official OFR-to-CRD identifier in owned extract
IA0902567,IA,SEC,OH,no official OFR-to-CRD identifier in owned extract
IA9913299,IA,SEC,NJ,no official OFR-to-CRD identifier in owned extract
IA9908898,IA,SEC,TX,no official OFR-to-CRD identifier in owned extract
IA9912763,IA,SEC,TX,no official OFR-to-CRD identifier in owned extract
IA9907476,IA,SEC,FL,no official OFR-to-CRD identifier in owned extract
IA9909538,IA,SEC,FL,no official OFR-to-CRD identifier in owned extract
IA9913095,IA,FLA,FL,no official OFR-to-CRD identifier in owned extract
IA9915314,IA,SEC,FL,no official OFR-to-CRD identifier in owned extract
IA9912042,IA,SEC,RI,no official OFR-to-CRD identifier in owned extract
IA0903378,IA,SEC,GA,no official OFR-to-CRD identifier in owned extract
IA9910794,IA,SEC,WA,no official OFR-to-CRD identifier in owned extract
IA9914552,IA,SEC,NV,no official OFR-to-CRD identifier in owned extract
IA9913908,IA,FLA,FL,no official OFR-to-CRD identifier in owned extract
IA9908711,IA,FLA,FL,no official OFR-to-CRD identifier in owned extract
IA9915767,IA,SEC,AZ,no official OFR-to-CRD identifier in owned extract
IA9915139,IA,SEC,NH,no official OFR-to-CRD identifier in owned extract
IA0903454,IA,SEC,CA,no official OFR-to-CRD identifier in owned extract
IA9908282,IA,SEC,TX,no official OFR-to-CRD identifier in owned extract
IA9904639,IA,SEC,FL,no official OFR-to-CRD identifier in owned extract
IA0903099,IA,SEC,OH,no official OFR-to-CRD identifier in owned extract
BD0900569,BD,FNRA,NJ,no official OFR-to-CRD identifier in owned extract
IA0901805,IA,FLA,NJ,no official OFR-to-CRD identifier in owned extract
IA9908027,IA,FLA,FL,no official OFR-to-CRD identifier in owned extract
IA9911949,IA,FLA,FL,no official OFR-to-CRD identifier in owned extract
IA9911368,IA,SEC,KS,no official OFR-to-CRD identifier in owned extract
IA9911258,IA,SEC,NM,no official OFR-to-CRD identifier in owned extract
IA9911268,IA,FLA,FL,no official OFR-to-CRD identifier in owned extract
IA9907788,IA,SEC,MN,no official OFR-to-CRD identifier in owned extract
IA0902523,IA,FLA,FL,no official OFR-to-CRD identifier in owned extract
IA9915250,IA,SEC,NY,no official OFR-to-CRD identifier in owned extract
IA9915030,IA,FLA,FL,no official OFR-to-CRD identifier in owned extract
IA9911990,IA,FLA,TN,no official OFR-to-CRD identifier in owned extract
IA0901642,IA,FLA,FL,no official OFR-to-CRD identifier in owned extract
IA9916949,IA,SEC,AZ,no official OFR-to-CRD identifier in owned extract
IA0900926,IA,FLA,FL,no official OFR-to-CRD identifier in owned extract
IA9905436,IA,FLA,FL,no official OFR-to-CRD identifier in owned extract
IA9917689,IA,SEC,FL,no official OFR-to-CRD identifier in owned extract
IA9908467,IA,SEC,IN,no official OFR-to-CRD identifier in owned extract
IA9907403,IA,FLA,FL,no official OFR-to-CRD identifier in owned extract
IA9916866,IA,FLA,FL,no official OFR-to-CRD identifier in owned extract
IA0901311,IA,SEC,VA,no official OFR-to-CRD identifier in owned extract
IA9907584,IA,SEC,CO,no official OFR-to-CRD identifier in owned extract
BD0901369,BD,FNRA,VA,no official OFR-to-CRD identifier in owned extract
IA0902439,IA,SEC,CA,no official OFR-to-CRD identifier in owned extract
BD0901595,BD,FNRA,CA,no official OFR-to-CRD identifier in owned extract
IA9909172,IA,SEC,WI,no official OFR-to-CRD identifier in owned extract
IA9909853,IA,SEC,IL,no official OFR-to-CRD identifier in owned extract
IA9911757,IA,FLA,CO,no official OFR-to-CRD identifier in owned extract
IA9909825,IA,SEC,MI,no official OFR-to-CRD identifier in owned extract
IA9913711,IA,SEC,WI,no official OFR-to-CRD identifier in owned extract
IA9908629,IA,SEC,NC,no official OFR-to-CRD identifier in owned extract
IA9910406,IA,SEC,TX,no official OFR-to-CRD identifier in owned extract
IA9916288,IA,FLA,CA,no official OFR-to-CRD identifier in owned extract
IA9916282,IA,SEC,FL,no official OFR-to-CRD identifier in owned extract
IA9915067,IA,FLA,FL,no official OFR-to-CRD identifier in owned extract
BD1003668,BD,FNRA,FL,no official OFR-to-CRD identifier in owned extract
BD1003976,BD,FNRA,FL,no official OFR-to-CRD identifier in owned extract
IA9914975,IA,FLA,FL,no official OFR-to-CRD identifier in owned extract
IA9912655,IA,SEC,FL,no official OFR-to-CRD identifier in owned extract
IA9913926,IA,SEC,CA,no official OFR-to-CRD identifier in owned extract
IA9913380,IA,SEC,MA,no official OFR-to-CRD identifier in owned extract
IA9909803,IA,SEC,NY,no official OFR-to-CRD identifier in owned extract
IA9909869,IA,SEC,NY,no official OFR-to-CRD identifier in owned extract
IA9915133,IA,SEC,FL,no official OFR-to-CRD identifier in owned extract
IA9917664,IA,SEC,OH,no official OFR-to-CRD identifier in owned extract
IA9909740,IA,SEC,MA,no official OFR-to-CRD identifier in owned extract
IA9914356,IA,FLA,FL,no official OFR-to-CRD identifier in owned extract
IA9914704,IA,SEC,CA,no official OFR-to-CRD identifier in owned extract
IA9917156,IA,FLA,OH,no official OFR-to-CRD identifier in owned extract
IA0900480,IA,SEC,FL,no official OFR-to-CRD identifier in owned extract
IA9911818,IA,SEC,GA,no official OFR-to-CRD identifier in owned extract
IA9914565,IA,SEC,FL,no official OFR-to-CRD identifier in owned extract
IA9907082,IA,SEC,GA,no official OFR-to-CRD identifier in owned extract
IA0901190,IA,SEC,CO,no official OFR-to-CRD identifier in owned extract
IA9916377,IA,SEC,NY,no official OFR-to-CRD identifier in owned extract
BD0901623,BD,FNRA,IL,no official OFR-to-CRD identifier in owned extract
BD1004852,BD,FNRA,KS,no official OFR-to-CRD identifier in owned extract
BD0901102,BD,FNRA,MO,no official OFR-to-CRD identifier in owned extract
BD1004123,BD,FNRA,NJ,no official OFR-to-CRD identifier in owned extract
BD1004707,BD,FNRA,IL,no official OFR-to-CRD identifier in owned extract
IA9916096,IA,FLA,IL,no official OFR-to-CRD identifier in owned extract
BD0902570,BD,FNRA,NY,no official OFR-to-CRD identifier in owned extract
BD0901452,BD,FNRA,NC,no official OFR-to-CRD identifier in owned extract
IA0901882,IA,SEC,NC,no official OFR-to-CRD identifier in owned extract
IA9907010,IA,SEC,GA,no official OFR-to-CRD identifier in owned extract
IA9908102,IA,SEC,TX,no official OFR-to-CRD identifier in owned extract
BD0900150,BD,FNRA,TX,no official OFR-to-CRD identifier in owned extract
BD0900677,BD,FNRA,TX,no official OFR-to-CRD identifier in owned extract
IA0903090,IA,SEC,TX,no official OFR-to-CRD identifier in owned extract
BD0900902,BD,FNRA,VA,no official OFR-to-CRD identifier in owned extract
IA9912777,IA,FLA,FL,no official OFR-to-CRD identifier in owned extract
IA9912370,IA,SEC,NY,no official OFR-to-CRD identifier in owned extract
IA9915251,IA,SEC,TX,no official OFR-to-CRD identifier in owned extract
IA0900460,IA,SEC,OH,no official OFR-to-CRD identifier in owned extract
IA0902568,IA,SEC,RI,no official OFR-to-CRD identifier in owned extract
IA9914809,IA,SEC,MI,no official OFR-to-CRD identifier in owned extract
IA9914272,IA,SEC,NC,no official OFR-to-CRD identifier in owned extract
BD0901397,BD,FNRA,TX,no official OFR-to-CRD identifier in owned extract
IA0901361,IA,SEC,CA,no official OFR-to-CRD identifier in owned extract
BD0900413,BD,FNRA,VA,no official OFR-to-CRD identifier in owned extract
IA9916213,IA,SEC,MD,no official OFR-to-CRD identifier in owned extract
BD0900988,BD,FNRA,MO,no official OFR-to-CRD identifier in owned extract
IA0900874,IA,SEC,MO,no official OFR-to-CRD identifier in owned extract
IA9905771,IA,FLA,OK,no official OFR-to-CRD identifier in owned extract
BD0901305,BD,FNRA,KY,no official OFR-to-CRD identifier in owned extract
IA9909303,IA,SEC,KY,no official OFR-to-CRD identifier in owned extract
BD0901775,BD,FNRA,FL,no official OFR-to-CRD identifier in owned extract
IA9907009,IA,SEC,MN,no official OFR-to-CRD identifier in owned extract
IA9917622,IA,SEC,NJ,no official OFR-to-CRD identifier in owned extract
IA9906397,IA,SEC,NY,no official OFR-to-CRD identifier in owned extract
IA9914336,IA,SEC,NY,no official OFR-to-CRD identifier in owned extract
BD0900125,BD,FNRA,NY,no official OFR-to-CRD identifier in owned extract
IA9913120,IA,SEC,OH,no official OFR-to-CRD identifier in owned extract
IA9914349,IA,SEC,NE,no official OFR-to-CRD identifier in owned extract
IA9915201,IA,SEC,NE,no official OFR-to-CRD identifier in owned extract
BD1004572,BD,FNRA,NY,no official OFR-to-CRD identifier in owned extract
IA9912372,IA,SEC,WA,no official OFR-to-CRD identifier in owned extract
BD1004678,BD,FNRA,TX,no official OFR-to-CRD identifier in owned extract
IA9915010,IA,FLA,FL,no official OFR-to-CRD identifier in owned extract
BD0900533,BD,FNRA,OR,no official OFR-to-CRD identifier in owned extract
IA9916378,IA,SEC,CO,no official OFR-to-CRD identifier in owned extract
BD1004009,BD,FNRA,PR,no official OFR-to-CRD identifier in owned extract
IA0900764,IA,SEC,IL,no official OFR-to-CRD identifier in owned extract
BD0900823,BD,FNRA,IL,no official OFR-to-CRD identifier in owned extract
BD1003153,BD,FNRA,NC,no official OFR-to-CRD identifier in owned extract
BD0902789,BD,FNRA,TX,no official OFR-to-CRD identifier in owned extract
IA9907203,IA,SEC,CA,no official OFR-to-CRD identifier in owned extract
BD0901415,BD,FNRA,NY,no official OFR-to-CRD identifier in owned extract
IA0901032,IA,SEC,FL,no official OFR-to-CRD identifier in owned extract
IA9903743,IA,FLA,FL,no official OFR-to-CRD identifier in owned extract
BD0901790,BD,FNRA,IL,no official OFR-to-CRD identifier in owned extract
IA9911628,IA,SEC,CT,no official OFR-to-CRD identifier in owned extract
IA9905806,IA,SEC,PA,no official OFR-to-CRD identifier in owned extract
IA9912661,IA,SEC,CA,no official OFR-to-CRD identifier in owned extract
IA0900736,IA,SEC,TX,no official OFR-to-CRD identifier in owned extract
IA9915611,IA,SEC,TX,no official OFR-to-CRD identifier in owned extract
IA9912264,IA,SEC,MI,no official OFR-to-CRD identifier in owned extract
IA9909821,IA,SEC,FL,no official OFR-to-CRD identifier in owned extract
IA9917116,IA,SEC,FL,no official OFR-to-CRD identifier in owned extract
IA9917703,IA,SEC,CT,no official OFR-to-CRD identifier in owned extract
IA9915880,IA,SEC,CA,no official OFR-to-CRD identifier in owned extract
IA9909459,IA,FLA,FL,no official OFR-to-CRD identifier in owned extract
IA9914316,IA,FLA,MD,no official OFR-to-CRD identifier in owned extract
IA9910003,IA,FLA,FL,no official OFR-to-CRD identifier in owned extract
IA9916543,IA,FLA,FL,no official OFR-to-CRD identifier in owned extract
IA9904797,IA,SEC,MA,no official OFR-to-CRD identifier in owned extract
IA9908611,IA,SEC,MA,no official OFR-to-CRD identifier in owned extract
IA9909504,IA,SEC,MA,no official OFR-to-CRD identifier in owned extract
BD0901804,BD,FNRA,NY,no official OFR-to-CRD identifier in owned extract
IA0903508,IA,SEC,NY,no official OFR-to-CRD identifier in owned extract
IA9917607,IA,FLA,FL,no official OFR-to-CRD identifier in owned extract
IA9906587,IA,SEC,FL,no official OFR-to-CRD identifier in owned extract
IA9917528,IA,SEC,FL,no official OFR-to-CRD identifier in owned extract
IA9915224,IA,SEC,FL,no official OFR-to-CRD identifier in owned extract
IA9909728,IA,SEC,CA,no official OFR-to-CRD identifier in owned extract
IA9916718,IA,FLA,MA,no official OFR-to-CRD identifier in owned extract
IA9906033,IA,FLA,FL,no official OFR-to-CRD identifier in owned extract
IA9907998,IA,FLA,FL,no official OFR-to-CRD identifier in owned extract
IA0900538,IA,SEC,MI,no official OFR-to-CRD identifier in owned extract
IA9913513,IA,SEC,FL,no official OFR-to-CRD identifier in owned extract
IA9916574,IA,SEC,CA,no official OFR-to-CRD identifier in owned extract
BD0900789,BD,FNRA,NY,no official OFR-to-CRD identifier in owned extract
IA9910954,IA,FLA,FL,no official OFR-to-CRD identifier in owned extract
IA9917222,IA,SEC,NJ,no official OFR-to-CRD identifier in owned extract
IA9910339,IA,FLA,FL,no official OFR-to-CRD identifier in owned extract
IA0903590,IA,SEC,NY,no official OFR-to-CRD identifier in owned extract
BD0901368,BD,FNRA,FL,no official OFR-to-CRD identifier in owned extract
IA9905272,IA,FLA,FL,no official OFR-to-CRD identifier in owned extract
IA9917841,IA,SEC,FL,no official OFR-to-CRD identifier in owned extract
IA9908051,IA,FLA,FL,no official OFR-to-CRD identifier in owned extract
IA9914246,IA,SEC,FL,no official OFR-to-CRD identifier in owned extract
IA9916021,IA,FLA,FL,no official OFR-to-CRD identifier in owned extract
IA9905608,IA,SEC,CA,no official OFR-to-CRD identifier in owned extract
IA9911962,IA,FLA,FL,no official OFR-to-CRD identifier in owned extract
BD1004135,BD,FNRA,NY,no official OFR-to-CRD identifier in owned extract
IA9914427,IA,SEC,MN,no official OFR-to-CRD identifier in owned extract
IA9914741,IA,SEC,FL,no official OFR-to-CRD identifier in owned extract
BD1003912,BD,FNRA,NY,no official OFR-to-CRD identifier in owned extract
IA9913010,IA,SEC,NY,no official OFR-to-CRD identifier in owned extract
BD1004714,BD,FNRA,FL,no official OFR-to-CRD identifier in owned extract
IA9907636,IA,SEC,MA,no official OFR-to-CRD identifier in owned extract
IA9916610,IA,FLA,PA,no official OFR-to-CRD identifier in owned extract
IA9904306,IA,SEC,NY,no official OFR-to-CRD identifier in owned extract
BD1004103,BD,FNRA,,no official OFR-to-CRD identifier in owned extract
IA9912999,IA,SEC,MA,no official OFR-to-CRD identifier in owned extract
IA9914977,IA,SEC,CA,no official OFR-to-CRD identifier in owned extract
BD1004094,BD,FNRA,CT,no official OFR-to-CRD identifier in owned extract
BD1003009,BD,FNRA,CO,no official OFR-to-CRD identifier in owned extract
BD0901450,BD,FNRA,CA,no official OFR-to-CRD identifier in owned extract
BD0900171,BD,FNRA,FL,no official OFR-to-CRD identifier in owned extract
BD1004354,BD,FNRA,NY,no official OFR-to-CRD identifier in owned extract
BD0902628,BD,FNRA,AL,no official OFR-to-CRD identifier in owned extract
BD1003595,BD,FNRA,ND,no official OFR-to-CRD identifier in owned extract
IA9909940,IA,SEC,NY,no official OFR-to-CRD identifier in owned extract
IA9904298,IA,SEC,MN,no official OFR-to-CRD identifier in owned extract
IA9905050,IA,FLA,FL,no official OFR-to-CRD identifier in owned extract
IA0900806,IA,FLA,GA,no official OFR-to-CRD identifier in owned extract
IA0903446,IA,SEC,MO,no official OFR-to-CRD identifier in owned extract
IA9905285,IA,SEC,MO,no official OFR-to-CRD identifier in owned extract
BD1003080,BD,FNRA,VA,no official OFR-to-CRD identifier in owned extract
BD1004098,BD,FNRA,TX,no official OFR-to-CRD identifier in owned extract
IA9917311,IA,SEC,CO,no official OFR-to-CRD identifier in owned extract
IA9904718,IA,SEC,NY,no official OFR-to-CRD identifier in owned extract
IA0900741,IA,SEC,FL,no official OFR-to-CRD identifier in owned extract
IA9915216,IA,SEC,MI,no official OFR-to-CRD identifier in owned extract
BD0900487,BD,FNRA,DC,no official OFR-to-CRD identifier in owned extract
IA0901793,IA,SEC,DC,no official OFR-to-CRD identifier in owned extract
IA9916504,IA,FLA,FL,no official OFR-to-CRD identifier in owned extract
BD0901732,BD,FNRA,VA,no official OFR-to-CRD identifier in owned extract
IA9910888,IA,FLA,FL,no official OFR-to-CRD identifier in owned extract
BD1003957,BD,FNRA,FL,no official OFR-to-CRD identifier in owned extract
IA9914273,IA,SEC,VA,no official OFR-to-CRD identifier in owned extract
IA9912064,IA,SEC,FL,no official OFR-to-CRD identifier in owned extract
IA9911228,IA,SEC,RI,no official OFR-to-CRD identifier in owned extract
IA9916184,IA,FLA,CO,no official OFR-to-CRD identifier in owned extract
IA9917697,IA,FLA,FL,no official OFR-to-CRD identifier in owned extract
IA9916467,IA,SEC,VA,no official OFR-to-CRD identifier in owned extract
IA9915620,IA,SEC,TX,no official OFR-to-CRD identifier in owned extract
IA9907307,IA,FLA,FL,no official OFR-to-CRD identifier in owned extract
BD0900449,BD,FNRA,ME,no official OFR-to-CRD identifier in owned extract
BD1002931,BD,FNRA,ME,no official OFR-to-CRD identifier in owned extract
BD0901597,BD,FNRA,ME,no official OFR-to-CRD identifier in owned extract
BD0900978,BD,FNRA,ME,no official OFR-to-CRD identifier in owned extract
BD0903058,BD,FNRA,ME,no official OFR-to-CRD identifier in owned extract
IA9911593,IA,FLA,FL,no official OFR-to-CRD identifier in owned extract
IA9913688,IA,SEC,FL,no official OFR-to-CRD identifier in owned extract
IA9911136,IA,SEC,IL,no official OFR-to-CRD identifier in owned extract
IA9914725,IA,FLA,FL,no official OFR-to-CRD identifier in owned extract
IA9911225,IA,SEC,OK,no official OFR-to-CRD identifier in owned extract
BD1003358,BD,FNRA,CA,no official OFR-to-CRD identifier in owned extract
IA9912265,IA,SEC,FL,no official OFR-to-CRD identifier in owned extract
BD1004318,BD,FNRA,NH,no official OFR-to-CRD identifier in owned extract
IA9915875,IA,SEC,WI,no official OFR-to-CRD identifier in owned extract
IA9908625,IA,FLA,FL,no official OFR-to-CRD identifier in owned extract
IA9906917,IA,SEC,OH,no official OFR-to-CRD identifier in owned extract
IA9915493,IA,SEC,FL,no official OFR-to-CRD identifier in owned extract
IA9909862,IA,SEC,MA,no official OFR-to-CRD identifier in owned extract
IA0900541,IA,FLA,FL,no official OFR-to-CRD identifier in owned extract
IA9914683,IA,FLA,IN,no official OFR-to-CRD identifier in owned extract
BD1004152,BD,FNRA,NY,no official OFR-to-CRD identifier in owned extract
IA9904477,IA,SEC,CA,no official OFR-to-CRD identifier in owned extract
IA9912650,IA,SEC,IL,no official OFR-to-CRD identifier in owned extract
IA0901328,IA,SEC,OH,no official OFR-to-CRD identifier in owned extract
IA9913610,IA,SEC,NY,no official OFR-to-CRD identifier in owned extract
IA9915720,IA,SEC,CA,no official OFR-to-CRD identifier in owned extract
IA0901385,IA,SEC,NY,no official OFR-to-CRD identifier in owned extract
IA9914738,IA,SEC,NV,no official OFR-to-CRD identifier in owned extract
IA9907810,IA,SEC,GA,no official OFR-to-CRD identifier in owned extract
IA9917400,IA,SEC,PA,no official OFR-to-CRD identifier in owned extract
IA9914428,IA,SEC,KS,no official OFR-to-CRD identifier in owned extract
IA9909560,IA,SEC,NJ,no official OFR-to-CRD identifier in owned extract
IA9910874,IA,SEC,FL,no official OFR-to-CRD identifier in owned extract
IA9907968,IA,FLA,NC,no official OFR-to-CRD identifier in owned extract
IA0902252,IA,SEC,WA,no official OFR-to-CRD identifier in owned extract
IA9914900,IA,SEC,WA,no official OFR-to-CRD identifier in owned extract
IA9916629,IA,FLA,NC,no official OFR-to-CRD identifier in owned extract
IA9907854,IA,FLA,UT,no official OFR-to-CRD identifier in owned extract
BD1003197,BD,FNRA,NY,no official OFR-to-CRD identifier in owned extract
IA9914629,IA,SEC,MN,no official OFR-to-CRD identifier in owned extract
IA9917080,IA,SEC,AZ,no official OFR-to-CRD identifier in owned extract
BD1004266,BD,FNRA,NC,no official OFR-to-CRD identifier in owned extract
IA9915383,IA,SEC,NC,no official OFR-to-CRD identifier in owned extract
IA9912059,IA,SEC,FL,no official OFR-to-CRD identifier in owned extract
BD1004711,BD,FNRA,NY,no official OFR-to-CRD identifier in owned extract
IA9907617,IA,FLA,FL,no official OFR-to-CRD identifier in owned extract
IA9917002,IA,SEC,KS,no official OFR-to-CRD identifier in owned extract
IA9916660,IA,SEC,IL,no official OFR-to-CRD identifier in owned extract
BD0902505,BD,FNRA,PA,no official OFR-to-CRD identifier in owned extract
IA9915397,IA,SEC,AR,no official OFR-to-CRD identifier in owned extract
BD1003531,BD,FNRA,NY,no official OFR-to-CRD identifier in owned extract
IA9903926,IA,SEC,IL,no official OFR-to-CRD identifier in owned extract
IA9906753,IA,SEC,IN,no official OFR-to-CRD identifier in owned extract
IA9908978,IA,SEC,CA,no official OFR-to-CRD identifier in owned extract
BD1004587,BD,FNRA,MO,no official OFR-to-CRD identifier in owned extract
IA0901954,IA,SEC,MO,no official OFR-to-CRD identifier in owned extract
IA9911522,IA,FLA,FL,no official OFR-to-CRD identifier in owned extract
IA9911752,IA,SEC,FL,no official OFR-to-CRD identifier in owned extract
IA0901050,IA,SEC,OH,no official OFR-to-CRD identifier in owned extract
IA9916049,IA,FLA,KS,no official OFR-to-CRD identifier in owned extract
IA9914429,IA,SEC,MA,no official OFR-to-CRD identifier in owned extract
IA9917838,IA,SEC,IN,no official OFR-to-CRD identifier in owned extract
IA0901980,IA,SEC,IA,no official OFR-to-CRD identifier in owned extract
IA9909350,IA,SEC,SC,no official OFR-to-CRD identifier in owned extract
IA9915606,IA,FLA,MD,no official OFR-to-CRD identifier in owned extract
IA0904233,IA,SEC,MO,no official OFR-to-CRD identifier in owned extract
IA9907893,IA,SEC,AZ,no official OFR-to-CRD identifier in owned extract
IA0902238,IA,SEC,CT,no official OFR-to-CRD identifier in owned extract
IA9908744,IA,SEC,NC,no official OFR-to-CRD identifier in owned extract
BD0902724,BD,FNRA,MD,no official OFR-to-CRD identifier in owned extract
IA0903153,IA,SEC,MD,no official OFR-to-CRD identifier in owned extract
IA9915530,IA,SEC,VA,no official OFR-to-CRD identifier in owned extract
IA9916642,IA,SEC,CA,no official OFR-to-CRD identifier in owned extract
IA9914125,IA,SEC,MD,no official OFR-to-CRD identifier in owned extract
IA9914132,IA,SEC,OH,no official OFR-to-CRD identifier in owned extract
IA9912019,IA,FLA,MI,no official OFR-to-CRD identifier in owned extract
IA9912011,IA,SEC,NY,no official OFR-to-CRD identifier in owned extract
BD0902361,BD,FNRA,TX,no official OFR-to-CRD identifier in owned extract
IA9913735,IA,SEC,IN,no official OFR-to-CRD identifier in owned extract
IA9915700,IA,SEC,OK,no official OFR-to-CRD identifier in owned extract
IA9909797,IA,SEC,IL,no official OFR-to-CRD identifier in owned extract
IA9914569,IA,SEC,OH,no official OFR-to-CRD identifier in owned extract
IA9916321,IA,SEC,FL,no official OFR-to-CRD identifier in owned extract
IA9914007,IA,SEC,FL,no official OFR-to-CRD identifier in owned extract
IA0903569,IA,SEC,NY,no official OFR-to-CRD identifier in owned extract
IA9913681,IA,SEC,PA,no official OFR-to-CRD identifier in owned extract
IA9914586,IA,SEC,MA,no official OFR-to-CRD identifier in owned extract
BD1003090,BD,FNRA,NY,no official OFR-to-CRD identifier in owned extract
IA9910454,IA,SEC,LA,no official OFR-to-CRD identifier in owned extract
IA9915509,IA,SEC,FL,no official OFR-to-CRD identifier in owned extract
IA9916465,IA,SEC,IL,no official OFR-to-CRD identifier in owned extract
IA9915155,IA,FLA,FL,no official OFR-to-CRD identifier in owned extract
IA9905995,IA,SEC,PA,no official OFR-to-CRD identifier in owned extract
IA9915315,IA,SEC,NY,no official OFR-to-CRD identifier in owned extract
IA9914384,IA,SEC,WI,no official OFR-to-CRD identifier in owned extract
IA9914685,IA,SEC,FL,no official OFR-to-CRD identifier in owned extract
IA9907400,IA,SEC,CA,no official OFR-to-CRD identifier in owned extract
BD0902622,BD,FNRA,CA,no official OFR-to-CRD identifier in owned extract
IA9907047,IA,FLA,FL,no official OFR-to-CRD identifier in owned extract
IA0900554,IA,SEC,NC,no official OFR-to-CRD identifier in owned extract
IA0903534,IA,SEC,NY,no official OFR-to-CRD identifier in owned extract
IA9915069,IA,SEC,FL,no official OFR-to-CRD identifier in owned extract
IA9908048,IA,SEC,OH,no official OFR-to-CRD identifier in owned extract
IA9915401,IA,SEC,CA,no official OFR-to-CRD identifier in owned extract
BD1004437,BD,FNRA,CA,no official OFR-to-CRD identifier in owned extract
BD0900422,BD,FNRA,NY,no official OFR-to-CRD identifier in owned extract
IA0900300,IA,SEC,NY,no official OFR-to-CRD identifier in owned extract
IA9912686,IA,SEC,MD,no official OFR-to-CRD identifier in owned extract
IA9908981,IA,SEC,PR,no official OFR-to-CRD identifier in owned extract
IA9905478,IA,FLA,FL,no official OFR-to-CRD identifier in owned extract
IA9912795,IA,FLA,VA,no official OFR-to-CRD identifier in owned extract
IA9905299,IA,SEC,TX,no official OFR-to-CRD identifier in owned extract
IA9911869,IA,SEC,FL,no official OFR-to-CRD identifier in owned extract
IA9904200,IA,FLA,FL,no official OFR-to-CRD identifier in owned extract
IA9914996,IA,FLA,FL,no official OFR-to-CRD identifier in owned extract
IA0903833,IA,SEC,CT,no official OFR-to-CRD identifier in owned extract
IA9914668,IA,FLA,GA,no official OFR-to-CRD identifier in owned extract
IA9908997,IA,SEC,LA,no official OFR-to-CRD identifier in owned extract
IA9911372,IA,SEC,IN,no official OFR-to-CRD identifier in owned extract
IA9908066,IA,SEC,WA,no official OFR-to-CRD identifier in owned extract
IA9915474,IA,SEC,CA,no official OFR-to-CRD identifier in owned extract
IA9910257,IA,FLA,FL,no official OFR-to-CRD identifier in owned extract
IA9914538,IA,FLA,FL,no official OFR-to-CRD identifier in owned extract
IA9905437,IA,FLA,FL,no official OFR-to-CRD identifier in owned extract
IA9917832,IA,SEC,IA,no official OFR-to-CRD identifier in owned extract
IA9906636,IA,SEC,NJ,no official OFR-to-CRD identifier in owned extract
IA9903910,IA,SEC,NY,no official OFR-to-CRD identifier in owned extract
IA9912516,IA,FLA,FL,no official OFR-to-CRD identifier in owned extract
IA9915199,IA,FLA,FL,no official OFR-to-CRD identifier in owned extract
IA9909078,IA,SEC,MT,no official OFR-to-CRD identifier in owned extract
BD1004059,BD,FNRA,FL,no official OFR-to-CRD identifier in owned extract
IA0902778,IA,SEC,WY,no official OFR-to-CRD identifier in owned extract
IA0900430,IA,SEC,MA,no official OFR-to-CRD identifier in owned extract
IA9905163,IA,FLA,TX,no official OFR-to-CRD identifier in owned extract
BD1003337,BD,FNRA,VA,no official OFR-to-CRD identifier in owned extract
BD0901628,BD,FNRA,TX,no official OFR-to-CRD identifier in owned extract
IA9913049,IA,SEC,TX,no official OFR-to-CRD identifier in owned extract
IA9913689,IA,SEC,FL,no official OFR-to-CRD identifier in owned extract
IA9908452,IA,FLA,CO,no official OFR-to-CRD identifier in owned extract
IA9915466,IA,SEC,NY,no official OFR-to-CRD identifier in owned extract
BD0902924,BD,FNRA,PA,no official OFR-to-CRD identifier in owned extract
IA9912135,IA,SEC,MI,no official OFR-to-CRD identifier in owned extract
IA9906373,IA,SEC,FL,no official OFR-to-CRD identifier in owned extract
IA0900473,IA,SEC,MD,no official OFR-to-CRD identifier in owned extract
IA9915456,IA,SEC,GA,no official OFR-to-CRD identifier in owned extract
IA9911885,IA,SEC,IA,no official OFR-to-CRD identifier in owned extract
IA9906429,IA,SEC,NY,no official OFR-to-CRD identifier in owned extract
IA9910859,IA,SEC,OH,no official OFR-to-CRD identifier in owned extract
IA9912744,IA,SEC,IL,no official OFR-to-CRD identifier in owned extract
BD0902939,BD,FNRA,FL,no official OFR-to-CRD identifier in owned extract
IA9917377,IA,SEC,NC,no official OFR-to-CRD identifier in owned extract
BD0902185,BD,FNRA,DC,no official OFR-to-CRD identifier in owned extract
BD0902439,BD,FNRA,CA,no official OFR-to-CRD identifier in owned extract
BD1004168,BD,FNRA,TX,no official OFR-to-CRD identifier in owned extract
IA9914816,IA,FLA,FL,no official OFR-to-CRD identifier in owned extract
IA9916536,IA,FLA,FL,no official OFR-to-CRD identifier in owned extract
IA9906216,IA,SEC,CA,no official OFR-to-CRD identifier in owned extract
IA0901314,IA,SEC,MD,no official OFR-to-CRD identifier in owned extract
IA0900562,IA,SEC,FL,no official OFR-to-CRD identifier in owned extract
IA0901066,IA,SEC,OH,no official OFR-to-CRD identifier in owned extract
IA0902305,IA,FLA,FL,no official OFR-to-CRD identifier in owned extract
IA9915641,IA,SEC,TX,no official OFR-to-CRD identifier in owned extract
IA9909088,IA,SEC,DC,no official OFR-to-CRD identifier in owned extract
BD0900206,BD,FNRA,ME,no official OFR-to-CRD identifier in owned extract
IA9917835,IA,FLA,FL,no official OFR-to-CRD identifier in owned extract
IA9912079,IA,SEC,FL,no official OFR-to-CRD identifier in owned extract
BD1004446,BD,FNRA,MA,no official OFR-to-CRD identifier in owned extract
IA9909124,IA,SEC,SC,no official OFR-to-CRD identifier in owned extract
IA9907356,IA,SEC,NY,no official OFR-to-CRD identifier in owned extract
IA9904885,IA,SEC,TX,no official OFR-to-CRD identifier in owned extract
BD1004202,BD,FNRA,NY,no official OFR-to-CRD identifier in owned extract
IA9917732,IA,FLA,FL,no official OFR-to-CRD identifier in owned extract
IA9907906,IA,SEC,FL,no official OFR-to-CRD identifier in owned extract
IA9915792,IA,FLA,CO,no official OFR-to-CRD identifier in owned extract
IA9906371,IA,SEC,OH,no official OFR-to-CRD identifier in owned extract
IA9909565,IA,SEC,OH,no official OFR-to-CRD identifier in owned extract
IA9908583,IA,FLA,CA,no official OFR-to-CRD identifier in owned extract
IA9915409,IA,SEC,NH,no official OFR-to-CRD identifier in owned extract
IA9914593,IA,FLA,FL,no official OFR-to-CRD identifier in owned extract
IA9911561,IA,SEC,FL,no official OFR-to-CRD identifier in owned extract
IA9913923,IA,SEC,FL,no official OFR-to-CRD identifier in owned extract
IA9909927,IA,SEC,KY,no official OFR-to-CRD identifier in owned extract
IA9914430,IA,SEC,TX,no official OFR-to-CRD identifier in owned extract
IA9916897,IA,FLA,FL,no official OFR-to-CRD identifier in owned extract
IA9914604,IA,FLA,FL,no official OFR-to-CRD identifier in owned extract
IA9917601,IA,FLA,NJ,no official OFR-to-CRD identifier in owned extract
IA9913514,IA,SEC,IL,no official OFR-to-CRD identifier in owned extract
IA9911737,IA,SEC,CO,no official OFR-to-CRD identifier in owned extract
BD0900485,BD,FNRA,FL,no official OFR-to-CRD identifier in owned extract
IA0902421,IA,SEC,FL,no official OFR-to-CRD identifier in owned extract
IA0900725,IA,SEC,GA,no official OFR-to-CRD identifier in owned extract
BD1003288,BD,FNRA,NY,no official OFR-to-CRD identifier in owned extract
BD0900788,BD,FNRA,NY,no official OFR-to-CRD identifier in owned extract
BD1003906,BD,FNRA,CA,no official OFR-to-CRD identifier in owned extract
IA9914992,IA,FLA,FL,no official OFR-to-CRD identifier in owned extract
BD1004584,BD,FNRA,NY,no official OFR-to-CRD identifier in owned extract
IA0900935,IA,SEC,FL,no official OFR-to-CRD identifier in owned extract
IA9914431,IA,SEC,OK,no official OFR-to-CRD identifier in owned extract
BD0901780,BD,FNRA,NY,no official OFR-to-CRD identifier in owned extract
IA0902832,IA,SEC,NY,no official OFR-to-CRD identifier in owned extract
IA9914772,IA,SEC,CO,no official OFR-to-CRD identifier in owned extract
IA9907704,IA,SEC,MI,no official OFR-to-CRD identifier in owned extract
IA9915164,IA,SEC,FL,no official OFR-to-CRD identifier in owned extract
IA9915358,IA,SEC,FL,no official OFR-to-CRD identifier in owned extract
BD1004184,BD,FNRA,NY,no official OFR-to-CRD identifier in owned extract
BD1004769,BD,FNRA,NY,no official OFR-to-CRD identifier in owned extract
IA9916228,IA,FLA,FL,no official OFR-to-CRD identifier in owned extract
IA0903051,IA,SEC,IN,no official OFR-to-CRD identifier in owned extract
BD1004685,BD,FNRA,FL,no official OFR-to-CRD identifier in owned extract
BD1004138,BD,FNRA,NY,no official OFR-to-CRD identifier in owned extract
IA9913416,IA,SEC,TX,no official OFR-to-CRD identifier in owned extract
IA9905103,IA,SEC,IL,no official OFR-to-CRD identifier in owned extract
BD0902028,BD,FNRA,NY,no official OFR-to-CRD identifier in owned extract
IA0902049,IA,SEC,FL,no official OFR-to-CRD identifier in owned extract
BD0902229,BD,FNRA,NY,no official OFR-to-CRD identifier in owned extract
IA9904924,IA,SEC,GA,no official OFR-to-CRD identifier in owned extract
IA0903350,IA,SEC,MN,no official OFR-to-CRD identifier in owned extract
IA9916430,IA,SEC,NJ,no official OFR-to-CRD identifier in owned extract
IA9917731,IA,FLA,FL,no official OFR-to-CRD identifier in owned extract
IA9914432,IA,SEC,CA,no official OFR-to-CRD identifier in owned extract
IA9916266,IA,FLA,FL,no official OFR-to-CRD identifier in owned extract
IA9909865,IA,SEC,AZ,no official OFR-to-CRD identifier in owned extract
IA9915473,IA,SEC,FL,no official OFR-to-CRD identifier in owned extract
IA0900340,IA,SEC,CT,no official OFR-to-CRD identifier in owned extract
IA9910368,IA,SEC,OH,no official OFR-to-CRD identifier in owned extract
IA9915894,IA,SEC,PR,no official OFR-to-CRD identifier in owned extract
BD1004614,BD,FNRA,PR,no official OFR-to-CRD identifier in owned extract
IA9917401,IA,SEC,IN,no official OFR-to-CRD identifier in owned extract
IA0902794,IA,FLA,FL,no official OFR-to-CRD identifier in owned extract
BD0902708,BD,FNRA,IL,no official OFR-to-CRD identifier in owned extract
IA0901123,IA,SEC,TX,no official OFR-to-CRD identifier in owned extract
IA9913024,IA,SEC,MN,no official OFR-to-CRD identifier in owned extract
IA9915750,IA,SEC,CT,no official OFR-to-CRD identifier in owned extract
IA9907025,IA,SEC,NJ,no official OFR-to-CRD identifier in owned extract
IA9916951,IA,SEC,NJ,no official OFR-to-CRD identifier in owned extract
BD0900549,BD,FNRA,NJ,no official OFR-to-CRD identifier in owned extract
IA0900649,IA,SEC,PA,no official OFR-to-CRD identifier in owned extract
BD0900300,BD,FNRA,MA,no official OFR-to-CRD identifier in owned extract
IA0901755,IA,SEC,MA,no official OFR-to-CRD identifier in owned extract
IA9916322,IA,SEC,TX,no official OFR-to-CRD identifier in owned extract
IA0901956,IA,FLA,FL,no official OFR-to-CRD identifier in owned extract
IA9910220,IA,SEC,NY,no official OFR-to-CRD identifier in owned extract
IA9915359,IA,SEC,KY,no official OFR-to-CRD identifier in owned extract
IA9912421,IA,SEC,MI,no official OFR-to-CRD identifier in owned extract
IA9913925,IA,FLA,FL,no official OFR-to-CRD identifier in owned extract
IA9917299,IA,SEC,NH,no official OFR-to-CRD identifier in owned extract
IA9916973,IA,SEC,OH,no official OFR-to-CRD identifier in owned extract
IA9904686,IA,FLA,FL,no official OFR-to-CRD identifier in owned extract
IA9916367,IA,FLA,ID,no official OFR-to-CRD identifier in owned extract
BD0901027,BD,FNRA,FL,no official OFR-to-CRD identifier in owned extract
IA0903988,IA,SEC,OH,no official OFR-to-CRD identifier in owned extract
IA9913947,IA,SEC,WI,no official OFR-to-CRD identifier in owned extract
IA9906269,IA,SEC,FL,no official OFR-to-CRD identifier in owned extract
IA9917209,IA,SEC,CA,no official OFR-to-CRD identifier in owned extract
BD1004096,BD,FNRA,DC,no official OFR-to-CRD identifier in owned extract
IA9912359,IA,SEC,FL,no official OFR-to-CRD identifier in owned extract
IA9917184,IA,FLA,FL,no official OFR-to-CRD identifier in owned extract
BD1003995,BD,FNRA,TX,no official OFR-to-CRD identifier in owned extract
IA9915343,IA,SEC,TX,no official OFR-to-CRD identifier in owned extract
BD0901235,BD,FNRA,IL,no official OFR-to-CRD identifier in owned extract
IA9916473,IA,FLA,FL,no official OFR-to-CRD identifier in owned extract
IA9917420,IA,SEC,IL,no official OFR-to-CRD identifier in owned extract
IA9917421,IA,SEC,IL,no official OFR-to-CRD identifier in owned extract
IA9914857,IA,SEC,MA,no official OFR-to-CRD identifier in owned extract
IA9914550,IA,FLA,FL,no official OFR-to-CRD identifier in owned extract
IA9910682,IA,SEC,IL,no official OFR-to-CRD identifier in owned extract
IA9915770,IA,SEC,NJ,no official OFR-to-CRD identifier in owned extract
IA9913114,IA,FLA,IL,no official OFR-to-CRD identifier in owned extract
IA9914589,IA,SEC,FL,no official OFR-to-CRD identifier in owned extract
IA9912849,IA,SEC,RI,no official OFR-to-CRD identifier in owned extract
IA9916928,IA,SEC,,no official OFR-to-CRD identifier in owned extract
IA9904526,IA,FLA,FL,no official OFR-to-CRD identifier in owned extract
IA9907072,IA,FLA,NH,no official OFR-to-CRD identifier in owned extract
IA9917614,IA,FLA,FL,no official OFR-to-CRD identifier in owned extract
IA9914323,IA,SEC,MI,no official OFR-to-CRD identifier in owned extract
BD1004845,BD,FNRA,NY,no official OFR-to-CRD identifier in owned extract
IA9917106,IA,FLA,UT,no official OFR-to-CRD identifier in owned extract
IA9907664,IA,SEC,CA,no official OFR-to-CRD identifier in owned extract
IA9914787,IA,FLA,FL,no official OFR-to-CRD identifier in owned extract
IA9912801,IA,SEC,MN,no official OFR-to-CRD identifier in owned extract
IA9913847,IA,FLA,TX,no official OFR-to-CRD identifier in owned extract
IA9916584,IA,FLA,FL,no official OFR-to-CRD identifier in owned extract
BD0902109,BD,FNRA,CO,no official OFR-to-CRD identifier in owned extract
IA0902075,IA,SEC,CO,no official OFR-to-CRD identifier in owned extract
IA9914491,IA,SEC,NY,no official OFR-to-CRD identifier in owned extract
BD1003903,BD,FNRA,NY,no official OFR-to-CRD identifier in owned extract
IA9913404,IA,SEC,NY,no official OFR-to-CRD identifier in owned extract
BD0903041,BD,FNRA,TX,no official OFR-to-CRD identifier in owned extract
IA9917824,IA,SEC,GA,no official OFR-to-CRD identifier in owned extract
IA9911697,IA,SEC,MI,no official OFR-to-CRD identifier in owned extract
IA9916583,IA,FLA,MA,no official OFR-to-CRD identifier in owned extract
IA9908237,IA,SEC,NY,no official OFR-to-CRD identifier in owned extract
IA9916980,IA,SEC,IN,no official OFR-to-CRD identifier in owned extract
BD1004856,BD,FNRA,FL,no official OFR-to-CRD identifier in owned extract
BD0902519,BD,FNRA,GA,no official OFR-to-CRD identifier in owned extract
IA9915112,IA,FLA,IL,no official OFR-to-CRD identifier in owned extract
IA9913023,IA,SEC,VA,no official OFR-to-CRD identifier in owned extract
IA9905140,IA,SEC,MA,no official OFR-to-CRD identifier in owned extract
IA9913694,IA,FLA,IL,no official OFR-to-CRD identifier in owned extract
IA9905295,IA,FLA,TX,no official OFR-to-CRD identifier in owned extract
IA9906824,IA,FLA,FL,no official OFR-to-CRD identifier in owned extract
IA0901692,IA,SEC,WI,no official OFR-to-CRD identifier in owned extract
IA9909631,IA,SEC,WI,no official OFR-to-CRD identifier in owned extract
IA9907011,IA,SEC,NY,no official OFR-to-CRD identifier in owned extract
IA9917638,IA,SEC,FL,no official OFR-to-CRD identifier in owned extract
IA9912266,IA,SEC,FL,no official OFR-to-CRD identifier in owned extract
IA9917422,IA,SEC,CA,no official OFR-to-CRD identifier in owned extract
IA9905336,IA,SEC,FL,no official OFR-to-CRD identifier in owned extract
IA0901249,IA,SEC,GA,no official OFR-to-CRD identifier in owned extract
BD0901660,BD,FNRA,NJ,no official OFR-to-CRD identifier in owned extract
IA9913430,IA,SEC,FL,no official OFR-to-CRD identifier in owned extract
IA0901101,IA,SEC,NY,no official OFR-to-CRD identifier in owned extract
IA9909583,IA,SEC,IL,no official OFR-to-CRD identifier in owned extract
IA9912694,IA,SEC,GA,no official OFR-to-CRD identifier in owned extract
IA9908660,IA,SEC,CA,no official OFR-to-CRD identifier in owned extract
IA9912267,IA,SEC,OH,no official OFR-to-CRD identifier in owned extract
IA9917402,IA,SEC,IL,no official OFR-to-CRD identifier in owned extract
IA9913747,IA,FLA,FL,no official OFR-to-CRD identifier in owned extract
IA9913556,IA,SEC,FL,no official OFR-to-CRD identifier in owned extract
IA9915588,IA,SEC,WY,no official OFR-to-CRD identifier in owned extract
IA0902136,IA,SEC,FL,no official OFR-to-CRD identifier in owned extract
BD0902448,BD,FNRA,FL,no official OFR-to-CRD identifier in owned extract
IA9915798,IA,SEC,FL,no official OFR-to-CRD identifier in owned extract
BD1003951,BD,FNRA,NY,no official OFR-to-CRD identifier in owned extract
IA0901189,IA,SEC,CT,no official OFR-to-CRD identifier in owned extract
IA9914752,IA,SEC,FL,no official OFR-to-CRD identifier in owned extract
IA9907827,IA,SEC,TX,no official OFR-to-CRD identifier in owned extract
IA9912385,IA,SEC,CT,no official OFR-to-CRD identifier in owned extract
IA9914815,IA,SEC,OH,no official OFR-to-CRD identifier in owned extract
IA9911977,IA,SEC,CO,no official OFR-to-CRD identifier in owned extract
IA9911919,IA,FLA,OH,no official OFR-to-CRD identifier in owned extract
IA9913165,IA,SEC,GA,no official OFR-to-CRD identifier in owned extract
IA9916575,IA,SEC,OK,no official OFR-to-CRD identifier in owned extract
IA9903921,IA,SEC,PA,no official OFR-to-CRD identifier in owned extract
IA9915952,IA,SEC,ME,no official OFR-to-CRD identifier in owned extract
IA9916243,IA,SEC,TX,no official OFR-to-CRD identifier in owned extract
IA9917713,IA,SEC,GA,no official OFR-to-CRD identifier in owned extract
IA9917789,IA,FLA,FL,no official OFR-to-CRD identifier in owned extract
BD1004823,BD,FNRA,IL,no official OFR-to-CRD identifier in owned extract
BD1004854,BD,FNRA,UT,no official OFR-to-CRD identifier in owned extract
IA9908582,IA,SEC,IA,no official OFR-to-CRD identifier in owned extract
IA9912376,IA,SEC,ME,no official OFR-to-CRD identifier in owned extract
IA9911291,IA,SEC,CA,no official OFR-to-CRD identifier in owned extract
BD0900235,BD,FNRA,NY,no official OFR-to-CRD identifier in owned extract
IA0902898,IA,SEC,NY,no official OFR-to-CRD identifier in owned extract
BD1003286,BD,FNRA,CO,no official OFR-to-CRD identifier in owned extract
IA9914433,IA,SEC,CO,no official OFR-to-CRD identifier in owned extract
IA9906538,IA,FLA,FL,no official OFR-to-CRD identifier in owned extract
IA9904770,IA,SEC,CT,no official OFR-to-CRD identifier in owned extract
IA9909259,IA,SEC,IN,no official OFR-to-CRD identifier in owned extract
IA9911200,IA,FLA,IN,no official OFR-to-CRD identifier in owned extract
IA9912758,IA,FLA,FL,no official OFR-to-CRD identifier in owned extract
IA9915316,IA,SEC,FL,no official OFR-to-CRD identifier in owned extract
IA9917509,IA,SEC,VA,no official OFR-to-CRD identifier in owned extract
IA9909614,IA,SEC,MS,no official OFR-to-CRD identifier in owned extract
IA0901907,IA,SEC,PA,no official OFR-to-CRD identifier in owned extract
BD0902023,BD,FNRA,PA,no official OFR-to-CRD identifier in owned extract
BD0900322,BD,FNRA,VA,no official OFR-to-CRD identifier in owned extract
IA9909010,IA,SEC,NJ,no official OFR-to-CRD identifier in owned extract
IA9914535,IA,SEC,NY,no official OFR-to-CRD identifier in owned extract
IA0902273,IA,SEC,,no official OFR-to-CRD identifier in owned extract
IA9915869,IA,FLA,MI,no official OFR-to-CRD identifier in owned extract
IA9915000,IA,SEC,NV,no official OFR-to-CRD identifier in owned extract
IA9910318,IA,SEC,NJ,no official OFR-to-CRD identifier in owned extract
IA9915317,IA,SEC,CT,no official OFR-to-CRD identifier in owned extract
BD0901528,BD,FNRA,NY,no official OFR-to-CRD identifier in owned extract
IA0901889,IA,SEC,NY,no official OFR-to-CRD identifier in owned extract
IA9907920,IA,SEC,FL,no official OFR-to-CRD identifier in owned extract
IA9912811,IA,SEC,VA,no official OFR-to-CRD identifier in owned extract
BD1003004,BD,FNRA,VA,no official OFR-to-CRD identifier in owned extract
IA9916764,IA,SEC,VA,no official OFR-to-CRD identifier in owned extract
BD1004838,BD,FNRA,OH,no official OFR-to-CRD identifier in owned extract
IA9903941,IA,SEC,MD,no official OFR-to-CRD identifier in owned extract
IA9917643,IA,SEC,KS,no official OFR-to-CRD identifier in owned extract
IA9917698,IA,SEC,FL,no official OFR-to-CRD identifier in owned extract
IA9906152,IA,SEC,VA,no official OFR-to-CRD identifier in owned extract
IA9912515,IA,SEC,MD,no official OFR-to-CRD identifier in owned extract
BD1004214,BD,FNRA,FL,no official OFR-to-CRD identifier in owned extract
IA0902563,IA,SEC,FL,no official OFR-to-CRD identifier in owned extract
IA9917505,IA,SEC,FL,no official OFR-to-CRD identifier in owned extract
IA9916074,IA,FLA,TN,no official OFR-to-CRD identifier in owned extract
IA9908526,IA,SEC,NJ,no official OFR-to-CRD identifier in owned extract
BD0902274,BD,FNRA,NJ,no official OFR-to-CRD identifier in owned extract
BD0902464,BD,FNRA,CA,no official OFR-to-CRD identifier in owned extract
IA0903372,IA,SEC,PA,no official OFR-to-CRD identifier in owned extract
IA9913867,IA,SEC,,no official OFR-to-CRD identifier in owned extract
IA9915196,IA,SEC,NY,no official OFR-to-CRD identifier in owned extract
IA9912847,IA,SEC,NH,no official OFR-to-CRD identifier in owned extract
IA9909304,IA,SEC,FL,no official OFR-to-CRD identifier in owned extract
IA9915883,IA,FLA,PA,no official OFR-to-CRD identifier in owned extract
BD1003740,BD,FNRA,NY,no official OFR-to-CRD identifier in owned extract
IA9910646,IA,SEC,FL,no official OFR-to-CRD identifier in owned extract
BD0900564,BD,FNRA,CT,no official OFR-to-CRD identifier in owned extract
IA9912448,IA,SEC,,no official OFR-to-CRD identifier in owned extract
BD0901152,BD,FNRA,MD,no official OFR-to-CRD identifier in owned extract
IA9915879,IA,SEC,MD,no official OFR-to-CRD identifier in owned extract
BD1004750,BD,FNRA,NY,no official OFR-to-CRD identifier in owned extract
IA9913989,IA,SEC,NY,no official OFR-to-CRD identifier in owned extract
IA9907139,IA,FLA,FL,no official OFR-to-CRD identifier in owned extract
IA9916556,IA,SEC,MI,no official OFR-to-CRD identifier in owned extract
IA9909555,IA,SEC,FL,no official OFR-to-CRD identifier in owned extract
BD0901023,BD,FNRA,TX,no official OFR-to-CRD identifier in owned extract
BD1003843,BD,FNRA,NY,no official OFR-to-CRD identifier in owned extract
IA9916379,IA,SEC,NY,no official OFR-to-CRD identifier in owned extract
IA9915840,IA,SEC,GA,no official OFR-to-CRD identifier in owned extract
IA9911584,IA,SEC,FL,no official OFR-to-CRD identifier in owned extract
BD0902561,BD,FNRA,FL,no official OFR-to-CRD identifier in owned extract
IA9917388,IA,SEC,FL,no official OFR-to-CRD identifier in owned extract
BD1004588,BD,FNRA,NY,no official OFR-to-CRD identifier in owned extract
IA9917267,IA,FLA,LA,no official OFR-to-CRD identifier in owned extract
IA9907263,IA,SEC,CA,no official OFR-to-CRD identifier in owned extract
IA9912388,IA,SEC,AZ,no official OFR-to-CRD identifier in owned extract
IA0900693,IA,SEC,PR,no official OFR-to-CRD identifier in owned extract
IA0903895,IA,SEC,FL,no official OFR-to-CRD identifier in owned extract
IA9915918,IA,SEC,FL,no official OFR-to-CRD identifier in owned extract
IA9912403,IA,SEC,WI,no official OFR-to-CRD identifier in owned extract
IA9906776,IA,SEC,WI,no official OFR-to-CRD identifier in owned extract
IA9910890,IA,FLA,FL,no official OFR-to-CRD identifier in owned extract
IA9908985,IA,SEC,FL,no official OFR-to-CRD identifier in owned extract
IA9906449,IA,SEC,FL,no official OFR-to-CRD identifier in owned extract
IA9914057,IA,SEC,CO,no official OFR-to-CRD identifier in owned extract
IA9916334,IA,SEC,NY,no official OFR-to-CRD identifier in owned extract
BD0901428,BD,FNRA,CA,no official OFR-to-CRD identifier in owned extract
IA9904837,IA,FLA,FL,no official OFR-to-CRD identifier in owned extract
IA9914937,IA,SEC,GA,no official OFR-to-CRD identifier in owned extract
IA9916917,IA,FLA,FL,no official OFR-to-CRD identifier in owned extract
BD0900816,BD,FNRA,MI,no official OFR-to-CRD identifier in owned extract
IA9916791,IA,SEC,MD,no official OFR-to-CRD identifier in owned extract
IA9913748,IA,FLA,FL,no official OFR-to-CRD identifier in owned extract
IA9914740,IA,FLA,MO,no official OFR-to-CRD identifier in owned extract
IA9916270,IA,SEC,UT,no official OFR-to-CRD identifier in owned extract
IA9913628,IA,SEC,FL,no official OFR-to-CRD identifier in owned extract
IA0900797,IA,FLA,FL,no official OFR-to-CRD identifier in owned extract
IA0900502,IA,SEC,VA,no official OFR-to-CRD identifier in owned extract
IA9906505,IA,SEC,PA,no official OFR-to-CRD identifier in owned extract
IA9915672,IA,SEC,DC,no official OFR-to-CRD identifier in owned extract
IA0901890,IA,SEC,IN,no official OFR-to-CRD identifier in owned extract
IA9917364,IA,SEC,SC,no official OFR-to-CRD identifier in owned extract
IA9907921,IA,SEC,NY,no official OFR-to-CRD identifier in owned extract
IA9913149,IA,SEC,CO,no official OFR-to-CRD identifier in owned extract
IA9906185,IA,FLA,ME,no official OFR-to-CRD identifier in owned extract
IA9915420,IA,SEC,NY,no official OFR-to-CRD identifier in owned extract
IA9916211,IA,FLA,FL,no official OFR-to-CRD identifier in owned extract
IA9916094,IA,SEC,,no official OFR-to-CRD identifier in owned extract
BD0900537,BD,FNRA,NY,no official OFR-to-CRD identifier in owned extract
IA9916758,IA,SEC,FL,no official OFR-to-CRD identifier in owned extract
BD1004582,BD,FNRA,IL,no official OFR-to-CRD identifier in owned extract
IA9917298,IA,FLA,FL,no official OFR-to-CRD identifier in owned extract
IA9912487,IA,SEC,OH,no official OFR-to-CRD identifier in owned extract
IA9912436,IA,SEC,FL,no official OFR-to-CRD identifier in owned extract
IA9909627,IA,SEC,WY,no official OFR-to-CRD identifier in owned extract
IA9916380,IA,SEC,NY,no official OFR-to-CRD identifier in owned extract
IA9905941,IA,SEC,NY,no official OFR-to-CRD identifier in owned extract
BD0900113,BD,FNRA,NY,no official OFR-to-CRD identifier in owned extract
IA0901697,IA,SEC,NY,no official OFR-to-CRD identifier in owned extract
IA9912083,IA,SEC,NY,no official OFR-to-CRD identifier in owned extract
IA0900292,IA,SEC,NY,no official OFR-to-CRD identifier in owned extract
IA9914204,IA,SEC,WI,no official OFR-to-CRD identifier in owned extract
IA9907816,IA,SEC,IL,no official OFR-to-CRD identifier in owned extract
IA9917201,IA,FLA,NY,no official OFR-to-CRD identifier in owned extract
BD0900194,BD,FNRA,FL,no official OFR-to-CRD identifier in owned extract
IA9907507,IA,SEC,FL,no official OFR-to-CRD identifier in owned extract
IA9912269,IA,SEC,NY,no official OFR-to-CRD identifier in owned extract
IA9916323,IA,SEC,NJ,no official OFR-to-CRD identifier in owned extract
IA9908989,IA,SEC,MA,no official OFR-to-CRD identifier in owned extract
IA9914435,IA,SEC,TX,no official OFR-to-CRD identifier in owned extract
IA9914542,IA,SEC,CA,no official OFR-to-CRD identifier in owned extract
IA0903826,IA,FLA,FL,no official OFR-to-CRD identifier in owned extract
IA9911217,IA,SEC,GA,no official OFR-to-CRD identifier in owned extract
IA9905201,IA,SEC,WI,no official OFR-to-CRD identifier in owned extract
IA9916120,IA,SEC,FL,no official OFR-to-CRD identifier in owned extract
IA9906442,IA,SEC,MA,no official OFR-to-CRD identifier in owned extract
IA0902349,IA,SEC,CA,no official OFR-to-CRD identifier in owned extract
IA9912798,IA,SEC,MA,no official OFR-to-CRD identifier in owned extract
BD1003305,BD,FNRA,CT,no official OFR-to-CRD identifier in owned extract
IA9911137,IA,SEC,CT,no official OFR-to-CRD identifier in owned extract
IA9904410,IA,SEC,MI,no official OFR-to-CRD identifier in owned extract
BD1003772,BD,FNRA,TN,no official OFR-to-CRD identifier in owned extract
IA9908497,IA,SEC,FL,no official OFR-to-CRD identifier in owned extract
IA9917845,IA,SEC,AZ,no official OFR-to-CRD identifier in owned extract
IA9904180,IA,SEC,MN,no official OFR-to-CRD identifier in owned extract
IA9904264,IA,SEC,MN,no official OFR-to-CRD identifier in owned extract
IA9913262,IA,SEC,CA,no official OFR-to-CRD identifier in owned extract
BD0902313,BD,FNRA,MN,no official OFR-to-CRD identifier in owned extract
IA9907497,IA,SEC,MN,no official OFR-to-CRD identifier in owned extract
IA9916381,IA,SEC,MI,no official OFR-to-CRD identifier in owned extract
BD1004340,BD,FNRA,NY,no official OFR-to-CRD identifier in owned extract
IA9913585,IA,SEC,FL,no official OFR-to-CRD identifier in owned extract
IA9916123,IA,SEC,NC,no official OFR-to-CRD identifier in owned extract
IA9908316,IA,SEC,CT,no official OFR-to-CRD identifier in owned extract
IA9910729,IA,SEC,DC,no official OFR-to-CRD identifier in owned extract
IA9913758,IA,FLA,FL,no official OFR-to-CRD identifier in owned extract
IA9909933,IA,SEC,DC,no official OFR-to-CRD identifier in owned extract
IA9914493,IA,SEC,FL,no official OFR-to-CRD identifier in owned extract
BD0900900,BD,FNRA,RI,no official OFR-to-CRD identifier in owned extract
IA9914362,IA,FLA,FL,no official OFR-to-CRD identifier in owned extract
IA9907547,IA,SEC,FL,no official OFR-to-CRD identifier in owned extract
IA9913998,IA,FLA,NJ,no official OFR-to-CRD identifier in owned extract
IA9912988,IA,SEC,MI,no official OFR-to-CRD identifier in owned extract
IA0901985,IA,SEC,NY,no official OFR-to-CRD identifier in owned extract
IA9908982,IA,SEC,PA,no official OFR-to-CRD identifier in owned extract
IA9913034,IA,SEC,NY,no official OFR-to-CRD identifier in owned extract
IA9914950,IA,SEC,NH,no official OFR-to-CRD identifier in owned extract
IA9913462,IA,SEC,CT,no official OFR-to-CRD identifier in owned extract
IA9905298,IA,SEC,CA,no official OFR-to-CRD identifier in owned extract
IA9913324,IA,SEC,NH,no official OFR-to-CRD identifier in owned extract
IA9917167,IA,FLA,FL,no official OFR-to-CRD identifier in owned extract
IA0902591,IA,SEC,WI,no official OFR-to-CRD identifier in owned extract
IA0901274,IA,SEC,PA,no official OFR-to-CRD identifier in owned extract
IA9917779,IA,FLA,CT,no official OFR-to-CRD identifier in owned extract
BD0901920,BD,FNRA,PA,no official OFR-to-CRD identifier in owned extract
IA9915437,IA,SEC,NJ,no official OFR-to-CRD identifier in owned extract
IA9914998,IA,SEC,VA,no official OFR-to-CRD identifier in owned extract
IA9916448,IA,SEC,OH,no official OFR-to-CRD identifier in owned extract
IA9910212,IA,SEC,VA,no official OFR-to-CRD identifier in owned extract
IA9915931,IA,FLA,FL,no official OFR-to-CRD identifier in owned extract
IA9915900,IA,FLA,FL,no official OFR-to-CRD identifier in owned extract
IA9916938,IA,SEC,FL,no official OFR-to-CRD identifier in owned extract
IA9917872,IA,FLA,FL,no official OFR-to-CRD identifier in owned extract
BD1004286,BD,FNRA,CT,no official OFR-to-CRD identifier in owned extract
IA9913300,IA,SEC,MA,no official OFR-to-CRD identifier in owned extract
IA0903758,IA,SEC,IL,no official OFR-to-CRD identifier in owned extract
BD1004431,BD,FNRA,CT,no official OFR-to-CRD identifier in owned extract
IA9916593,IA,SEC,AZ,no official OFR-to-CRD identifier in owned extract
IA9914031,IA,FLA,FL,no official OFR-to-CRD identifier in owned extract
BD0901740,BD,FNRA,KS,no official OFR-to-CRD identifier in owned extract
IA9913083,IA,FLA,FL,no official OFR-to-CRD identifier in owned extract
IA9910637,IA,SEC,ME,no official OFR-to-CRD identifier in owned extract
IA9915267,IA,SEC,FL,no official OFR-to-CRD identifier in owned extract
IA9917197,IA,SEC,NY,no official OFR-to-CRD identifier in owned extract
IA9917087,IA,SEC,IL,no official OFR-to-CRD identifier in owned extract
IA9912235,IA,FLA,OH,no official OFR-to-CRD identifier in owned extract
IA9917677,IA,FLA,MI,no official OFR-to-CRD identifier in owned extract
IA9917794,IA,FLA,OH,no official OFR-to-CRD identifier in owned extract
IA9910374,IA,SEC,OH,no official OFR-to-CRD identifier in owned extract
IA9914478,IA,SEC,MI,no official OFR-to-CRD identifier in owned extract
IA9906249,IA,SEC,FL,no official OFR-to-CRD identifier in owned extract
IA9910803,IA,SEC,MA,no official OFR-to-CRD identifier in owned extract
IA9916903,IA,FLA,DE,no official OFR-to-CRD identifier in owned extract
BD0900979,BD,FNRA,CA,no official OFR-to-CRD identifier in owned extract
BD0902290,BD,FNRA,IL,no official OFR-to-CRD identifier in owned extract
IA9911799,IA,SEC,CT,no official OFR-to-CRD identifier in owned extract
IA9909612,IA,SEC,MA,no official OFR-to-CRD identifier in owned extract
IA9907127,IA,SEC,DE,no official OFR-to-CRD identifier in owned extract
IA9913355,IA,SEC,MN,no official OFR-to-CRD identifier in owned extract
IA9914212,IA,SEC,MN,no official OFR-to-CRD identifier in owned extract
IA9913022,IA,SEC,GA,no official OFR-to-CRD identifier in owned extract
IA9914221,IA,FLA,FL,no official OFR-to-CRD identifier in owned extract
IA9912950,IA,FLA,FL,no official OFR-to-CRD identifier in owned extract
IA9915784,IA,FLA,CA,no official OFR-to-CRD identifier in owned extract
BD1004489,BD,FNRA,MA,no official OFR-to-CRD identifier in owned extract
IA9913086,IA,SEC,NJ,no official OFR-to-CRD identifier in owned extract
IA9910605,IA,FLA,FL,no official OFR-to-CRD identifier in owned extract
BD1004100,BD,FNRA,FL,no official OFR-to-CRD identifier in owned extract
IA0901881,IA,SEC,AZ,no official OFR-to-CRD identifier in owned extract
IA9906452,IA,SEC,MN,no official OFR-to-CRD identifier in owned extract
BD1004300,BD,FNRA,FL,no official OFR-to-CRD identifier in owned extract
IA9914591,IA,SEC,FL,no official OFR-to-CRD identifier in owned extract
IA9911004,IA,SEC,NY,no official OFR-to-CRD identifier in owned extract
IA9915286,IA,SEC,WA,no official OFR-to-CRD identifier in owned extract
IA9917171,IA,FLA,FL,no official OFR-to-CRD identifier in owned extract
IA9912941,IA,SEC,TX,no official OFR-to-CRD identifier in owned extract
BD0901556,BD,FNRA,NY,no official OFR-to-CRD identifier in owned extract
IA9915318,IA,SEC,MD,no official OFR-to-CRD identifier in owned extract
IA9913405,IA,SEC,GA,no official OFR-to-CRD identifier in owned extract
IA9917583,IA,SEC,FL,no official OFR-to-CRD identifier in owned extract
IA9917403,IA,SEC,NY,no official OFR-to-CRD identifier in owned extract
IA9912697,IA,SEC,CA,no official OFR-to-CRD identifier in owned extract
IA9916947,IA,SEC,,no official OFR-to-CRD identifier in owned extract
BD1004439,BD,FNRA,NY,no official OFR-to-CRD identifier in owned extract
IA9908841,IA,SEC,MD,no official OFR-to-CRD identifier in owned extract
IA9912748,IA,SEC,KS,no official OFR-to-CRD identifier in owned extract
IA9913241,IA,FLA,KY,no official OFR-to-CRD identifier in owned extract
BD1004320,BD,FNRA,CT,no official OFR-to-CRD identifier in owned extract
IA9907386,IA,SEC,CT,no official OFR-to-CRD identifier in owned extract
IA0901512,IA,SEC,SC,no official OFR-to-CRD identifier in owned extract
IA9912916,IA,SEC,FL,no official OFR-to-CRD identifier in owned extract
IA0900555,IA,SEC,AR,no official OFR-to-CRD identifier in owned extract
IA9910672,IA,SEC,NY,no official OFR-to-CRD identifier in owned extract
BD0900482,BD,FNRA,MI,no official OFR-to-CRD identifier in owned extract
IA9907822,IA,SEC,MI,no official OFR-to-CRD identifier in owned extract
IA0902442,IA,SEC,IL,no official OFR-to-CRD identifier in owned extract
IA9914324,IA,SEC,DE,no official OFR-to-CRD identifier in owned extract
IA9911212,IA,SEC,CT,no official OFR-to-CRD identifier in owned extract
IA9912070,IA,FLA,FL,no official OFR-to-CRD identifier in owned extract
IA9911340,IA,SEC,NY,no official OFR-to-CRD identifier in owned extract
IA9910301,IA,FLA,CA,no official OFR-to-CRD identifier in owned extract
IA9911147,IA,SEC,NY,no official OFR-to-CRD identifier in owned extract
IA9911713,IA,SEC,MI,no official OFR-to-CRD identifier in owned extract
IA9917465,IA,SEC,NY,no official OFR-to-CRD identifier in owned extract
BD1004655,BD,FNRA,OK,no official OFR-to-CRD identifier in owned extract
IA9909194,IA,SEC,NY,no official OFR-to-CRD identifier in owned extract
BD0903064,BD,FNRA,CA,no official OFR-to-CRD identifier in owned extract
BD0902959,BD,FNRA,PA,no official OFR-to-CRD identifier in owned extract
IA9910902,IA,FLA,FL,no official OFR-to-CRD identifier in owned extract
IA9911146,IA,SEC,FL,no official OFR-to-CRD identifier in owned extract
IA9905515,IA,SEC,NY,no official OFR-to-CRD identifier in owned extract
IA0901313,IA,SEC,MA,no official OFR-to-CRD identifier in owned extract
BD0901188,BD,FNRA,NJ,no official OFR-to-CRD identifier in owned extract
IA9917782,IA,FLA,FL,no official OFR-to-CRD identifier in owned extract
IA9914774,IA,FLA,OH,no official OFR-to-CRD identifier in owned extract
IA9915985,IA,FLA,FL,no official OFR-to-CRD identifier in owned extract
IA9905526,IA,SEC,NH,no official OFR-to-CRD identifier in owned extract
IA9908165,IA,FLA,FL,no official OFR-to-CRD identifier in owned extract
IA9916476,IA,FLA,FL,no official OFR-to-CRD identifier in owned extract
BD1003596,BD,FNRA,TX,no official OFR-to-CRD identifier in owned extract
BD0902988,BD,FNRA,CA,no official OFR-to-CRD identifier in owned extract
IA9916861,IA,SEC,ME,no official OFR-to-CRD identifier in owned extract
BD0902643,BD,FNRA,IL,no official OFR-to-CRD identifier in owned extract
IA9909159,IA,SEC,OH,no official OFR-to-CRD identifier in owned extract
IA9917223,IA,SEC,FL,no official OFR-to-CRD identifier in owned extract
IA9915708,IA,FLA,FL,no official OFR-to-CRD identifier in owned extract
IA9903873,IA,SEC,MN,no official OFR-to-CRD identifier in owned extract
IA9912193,IA,SEC,NJ,no official OFR-to-CRD identifier in owned extract
BD1004870,BD,FNRA,NY,no official OFR-to-CRD identifier in owned extract
IA9915999,IA,FLA,CA,no official OFR-to-CRD identifier in owned extract
BD1004278,BD,FNRA,CA,no official OFR-to-CRD identifier in owned extract
IA9917466,IA,SEC,IL,no official OFR-to-CRD identifier in owned extract
BD1004546,BD,FNRA,NY,no official OFR-to-CRD identifier in owned extract
BD1004739,BD,FNRA,FL,no official OFR-to-CRD identifier in owned extract
IA9917151,IA,SEC,FL,no official OFR-to-CRD identifier in owned extract
IA9916061,IA,FLA,FL,no official OFR-to-CRD identifier in owned extract
IA9916676,IA,FLA,MA,no official OFR-to-CRD identifier in owned extract
IA0902121,IA,FLA,FL,no official OFR-to-CRD identifier in owned extract
IA9912177,IA,SEC,PA,no official OFR-to-CRD identifier in owned extract
IA9913302,IA,SEC,CA,no official OFR-to-CRD identifier in owned extract
IA9916582,IA,FLA,AR,no official OFR-to-CRD identifier in owned extract
IA9913937,IA,FLA,IL,no official OFR-to-CRD identifier in owned extract
IA9913432,IA,SEC,NC,no official OFR-to-CRD identifier in owned extract
IA9917347,IA,SEC,MN,no official OFR-to-CRD identifier in owned extract
IA9913901,IA,SEC,TN,no official OFR-to-CRD identifier in owned extract
IA9911794,IA,SEC,NY,no official OFR-to-CRD identifier in owned extract
IA9914303,IA,SEC,MN,no official OFR-to-CRD identifier in owned extract
IA9908008,IA,SEC,FL,no official OFR-to-CRD identifier in owned extract
IA9910492,IA,FLA,FL,no official OFR-to-CRD identifier in owned extract
IA9914964,IA,SEC,FL,no official OFR-to-CRD identifier in owned extract
IA9916382,IA,SEC,NY,no official OFR-to-CRD identifier in owned extract
BD0901738,BD,FNRA,IL,no official OFR-to-CRD identifier in owned extract
IA9915319,IA,SEC,NY,no official OFR-to-CRD identifier in owned extract
IA9906949,IA,SEC,NY,no official OFR-to-CRD identifier in owned extract
IA9916383,IA,SEC,NY,no official OFR-to-CRD identifier in owned extract
BD0901486,BD,FNRA,NY,no official OFR-to-CRD identifier in owned extract
IA9915766,IA,SEC,CA,no official OFR-to-CRD identifier in owned extract
IA9915197,IA,SEC,KY,no official OFR-to-CRD identifier in owned extract
IA9910202,IA,SEC,MA,no official OFR-to-CRD identifier in owned extract
IA9917063,IA,SEC,WA,no official OFR-to-CRD identifier in owned extract
IA9913823,IA,FLA,MN,no official OFR-to-CRD identifier in owned extract
IA9916126,IA,SEC,TX,no official OFR-to-CRD identifier in owned extract
IA9910080,IA,FLA,VA,no official OFR-to-CRD identifier in owned extract
IA9903802,IA,SEC,TX,no official OFR-to-CRD identifier in owned extract
BD1002960,BD,FNRA,TX,no official OFR-to-CRD identifier in owned extract
IA9904146,IA,SEC,MI,no official OFR-to-CRD identifier in owned extract
IA9913589,IA,SEC,FL,no official OFR-to-CRD identifier in owned extract
IA0904321,IA,SEC,CA,no official OFR-to-CRD identifier in owned extract
IA9905628,IA,SEC,FL,no official OFR-to-CRD identifier in owned extract
IA9907238,IA,FLA,FL,no official OFR-to-CRD identifier in owned extract
IA0903680,IA,FLA,FL,no official OFR-to-CRD identifier in owned extract
IA9905937,IA,FLA,FL,no official OFR-to-CRD identifier in owned extract
IA9905876,IA,FLA,FL,no official OFR-to-CRD identifier in owned extract
IA9912699,IA,FLA,FL,no official OFR-to-CRD identifier in owned extract
BD0901712,BD,FNRA,TX,no official OFR-to-CRD identifier in owned extract
IA9906863,IA,SEC,NJ,no official OFR-to-CRD identifier in owned extract
IA9917044,IA,SEC,FL,no official OFR-to-CRD identifier in owned extract
IA9913682,IA,SEC,SC,no official OFR-to-CRD identifier in owned extract
IA9909473,IA,SEC,FL,no official OFR-to-CRD identifier in owned extract
IA9913763,IA,FLA,FL,no official OFR-to-CRD identifier in owned extract
IA9912770,IA,SEC,MD,no official OFR-to-CRD identifier in owned extract
BD1004812,BD,FNRA,CA,no official OFR-to-CRD identifier in owned extract
IA9909070,IA,SEC,CA,no official OFR-to-CRD identifier in owned extract
IA9914020,IA,SEC,AR,no official OFR-to-CRD identifier in owned extract
IA0902347,IA,SEC,GA,no official OFR-to-CRD identifier in owned extract
IA0902018,IA,SEC,PA,no official OFR-to-CRD identifier in owned extract
BD0900561,BD,FNRA,FL,no official OFR-to-CRD identifier in owned extract
BD0901198,BD,FNRA,CO,no official OFR-to-CRD identifier in owned extract
IA9917308,IA,SEC,FL,no official OFR-to-CRD identifier in owned extract
IA9914810,IA,SEC,,no official OFR-to-CRD identifier in owned extract
IA9914252,IA,SEC,NV,no official OFR-to-CRD identifier in owned extract
IA0901929,IA,SEC,MA,no official OFR-to-CRD identifier in owned extract
IA9911926,IA,FLA,FL,no official OFR-to-CRD identifier in owned extract
BD0902304,BD,FNRA,FL,no official OFR-to-CRD identifier in owned extract
IA0902183,IA,SEC,FL,no official OFR-to-CRD identifier in owned extract
BD0901952,BD,FNRA,GA,no official OFR-to-CRD identifier in owned extract
IA9907043,IA,SEC,,no official OFR-to-CRD identifier in owned extract
BD0900424,BD,FNRA,WI,no official OFR-to-CRD identifier in owned extract
IA9905841,IA,FLA,VA,no official OFR-to-CRD identifier in owned extract
IA9914385,IA,SEC,NC,no official OFR-to-CRD identifier in owned extract
IA0901880,IA,SEC,ZZ,no official OFR-to-CRD identifier in owned extract
BD1003549,BD,FNRA,NY,no official OFR-to-CRD identifier in owned extract
IA9905500,IA,SEC,FL,no official OFR-to-CRD identifier in owned extract
IA9905899,IA,SEC,FL,no official OFR-to-CRD identifier in owned extract
IA9915967,IA,FLA,FL,no official OFR-to-CRD identifier in owned extract
IA9917781,IA,FLA,NV,no official OFR-to-CRD identifier in owned extract
IA9910975,IA,FLA,FL,no official OFR-to-CRD identifier in owned extract
IA9916739,IA,FLA,FL,no official OFR-to-CRD identifier in owned extract
IA9915698,IA,FLA,NJ,no official OFR-to-CRD identifier in owned extract
IA9912392,IA,SEC,CA,no official OFR-to-CRD identifier in owned extract
IA9917683,IA,SEC,KY,no official OFR-to-CRD identifier in owned extract
IA9907304,IA,SEC,SD,no official OFR-to-CRD identifier in owned extract
BD0902520,BD,FNRA,NY,no official OFR-to-CRD identifier in owned extract
IA0902639,IA,SEC,CA,no official OFR-to-CRD identifier in owned extract
IA9916900,IA,SEC,TX,no official OFR-to-CRD identifier in owned extract
IA9910841,IA,FLA,FL,no official OFR-to-CRD identifier in owned extract
BD0901922,BD,FNRA,NE,no official OFR-to-CRD identifier in owned extract
IA0902037,IA,SEC,RI,no official OFR-to-CRD identifier in owned extract
IA9914840,IA,SEC,TN,no official OFR-to-CRD identifier in owned extract
IA9911088,IA,SEC,WA,no official OFR-to-CRD identifier in owned extract
BD0900960,BD,FNRA,NY,no official OFR-to-CRD identifier in owned extract
IA9915229,IA,SEC,NY,no official OFR-to-CRD identifier in owned extract
BD1003964,BD,FNRA,IL,no official OFR-to-CRD identifier in owned extract
IA9906219,IA,SEC,IN,no official OFR-to-CRD identifier in owned extract
IA0900844,IA,SEC,PA,no official OFR-to-CRD identifier in owned extract
IA9915095,IA,SEC,GA,no official OFR-to-CRD identifier in owned extract
IA0901275,IA,SEC,OH,no official OFR-to-CRD identifier in owned extract
BD0902088,BD,FNRA,NY,no official OFR-to-CRD identifier in owned extract
BD1004270,BD,FNRA,DC,no official OFR-to-CRD identifier in owned extract
IA9909257,IA,FLA,TX,no official OFR-to-CRD identifier in owned extract
IA9909603,IA,SEC,PA,no official OFR-to-CRD identifier in owned extract
BD1003853,BD,FNRA,PA,no official OFR-to-CRD identifier in owned extract
IA9914386,IA,SEC,NC,no official OFR-to-CRD identifier in owned extract
IA9909355,IA,SEC,CA,no official OFR-to-CRD identifier in owned extract
IA0902215,IA,SEC,NY,no official OFR-to-CRD identifier in owned extract
IA0902190,IA,FLA,FL,no official OFR-to-CRD identifier in owned extract
IA9914052,IA,FLA,NC,no official OFR-to-CRD identifier in owned extract
IA9906557,IA,FLA,FL,no official OFR-to-CRD identifier in owned extract
BD1003098,BD,CAN,ZZ,no official OFR-to-CRD identifier in owned extract
BD0902050,BD,FNRA,LA,no official OFR-to-CRD identifier in owned extract
BD0902005,BD,FNRA,TX,no official OFR-to-CRD identifier in owned extract
IA9910617,IA,SEC,SC,no official OFR-to-CRD identifier in owned extract
IA9917273,IA,SEC,NC,no official OFR-to-CRD identifier in owned extract
IA9914253,IA,SEC,CA,no official OFR-to-CRD identifier in owned extract
IA0903839,IA,SEC,VT,no official OFR-to-CRD identifier in owned extract
IA9915154,IA,FLA,FL,no official OFR-to-CRD identifier in owned extract
BD0901823,BD,FNRA,CA,no official OFR-to-CRD identifier in owned extract
BD0901593,BD,FNRA,MI,no official OFR-to-CRD identifier in owned extract
IA9908081,IA,SEC,MI,no official OFR-to-CRD identifier in owned extract
IA9905040,IA,SEC,PA,no official OFR-to-CRD identifier in owned extract
BD1004643,BD,FNRA,OR,no official OFR-to-CRD identifier in owned extract
IA9908641,IA,FLA,FL,no official OFR-to-CRD identifier in owned extract
IA9912035,IA,SEC,FL,no official OFR-to-CRD identifier in owned extract
IA0900862,IA,SEC,NH,no official OFR-to-CRD identifier in owned extract
BD0901948,BD,FNRA,IL,no official OFR-to-CRD identifier in owned extract
BD1003027,BD,FNRA,MD,no official OFR-to-CRD identifier in owned extract
IA9904764,IA,SEC,MD,no official OFR-to-CRD identifier in owned extract
IA9909955,IA,SEC,FL,no official OFR-to-CRD identifier in owned extract
BD1003137,BD,FNRA,FL,no official OFR-to-CRD identifier in owned extract
IA9910192,IA,FLA,FL,no official OFR-to-CRD identifier in owned extract
IA9915834,IA,SEC,MI,no official OFR-to-CRD identifier in owned extract
IA9916012,IA,FLA,FL,no official OFR-to-CRD identifier in owned extract
IA9906797,IA,SEC,VA,no official OFR-to-CRD identifier in owned extract
BD0900671,BD,FNRA,WI,no official OFR-to-CRD identifier in owned extract
IA0901820,IA,SEC,WI,no official OFR-to-CRD identifier in owned extract
BD1004804,BD,CAN,99,no official OFR-to-CRD identifier in owned extract
IA9916044,IA,SEC,SC,no official OFR-to-CRD identifier in owned extract
IA9916101,IA,SEC,OH,no official OFR-to-CRD identifier in owned extract
IA0901974,IA,SEC,NJ,no official OFR-to-CRD identifier in owned extract
IA9911963,IA,FLA,DE,no official OFR-to-CRD identifier in owned extract
IA0902630,IA,SEC,CT,no official OFR-to-CRD identifier in owned extract
IA9913641,IA,SEC,MS,no official OFR-to-CRD identifier in owned extract
IA9915477,IA,SEC,WY,no official OFR-to-CRD identifier in owned extract
BD1004619,BD,FNRA,LA,no official OFR-to-CRD identifier in owned extract
IA9912833,IA,SEC,FL,no official OFR-to-CRD identifier in owned extract
BD1004385,BD,FNRA,CT,no official OFR-to-CRD identifier in owned extract
IA9916722,IA,FLA,FL,no official OFR-to-CRD identifier in owned extract
IA9911527,IA,SEC,AZ,no official OFR-to-CRD identifier in owned extract
IA9914040,IA,SEC,CA,no official OFR-to-CRD identifier in owned extract
IA9916324,IA,SEC,NY,no official OFR-to-CRD identifier in owned extract
IA9916613,IA,SEC,CA,no official OFR-to-CRD identifier in owned extract
IA9915707,IA,FLA,FL,no official OFR-to-CRD identifier in owned extract
BD1004650,BD,FNRA,TN,no official OFR-to-CRD identifier in owned extract
IA9917804,IA,FLA,FL,no official OFR-to-CRD identifier in owned extract
IA0900520,IA,SEC,IL,no official OFR-to-CRD identifier in owned extract
BD0900893,BD,FNRA,IL,no official OFR-to-CRD identifier in owned extract
BD1004764,BD,FNRA,VA,no official OFR-to-CRD identifier in owned extract
IA0900628,IA,SEC,CT,no official OFR-to-CRD identifier in owned extract
BD0901603,BD,FNRA,PA,no official OFR-to-CRD identifier in owned extract
IA9907472,IA,SEC,PA,no official OFR-to-CRD identifier in owned extract
IA9917152,IA,SEC,IL,no official OFR-to-CRD identifier in owned extract
IA9912533,IA,SEC,NY,no official OFR-to-CRD identifier in owned extract
IA9907004,IA,SEC,OH,no official OFR-to-CRD identifier in owned extract
IA9912194,IA,SEC,PA,no official OFR-to-CRD identifier in owned extract
IA9915136,IA,SEC,FL,no official OFR-to-CRD identifier in owned extract
IA0901396,IA,SEC,MD,no official OFR-to-CRD identifier in owned extract
IA9907338,IA,SEC,IL,no official OFR-to-CRD identifier in owned extract
IA9911821,IA,SEC,NY,no official OFR-to-CRD identifier in owned extract
IA9910687,IA,FLA,SC,no official OFR-to-CRD identifier in owned extract
IA0902028,IA,FLA,FL,no official OFR-to-CRD identifier in owned extract
IA0900851,IA,SEC,FL,no official OFR-to-CRD identifier in owned extract
IA0903972,IA,SEC,KY,no official OFR-to-CRD identifier in owned extract
BD1004463,BD,FNRA,MD,no official OFR-to-CRD identifier in owned extract
BD0902896,BD,FNRA,NY,no official OFR-to-CRD identifier in owned extract
BD1002928,BD,FNRA,NC,no official OFR-to-CRD identifier in owned extract
IA9915882,IA,SEC,OH,no official OFR-to-CRD identifier in owned extract
BD1004607,BD,FNRA,TX,no official OFR-to-CRD identifier in owned extract
IA9915019,IA,SEC,FL,no official OFR-to-CRD identifier in owned extract
IA0902214,IA,SEC,PA,no official OFR-to-CRD identifier in owned extract
BD1004767,BD,FNRA,IA,no official OFR-to-CRD identifier in owned extract
IA9905778,IA,FLA,CT,no official OFR-to-CRD identifier in owned extract
IA9910513,IA,SEC,FL,no official OFR-to-CRD identifier in owned extract
IA9916915,IA,FLA,CA,no official OFR-to-CRD identifier in owned extract
IA0903727,IA,FLA,FL,no official OFR-to-CRD identifier in owned extract
IA0900755,IA,SEC,AL,no official OFR-to-CRD identifier in owned extract
IA9916457,IA,SEC,GA,no official OFR-to-CRD identifier in owned extract
IA9915531,IA,SEC,MN,no official OFR-to-CRD identifier in owned extract
IA0903766,IA,FLA,FL,no official OFR-to-CRD identifier in owned extract
BD0901641,BD,FNRA,BC,no official OFR-to-CRD identifier in owned extract
BD1003005,BD,CAN,BC,no official OFR-to-CRD identifier in owned extract
IA9907686,IA,SEC,NY,no official OFR-to-CRD identifier in owned extract
BD0902268,BD,FNRA,NY,no official OFR-to-CRD identifier in owned extract
BD0900246,BD,FNRA,WV,no official OFR-to-CRD identifier in owned extract
IA9911209,IA,SEC,WV,no official OFR-to-CRD identifier in owned extract
IA9912905,IA,SEC,GA,no official OFR-to-CRD identifier in owned extract
IA0901370,IA,SEC,PA,no official OFR-to-CRD identifier in owned extract
IA9906110,IA,SEC,CA,no official OFR-to-CRD identifier in owned extract
IA9905940,IA,SEC,GA,no official OFR-to-CRD identifier in owned extract
BD1004848,BD,FNRA,PA,no official OFR-to-CRD identifier in owned extract
IA9910807,IA,FLA,FL,no official OFR-to-CRD identifier in owned extract
IA9913050,IA,SEC,CA,no official OFR-to-CRD identifier in owned extract
IA9913653,IA,SEC,FL,no official OFR-to-CRD identifier in owned extract
IA9915583,IA,SEC,OH,no official OFR-to-CRD identifier in owned extract
IA9912631,IA,FLA,MO,no official OFR-to-CRD identifier in owned extract
IA0903125,IA,SEC,ME,no official OFR-to-CRD identifier in owned extract
IA9915832,IA,SEC,SC,no official OFR-to-CRD identifier in owned extract
IA9916325,IA,SEC,CT,no official OFR-to-CRD identifier in owned extract
IA9909225,IA,SEC,FL,no official OFR-to-CRD identifier in owned extract
IA9908421,IA,SEC,UT,no official OFR-to-CRD identifier in owned extract
IA9915487,IA,FLA,PA,no official OFR-to-CRD identifier in owned extract
IA9905198,IA,FLA,FL,no official OFR-to-CRD identifier in owned extract
IA0904338,IA,SEC,WI,no official OFR-to-CRD identifier in owned extract
IA9905649,IA,FLA,FL,no official OFR-to-CRD identifier in owned extract
IA9910839,IA,SEC,VA,no official OFR-to-CRD identifier in owned extract
IA9912432,IA,FLA,CO,no official OFR-to-CRD identifier in owned extract
IA0903602,IA,SEC,WI,no official OFR-to-CRD identifier in owned extract
IA9912749,IA,SEC,IL,no official OFR-to-CRD identifier in owned extract
BD1004526,BD,FNRA,GA,no official OFR-to-CRD identifier in owned extract
BD1003858,BD,FNRA,CT,no official OFR-to-CRD identifier in owned extract
BD0902967,BD,FNRA,FL,no official OFR-to-CRD identifier in owned extract
BD1003857,BD,FNRA,NY,no official OFR-to-CRD identifier in owned extract
BD1003229,BD,FNRA,DC,no official OFR-to-CRD identifier in owned extract
BD0901205,BD,FNRA,MO,no official OFR-to-CRD identifier in owned extract
IA9912771,IA,SEC,CO,no official OFR-to-CRD identifier in owned extract
IA0901086,IA,SEC,IL,no official OFR-to-CRD identifier in owned extract
IA9914317,IA,FLA,FL,no official OFR-to-CRD identifier in owned extract
IA9913683,IA,SEC,MI,no official OFR-to-CRD identifier in owned extract
IA9908049,IA,SEC,IL,no official OFR-to-CRD identifier in owned extract
IA9904982,IA,SEC,VA,no official OFR-to-CRD identifier in owned extract
IA9916499,IA,SEC,PA,no official OFR-to-CRD identifier in owned extract
IA9909330,IA,SEC,OH,no official OFR-to-CRD identifier in owned extract
IA0900790,IA,SEC,OH,no official OFR-to-CRD identifier in owned extract
BD0902403,BD,FNRA,NY,no official OFR-to-CRD identifier in owned extract
IA9907817,IA,SEC,NY,no official OFR-to-CRD identifier in owned extract
IA9908100,IA,FLA,FL,no official OFR-to-CRD identifier in owned extract
IA0902988,IA,SEC,NJ,no official OFR-to-CRD identifier in owned extract
BD0900703,BD,FNRA,NJ,no official OFR-to-CRD identifier in owned extract
IA9907278,IA,SEC,MI,no official OFR-to-CRD identifier in owned extract
IA9906868,IA,SEC,PA,no official OFR-to-CRD identifier in owned extract
IA9910697,IA,SEC,NY,no official OFR-to-CRD identifier in owned extract
IA9913087,IA,SEC,MI,no official OFR-to-CRD identifier in owned extract
BD0900128,BD,FNRA,CT,no official OFR-to-CRD identifier in owned extract
IA9913580,IA,SEC,CT,no official OFR-to-CRD identifier in owned extract
IA9907656,IA,SEC,MD,no official OFR-to-CRD identifier in owned extract
IA9911483,IA,FLA,FL,no official OFR-to-CRD identifier in owned extract
IA9913979,IA,SEC,MO,no official OFR-to-CRD identifier in owned extract
BD0901536,BD,FNRA,FL,no official OFR-to-CRD identifier in owned extract
IA9916509,IA,SEC,CT,no official OFR-to-CRD identifier in owned extract
IA9912884,IA,FLA,FL,no official OFR-to-CRD identifier in owned extract
IA9912125,IA,SEC,NJ,no official OFR-to-CRD identifier in owned extract
BD0902462,BD,FNRA,PA,no official OFR-to-CRD identifier in owned extract
IA9910349,IA,SEC,VA,no official OFR-to-CRD identifier in owned extract
IA0900592,IA,SEC,FL,no official OFR-to-CRD identifier in owned extract
IA0900539,IA,SEC,MD,no official OFR-to-CRD identifier in owned extract
IA9914325,IA,SEC,FL,no official OFR-to-CRD identifier in owned extract
IA9913902,IA,SEC,VA,no official OFR-to-CRD identifier in owned extract
IA9916214,IA,SEC,VA,no official OFR-to-CRD identifier in owned extract
IA9913051,IA,SEC,OH,no official OFR-to-CRD identifier in owned extract
IA9916552,IA,SEC,MA,no official OFR-to-CRD identifier in owned extract
IA9916857,IA,SEC,VA,no official OFR-to-CRD identifier in owned extract
BD0901475,BD,FNRA,TX,no official OFR-to-CRD identifier in owned extract
IA9909361,IA,FLA,TX,no official OFR-to-CRD identifier in owned extract
IA9916864,IA,FLA,FL,no official OFR-to-CRD identifier in owned extract
BD0900969,BD,FNRA,NY,no official OFR-to-CRD identifier in owned extract
IA0900257,IA,SEC,NY,no official OFR-to-CRD identifier in owned extract
IA9911083,IA,SEC,MI,no official OFR-to-CRD identifier in owned extract
IA9913183,IA,FLA,FL,no official OFR-to-CRD identifier in owned extract
IA9914651,IA,SEC,PA,no official OFR-to-CRD identifier in owned extract
IA9905269,IA,FLA,FL,no official OFR-to-CRD identifier in owned extract
IA9917208,IA,SEC,NC,no official OFR-to-CRD identifier in owned extract
BD1004393,BD,FNRA,FL,no official OFR-to-CRD identifier in owned extract
IA9911104,IA,SEC,AR,no official OFR-to-CRD identifier in owned extract
IA9916418,IA,SEC,OH,no official OFR-to-CRD identifier in owned extract
IA9912150,IA,SEC,NY,no official OFR-to-CRD identifier in owned extract
IA9913654,IA,SEC,MD,no official OFR-to-CRD identifier in owned extract
IA9909335,IA,SEC,OH,no official OFR-to-CRD identifier in owned extract
IA9916225,IA,FLA,SC,no official OFR-to-CRD identifier in owned extract
IA0904303,IA,SEC,TX,no official OFR-to-CRD identifier in owned extract
IA9909368,IA,SEC,DE,no official OFR-to-CRD identifier in owned extract
IA9912364,IA,SEC,NJ,no official OFR-to-CRD identifier in owned extract
IA9906123,IA,SEC,NY,no official OFR-to-CRD identifier in owned extract
IA9904113,IA,SEC,TN,no official OFR-to-CRD identifier in owned extract
IA9916245,IA,SEC,LA,no official OFR-to-CRD identifier in owned extract
IA9910099,IA,SEC,OH,no official OFR-to-CRD identifier in owned extract
IA9913354,IA,SEC,WA,no official OFR-to-CRD identifier in owned extract
IA9910992,IA,SEC,FL,no official OFR-to-CRD identifier in owned extract
IA9912274,IA,SEC,NY,no official OFR-to-CRD identifier in owned extract
BD1004758,BD,FNRA,NY,no official OFR-to-CRD identifier in owned extract
IA9904987,IA,SEC,NY,no official OFR-to-CRD identifier in owned extract
IA9914981,IA,FLA,FL,no official OFR-to-CRD identifier in owned extract
IA9911457,IA,SEC,MN,no official OFR-to-CRD identifier in owned extract
IA9910873,IA,SEC,MA,no official OFR-to-CRD identifier in owned extract
IA9910346,IA,SEC,NY,no official OFR-to-CRD identifier in owned extract
IA9910311,IA,FLA,FL,no official OFR-to-CRD identifier in owned extract
IA9905240,IA,FLA,FL,no official OFR-to-CRD identifier in owned extract
IA9917009,IA,SEC,GA,no official OFR-to-CRD identifier in owned extract
IA0901191,IA,SEC,AL,no official OFR-to-CRD identifier in owned extract
IA0900544,IA,SEC,TN,no official OFR-to-CRD identifier in owned extract
IA9915240,IA,SEC,OH,no official OFR-to-CRD identifier in owned extract
IA0903818,IA,SEC,NJ,no official OFR-to-CRD identifier in owned extract
IA9911940,IA,SEC,FL,no official OFR-to-CRD identifier in owned extract
IA9915848,IA,FLA,FL,no official OFR-to-CRD identifier in owned extract
IA9916207,IA,SEC,CA,no official OFR-to-CRD identifier in owned extract
IA9916880,IA,SEC,MN,no official OFR-to-CRD identifier in owned extract
IA9917404,IA,SEC,CO,no official OFR-to-CRD identifier in owned extract
IA9912899,IA,SEC,IL,no official OFR-to-CRD identifier in owned extract
IA9913433,IA,SEC,FL,no official OFR-to-CRD identifier in owned extract
IA9912853,IA,FLA,FL,no official OFR-to-CRD identifier in owned extract
IA0904256,IA,SEC,IL,no official OFR-to-CRD identifier in owned extract
BD0903069,BD,FNRA,IL,no official OFR-to-CRD identifier in owned extract
IA9917405,IA,SEC,IL,no official OFR-to-CRD identifier in owned extract
BD1004440,BD,FNRA,,no official OFR-to-CRD identifier in owned extract
BD1004850,BD,FNRA,IL,no official OFR-to-CRD identifier in owned extract
IA9911947,IA,SEC,MO,no official OFR-to-CRD identifier in owned extract
IA9915287,IA,SEC,MI,no official OFR-to-CRD identifier in owned extract
IA9908867,IA,SEC,NJ,no official OFR-to-CRD identifier in owned extract
IA0902547,IA,SEC,MD,no official OFR-to-CRD identifier in owned extract
IA0901182,IA,SEC,TX,no official OFR-to-CRD identifier in owned extract
BD0900256,BD,FNRA,TX,no official OFR-to-CRD identifier in owned extract
IA0901744,IA,SEC,TX,no official OFR-to-CRD identifier in owned extract
IA9908419,IA,SEC,NC,no official OFR-to-CRD identifier in owned extract
BD1004409,BD,FNRA,TX,no official OFR-to-CRD identifier in owned extract
IA0902301,IA,SEC,NY,no official OFR-to-CRD identifier in owned extract
IA9915614,IA,SEC,SC,no official OFR-to-CRD identifier in owned extract
IA9904944,IA,SEC,SC,no official OFR-to-CRD identifier in owned extract
IA9911235,IA,SEC,IN,no official OFR-to-CRD identifier in owned extract
IA9911832,IA,SEC,TX,no official OFR-to-CRD identifier in owned extract
BD0902358,BD,FNRA,TX,no official OFR-to-CRD identifier in owned extract
IA9916733,IA,FLA,FL,no official OFR-to-CRD identifier in owned extract
IA9917726,IA,SEC,MA,no official OFR-to-CRD identifier in owned extract
IA0901057,IA,SEC,PA,no official OFR-to-CRD identifier in owned extract
IA9912675,IA,FLA,MD,no official OFR-to-CRD identifier in owned extract
IA9912880,IA,FLA,FL,no official OFR-to-CRD identifier in owned extract
IA9913303,IA,SEC,OH,no official OFR-to-CRD identifier in owned extract
IA9916865,IA,FLA,FL,no official OFR-to-CRD identifier in owned extract
IA9917071,IA,FLA,IL,no official OFR-to-CRD identifier in owned extract
IA9913157,IA,SEC,CA,no official OFR-to-CRD identifier in owned extract
IA9910531,IA,FLA,FL,no official OFR-to-CRD identifier in owned extract
IA9910795,IA,SEC,NC,no official OFR-to-CRD identifier in owned extract
IA9917066,IA,SEC,FL,no official OFR-to-CRD identifier in owned extract
BD1003498,BD,FNRA,NY,no official OFR-to-CRD identifier in owned extract
IA9909657,IA,SEC,PA,no official OFR-to-CRD identifier in owned extract
IA9916070,IA,SEC,PA,no official OFR-to-CRD identifier in owned extract
IA9905503,IA,SEC,PA,no official OFR-to-CRD identifier in owned extract
IA9910884,IA,SEC,WA,no official OFR-to-CRD identifier in owned extract
IA9907444,IA,SEC,GA,no official OFR-to-CRD identifier in owned extract
BD1004317,BD,FNRA,NY,no official OFR-to-CRD identifier in owned extract
IA9912683,IA,SEC,FL,no official OFR-to-CRD identifier in owned extract
IA9914540,IA,FLA,FL,no official OFR-to-CRD identifier in owned extract
IA9915402,IA,SEC,IL,no official OFR-to-CRD identifier in owned extract
IA9915276,IA,SEC,NC,no official OFR-to-CRD identifier in owned extract
IA9905136,IA,FLA,FL,no official OFR-to-CRD identifier in owned extract
BD1003529,BD,FNRA,IL,no official OFR-to-CRD identifier in owned extract
IA9917081,IA,SEC,HI,no official OFR-to-CRD identifier in owned extract
IA9916384,IA,SEC,NY,no official OFR-to-CRD identifier in owned extract
IA9909189,IA,SEC,FL,no official OFR-to-CRD identifier in owned extract
IA9915179,IA,FLA,NC,no official OFR-to-CRD identifier in owned extract
IA9907039,IA,FLA,TX,no official OFR-to-CRD identifier in owned extract
IA9904887,IA,SEC,FL,no official OFR-to-CRD identifier in owned extract
IA9906993,IA,SEC,CA,no official OFR-to-CRD identifier in owned extract
BD1003908,BD,FNRA,SC,no official OFR-to-CRD identifier in owned extract
IA0903819,IA,SEC,NY,no official OFR-to-CRD identifier in owned extract
IA0903283,IA,FLA,FL,no official OFR-to-CRD identifier in owned extract
IA9913153,IA,FLA,MA,no official OFR-to-CRD identifier in owned extract
IA9915222,IA,SEC,PA,no official OFR-to-CRD identifier in owned extract
IA0902954,IA,SEC,VA,no official OFR-to-CRD identifier in owned extract
IA9911183,IA,FLA,FL,no official OFR-to-CRD identifier in owned extract
BD0900753,BD,FNRA,VA,no official OFR-to-CRD identifier in owned extract
IA9916665,IA,FLA,NY,no official OFR-to-CRD identifier in owned extract
BD1003989,BD,FNRA,CA,no official OFR-to-CRD identifier in owned extract
IA9911858,IA,SEC,FL,no official OFR-to-CRD identifier in owned extract
BD1004472,BD,FNRA,MA,no official OFR-to-CRD identifier in owned extract
IA9908749,IA,SEC,VA,no official OFR-to-CRD identifier in owned extract
BD0900908,BD,FNRA,IL,no official OFR-to-CRD identifier in owned extract
IA9907534,IA,SEC,IL,no official OFR-to-CRD identifier in owned extract
IA9916297,IA,SEC,OH,no official OFR-to-CRD identifier in owned extract
IA9910989,IA,SEC,NY,no official OFR-to-CRD identifier in owned extract
IA9912028,IA,SEC,NC,no official OFR-to-CRD identifier in owned extract
IA0902614,IA,SEC,IN,no official OFR-to-CRD identifier in owned extract
IA0901298,IA,SEC,NC,no official OFR-to-CRD identifier in owned extract
IA0900684,IA,SEC,NY,no official OFR-to-CRD identifier in owned extract
IA9907792,IA,SEC,FL,no official OFR-to-CRD identifier in owned extract
IA9913705,IA,FLA,FL,no official OFR-to-CRD identifier in owned extract
IA9907556,IA,SEC,IL,no official OFR-to-CRD identifier in owned extract
IA9917661,IA,FLA,FL,no official OFR-to-CRD identifier in owned extract
BD0900290,BD,FNRA,PA,no official OFR-to-CRD identifier in owned extract
IA0901753,IA,SEC,PA,no official OFR-to-CRD identifier in owned extract
IA9906854,IA,FLA,FL,no official OFR-to-CRD identifier in owned extract
IA9916644,IA,SEC,FL,no official OFR-to-CRD identifier in owned extract
IA9915492,IA,SEC,GA,no official OFR-to-CRD identifier in owned extract
IA9911208,IA,SEC,OR,no official OFR-to-CRD identifier in owned extract
IA0903630,IA,SEC,OH,no official OFR-to-CRD identifier in owned extract
IA9916455,IA,FLA,CT,no official OFR-to-CRD identifier in owned extract
BD1003412,BD,FNRA,IL,no official OFR-to-CRD identifier in owned extract
IA9913336,IA,SEC,VA,no official OFR-to-CRD identifier in owned extract
BD0901386,BD,FNRA,CA,no official OFR-to-CRD identifier in owned extract
IA9909542,IA,FLA,FL,no official OFR-to-CRD identifier in owned extract
IA9916811,IA,FLA,FL,no official OFR-to-CRD identifier in owned extract
BD0901001,BD,FNRA,IL,no official OFR-to-CRD identifier in owned extract
BD1004608,BD,FNRA,FL,no official OFR-to-CRD identifier in owned extract
IA9910528,IA,SEC,IN,no official OFR-to-CRD identifier in owned extract
IA9911739,IA,SEC,CA,no official OFR-to-CRD identifier in owned extract
IA9904389,IA,SEC,GA,no official OFR-to-CRD identifier in owned extract
IA9910331,IA,SEC,CT,no official OFR-to-CRD identifier in owned extract
BD1003804,BD,FNRA,NY,no official OFR-to-CRD identifier in owned extract
IA0900362,IA,SEC,NY,no official OFR-to-CRD identifier in owned extract
IA9906021,IA,FLA,FL,no official OFR-to-CRD identifier in owned extract
IA9917834,IA,SEC,FL,no official OFR-to-CRD identifier in owned extract
IA0900540,IA,SEC,MA,no official OFR-to-CRD identifier in owned extract
IA9915634,IA,FLA,FL,no official OFR-to-CRD identifier in owned extract
IA9914110,IA,SEC,WV,no official OFR-to-CRD identifier in owned extract
IA9913363,IA,SEC,TX,no official OFR-to-CRD identifier in owned extract
IA9909384,IA,FLA,FL,no official OFR-to-CRD identifier in owned extract
IA9914306,IA,SEC,NY,no official OFR-to-CRD identifier in owned extract
IA9908408,IA,SEC,NY,no official OFR-to-CRD identifier in owned extract
BD1004570,BD,FNRA,NY,no official OFR-to-CRD identifier in owned extract
IA9913994,IA,FLA,FL,no official OFR-to-CRD identifier in owned extract
IA9915361,IA,SEC,FL,no official OFR-to-CRD identifier in owned extract
IA9905610,IA,SEC,FL,no official OFR-to-CRD identifier in owned extract
BD0902803,BD,FNRA,NY,no official OFR-to-CRD identifier in owned extract
IA0904155,IA,SEC,NY,no official OFR-to-CRD identifier in owned extract
IA9915511,IA,SEC,NY,no official OFR-to-CRD identifier in owned extract
BD0901201,BD,FNRA,NY,no official OFR-to-CRD identifier in owned extract
IA0902758,IA,SEC,NY,no official OFR-to-CRD identifier in owned extract
IA0904218,IA,SEC,CT,no official OFR-to-CRD identifier in owned extract
IA0903049,IA,SEC,CT,no official OFR-to-CRD identifier in owned extract
BD0900065,BD,CAN,ZZ,no official OFR-to-CRD identifier in owned extract
IA9913134,IA,SEC,TX,no official OFR-to-CRD identifier in owned extract
IA9910787,IA,SEC,LA,no official OFR-to-CRD identifier in owned extract
IA9916128,IA,SEC,MD,no official OFR-to-CRD identifier in owned extract
IA9905055,IA,SEC,PA,no official OFR-to-CRD identifier in owned extract
IA0901414,IA,SEC,NY,no official OFR-to-CRD identifier in owned extract
IA9916058,IA,SEC,NY,no official OFR-to-CRD identifier in owned extract
IA9915362,IA,SEC,CT,no official OFR-to-CRD identifier in owned extract
IA9916261,IA,SEC,NY,no official OFR-to-CRD identifier in owned extract
IA9913887,IA,FLA,NY,no official OFR-to-CRD identifier in owned extract
IA9909873,IA,SEC,NJ,no official OFR-to-CRD identifier in owned extract
IA0900486,IA,SEC,NJ,no official OFR-to-CRD identifier in owned extract
IA0901255,IA,FLA,OH,no official OFR-to-CRD identifier in owned extract
BD1003058,BD,FNRA,NY,no official OFR-to-CRD identifier in owned extract
IA9913352,IA,SEC,NY,no official OFR-to-CRD identifier in owned extract
IA9915865,IA,SEC,NY,no official OFR-to-CRD identifier in owned extract
BD1004689,BD,FNRA,NY,no official OFR-to-CRD identifier in owned extract
IA9914514,IA,FLA,FL,no official OFR-to-CRD identifier in owned extract
IA9910776,IA,SEC,NY,no official OFR-to-CRD identifier in owned extract
IA9913337,IA,SEC,FL,no official OFR-to-CRD identifier in owned extract
IA9916587,IA,FLA,OH,no official OFR-to-CRD identifier in owned extract
IA9914016,IA,FLA,OH,no official OFR-to-CRD identifier in owned extract
IA9907505,IA,SEC,VA,no official OFR-to-CRD identifier in owned extract
IA9917246,IA,SEC,OK,no official OFR-to-CRD identifier in owned extract
IA9908839,IA,SEC,CA,no official OFR-to-CRD identifier in owned extract
IA9917247,IA,SEC,FL,no official OFR-to-CRD identifier in owned extract
IA9904122,IA,SEC,NY,no official OFR-to-CRD identifier in owned extract
IA9916727,IA,FLA,FL,no official OFR-to-CRD identifier in owned extract
BD0900894,BD,FNRA,PA,no official OFR-to-CRD identifier in owned extract
IA0901840,IA,SEC,PA,no official OFR-to-CRD identifier in owned extract
IA9911528,IA,SEC,IL,no official OFR-to-CRD identifier in owned extract
BD0900444,BD,FNRA,OH,no official OFR-to-CRD identifier in owned extract
IA0902879,IA,SEC,MO,no official OFR-to-CRD identifier in owned extract
BD0900221,BD,FNRA,MO,no official OFR-to-CRD identifier in owned extract
BD1002919,BD,FNRA,MA,no official OFR-to-CRD identifier in owned extract
IA9906007,IA,SEC,NY,no official OFR-to-CRD identifier in owned extract
IA9912523,IA,FLA,FL,no official OFR-to-CRD identifier in owned extract
IA9912530,IA,SEC,IN,no official OFR-to-CRD identifier in owned extract
BD1003751,BD,FNRA,IL,no official OFR-to-CRD identifier in owned extract
IA9917467,IA,SEC,NY,no official OFR-to-CRD identifier in owned extract
IA9910540,IA,SEC,IN,no official OFR-to-CRD identifier in owned extract
BD0902436,BD,FNRA,FL,no official OFR-to-CRD identifier in owned extract
BD0901784,BD,FNRA,FL,no official OFR-to-CRD identifier in owned extract
IA9916456,IA,FLA,FL,no official OFR-to-CRD identifier in owned extract
IA9910079,IA,FLA,FL,no official OFR-to-CRD identifier in owned extract
IA9917101,IA,SEC,NY,no official OFR-to-CRD identifier in owned extract
IA9908005,IA,FLA,FL,no official OFR-to-CRD identifier in owned extract
IA9906994,IA,SEC,,no official OFR-to-CRD identifier in owned extract
IA9913517,IA,SEC,FL,no official OFR-to-CRD identifier in owned extract
IA9909698,IA,FLA,IL,no official OFR-to-CRD identifier in owned extract
BD1004828,BD,FNRA,CA,no official OFR-to-CRD identifier in owned extract
BD0902331,BD,FNRA,NY,no official OFR-to-CRD identifier in owned extract
IA9913817,IA,SEC,,no official OFR-to-CRD identifier in owned extract
BD0900070,BD,CAN,QC,no official OFR-to-CRD identifier in owned extract
IA9916246,IA,SEC,NY,no official OFR-to-CRD identifier in owned extract
IA9914890,IA,FLA,DC,no official OFR-to-CRD identifier in owned extract
BD1004585,BD,FNRA,DC,no official OFR-to-CRD identifier in owned extract
IA9909100,IA,SEC,WI,no official OFR-to-CRD identifier in owned extract
IA9911220,IA,SEC,PA,no official OFR-to-CRD identifier in owned extract
IA9909153,IA,SEC,NE,no official OFR-to-CRD identifier in owned extract
IA9910411,IA,SEC,TX,no official OFR-to-CRD identifier in owned extract
BD1003878,BD,FNRA,IL,no official OFR-to-CRD identifier in owned extract
IA9911965,IA,FLA,FL,no official OFR-to-CRD identifier in owned extract
IA9906754,IA,SEC,FL,no official OFR-to-CRD identifier in owned extract
IA9914170,IA,FLA,NY,no official OFR-to-CRD identifier in owned extract
IA9910909,IA,SEC,NY,no official OFR-to-CRD identifier in owned extract
BD0902011,BD,FNRA,NY,no official OFR-to-CRD identifier in owned extract
IA9910277,IA,SEC,NY,no official OFR-to-CRD identifier in owned extract
BD0901645,BD,FNRA,FL,no official OFR-to-CRD identifier in owned extract
BD0903043,BD,FNRA,TN,no official OFR-to-CRD identifier in owned extract
BD1003492,BD,FNRA,NY,no official OFR-to-CRD identifier in owned extract
IA0903521,IA,SEC,MA,no official OFR-to-CRD identifier in owned extract
BD0902545,BD,FNRA,FL,no official OFR-to-CRD identifier in owned extract
IA9906312,IA,SEC,NY,no official OFR-to-CRD identifier in owned extract
IA9914724,IA,FLA,FL,no official OFR-to-CRD identifier in owned extract
BD1004268,BD,FNRA,NC,no official OFR-to-CRD identifier in owned extract
BD0901869,BD,FNRA,NY,no official OFR-to-CRD identifier in owned extract
BD0900661,BD,FNRA,DC,no official OFR-to-CRD identifier in owned extract
IA9917227,IA,SEC,DC,no official OFR-to-CRD identifier in owned extract
IA0900526,IA,SEC,CO,no official OFR-to-CRD identifier in owned extract
BD1004692,BD,FNRA,CA,no official OFR-to-CRD identifier in owned extract
IA9912112,IA,SEC,OR,no official OFR-to-CRD identifier in owned extract
IA9915321,IA,SEC,TX,no official OFR-to-CRD identifier in owned extract
IA9907651,IA,SEC,CA,no official OFR-to-CRD identifier in owned extract
IA9913434,IA,SEC,FL,no official OFR-to-CRD identifier in owned extract
IA0904319,IA,SEC,AZ,no official OFR-to-CRD identifier in owned extract
BD0901680,BD,FNRA,NY,no official OFR-to-CRD identifier in owned extract
BD0901854,BD,FNRA,NY,no official OFR-to-CRD identifier in owned extract
IA9914126,IA,SEC,NY,no official OFR-to-CRD identifier in owned extract
IA9916773,IA,SEC,FL,no official OFR-to-CRD identifier in owned extract
IA9908479,IA,FLA,FL,no official OFR-to-CRD identifier in owned extract
IA9910983,IA,SEC,CA,no official OFR-to-CRD identifier in owned extract
BD1004419,BD,FNRA,FL,no official OFR-to-CRD identifier in owned extract
IA9916646,IA,SEC,CA,no official OFR-to-CRD identifier in owned extract
IA9910425,IA,SEC,NY,no official OFR-to-CRD identifier in owned extract
IA9911884,IA,SEC,MO,no official OFR-to-CRD identifier in owned extract
IA9907480,IA,SEC,GA,no official OFR-to-CRD identifier in owned extract
BD1004005,BD,FNRA,NY,no official OFR-to-CRD identifier in owned extract
IA0904219,IA,SEC,FL,no official OFR-to-CRD identifier in owned extract
BD1004162,BD,FNRA,FL,no official OFR-to-CRD identifier in owned extract
IA0902984,IA,SEC,AR,no official OFR-to-CRD identifier in owned extract
IA9910824,IA,SEC,KS,no official OFR-to-CRD identifier in owned extract
BD1004381,BD,CAN,ON,no official OFR-to-CRD identifier in owned extract
IA9911925,IA,FLA,FL,no official OFR-to-CRD identifier in owned extract
IA9909494,IA,SEC,CA,no official OFR-to-CRD identifier in owned extract
IA9907545,IA,SEC,IL,no official OFR-to-CRD identifier in owned extract
BD1004097,BD,FNRA,NY,no official OFR-to-CRD identifier in owned extract
IA9908667,IA,SEC,FL,no official OFR-to-CRD identifier in owned extract
IA9917504,IA,SEC,FL,no official OFR-to-CRD identifier in owned extract
IA9913231,IA,SEC,NY,no official OFR-to-CRD identifier in owned extract
IA9910446,IA,FLA,PA,no official OFR-to-CRD identifier in owned extract
IA9914730,IA,FLA,AZ,no official OFR-to-CRD identifier in owned extract
IA9916580,IA,SEC,IL,no official OFR-to-CRD identifier in owned extract
IA9915182,IA,SEC,WA,no official OFR-to-CRD identifier in owned extract
BD1004226,BD,FNRA,CA,no official OFR-to-CRD identifier in owned extract
IA9912119,IA,FLA,TN,no official OFR-to-CRD identifier in owned extract
IA9917821,IA,SEC,MI,no official OFR-to-CRD identifier in owned extract
IA9915246,IA,SEC,FL,no official OFR-to-CRD identifier in owned extract
IA9915968,IA,FLA,FL,no official OFR-to-CRD identifier in owned extract
IA9915126,IA,SEC,CO,no official OFR-to-CRD identifier in owned extract
IA9913357,IA,SEC,MD,no official OFR-to-CRD identifier in owned extract
IA9913065,IA,SEC,GA,no official OFR-to-CRD identifier in owned extract
IA9917046,IA,SEC,NH,no official OFR-to-CRD identifier in owned extract
IA9917047,IA,SEC,,no official OFR-to-CRD identifier in owned extract
BD0901438,BD,FNRA,CA,no official OFR-to-CRD identifier in owned extract
IA9913118,IA,SEC,FL,no official OFR-to-CRD identifier in owned extract
IA9917023,IA,SEC,NY,no official OFR-to-CRD identifier in owned extract
IA9909946,IA,SEC,TX,no official OFR-to-CRD identifier in owned extract
IA9914680,IA,SEC,SC,no official OFR-to-CRD identifier in owned extract
BD0902407,BD,FNRA,ME,no official OFR-to-CRD identifier in owned extract
IA9912698,IA,SEC,FL,no official OFR-to-CRD identifier in owned extract
IA9911058,IA,SEC,FL,no official OFR-to-CRD identifier in owned extract
IA0902773,IA,SEC,FL,no official OFR-to-CRD identifier in owned extract
IA9915363,IA,SEC,FL,no official OFR-to-CRD identifier in owned extract
BD1004722,BD,FNRA,NY,no official OFR-to-CRD identifier in owned extract
IA9914689,IA,FLA,NV,no official OFR-to-CRD identifier in owned extract
IA9913895,IA,FLA,TX,no official OFR-to-CRD identifier in owned extract
IA9904312,IA,SEC,NY,no official OFR-to-CRD identifier in owned extract
IA9907752,IA,SEC,WY,no official OFR-to-CRD identifier in owned extract
IA0902812,IA,SEC,MA,no official OFR-to-CRD identifier in owned extract
IA9916151,IA,SEC,GA,no official OFR-to-CRD identifier in owned extract
IA9917348,IA,SEC,PA,no official OFR-to-CRD identifier in owned extract
BD0900987,BD,FNRA,OH,no official OFR-to-CRD identifier in owned extract
IA9917807,IA,SEC,OH,no official OFR-to-CRD identifier in owned extract
IA9907587,IA,SEC,NH,no official OFR-to-CRD identifier in owned extract
IA9911050,IA,SEC,PA,no official OFR-to-CRD identifier in owned extract
IA9916215,IA,SEC,OH,no official OFR-to-CRD identifier in owned extract
IA9906688,IA,SEC,NC,no official OFR-to-CRD identifier in owned extract
IA9915322,IA,SEC,AR,no official OFR-to-CRD identifier in owned extract
BD0902099,BD,FNRA,CA,no official OFR-to-CRD identifier in owned extract
IA0902381,IA,SEC,CA,no official OFR-to-CRD identifier in owned extract
BD1003584,BD,FNRA,TX,no official OFR-to-CRD identifier in owned extract
IA9904693,IA,SEC,NY,no official OFR-to-CRD identifier in owned extract
IA9915072,IA,SEC,NC,no official OFR-to-CRD identifier in owned extract
IA9912175,IA,SEC,MI,no official OFR-to-CRD identifier in owned extract
IA9909171,IA,SEC,IA,no official OFR-to-CRD identifier in owned extract
IA9913361,IA,FLA,FL,no official OFR-to-CRD identifier in owned extract
IA0902000,IA,SEC,CA,no official OFR-to-CRD identifier in owned extract
IA9907186,IA,FLA,FL,no official OFR-to-CRD identifier in owned extract
IA9913491,IA,SEC,NJ,no official OFR-to-CRD identifier in owned extract
IA0901427,IA,FLA,FL,no official OFR-to-CRD identifier in owned extract
IA9906359,IA,SEC,NY,no official OFR-to-CRD identifier in owned extract
IA9910619,IA,SEC,IN,no official OFR-to-CRD identifier in owned extract
IA9915925,IA,SEC,FL,no official OFR-to-CRD identifier in owned extract
IA9912278,IA,SEC,FL,no official OFR-to-CRD identifier in owned extract
BD1003546,BD,FNRA,FL,no official OFR-to-CRD identifier in owned extract
IA9911175,IA,FLA,FL,no official OFR-to-CRD identifier in owned extract
IA9917303,IA,SEC,GA,no official OFR-to-CRD identifier in owned extract
IA9916723,IA,SEC,FL,no official OFR-to-CRD identifier in owned extract
IA9917674,IA,SEC,AL,no official OFR-to-CRD identifier in owned extract
BD1003083,BD,FNRA,CA,no official OFR-to-CRD identifier in owned extract
IA9917338,IA,SEC,CO,no official OFR-to-CRD identifier in owned extract
BD0901897,BD,FNRA,NY,no official OFR-to-CRD identifier in owned extract
BD0900207,BD,FNRA,NY,no official OFR-to-CRD identifier in owned extract
IA0901736,IA,SEC,NY,no official OFR-to-CRD identifier in owned extract
IA9917853,IA,SEC,NY,no official OFR-to-CRD identifier in owned extract
IA0900464,IA,SEC,FL,no official OFR-to-CRD identifier in owned extract
IA9916292,IA,SEC,FL,no official OFR-to-CRD identifier in owned extract
IA9915455,IA,SEC,FL,no official OFR-to-CRD identifier in owned extract
BD0900409,BD,FNRA,IL,no official OFR-to-CRD identifier in owned extract
IA9910027,IA,SEC,FL,no official OFR-to-CRD identifier in owned extract
BD0902710,BD,FNRA,FL,no official OFR-to-CRD identifier in owned extract
IA9909633,IA,SEC,GA,no official OFR-to-CRD identifier in owned extract
IA9915513,IA,SEC,MS,no official OFR-to-CRD identifier in owned extract
BD1004416,BD,FNRA,IL,no official OFR-to-CRD identifier in owned extract
IA9913933,IA,SEC,FL,no official OFR-to-CRD identifier in owned extract
IA9911117,IA,SEC,PA,no official OFR-to-CRD identifier in owned extract
BD1004330,BD,FNRA,FL,no official OFR-to-CRD identifier in owned extract
BD0903057,BD,FNRA,NC,no official OFR-to-CRD identifier in owned extract
IA9906703,IA,SEC,NC,no official OFR-to-CRD identifier in owned extract
IA9913107,IA,SEC,MA,no official OFR-to-CRD identifier in owned extract
IA9909023,IA,SEC,TN,no official OFR-to-CRD identifier in owned extract
IA9916901,IA,SEC,CT,no official OFR-to-CRD identifier in owned extract
IA9917524,IA,SEC,NY,no official OFR-to-CRD identifier in owned extract
IA9915761,IA,SEC,NJ,no official OFR-to-CRD identifier in owned extract
IA9914806,IA,SEC,NY,no official OFR-to-CRD identifier in owned extract
IA9913570,IA,SEC,MD,no official OFR-to-CRD identifier in owned extract
IA9916971,IA,SEC,TX,no official OFR-to-CRD identifier in owned extract
IA9913338,IA,SEC,CO,no official OFR-to-CRD identifier in owned extract
IA9917797,IA,SEC,NJ,no official OFR-to-CRD identifier in owned extract
IA9914288,IA,SEC,TX,no official OFR-to-CRD identifier in owned extract
IA0904214,IA,SEC,IL,no official OFR-to-CRD identifier in owned extract
IA9906577,IA,SEC,PA,no official OFR-to-CRD identifier in owned extract
IA9913477,IA,FLA,FL,no official OFR-to-CRD identifier in owned extract
IA9912093,IA,SEC,NC,no official OFR-to-CRD identifier in owned extract
IA9916326,IA,SEC,NY,no official OFR-to-CRD identifier in owned extract
BD0900598,BD,FNRA,IL,no official OFR-to-CRD identifier in owned extract
IA0902659,IA,SEC,IL,no official OFR-to-CRD identifier in owned extract
IA9917317,IA,SEC,TN,no official OFR-to-CRD identifier in owned extract
IA9917176,IA,FLA,FL,no official OFR-to-CRD identifier in owned extract
IA9911348,IA,SEC,TX,no official OFR-to-CRD identifier in owned extract
IA9908219,IA,SEC,FL,no official OFR-to-CRD identifier in owned extract
BD0900733,BD,FNRA,FL,no official OFR-to-CRD identifier in owned extract
BD0902336,BD,FNRA,FL,no official OFR-to-CRD identifier in owned extract
IA9910506,IA,SEC,ID,no official OFR-to-CRD identifier in owned extract
IA0902081,IA,FLA,FL,no official OFR-to-CRD identifier in owned extract
IA9910179,IA,SEC,ID,no official OFR-to-CRD identifier in owned extract
IA9906050,IA,SEC,IL,no official OFR-to-CRD identifier in owned extract
BD0901681,BD,FNRA,NY,no official OFR-to-CRD identifier in owned extract
IA9909609,IA,SEC,CO,no official OFR-to-CRD identifier in owned extract
BD1004310,BD,FNRA,CA,no official OFR-to-CRD identifier in owned extract
BD1004026,BD,FNRA,CA,no official OFR-to-CRD identifier in owned extract
IA9907317,IA,SEC,NY,no official OFR-to-CRD identifier in owned extract
BD0901858,BD,FNRA,TX,no official OFR-to-CRD identifier in owned extract
IA9911771,IA,SEC,FL,no official OFR-to-CRD identifier in owned extract
IA9908639,IA,FLA,FL,no official OFR-to-CRD identifier in owned extract
BD0901633,BD,FNRA,FL,no official OFR-to-CRD identifier in owned extract
IA0900557,IA,SEC,FL,no official OFR-to-CRD identifier in owned extract
IA9916385,IA,SEC,CT,no official OFR-to-CRD identifier in owned extract
IA9914527,IA,FLA,OK,no official OFR-to-CRD identifier in owned extract
IA9914941,IA,FLA,FL,no official OFR-to-CRD identifier in owned extract
BD1003734,BD,FNRA,PA,no official OFR-to-CRD identifier in owned extract
IA9908171,IA,SEC,GA,no official OFR-to-CRD identifier in owned extract
IA9909060,IA,SEC,TX,no official OFR-to-CRD identifier in owned extract
IA9913275,IA,SEC,MI,no official OFR-to-CRD identifier in owned extract
IA9905956,IA,SEC,PA,no official OFR-to-CRD identifier in owned extract
BD0900949,BD,FNRA,,no official OFR-to-CRD identifier in owned extract
IA9907869,IA,SEC,FL,no official OFR-to-CRD identifier in owned extract
IA9908499,IA,SEC,MI,no official OFR-to-CRD identifier in owned extract
IA9916071,IA,SEC,IN,no official OFR-to-CRD identifier in owned extract
IA9913032,IA,FLA,FL,no official OFR-to-CRD identifier in owned extract
IA9908707,IA,SEC,MA,no official OFR-to-CRD identifier in owned extract
IA9915787,IA,SEC,OH,no official OFR-to-CRD identifier in owned extract
IA9913039,IA,SEC,NC,no official OFR-to-CRD identifier in owned extract
IA9907574,IA,FLA,FL,no official OFR-to-CRD identifier in owned extract
IA9915465,IA,FLA,MA,no official OFR-to-CRD identifier in owned extract
IA9913078,IA,SEC,TX,no official OFR-to-CRD identifier in owned extract
BD0902693,BD,FNRA,IA,no official OFR-to-CRD identifier in owned extract
IA0904301,IA,SEC,IA,no official OFR-to-CRD identifier in owned extract
BD0902007,BD,FNRA,WA,no official OFR-to-CRD identifier in owned extract
BD1003982,BD,FNRA,AZ,no official OFR-to-CRD identifier in owned extract
IA9916327,IA,SEC,MA,no official OFR-to-CRD identifier in owned extract
IA9908208,IA,SEC,WY,no official OFR-to-CRD identifier in owned extract
IA9911948,IA,FLA,FL,no official OFR-to-CRD identifier in owned extract
IA9916053,IA,FLA,OH,no official OFR-to-CRD identifier in owned extract
IA0903441,IA,SEC,FL,no official OFR-to-CRD identifier in owned extract
BD0902262,BD,FNRA,ND,no official OFR-to-CRD identifier in owned extract
IA9910107,IA,SEC,CO,no official OFR-to-CRD identifier in owned extract
BD0900935,BD,FNRA,FL,no official OFR-to-CRD identifier in owned extract
IA9914326,IA,SEC,CA,no official OFR-to-CRD identifier in owned extract
IA9914334,IA,FLA,IN,no official OFR-to-CRD identifier in owned extract
IA0902856,IA,FLA,FL,no official OFR-to-CRD identifier in owned extract
IA9914754,IA,SEC,WA,no official OFR-to-CRD identifier in owned extract
IA9917406,IA,SEC,CA,no official OFR-to-CRD identifier in owned extract
IA9914657,IA,SEC,CO,no official OFR-to-CRD identifier in owned extract
IA9917634,IA,SEC,NJ,no official OFR-to-CRD identifier in owned extract
IA9913583,IA,SEC,NY,no official OFR-to-CRD identifier in owned extract
IA9916443,IA,SEC,CA,no official OFR-to-CRD identifier in owned extract
IA9917194,IA,SEC,FL,no official OFR-to-CRD identifier in owned extract
IA9910335,IA,SEC,MN,no official OFR-to-CRD identifier in owned extract
IA9910438,IA,SEC,CA,no official OFR-to-CRD identifier in owned extract
IA0901554,IA,SEC,MN,no official OFR-to-CRD identifier in owned extract
BD1003178,BD,FNRA,GA,no official OFR-to-CRD identifier in owned extract
IA9917786,IA,FLA,SC,no official OFR-to-CRD identifier in owned extract
IA9915822,IA,SEC,FL,no official OFR-to-CRD identifier in owned extract
IA9913188,IA,SEC,SC,no official OFR-to-CRD identifier in owned extract
IA9916682,IA,SEC,FL,no official OFR-to-CRD identifier in owned extract
BD1004618,BD,FNRA,FL,no official OFR-to-CRD identifier in owned extract
IA9917038,IA,SEC,FL,no official OFR-to-CRD identifier in owned extract
BD1003724,BD,FNRA,CT,no official OFR-to-CRD identifier in owned extract
BD0901654,BD,FNRA,CT,no official OFR-to-CRD identifier in owned extract
IA0902909,IA,SEC,IL,no official OFR-to-CRD identifier in owned extract
BD0900680,BD,FNRA,NC,no official OFR-to-CRD identifier in owned extract
IA9912477,IA,SEC,NC,no official OFR-to-CRD identifier in owned extract
IA9911580,IA,SEC,PA,no official OFR-to-CRD identifier in owned extract
BD1004752,BD,FNRA,WA,no official OFR-to-CRD identifier in owned extract
BD1003442,BD,FNRA,FL,no official OFR-to-CRD identifier in owned extract
IA9910926,IA,SEC,FL,no official OFR-to-CRD identifier in owned extract
IA9912834,IA,SEC,CO,no official OFR-to-CRD identifier in owned extract
BD0900304,BD,FNRA,FL,no official OFR-to-CRD identifier in owned extract
IA9911671,IA,SEC,FL,no official OFR-to-CRD identifier in owned extract
IA0903647,IA,SEC,FL,no official OFR-to-CRD identifier in owned extract
IA0901531,IA,SEC,DC,no official OFR-to-CRD identifier in owned extract
IA9915169,IA,FLA,FL,no official OFR-to-CRD identifier in owned extract
BD0900380,BD,FNRA,MD,no official OFR-to-CRD identifier in owned extract
IA9913961,IA,SEC,CA,no official OFR-to-CRD identifier in owned extract
BD0900762,BD,FNRA,TX,no official OFR-to-CRD identifier in owned extract
IA9904988,IA,SEC,MD,no official OFR-to-CRD identifier in owned extract
IA9915514,IA,SEC,AZ,no official OFR-to-CRD identifier in owned extract
BD0900771,BD,FNRA,NY,no official OFR-to-CRD identifier in owned extract
IA0900695,IA,SEC,FL,no official OFR-to-CRD identifier in owned extract
IA0902017,IA,SEC,IN,no official OFR-to-CRD identifier in owned extract
IA9915801,IA,FLA,FL,no official OFR-to-CRD identifier in owned extract
IA9910149,IA,FLA,FL,no official OFR-to-CRD identifier in owned extract
IA9909081,IA,SEC,IL,no official OFR-to-CRD identifier in owned extract
IA9910820,IA,SEC,WI,no official OFR-to-CRD identifier in owned extract
IA9915938,IA,SEC,AZ,no official OFR-to-CRD identifier in owned extract
IA9908043,IA,SEC,TX,no official OFR-to-CRD identifier in owned extract
IA0901041,IA,FLA,FL,no official OFR-to-CRD identifier in owned extract
IA9911350,IA,SEC,PA,no official OFR-to-CRD identifier in owned extract
IA9913945,IA,SEC,FL,no official OFR-to-CRD identifier in owned extract
IA9914164,IA,SEC,,no official OFR-to-CRD identifier in owned extract
BD0902418,BD,FNRA,OH,no official OFR-to-CRD identifier in owned extract
IA9916417,IA,SEC,FL,no official OFR-to-CRD identifier in owned extract
IA9914214,IA,SEC,TX,no official OFR-to-CRD identifier in owned extract
IA0900250,IA,SEC,GA,no official OFR-to-CRD identifier in owned extract
BD0900276,BD,FNRA,TX,no official OFR-to-CRD identifier in owned extract
BD0900461,BD,FNRA,TX,no official OFR-to-CRD identifier in owned extract
IA9909131,IA,SEC,WA,no official OFR-to-CRD identifier in owned extract
IA9909034,IA,SEC,OH,no official OFR-to-CRD identifier in owned extract
IA9916260,IA,SEC,OH,no official OFR-to-CRD identifier in owned extract
IA9911903,IA,SEC,UT,no official OFR-to-CRD identifier in owned extract
IA9915891,IA,FLA,MD,no official OFR-to-CRD identifier in owned extract
BD0900066,BD,CAN,QC,no official OFR-to-CRD identifier in owned extract
BD1004677,BD,FNRA,FL,no official OFR-to-CRD identifier in owned extract
IA9912342,IA,FLA,FL,no official OFR-to-CRD identifier in owned extract
IA9910864,IA,FLA,ZZ,no official OFR-to-CRD identifier in owned extract
IA9916823,IA,SEC,ZZ,no official OFR-to-CRD identifier in owned extract
IA9905467,IA,SEC,CT,no official OFR-to-CRD identifier in owned extract
IA9915656,IA,SEC,TN,no official OFR-to-CRD identifier in owned extract
IA9914091,IA,FLA,FL,no official OFR-to-CRD identifier in owned extract
IA0902620,IA,SEC,FL,no official OFR-to-CRD identifier in owned extract
IA9915884,IA,SEC,FL,no official OFR-to-CRD identifier in owned extract
IA9913768,IA,FLA,NJ,no official OFR-to-CRD identifier in owned extract
IA0903971,IA,SEC,IA,no official OFR-to-CRD identifier in owned extract
BD1004392,BD,FNRA,AL,no official OFR-to-CRD identifier in owned extract
IA9915364,IA,SEC,NY,no official OFR-to-CRD identifier in owned extract
IA9908286,IA,SEC,DE,no official OFR-to-CRD identifier in owned extract
IA9911226,IA,SEC,CO,no official OFR-to-CRD identifier in owned extract
IA9915156,IA,FLA,FL,no official OFR-to-CRD identifier in owned extract
IA0903660,IA,FLA,FL,no official OFR-to-CRD identifier in owned extract
IA9916937,IA,SEC,CA,no official OFR-to-CRD identifier in owned extract
BD0902578,BD,FNRA,OH,no official OFR-to-CRD identifier in owned extract
IA9912127,IA,SEC,NJ,no official OFR-to-CRD identifier in owned extract
IA9907297,IA,SEC,OH,no official OFR-to-CRD identifier in owned extract
BD0902143,BD,FNRA,CA,no official OFR-to-CRD identifier in owned extract
BD0900766,BD,FNRA,IL,no official OFR-to-CRD identifier in owned extract
IA9914275,IA,SEC,GA,no official OFR-to-CRD identifier in owned extract
IA9910624,IA,SEC,GA,no official OFR-to-CRD identifier in owned extract
BD1002980,BD,FNRA,NY,no official OFR-to-CRD identifier in owned extract
IA9904668,IA,SEC,CO,no official OFR-to-CRD identifier in owned extract
IA9916234,IA,SEC,PA,no official OFR-to-CRD identifier in owned extract
BD1003508,BD,FNRA,CA,no official OFR-to-CRD identifier in owned extract
IA9915771,IA,SEC,VA,no official OFR-to-CRD identifier in owned extract
IA9911834,IA,SEC,NC,no official OFR-to-CRD identifier in owned extract
IA9906870,IA,SEC,GA,no official OFR-to-CRD identifier in owned extract
IA9904311,IA,SEC,GA,no official OFR-to-CRD identifier in owned extract
BD1004153,BD,FNRA,NY,no official OFR-to-CRD identifier in owned extract
IA9908531,IA,SEC,FL,no official OFR-to-CRD identifier in owned extract
IA9914893,IA,SEC,FL,no official OFR-to-CRD identifier in owned extract
BD0901044,BD,FNRA,FL,no official OFR-to-CRD identifier in owned extract
IA9913195,IA,SEC,PA,no official OFR-to-CRD identifier in owned extract
BD1004134,BD,FNRA,PA,no official OFR-to-CRD identifier in owned extract
IA9913633,IA,SEC,CO,no official OFR-to-CRD identifier in owned extract
IA0900329,IA,SEC,NY,no official OFR-to-CRD identifier in owned extract
IA9908227,IA,SEC,IN,no official OFR-to-CRD identifier in owned extract
BD1003528,BD,FNRA,PA,no official OFR-to-CRD identifier in owned extract
BD1004295,BD,FNRA,FL,no official OFR-to-CRD identifier in owned extract
IA9911036,IA,SEC,NC,no official OFR-to-CRD identifier in owned extract
BD0900087,BD,CAN,ZZ,no official OFR-to-CRD identifier in owned extract
BD0900103,BD,CAN,ZZ,no official OFR-to-CRD identifier in owned extract
IA9916755,IA,SEC,FL,no official OFR-to-CRD identifier in owned extract
IA9904277,IA,SEC,CA,no official OFR-to-CRD identifier in owned extract
IA9913845,IA,FLA,FL,no official OFR-to-CRD identifier in owned extract
IA9913690,IA,SEC,AR,no official OFR-to-CRD identifier in owned extract
IA0900314,IA,SEC,MA,no official OFR-to-CRD identifier in owned extract
IA9911490,IA,FLA,FL,no official OFR-to-CRD identifier in owned extract
IA9916328,IA,SEC,NC,no official OFR-to-CRD identifier in owned extract
IA9914775,IA,FLA,FL,no official OFR-to-CRD identifier in owned extract
IA0902051,IA,SEC,IL,no official OFR-to-CRD identifier in owned extract
IA9911331,IA,SEC,UT,no official OFR-to-CRD identifier in owned extract
IA9916924,IA,FLA,CO,no official OFR-to-CRD identifier in owned extract
IA9917574,IA,FLA,AR,no official OFR-to-CRD identifier in owned extract
IA9904643,IA,SEC,FL,no official OFR-to-CRD identifier in owned extract
IA9917121,IA,SEC,TX,no official OFR-to-CRD identifier in owned extract
BD1004738,BD,FNRA,NY,no official OFR-to-CRD identifier in owned extract
IA9906758,IA,SEC,PA,no official OFR-to-CRD identifier in owned extract
IA9917296,IA,SEC,NE,no official OFR-to-CRD identifier in owned extract
IA9906653,IA,FLA,FL,no official OFR-to-CRD identifier in owned extract
IA9917045,IA,SEC,AZ,no official OFR-to-CRD identifier in owned extract
IA9915810,IA,SEC,AZ,no official OFR-to-CRD identifier in owned extract
IA0903217,IA,SEC,MA,no official OFR-to-CRD identifier in owned extract
IA9911820,IA,SEC,WV,no official OFR-to-CRD identifier in owned extract
IA9914945,IA,SEC,AZ,no official OFR-to-CRD identifier in owned extract
IA9911705,IA,FLA,PA,no official OFR-to-CRD identifier in owned extract
IA9909691,IA,SEC,NY,no official OFR-to-CRD identifier in owned extract
BD1002964,BD,FNRA,CO,no official OFR-to-CRD identifier in owned extract
IA9906638,IA,SEC,TX,no official OFR-to-CRD identifier in owned extract
IA9917265,IA,SEC,FL,no official OFR-to-CRD identifier in owned extract
IA9914357,IA,FLA,FL,no official OFR-to-CRD identifier in owned extract
IA9911673,IA,SEC,NY,no official OFR-to-CRD identifier in owned extract
IA9906341,IA,FLA,NC,no official OFR-to-CRD identifier in owned extract
IA9916111,IA,SEC,FL,no official OFR-to-CRD identifier in owned extract
IA9909149,IA,SEC,WI,no official OFR-to-CRD identifier in owned extract
IA9913108,IA,SEC,MI,no official OFR-to-CRD identifier in owned extract
BD0902902,BD,FNRA,FL,no official OFR-to-CRD identifier in owned extract
IA9913779,IA,FLA,FL,no official OFR-to-CRD identifier in owned extract
IA0900267,IA,SEC,CT,no official OFR-to-CRD identifier in owned extract
IA9917707,IA,FLA,FL,no official OFR-to-CRD identifier in owned extract
BD1004695,BD,FNRA,FL,no official OFR-to-CRD identifier in owned extract
IA9912052,IA,SEC,PA,no official OFR-to-CRD identifier in owned extract
BD1003410,BD,FNRA,NY,no official OFR-to-CRD identifier in owned extract
IA9917383,IA,SEC,MN,no official OFR-to-CRD identifier in owned extract
IA9909346,IA,FLA,FL,no official OFR-to-CRD identifier in owned extract
IA9917733,IA,FLA,CO,no official OFR-to-CRD identifier in owned extract
IA9916277,IA,FLA,MA,no official OFR-to-CRD identifier in owned extract
BD0901272,BD,FNRA,PA,no official OFR-to-CRD identifier in owned extract
IA9911053,IA,SEC,NY,no official OFR-to-CRD identifier in owned extract
IA9913518,IA,SEC,KY,no official OFR-to-CRD identifier in owned extract
IA0900450,IA,SEC,FL,no official OFR-to-CRD identifier in owned extract
IA9917636,IA,SEC,GA,no official OFR-to-CRD identifier in owned extract
IA9907150,IA,SEC,NY,no official OFR-to-CRD identifier in owned extract
IA9911400,IA,SEC,,no official OFR-to-CRD identifier in owned extract
BD1004772,BD,FNRA,NY,no official OFR-to-CRD identifier in owned extract
IA9911644,IA,SEC,CA,no official OFR-to-CRD identifier in owned extract
IA0901407,IA,SEC,TX,no official OFR-to-CRD identifier in owned extract
IA9910604,IA,SEC,IL,no official OFR-to-CRD identifier in owned extract
BD0901512,BD,FNRA,NY,no official OFR-to-CRD identifier in owned extract
IA9913381,IA,SEC,MA,no official OFR-to-CRD identifier in owned extract
IA9913973,IA,FLA,FL,no official OFR-to-CRD identifier in owned extract
IA9906673,IA,SEC,MA,no official OFR-to-CRD identifier in owned extract
BD0901710,BD,FNRA,NY,no official OFR-to-CRD identifier in owned extract
IA0900336,IA,SEC,NY,no official OFR-to-CRD identifier in owned extract
IA9908318,IA,SEC,NY,no official OFR-to-CRD identifier in owned extract
BD0900115,BD,FNRA,NY,no official OFR-to-CRD identifier in owned extract
IA0901698,IA,SEC,NY,no official OFR-to-CRD identifier in owned extract
IA9916553,IA,SEC,NY,no official OFR-to-CRD identifier in owned extract
IA9909948,IA,FLA,VA,no official OFR-to-CRD identifier in owned extract
BD0902176,BD,FNRA,FL,no official OFR-to-CRD identifier in owned extract
BD0901157,BD,FNRA,MI,no official OFR-to-CRD identifier in owned extract
IA9907632,IA,SEC,MI,no official OFR-to-CRD identifier in owned extract
IA9912352,IA,SEC,MI,no official OFR-to-CRD identifier in owned extract
BD0902812,BD,FNRA,MI,no official OFR-to-CRD identifier in owned extract
IA9916765,IA,SEC,MI,no official OFR-to-CRD identifier in owned extract
IA0902401,IA,SEC,SC,no official OFR-to-CRD identifier in owned extract
IA0901211,IA,FLA,FL,no official OFR-to-CRD identifier in owned extract
IA0900925,IA,FLA,FL,no official OFR-to-CRD identifier in owned extract
BD0902642,BD,FNRA,TN,no official OFR-to-CRD identifier in owned extract
IA9906076,IA,FLA,FL,no official OFR-to-CRD identifier in owned extract
IA0902420,IA,SEC,AL,no official OFR-to-CRD identifier in owned extract
IA0904198,IA,SEC,FL,no official OFR-to-CRD identifier in owned extract
IA0902447,IA,SEC,CT,no official OFR-to-CRD identifier in owned extract
IA9912129,IA,SEC,FL,no official OFR-to-CRD identifier in owned extract
IA9904340,IA,SEC,PA,no official OFR-to-CRD identifier in owned extract
IA9913150,IA,SEC,CA,no official OFR-to-CRD identifier in owned extract
IA9914607,IA,FLA,FL,no official OFR-to-CRD identifier in owned extract
IA9913254,IA,SEC,WI,no official OFR-to-CRD identifier in owned extract
BD0901912,BD,FNRA,MD,no official OFR-to-CRD identifier in owned extract
IA0903560,IA,SEC,FL,no official OFR-to-CRD identifier in owned extract
IA9906436,IA,SEC,MO,no official OFR-to-CRD identifier in owned extract
IA9913382,IA,SEC,FL,no official OFR-to-CRD identifier in owned extract
IA9917323,IA,SEC,FL,no official OFR-to-CRD identifier in owned extract
IA0900231,IA,FLA,FL,no official OFR-to-CRD identifier in owned extract
IA9916069,IA,FLA,FL,no official OFR-to-CRD identifier in owned extract
BD0900123,BD,FNRA,FL,no official OFR-to-CRD identifier in owned extract
IA9911548,IA,SEC,FL,no official OFR-to-CRD identifier in owned extract
IA0903344,IA,SEC,OH,no official OFR-to-CRD identifier in owned extract
IA0903119,IA,SEC,NY,no official OFR-to-CRD identifier in owned extract
IA9914359,IA,FLA,FL,no official OFR-to-CRD identifier in owned extract
IA9915506,IA,FLA,FL,no official OFR-to-CRD identifier in owned extract
IA0903620,IA,SEC,OH,no official OFR-to-CRD identifier in owned extract
IA9912152,IA,SEC,VA,no official OFR-to-CRD identifier in owned extract
IA9913353,IA,SEC,VA,no official OFR-to-CRD identifier in owned extract
IA9910431,IA,SEC,IL,no official OFR-to-CRD identifier in owned extract
IA0901133,IA,FLA,FL,no official OFR-to-CRD identifier in owned extract
IA0903387,IA,SEC,GA,no official OFR-to-CRD identifier in owned extract
BD1003626,BD,FNRA,NY,no official OFR-to-CRD identifier in owned extract
BD0900175,BD,FNRA,PA,no official OFR-to-CRD identifier in owned extract
IA0901724,IA,SEC,PA,no official OFR-to-CRD identifier in owned extract
BD0901558,BD,FNRA,IA,no official OFR-to-CRD identifier in owned extract
BD0900968,BD,FNRA,CO,no official OFR-to-CRD identifier in owned extract
IA0901366,IA,SEC,CO,no official OFR-to-CRD identifier in owned extract
IA0901195,IA,FLA,FL,no official OFR-to-CRD identifier in owned extract
IA9907092,IA,SEC,CT,no official OFR-to-CRD identifier in owned extract
IA9904667,IA,FLA,FL,no official OFR-to-CRD identifier in owned extract
IA9917117,IA,SEC,CT,no official OFR-to-CRD identifier in owned extract
BD1004531,BD,CAN,ON,no official OFR-to-CRD identifier in owned extract
IA9917758,IA,FLA,FL,no official OFR-to-CRD identifier in owned extract
BD1003649,BD,FNRA,CA,no official OFR-to-CRD identifier in owned extract
IA9916919,IA,SEC,IN,no official OFR-to-CRD identifier in owned extract
BD1003341,BD,FNRA,CA,no official OFR-to-CRD identifier in owned extract
IA9906553,IA,FLA,OH,no official OFR-to-CRD identifier in owned extract
IA9914543,IA,SEC,NY,no official OFR-to-CRD identifier in owned extract
BD0900320,BD,FNRA,NY,no official OFR-to-CRD identifier in owned extract
BD1004858,BD,FNRA,NY,no official OFR-to-CRD identifier in owned extract
IA9909782,IA,SEC,NY,no official OFR-to-CRD identifier in owned extract
IA0901218,IA,FLA,FL,no official OFR-to-CRD identifier in owned extract
IA9917423,IA,SEC,NJ,no official OFR-to-CRD identifier in owned extract
IA0901111,IA,FLA,FL,no official OFR-to-CRD identifier in owned extract
IA9911511,IA,FLA,SC,no official OFR-to-CRD identifier in owned extract
IA9914140,IA,SEC,MD,no official OFR-to-CRD identifier in owned extract
IA9914219,IA,FLA,ME,no official OFR-to-CRD identifier in owned extract
IA0901011,IA,SEC,NY,no official OFR-to-CRD identifier in owned extract
IA9917424,IA,SEC,OR,no official OFR-to-CRD identifier in owned extract
IA9911049,IA,SEC,CA,no official OFR-to-CRD identifier in owned extract
IA9917200,IA,FLA,MN,no official OFR-to-CRD identifier in owned extract
IA9912143,IA,SEC,OH,no official OFR-to-CRD identifier in owned extract
IA9914135,IA,SEC,OH,no official OFR-to-CRD identifier in owned extract
IA9916042,IA,FLA,FL,no official OFR-to-CRD identifier in owned extract
IA9917759,IA,FLA,FL,no official OFR-to-CRD identifier in owned extract
IA9917657,IA,SEC,CA,no official OFR-to-CRD identifier in owned extract
BD1004146,BD,FNRA,NY,no official OFR-to-CRD identifier in owned extract
IA9910488,IA,SEC,MI,no official OFR-to-CRD identifier in owned extract
IA0903730,IA,SEC,PA,no official OFR-to-CRD identifier in owned extract
IA9914350,IA,SEC,OR,no official OFR-to-CRD identifier in owned extract
BD1004181,BD,FNRA,CA,no official OFR-to-CRD identifier in owned extract
IA9916329,IA,SEC,CO,no official OFR-to-CRD identifier in owned extract
IA9915342,IA,SEC,CT,no official OFR-to-CRD identifier in owned extract
IA9912707,IA,FLA,FL,no official OFR-to-CRD identifier in owned extract
IA9910372,IA,FLA,FL,no official OFR-to-CRD identifier in owned extract
IA9915598,IA,FLA,FL,no official OFR-to-CRD identifier in owned extract
IA0900706,IA,SEC,MI,no official OFR-to-CRD identifier in owned extract
IA9909230,IA,FLA,FL,no official OFR-to-CRD identifier in owned extract
IA9912105,IA,SEC,PA,no official OFR-to-CRD identifier in owned extract
IA9911402,IA,SEC,MA,no official OFR-to-CRD identifier in owned extract
IA0900326,IA,SEC,IL,no official OFR-to-CRD identifier in owned extract
IA9916944,IA,SEC,OH,no official OFR-to-CRD identifier in owned extract
IA9906525,IA,FLA,FL,no official OFR-to-CRD identifier in owned extract
IA9908003,IA,SEC,PA,no official OFR-to-CRD identifier in owned extract
IA0901188,IA,SEC,MN,no official OFR-to-CRD identifier in owned extract
IA9913662,IA,SEC,NC,no official OFR-to-CRD identifier in owned extract
IA9904206,IA,SEC,NY,no official OFR-to-CRD identifier in owned extract
IA9917819,IA,FLA,FL,no official OFR-to-CRD identifier in owned extract
IA0900647,IA,SEC,MI,no official OFR-to-CRD identifier in owned extract
IA9905847,IA,FLA,FL,no official OFR-to-CRD identifier in owned extract
IA9912536,IA,SEC,FL,no official OFR-to-CRD identifier in owned extract
IA0901382,IA,SEC,OH,no official OFR-to-CRD identifier in owned extract
IA9906877,IA,SEC,WI,no official OFR-to-CRD identifier in owned extract
BD0900159,BD,FNRA,MA,no official OFR-to-CRD identifier in owned extract
BD0900882,BD,FNRA,MA,no official OFR-to-CRD identifier in owned extract
IA9910336,IA,SEC,MA,no official OFR-to-CRD identifier in owned extract
IA9907513,IA,SEC,MA,no official OFR-to-CRD identifier in owned extract
IA9916821,IA,FLA,FL,no official OFR-to-CRD identifier in owned extract
IA9914101,IA,FLA,FL,no official OFR-to-CRD identifier in owned extract
IA9913909,IA,FLA,FL,no official OFR-to-CRD identifier in owned extract
IA9912497,IA,SEC,NY,no official OFR-to-CRD identifier in owned extract
IA9908535,IA,FLA,FL,no official OFR-to-CRD identifier in owned extract
IA9908288,IA,SEC,PA,no official OFR-to-CRD identifier in owned extract
IA9916235,IA,SEC,WA,no official OFR-to-CRD identifier in owned extract
IA9913649,IA,SEC,FL,no official OFR-to-CRD identifier in owned extract
IA9917133,IA,SEC,CO,no official OFR-to-CRD identifier in owned extract
IA0901543,IA,SEC,OH,no official OFR-to-CRD identifier in owned extract
IA9907424,IA,FLA,FL,no official OFR-to-CRD identifier in owned extract
BD0902427,BD,FNRA,LA,no official OFR-to-CRD identifier in owned extract
IA9913383,IA,SEC,AL,no official OFR-to-CRD identifier in owned extract
IA0902127,IA,SEC,WI,no official OFR-to-CRD identifier in owned extract
IA9908785,IA,FLA,FL,no official OFR-to-CRD identifier in owned extract
BD1004245,BD,FNRA,KY,no official OFR-to-CRD identifier in owned extract
IA9913575,IA,FLA,CA,no official OFR-to-CRD identifier in owned extract
IA0901351,IA,SEC,FL,no official OFR-to-CRD identifier in owned extract
BD0902105,BD,FNRA,IL,no official OFR-to-CRD identifier in owned extract
BD0900357,BD,FNRA,CA,no official OFR-to-CRD identifier in owned extract
IA9905957,IA,FLA,FL,no official OFR-to-CRD identifier in owned extract
IA9914083,IA,SEC,CA,no official OFR-to-CRD identifier in owned extract
BD0901947,BD,FNRA,NY,no official OFR-to-CRD identifier in owned extract
BD0901426,BD,FNRA,NY,no official OFR-to-CRD identifier in owned extract
IA9905471,IA,SEC,NY,no official OFR-to-CRD identifier in owned extract
BD1003513,BD,FNRA,NY,no official OFR-to-CRD identifier in owned extract
IA9914109,IA,FLA,IL,no official OFR-to-CRD identifier in owned extract
IA9912325,IA,SEC,MN,no official OFR-to-CRD identifier in owned extract
IA9914197,IA,SEC,VA,no official OFR-to-CRD identifier in owned extract
IA9911165,IA,SEC,KY,no official OFR-to-CRD identifier in owned extract
IA9911721,IA,SEC,IL,no official OFR-to-CRD identifier in owned extract
IA9917521,IA,FLA,KY,no official OFR-to-CRD identifier in owned extract
IA9915697,IA,FLA,FL,no official OFR-to-CRD identifier in owned extract
IA9912690,IA,FLA,FL,no official OFR-to-CRD identifier in owned extract
IA9910806,IA,FLA,DE,no official OFR-to-CRD identifier in owned extract
IA9914925,IA,SEC,CO,no official OFR-to-CRD identifier in owned extract
BD0901865,BD,FNRA,OH,no official OFR-to-CRD identifier in owned extract
IA9908173,IA,SEC,OH,no official OFR-to-CRD identifier in owned extract
IA9908289,IA,SEC,CA,no official OFR-to-CRD identifier in owned extract
IA9917219,IA,FLA,FL,no official OFR-to-CRD identifier in owned extract
IA9907925,IA,SEC,GA,no official OFR-to-CRD identifier in owned extract
IA9917722,IA,FLA,FL,no official OFR-to-CRD identifier in owned extract
IA9912921,IA,FLA,NJ,no official OFR-to-CRD identifier in owned extract
IA9913993,IA,FLA,NJ,no official OFR-to-CRD identifier in owned extract
IA9916330,IA,SEC,AZ,no official OFR-to-CRD identifier in owned extract
IA9916834,IA,SEC,VA,no official OFR-to-CRD identifier in owned extract
IA9912717,IA,SEC,CO,no official OFR-to-CRD identifier in owned extract
IA9914877,IA,FLA,FL,no official OFR-to-CRD identifier in owned extract
IA9917319,IA,SEC,CA,no official OFR-to-CRD identifier in owned extract
IA9917612,IA,FLA,NJ,no official OFR-to-CRD identifier in owned extract
BD1004086,BD,FNRA,IL,no official OFR-to-CRD identifier in owned extract
IA9915269,IA,SEC,FL,no official OFR-to-CRD identifier in owned extract
IA9907753,IA,FLA,FL,no official OFR-to-CRD identifier in owned extract
IA9915695,IA,FLA,FL,no official OFR-to-CRD identifier in owned extract
BD1004216,BD,FNRA,OR,no official OFR-to-CRD identifier in owned extract
IA9904473,IA,SEC,NJ,no official OFR-to-CRD identifier in owned extract
IA9916628,IA,FLA,TX,no official OFR-to-CRD identifier in owned extract
BD1004730,BD,FNRA,NY,no official OFR-to-CRD identifier in owned extract
IA9912467,IA,SEC,FL,no official OFR-to-CRD identifier in owned extract
BD0901000,BD,FNRA,CA,no official OFR-to-CRD identifier in owned extract
IA9913578,IA,SEC,TX,no official OFR-to-CRD identifier in owned extract
IA9913450,IA,SEC,TX,no official OFR-to-CRD identifier in owned extract
IA9913340,IA,SEC,TX,no official OFR-to-CRD identifier in owned extract
IA9907266,IA,FLA,FL,no official OFR-to-CRD identifier in owned extract
IA9917369,IA,SEC,CA,no official OFR-to-CRD identifier in owned extract
IA0904336,IA,SEC,NY,no official OFR-to-CRD identifier in owned extract
BD0900229,BD,FNRA,NY,no official OFR-to-CRD identifier in owned extract
IA9912454,IA,SEC,FL,no official OFR-to-CRD identifier in owned extract
IA9911572,IA,SEC,PA,no official OFR-to-CRD identifier in owned extract
IA9914039,IA,SEC,FL,no official OFR-to-CRD identifier in owned extract
IA9904580,IA,SEC,,no official OFR-to-CRD identifier in owned extract
IA9916193,IA,FLA,MI,no official OFR-to-CRD identifier in owned extract
BD1004099,BD,FNRA,CA,no official OFR-to-CRD identifier in owned extract
IA9916050,IA,FLA,FL,no official OFR-to-CRD identifier in owned extract
IA9916438,IA,SEC,FL,no official OFR-to-CRD identifier in owned extract
IA9917094,IA,SEC,VA,no official OFR-to-CRD identifier in owned extract
IA9913121,IA,SEC,NY,no official OFR-to-CRD identifier in owned extract
IA9910882,IA,SEC,FL,no official OFR-to-CRD identifier in owned extract
IA9916446,IA,FLA,MO,no official OFR-to-CRD identifier in owned extract
BD1003298,BD,FNRA,FL,no official OFR-to-CRD identifier in owned extract
IA9912071,IA,FLA,VA,no official OFR-to-CRD identifier in owned extract
IA9905433,IA,FLA,FL,no official OFR-to-CRD identifier in owned extract
IA9913846,IA,SEC,OH,no official OFR-to-CRD identifier in owned extract
IA9910160,IA,SEC,PA,no official OFR-to-CRD identifier in owned extract
IA9914750,IA,SEC,FL,no official OFR-to-CRD identifier in owned extract
BD1004490,BD,FNRA,CA,no official OFR-to-CRD identifier in owned extract
IA0900585,IA,SEC,NY,no official OFR-to-CRD identifier in owned extract
IA9904293,IA,FLA,FL,no official OFR-to-CRD identifier in owned extract
IA9915705,IA,FLA,CA,no official OFR-to-CRD identifier in owned extract
BD0902700,BD,FNRA,GA,no official OFR-to-CRD identifier in owned extract
IA9911641,IA,SEC,PA,no official OFR-to-CRD identifier in owned extract
IA9912997,IA,SEC,FL,no official OFR-to-CRD identifier in owned extract
IA9916535,IA,FLA,FL,no official OFR-to-CRD identifier in owned extract
IA9911930,IA,SEC,KS,no official OFR-to-CRD identifier in owned extract
IA9905223,IA,SEC,FL,no official OFR-to-CRD identifier in owned extract
IA9912283,IA,SEC,MI,no official OFR-to-CRD identifier in owned extract
IA9906604,IA,SEC,TX,no official OFR-to-CRD identifier in owned extract
IA0900997,IA,SEC,CA,no official OFR-to-CRD identifier in owned extract
IA9916386,IA,SEC,FL,no official OFR-to-CRD identifier in owned extract
IA9914872,IA,SEC,OH,no official OFR-to-CRD identifier in owned extract
BD1003557,BD,FNRA,NY,no official OFR-to-CRD identifier in owned extract
BD1004291,BD,FNRA,CA,no official OFR-to-CRD identifier in owned extract
IA9915023,IA,FLA,FL,no official OFR-to-CRD identifier in owned extract
IA9916539,IA,SEC,NJ,no official OFR-to-CRD identifier in owned extract
BD0902306,BD,FNRA,WI,no official OFR-to-CRD identifier in owned extract
IA9909068,IA,SEC,WI,no official OFR-to-CRD identifier in owned extract
IA0902708,IA,SEC,CA,no official OFR-to-CRD identifier in owned extract
BD1004661,BD,FNRA,CA,no official OFR-to-CRD identifier in owned extract
BD1004624,BD,FNRA,WA,no official OFR-to-CRD identifier in owned extract
IA9905969,IA,FLA,IL,no official OFR-to-CRD identifier in owned extract
IA9917312,IA,SEC,IL,no official OFR-to-CRD identifier in owned extract
IA9914276,IA,SEC,KS,no official OFR-to-CRD identifier in owned extract
IA9905543,IA,SEC,FL,no official OFR-to-CRD identifier in owned extract
IA9908510,IA,SEC,IL,no official OFR-to-CRD identifier in owned extract
IA9910074,IA,SEC,IL,no official OFR-to-CRD identifier in owned extract
BD0900284,BD,FNRA,NY,no official OFR-to-CRD identifier in owned extract
IA0904136,IA,FLA,FL,no official OFR-to-CRD identifier in owned extract
BD0902303,BD,FNRA,AL,no official OFR-to-CRD identifier in owned extract
IA9907525,IA,SEC,AL,no official OFR-to-CRD identifier in owned extract
IA9907303,IA,SEC,OH,no official OFR-to-CRD identifier in owned extract
IA9917551,IA,SEC,SC,no official OFR-to-CRD identifier in owned extract
IA9914936,IA,SEC,MA,no official OFR-to-CRD identifier in owned extract
IA9911839,IA,SEC,TX,no official OFR-to-CRD identifier in owned extract
IA9909347,IA,FLA,FL,no official OFR-to-CRD identifier in owned extract
IA9910567,IA,FLA,FL,no official OFR-to-CRD identifier in owned extract
IA9907358,IA,SEC,OH,no official OFR-to-CRD identifier in owned extract
IA9915537,IA,SEC,NY,no official OFR-to-CRD identifier in owned extract
IA9912094,IA,SEC,OH,no official OFR-to-CRD identifier in owned extract
IA9910887,IA,FLA,CA,no official OFR-to-CRD identifier in owned extract
IA0901963,IA,FLA,FL,no official OFR-to-CRD identifier in owned extract
IA0902749,IA,SEC,CT,no official OFR-to-CRD identifier in owned extract
IA9911868,IA,SEC,MD,no official OFR-to-CRD identifier in owned extract
IA9909668,IA,SEC,MA,no official OFR-to-CRD identifier in owned extract
IA9916653,IA,SEC,FL,no official OFR-to-CRD identifier in owned extract
IA9915203,IA,SEC,MI,no official OFR-to-CRD identifier in owned extract
IA9908442,IA,SEC,TN,no official OFR-to-CRD identifier in owned extract
IA9914187,IA,SEC,CT,no official OFR-to-CRD identifier in owned extract
BD1004682,BD,FNRA,CT,no official OFR-to-CRD identifier in owned extract
BD1003827,BD,FNRA,CA,no official OFR-to-CRD identifier in owned extract
IA9911393,IA,SEC,MD,no official OFR-to-CRD identifier in owned extract
BD1003776,BD,FNRA,NY,no official OFR-to-CRD identifier in owned extract
IA0900285,IA,SEC,MO,no official OFR-to-CRD identifier in owned extract
IA9914047,IA,SEC,NJ,no official OFR-to-CRD identifier in owned extract
IA9914088,IA,SEC,NY,no official OFR-to-CRD identifier in owned extract
IA9915360,IA,SEC,NY,no official OFR-to-CRD identifier in owned extract
IA9912615,IA,SEC,NY,no official OFR-to-CRD identifier in owned extract
IA9909908,IA,SEC,CT,no official OFR-to-CRD identifier in owned extract
IA9913255,IA,SEC,NY,no official OFR-to-CRD identifier in owned extract
IA0900335,IA,SEC,NC,no official OFR-to-CRD identifier in owned extract
BD1003179,BD,FNRA,NY,no official OFR-to-CRD identifier in owned extract
IA0903829,IA,SEC,NJ,no official OFR-to-CRD identifier in owned extract
IA9913593,IA,SEC,NC,no official OFR-to-CRD identifier in owned extract
BD0902836,BD,FNRA,NY,no official OFR-to-CRD identifier in owned extract
IA9913158,IA,SEC,CA,no official OFR-to-CRD identifier in owned extract
IA9911924,IA,SEC,WI,no official OFR-to-CRD identifier in owned extract
IA9916431,IA,SEC,NC,no official OFR-to-CRD identifier in owned extract
IA9911922,IA,FLA,FL,no official OFR-to-CRD identifier in owned extract
IA9914327,IA,SEC,UT,no official OFR-to-CRD identifier in owned extract
IA9907926,IA,SEC,IN,no official OFR-to-CRD identifier in owned extract
IA9908649,IA,SEC,TX,no official OFR-to-CRD identifier in owned extract
BD0901347,BD,FNRA,TX,no official OFR-to-CRD identifier in owned extract
IA9904762,IA,SEC,TX,no official OFR-to-CRD identifier in owned extract
IA9908900,IA,SEC,NY,no official OFR-to-CRD identifier in owned extract
IA9909263,IA,FLA,NY,no official OFR-to-CRD identifier in owned extract
IA9915460,IA,FLA,FL,no official OFR-to-CRD identifier in owned extract
IA9916331,IA,SEC,NJ,no official OFR-to-CRD identifier in owned extract
IA9905755,IA,FLA,FL,no official OFR-to-CRD identifier in owned extract
IA9915384,IA,SEC,TN,no official OFR-to-CRD identifier in owned extract
IA9910395,IA,SEC,NJ,no official OFR-to-CRD identifier in owned extract
IA9908426,IA,SEC,PA,no official OFR-to-CRD identifier in owned extract
IA9910833,IA,SEC,AZ,no official OFR-to-CRD identifier in owned extract
BD0902589,BD,FNRA,OH,no official OFR-to-CRD identifier in owned extract
IA9907005,IA,SEC,OH,no official OFR-to-CRD identifier in owned extract
BD0900351,BD,FNRA,OH,no official OFR-to-CRD identifier in owned extract
BD1004357,BD,CAN,ON,no official OFR-to-CRD identifier in owned extract
IA9907189,IA,SEC,FL,no official OFR-to-CRD identifier in owned extract
IA9910491,IA,FLA,FL,no official OFR-to-CRD identifier in owned extract
IA9916523,IA,SEC,GA,no official OFR-to-CRD identifier in owned extract
IA9906860,IA,SEC,KY,no official OFR-to-CRD identifier in owned extract
IA0902210,IA,SEC,OH,no official OFR-to-CRD identifier in owned extract
IA9912362,IA,SEC,NE,no official OFR-to-CRD identifier in owned extract
IA9904807,IA,SEC,MN,no official OFR-to-CRD identifier in owned extract
IA9912602,IA,SEC,CA,no official OFR-to-CRD identifier in owned extract
IA9915975,IA,SEC,PA,no official OFR-to-CRD identifier in owned extract
IA9908018,IA,SEC,VA,no official OFR-to-CRD identifier in owned extract
IA9913052,IA,SEC,IN,no official OFR-to-CRD identifier in owned extract
IA9916792,IA,SEC,SD,no official OFR-to-CRD identifier in owned extract
IA9912965,IA,FLA,FL,no official OFR-to-CRD identifier in owned extract
IA9912725,IA,SEC,LA,no official OFR-to-CRD identifier in owned extract
IA9912928,IA,FLA,FL,no official OFR-to-CRD identifier in owned extract
IA9913623,IA,FLA,FL,no official OFR-to-CRD identifier in owned extract
IA9917775,IA,SEC,FL,no official OFR-to-CRD identifier in owned extract
IA9908922,IA,FLA,NC,no official OFR-to-CRD identifier in owned extract
IA9915252,IA,SEC,NY,no official OFR-to-CRD identifier in owned extract
IA9914650,IA,FLA,LA,no official OFR-to-CRD identifier in owned extract
BD1003134,BD,FNRA,NY,no official OFR-to-CRD identifier in owned extract
IA9917305,IA,FLA,FL,no official OFR-to-CRD identifier in owned extract
IA9913272,IA,FLA,FL,no official OFR-to-CRD identifier in owned extract
IA9906898,IA,SEC,GA,no official OFR-to-CRD identifier in owned extract
IA9914572,IA,SEC,WA,no official OFR-to-CRD identifier in owned extract
BD0901137,BD,FNRA,NV,no official OFR-to-CRD identifier in owned extract
IA9910638,IA,SEC,MD,no official OFR-to-CRD identifier in owned extract
IA9915428,IA,SEC,NY,no official OFR-to-CRD identifier in owned extract
BD0901533,BD,FNRA,NY,no official OFR-to-CRD identifier in owned extract
IA0901891,IA,SEC,NY,no official OFR-to-CRD identifier in owned extract
IA9909857,IA,SEC,TN,no official OFR-to-CRD identifier in owned extract
IA9915789,IA,FLA,FL,no official OFR-to-CRD identifier in owned extract
IA9912662,IA,SEC,CA,no official OFR-to-CRD identifier in owned extract
IA9913125,IA,SEC,FL,no official OFR-to-CRD identifier in owned extract
IA9917132,IA,SEC,OH,no official OFR-to-CRD identifier in owned extract
BD0901747,BD,FNRA,NY,no official OFR-to-CRD identifier in owned extract
IA9912752,IA,FLA,FL,no official OFR-to-CRD identifier in owned extract
IA9912842,IA,SEC,NY,no official OFR-to-CRD identifier in owned extract
IA9905387,IA,SEC,NY,no official OFR-to-CRD identifier in owned extract
IA9915485,IA,FLA,VA,no official OFR-to-CRD identifier in owned extract
IA9915693,IA,SEC,AZ,no official OFR-to-CRD identifier in owned extract
IA9911482,IA,SEC,IL,no official OFR-to-CRD identifier in owned extract
IA9909527,IA,FLA,TX,no official OFR-to-CRD identifier in owned extract
IA9915149,IA,SEC,FL,no official OFR-to-CRD identifier in owned extract
IA0903974,IA,SEC,GA,no official OFR-to-CRD identifier in owned extract
IA9906849,IA,SEC,OR,no official OFR-to-CRD identifier in owned extract
BD1004072,BD,FNRA,CA,no official OFR-to-CRD identifier in owned extract
IA9909284,IA,SEC,CA,no official OFR-to-CRD identifier in owned extract
IA9914934,IA,SEC,OH,no official OFR-to-CRD identifier in owned extract
IA9911405,IA,SEC,PA,no official OFR-to-CRD identifier in owned extract
IA9915204,IA,SEC,SC,no official OFR-to-CRD identifier in owned extract
BD0902118,BD,FNRA,CA,no official OFR-to-CRD identifier in owned extract
IA9915270,IA,SEC,OH,no official OFR-to-CRD identifier in owned extract
IA9916023,IA,SEC,VA,no official OFR-to-CRD identifier in owned extract
IA9917749,IA,FLA,MD,no official OFR-to-CRD identifier in owned extract
IA9916987,IA,SEC,NY,no official OFR-to-CRD identifier in owned extract
IA0901410,IA,SEC,IN,no official OFR-to-CRD identifier in owned extract
IA0902412,IA,SEC,FL,no official OFR-to-CRD identifier in owned extract
IA9910250,IA,FLA,OH,no official OFR-to-CRD identifier in owned extract
IA9915288,IA,SEC,OH,no official OFR-to-CRD identifier in owned extract
IA9912751,IA,FLA,CA,no official OFR-to-CRD identifier in owned extract
IA9907948,IA,FLA,NY,no official OFR-to-CRD identifier in owned extract
IA9915835,IA,SEC,PA,no official OFR-to-CRD identifier in owned extract
IA9916927,IA,FLA,FL,no official OFR-to-CRD identifier in owned extract
BD1004197,BD,FNRA,IN,no official OFR-to-CRD identifier in owned extract
IA9917313,IA,SEC,NY,no official OFR-to-CRD identifier in owned extract
BD1003150,BD,FNRA,NY,no official OFR-to-CRD identifier in owned extract
BD1003112,BD,FNRA,NY,no official OFR-to-CRD identifier in owned extract
IA9906956,IA,SEC,IL,no official OFR-to-CRD identifier in owned extract
IA0902024,IA,SEC,WI,no official OFR-to-CRD identifier in owned extract
IA0902762,IA,FLA,FL,no official OFR-to-CRD identifier in owned extract
IA9915462,IA,SEC,CA,no official OFR-to-CRD identifier in owned extract
IA9911536,IA,FLA,FL,no official OFR-to-CRD identifier in owned extract
IA9910587,IA,SEC,OH,no official OFR-to-CRD identifier in owned extract
IA9910844,IA,SEC,FL,no official OFR-to-CRD identifier in owned extract
IA0900457,IA,FLA,FL,no official OFR-to-CRD identifier in owned extract
IA0900380,IA,SEC,NY,no official OFR-to-CRD identifier in owned extract
IA0903532,IA,SEC,NY,no official OFR-to-CRD identifier in owned extract
IA9905003,IA,FLA,FL,no official OFR-to-CRD identifier in owned extract
IA9908739,IA,SEC,FL,no official OFR-to-CRD identifier in owned extract
IA9910281,IA,SEC,OH,no official OFR-to-CRD identifier in owned extract
IA9914366,IA,SEC,TX,no official OFR-to-CRD identifier in owned extract
IA9915914,IA,FLA,MI,no official OFR-to-CRD identifier in owned extract
BD1004842,BD,FNRA,NY,no official OFR-to-CRD identifier in owned extract
IA9911620,IA,FLA,FL,no official OFR-to-CRD identifier in owned extract
IA9907886,IA,FLA,FL,no official OFR-to-CRD identifier in owned extract
IA9916956,IA,FLA,FL,no official OFR-to-CRD identifier in owned extract
IA9910694,IA,SEC,NY,no official OFR-to-CRD identifier in owned extract
IA9912095,IA,SEC,CT,no official OFR-to-CRD identifier in owned extract
IA9916332,IA,SEC,CA,no official OFR-to-CRD identifier in owned extract
IA9907633,IA,SEC,IL,no official OFR-to-CRD identifier in owned extract
IA9909214,IA,SEC,TN,no official OFR-to-CRD identifier in owned extract
IA9917294,IA,SEC,NY,no official OFR-to-CRD identifier in owned extract
IA9914528,IA,FLA,MI,no official OFR-to-CRD identifier in owned extract
BD0901768,BD,FNRA,MI,no official OFR-to-CRD identifier in owned extract
IA0902923,IA,SEC,KS,no official OFR-to-CRD identifier in owned extract
IA9914111,IA,SEC,NY,no official OFR-to-CRD identifier in owned extract
IA0901376,IA,SEC,PA,no official OFR-to-CRD identifier in owned extract
IA9911569,IA,SEC,OH,no official OFR-to-CRD identifier in owned extract
IA9912142,IA,FLA,FL,no official OFR-to-CRD identifier in owned extract
IA9913104,IA,FLA,FL,no official OFR-to-CRD identifier in owned extract
IA9909019,IA,SEC,WI,no official OFR-to-CRD identifier in owned extract
IA9913326,IA,FLA,NY,no official OFR-to-CRD identifier in owned extract
IA9916590,IA,FLA,FL,no official OFR-to-CRD identifier in owned extract
IA9913864,IA,SEC,PA,no official OFR-to-CRD identifier in owned extract
BD1004331,BD,FNRA,NY,no official OFR-to-CRD identifier in owned extract
IA9908290,IA,SEC,FL,no official OFR-to-CRD identifier in owned extract
IA9913271,IA,FLA,WI,no official OFR-to-CRD identifier in owned extract
IA9905379,IA,SEC,FL,no official OFR-to-CRD identifier in owned extract
IA0900482,IA,SEC,KS,no official OFR-to-CRD identifier in owned extract
IA9917349,IA,SEC,VA,no official OFR-to-CRD identifier in owned extract
IA0901566,IA,SEC,IL,no official OFR-to-CRD identifier in owned extract
IA0900306,IA,SEC,FL,no official OFR-to-CRD identifier in owned extract
IA9915540,IA,SEC,,no official OFR-to-CRD identifier in owned extract
BD0901719,BD,FNRA,NY,no official OFR-to-CRD identifier in owned extract
IA0902329,IA,SEC,FL,no official OFR-to-CRD identifier in owned extract
BD0901465,BD,FNRA,FL,no official OFR-to-CRD identifier in owned extract
IA9913109,IA,SEC,OH,no official OFR-to-CRD identifier in owned extract
IA9910222,IA,SEC,CO,no official OFR-to-CRD identifier in owned extract
BD1003554,BD,FNRA,UT,no official OFR-to-CRD identifier in owned extract
BD0901797,BD,FNRA,IL,no official OFR-to-CRD identifier in owned extract
IA9909353,IA,SEC,KY,no official OFR-to-CRD identifier in owned extract
BD0901607,BD,FNRA,NJ,no official OFR-to-CRD identifier in owned extract
IA0903467,IA,SEC,MA,no official OFR-to-CRD identifier in owned extract
IA9910622,IA,SEC,MO,no official OFR-to-CRD identifier in owned extract
IA9916856,IA,SEC,FL,no official OFR-to-CRD identifier in owned extract
BD1004706,BD,FNRA,FL,no official OFR-to-CRD identifier in owned extract
IA9908401,IA,SEC,MI,no official OFR-to-CRD identifier in owned extract
IA9911964,IA,FLA,WI,no official OFR-to-CRD identifier in owned extract
IA9909954,IA,FLA,FL,no official OFR-to-CRD identifier in owned extract
IA9914021,IA,SEC,CT,no official OFR-to-CRD identifier in owned extract
IA9907157,IA,SEC,MO,no official OFR-to-CRD identifier in owned extract
IA9905010,IA,FLA,FL,no official OFR-to-CRD identifier in owned extract
IA9916194,IA,FLA,FL,no official OFR-to-CRD identifier in owned extract
IA9911854,IA,SEC,PA,no official OFR-to-CRD identifier in owned extract
IA9917065,IA,SEC,IL,no official OFR-to-CRD identifier in owned extract
BD0901392,BD,FNRA,IL,no official OFR-to-CRD identifier in owned extract
IA9914985,IA,SEC,MI,no official OFR-to-CRD identifier in owned extract
IA9913484,IA,SEC,LA,no official OFR-to-CRD identifier in owned extract
IA9917640,IA,FLA,FL,no official OFR-to-CRD identifier in owned extract
IA9916420,IA,SEC,IL,no official OFR-to-CRD identifier in owned extract
IA9907727,IA,SEC,FL,no official OFR-to-CRD identifier in owned extract
IA9910361,IA,SEC,NJ,no official OFR-to-CRD identifier in owned extract
IA9917321,IA,SEC,NC,no official OFR-to-CRD identifier in owned extract
IA9915205,IA,SEC,IL,no official OFR-to-CRD identifier in owned extract
IA9913436,IA,SEC,NC,no official OFR-to-CRD identifier in owned extract
IA9917468,IA,SEC,IL,no official OFR-to-CRD identifier in owned extract
IA9912108,IA,SEC,MN,no official OFR-to-CRD identifier in owned extract
BD0902821,BD,FNRA,GA,no official OFR-to-CRD identifier in owned extract
IA9917639,IA,SEC,FL,no official OFR-to-CRD identifier in owned extract
IA9909332,IA,SEC,NY,no official OFR-to-CRD identifier in owned extract
BD0901771,BD,FNRA,TX,no official OFR-to-CRD identifier in owned extract
IA9916729,IA,FLA,FL,no official OFR-to-CRD identifier in owned extract
IA9917857,IA,SEC,FL,no official OFR-to-CRD identifier in owned extract
BD1004780,BD,FNRA,NY,no official OFR-to-CRD identifier in owned extract
IA9911704,IA,SEC,CA,no official OFR-to-CRD identifier in owned extract
IA9910110,IA,SEC,KS,no official OFR-to-CRD identifier in owned extract
BD1004846,BD,FNRA,NJ,no official OFR-to-CRD identifier in owned extract
IA9907808,IA,SEC,CA,no official OFR-to-CRD identifier in owned extract
IA9914922,IA,SEC,TX,no official OFR-to-CRD identifier in owned extract
IA9916725,IA,SEC,FL,no official OFR-to-CRD identifier in owned extract
IA9915776,IA,SEC,FL,no official OFR-to-CRD identifier in owned extract
IA9913384,IA,SEC,MD,no official OFR-to-CRD identifier in owned extract
IA0902570,IA,SEC,AZ,no official OFR-to-CRD identifier in owned extract
BD0901264,BD,FNRA,CA,no official OFR-to-CRD identifier in owned extract
IA0903060,IA,SEC,NY,no official OFR-to-CRD identifier in owned extract
BD0901034,BD,FNRA,NJ,no official OFR-to-CRD identifier in owned extract
IA0903252,IA,SEC,CA,no official OFR-to-CRD identifier in owned extract
IA9917342,IA,SEC,WI,no official OFR-to-CRD identifier in owned extract
IA9903890,IA,SEC,CT,no official OFR-to-CRD identifier in owned extract
IA9912618,IA,SEC,NY,no official OFR-to-CRD identifier in owned extract
BD0900189,BD,FNRA,NY,no official OFR-to-CRD identifier in owned extract
IA0902340,IA,SEC,NY,no official OFR-to-CRD identifier in owned extract
IA9906569,IA,FLA,FL,no official OFR-to-CRD identifier in owned extract
IA0903278,IA,SEC,MD,no official OFR-to-CRD identifier in owned extract
IA0903083,IA,SEC,TN,no official OFR-to-CRD identifier in owned extract
IA9915499,IA,SEC,FL,no official OFR-to-CRD identifier in owned extract
BD0901979,BD,FNRA,FL,no official OFR-to-CRD identifier in owned extract
IA9906601,IA,SEC,MI,no official OFR-to-CRD identifier in owned extract
BD1004410,BD,FNRA,MN,no official OFR-to-CRD identifier in owned extract
IA9915895,IA,SEC,CA,no official OFR-to-CRD identifier in owned extract
BD0902145,BD,FNRA,ZZ,no official OFR-to-CRD identifier in owned extract
IA9910218,IA,SEC,NY,no official OFR-to-CRD identifier in owned extract
IA0900659,IA,SEC,WA,no official OFR-to-CRD identifier in owned extract
BD1004199,BD,FNRA,MN,no official OFR-to-CRD identifier in owned extract
IA9910522,IA,SEC,IL,no official OFR-to-CRD identifier in owned extract
IA9915958,IA,FLA,NY,no official OFR-to-CRD identifier in owned extract
IA9913558,IA,SEC,OH,no official OFR-to-CRD identifier in owned extract
IA9914587,IA,SEC,IL,no official OFR-to-CRD identifier in owned extract
IA9910344,IA,SEC,MI,no official OFR-to-CRD identifier in owned extract
BD1003061,BD,CAN,ON,no official OFR-to-CRD identifier in owned extract
IA9915098,IA,FLA,FL,no official OFR-to-CRD identifier in owned extract
IA9916824,IA,SEC,,no official OFR-to-CRD identifier in owned extract
IA9904201,IA,FLA,FL,no official OFR-to-CRD identifier in owned extract
BD0902369,BD,FNRA,NY,no official OFR-to-CRD identifier in owned extract
BD0901393,BD,FNRA,FL,no official OFR-to-CRD identifier in owned extract
BD0901166,BD,FNRA,AL,no official OFR-to-CRD identifier in owned extract
IA0901860,IA,SEC,AL,no official OFR-to-CRD identifier in owned extract
IA9916981,IA,SEC,NY,no official OFR-to-CRD identifier in owned extract
BD0901657,BD,FNRA,WI,no official OFR-to-CRD identifier in owned extract
IA0901898,IA,SEC,WI,no official OFR-to-CRD identifier in owned extract
IA9913755,IA,FLA,FL,no official OFR-to-CRD identifier in owned extract
IA9915145,IA,SEC,FL,no official OFR-to-CRD identifier in owned extract
IA9911322,IA,SEC,NY,no official OFR-to-CRD identifier in owned extract
BD0902613,BD,FNRA,WI,no official OFR-to-CRD identifier in owned extract
IA9917238,IA,SEC,WI,no official OFR-to-CRD identifier in owned extract
IA9912703,IA,SEC,FL,no official OFR-to-CRD identifier in owned extract
IA9910206,IA,FLA,FL,no official OFR-to-CRD identifier in owned extract
IA9904260,IA,FLA,FL,no official OFR-to-CRD identifier in owned extract
IA9913916,IA,FLA,PA,no official OFR-to-CRD identifier in owned extract
IA9913519,IA,SEC,MS,no official OFR-to-CRD identifier in owned extract
IA9916236,IA,SEC,GA,no official OFR-to-CRD identifier in owned extract
IA9916638,IA,SEC,CT,no official OFR-to-CRD identifier in owned extract
IA9906800,IA,SEC,NY,no official OFR-to-CRD identifier in owned extract
IA9910298,IA,SEC,IL,no official OFR-to-CRD identifier in owned extract
IA9913912,IA,SEC,MN,no official OFR-to-CRD identifier in owned extract
IA9911337,IA,SEC,FL,no official OFR-to-CRD identifier in owned extract
BD0900522,BD,FNRA,CO,no official OFR-to-CRD identifier in owned extract
IA0901799,IA,SEC,CO,no official OFR-to-CRD identifier in owned extract
BD1003947,BD,FNRA,,no official OFR-to-CRD identifier in owned extract
IA9907521,IA,FLA,FL,no official OFR-to-CRD identifier in owned extract
IA9904502,IA,SEC,MO,no official OFR-to-CRD identifier in owned extract
BD1003073,BD,FNRA,MO,no official OFR-to-CRD identifier in owned extract
IA9907928,IA,SEC,FL,no official OFR-to-CRD identifier in owned extract
BD1004158,BD,FNRA,FL,no official OFR-to-CRD identifier in owned extract
IA9917542,IA,SEC,FL,no official OFR-to-CRD identifier in owned extract
BD1003433,BD,FNRA,IL,no official OFR-to-CRD identifier in owned extract
BD0900266,BD,FNRA,IL,no official OFR-to-CRD identifier in owned extract
IA0901049,IA,SEC,IL,no official OFR-to-CRD identifier in owned extract
IA9915635,IA,FLA,FL,no official OFR-to-CRD identifier in owned extract
IA9916197,IA,FLA,VA,no official OFR-to-CRD identifier in owned extract
BD1004673,BD,FNRA,FL,no official OFR-to-CRD identifier in owned extract
BD1003619,BD,FNRA,FL,no official OFR-to-CRD identifier in owned extract
IA9914677,IA,FLA,FL,no official OFR-to-CRD identifier in owned extract
IA9904161,IA,SEC,IL,no official OFR-to-CRD identifier in owned extract
IA9909977,IA,SEC,IL,no official OFR-to-CRD identifier in owned extract
IA9911607,IA,FLA,FL,no official OFR-to-CRD identifier in owned extract
IA9916920,IA,SEC,NJ,no official OFR-to-CRD identifier in owned extract
IA0904230,IA,SEC,NC,no official OFR-to-CRD identifier in owned extract
BD1003505,BD,CAN,QC,no official OFR-to-CRD identifier in owned extract
IA9909831,IA,SEC,MD,no official OFR-to-CRD identifier in owned extract
IA0900593,IA,FLA,FL,no official OFR-to-CRD identifier in owned extract
IA0901958,IA,SEC,NY,no official OFR-to-CRD identifier in owned extract
BD0902311,BD,FNRA,NY,no official OFR-to-CRD identifier in owned extract
BD0900182,BD,FNRA,NY,no official OFR-to-CRD identifier in owned extract
IA9909913,IA,SEC,CA,no official OFR-to-CRD identifier in owned extract
BD1004613,BD,FNRA,OH,no official OFR-to-CRD identifier in owned extract
IA9916388,IA,SEC,PA,no official OFR-to-CRD identifier in owned extract
IA9908291,IA,SEC,TN,no official OFR-to-CRD identifier in owned extract
BD0901381,BD,FNRA,IL,no official OFR-to-CRD identifier in owned extract
IA9912285,IA,SEC,GA,no official OFR-to-CRD identifier in owned extract
BD0902316,BD,FNRA,FL,no official OFR-to-CRD identifier in owned extract
IA9905593,IA,SEC,IL,no official OFR-to-CRD identifier in owned extract
IA9917234,IA,SEC,GA,no official OFR-to-CRD identifier in owned extract
IA9916175,IA,SEC,CT,no official OFR-to-CRD identifier in owned extract
IA9916839,IA,SEC,VA,no official OFR-to-CRD identifier in owned extract
IA9912757,IA,FLA,FL,no official OFR-to-CRD identifier in owned extract
IA9917030,IA,SEC,FL,no official OFR-to-CRD identifier in owned extract
IA9909826,IA,SEC,NY,no official OFR-to-CRD identifier in owned extract
IA9915135,IA,FLA,FL,no official OFR-to-CRD identifier in owned extract
IA9912099,IA,SEC,TN,no official OFR-to-CRD identifier in owned extract
IA9904059,IA,FLA,IL,no official OFR-to-CRD identifier in owned extract
IA9911727,IA,SEC,FL,no official OFR-to-CRD identifier in owned extract
IA0900297,IA,SEC,AL,no official OFR-to-CRD identifier in owned extract
IA9912623,IA,FLA,MN,no official OFR-to-CRD identifier in owned extract
IA9907006,IA,SEC,NY,no official OFR-to-CRD identifier in owned extract
BD0902808,BD,FNRA,NY,no official OFR-to-CRD identifier in owned extract
IA9910967,IA,SEC,NY,no official OFR-to-CRD identifier in owned extract
IA0903742,IA,FLA,FL,no official OFR-to-CRD identifier in owned extract
BD0901647,BD,FNRA,AL,no official OFR-to-CRD identifier in owned extract
IA9915935,IA,SEC,OH,no official OFR-to-CRD identifier in owned extract
BD1004080,BD,FNRA,NY,no official OFR-to-CRD identifier in owned extract
IA9909759,IA,FLA,FL,no official OFR-to-CRD identifier in owned extract
IA9909035,IA,SEC,TN,no official OFR-to-CRD identifier in owned extract
IA9911624,IA,SEC,TX,no official OFR-to-CRD identifier in owned extract
IA9908080,IA,FLA,OH,no official OFR-to-CRD identifier in owned extract
IA9915615,IA,SEC,MD,no official OFR-to-CRD identifier in owned extract
IA0900669,IA,SEC,NY,no official OFR-to-CRD identifier in owned extract
IA9915339,IA,SEC,CA,no official OFR-to-CRD identifier in owned extract
IA9913520,IA,SEC,NY,no official OFR-to-CRD identifier in owned extract
IA9910035,IA,SEC,IL,no official OFR-to-CRD identifier in owned extract
BD0901190,BD,FNRA,MA,no official OFR-to-CRD identifier in owned extract
IA9913305,IA,SEC,MA,no official OFR-to-CRD identifier in owned extract
IA9910009,IA,FLA,FL,no official OFR-to-CRD identifier in owned extract
IA9909991,IA,SEC,IL,no official OFR-to-CRD identifier in owned extract
IA9904413,IA,SEC,PA,no official OFR-to-CRD identifier in owned extract
IA9913881,IA,FLA,OH,no official OFR-to-CRD identifier in owned extract
IA9915476,IA,SEC,PA,no official OFR-to-CRD identifier in owned extract
IA9914947,IA,SEC,FL,no official OFR-to-CRD identifier in owned extract
IA9914641,IA,SEC,CA,no official OFR-to-CRD identifier in owned extract
IA9913647,IA,FLA,NJ,no official OFR-to-CRD identifier in owned extract
IA9915313,IA,SEC,AZ,no official OFR-to-CRD identifier in owned extract
IA9914870,IA,SEC,NY,no official OFR-to-CRD identifier in owned extract
IA9907099,IA,FLA,FL,no official OFR-to-CRD identifier in owned extract
IA9909484,IA,SEC,MN,no official OFR-to-CRD identifier in owned extract
IA9906127,IA,SEC,KY,no official OFR-to-CRD identifier in owned extract
IA9908732,IA,SEC,IA,no official OFR-to-CRD identifier in owned extract
IA9914562,IA,SEC,KY,no official OFR-to-CRD identifier in owned extract
IA9917681,IA,SEC,MI,no official OFR-to-CRD identifier in owned extract
IA9908528,IA,SEC,KS,no official OFR-to-CRD identifier in owned extract
IA9916526,IA,FLA,FL,no official OFR-to-CRD identifier in owned extract
IA9913686,IA,FLA,MI,no official OFR-to-CRD identifier in owned extract
IA9911326,IA,SEC,CA,no official OFR-to-CRD identifier in owned extract
IA9915076,IA,SEC,GA,no official OFR-to-CRD identifier in owned extract
IA9908760,IA,FLA,FL,no official OFR-to-CRD identifier in owned extract
IA9914875,IA,SEC,FL,no official OFR-to-CRD identifier in owned extract
IA9916216,IA,SEC,MN,no official OFR-to-CRD identifier in owned extract
IA9915207,IA,SEC,VA,no official OFR-to-CRD identifier in owned extract
IA0900915,IA,SEC,TN,no official OFR-to-CRD identifier in owned extract
IA9912326,IA,SEC,VA,no official OFR-to-CRD identifier in owned extract
IA9911201,IA,FLA,FL,no official OFR-to-CRD identifier in owned extract
IA9910057,IA,SEC,ID,no official OFR-to-CRD identifier in owned extract
IA9917754,IA,SEC,MS,no official OFR-to-CRD identifier in owned extract
IA9914851,IA,FLA,FL,no official OFR-to-CRD identifier in owned extract
IA9917240,IA,SEC,NY,no official OFR-to-CRD identifier in owned extract
IA9913737,IA,FLA,FL,no official OFR-to-CRD identifier in owned extract
IA9916687,IA,SEC,NY,no official OFR-to-CRD identifier in owned extract
IA9906905,IA,SEC,NY,no official OFR-to-CRD identifier in owned extract
IA9914294,IA,SEC,NE,no official OFR-to-CRD identifier in owned extract
IA9907114,IA,SEC,NJ,no official OFR-to-CRD identifier in owned extract
BD0901234,BD,FNRA,NY,no official OFR-to-CRD identifier in owned extract
IA9909861,IA,SEC,NY,no official OFR-to-CRD identifier in owned extract
IA9917330,IA,SEC,TX,no official OFR-to-CRD identifier in owned extract
IA9909599,IA,SEC,MA,no official OFR-to-CRD identifier in owned extract
BD1003423,BD,FNRA,IL,no official OFR-to-CRD identifier in owned extract
IA9916534,IA,FLA,FL,no official OFR-to-CRD identifier in owned extract
IA9904900,IA,FLA,NJ,no official OFR-to-CRD identifier in owned extract
BD1003826,BD,FNRA,TX,no official OFR-to-CRD identifier in owned extract
IA9917236,IA,SEC,TX,no official OFR-to-CRD identifier in owned extract
IA9916958,IA,SEC,NY,no official OFR-to-CRD identifier in owned extract
IA9908653,IA,SEC,NJ,no official OFR-to-CRD identifier in owned extract
IA9913146,IA,SEC,WA,no official OFR-to-CRD identifier in owned extract
BD1004726,BD,FNRA,NY,no official OFR-to-CRD identifier in owned extract
IA9908226,IA,SEC,WA,no official OFR-to-CRD identifier in owned extract
IA0900692,IA,SEC,OH,no official OFR-to-CRD identifier in owned extract
BD0901498,BD,FNRA,NY,no official OFR-to-CRD identifier in owned extract
IA9909113,IA,SEC,NY,no official OFR-to-CRD identifier in owned extract
IA9906736,IA,FLA,FL,no official OFR-to-CRD identifier in owned extract
IA9912942,IA,SEC,IL,no official OFR-to-CRD identifier in owned extract
IA9912153,IA,SEC,NY,no official OFR-to-CRD identifier in owned extract
IA9913521,IA,SEC,FL,no official OFR-to-CRD identifier in owned extract
IA9913522,IA,SEC,FL,no official OFR-to-CRD identifier in owned extract
IA9914897,IA,SEC,IL,no official OFR-to-CRD identifier in owned extract
IA9907252,IA,SEC,,no official OFR-to-CRD identifier in owned extract
BD0902211,BD,FNRA,NJ,no official OFR-to-CRD identifier in owned extract
IA9907924,IA,SEC,NY,no official OFR-to-CRD identifier in owned extract
IA0901999,IA,SEC,NY,no official OFR-to-CRD identifier in owned extract
IA9905531,IA,SEC,TX,no official OFR-to-CRD identifier in owned extract
IA9911090,IA,SEC,TX,no official OFR-to-CRD identifier in owned extract
BD0900717,BD,FNRA,TX,no official OFR-to-CRD identifier in owned extract
IA9914782,IA,SEC,FL,no official OFR-to-CRD identifier in owned extract
IA9916913,IA,FLA,FL,no official OFR-to-CRD identifier in owned extract
IA9917808,IA,SEC,FL,no official OFR-to-CRD identifier in owned extract
IA9912958,IA,SEC,WI,no official OFR-to-CRD identifier in owned extract
IA0903001,IA,SEC,NY,no official OFR-to-CRD identifier in owned extract
IA9911426,IA,SEC,CA,no official OFR-to-CRD identifier in owned extract
IA9911420,IA,SEC,CA,no official OFR-to-CRD identifier in owned extract
IA9916198,IA,SEC,FL,no official OFR-to-CRD identifier in owned extract
IA9915855,IA,FLA,FL,no official OFR-to-CRD identifier in owned extract
IA9911728,IA,SEC,CA,no official OFR-to-CRD identifier in owned extract
IA0901203,IA,SEC,FL,no official OFR-to-CRD identifier in owned extract
IA9912218,IA,SEC,NC,no official OFR-to-CRD identifier in owned extract
IA9908576,IA,SEC,KS,no official OFR-to-CRD identifier in owned extract
IA9912527,IA,SEC,NY,no official OFR-to-CRD identifier in owned extract
IA9915716,IA,SEC,FL,no official OFR-to-CRD identifier in owned extract
BD1003852,BD,FNRA,FL,no official OFR-to-CRD identifier in owned extract
IA9912528,IA,SEC,NY,no official OFR-to-CRD identifier in owned extract
IA9911459,IA,SEC,AR,no official OFR-to-CRD identifier in owned extract
IA9916289,IA,FLA,KY,no official OFR-to-CRD identifier in owned extract
IA9911385,IA,SEC,NY,no official OFR-to-CRD identifier in owned extract
IA9915550,IA,SEC,KY,no official OFR-to-CRD identifier in owned extract
BD1004369,BD,FNRA,OH,no official OFR-to-CRD identifier in owned extract
IA9907367,IA,SEC,,no official OFR-to-CRD identifier in owned extract
IA9914791,IA,FLA,FL,no official OFR-to-CRD identifier in owned extract
IA9916643,IA,SEC,OH,no official OFR-to-CRD identifier in owned extract
IA9916695,IA,FLA,FL,no official OFR-to-CRD identifier in owned extract
IA9917187,IA,SEC,,no official OFR-to-CRD identifier in owned extract
BD0902892,BD,FNRA,OR,no official OFR-to-CRD identifier in owned extract
IA0900834,IA,SEC,MI,no official OFR-to-CRD identifier in owned extract
IA9917425,IA,SEC,WI,no official OFR-to-CRD identifier in owned extract
IA9917830,IA,SEC,MA,no official OFR-to-CRD identifier in owned extract
IA9911314,IA,SEC,IL,no official OFR-to-CRD identifier in owned extract
IA9915470,IA,SEC,PA,no official OFR-to-CRD identifier in owned extract
IA9915749,IA,SEC,PA,no official OFR-to-CRD identifier in owned extract
IA9915038,IA,SEC,CA,no official OFR-to-CRD identifier in owned extract
IA9913829,IA,SEC,NY,no official OFR-to-CRD identifier in owned extract
IA9916108,IA,FLA,FL,no official OFR-to-CRD identifier in owned extract
IA9916146,IA,SEC,CA,no official OFR-to-CRD identifier in owned extract
IA9907838,IA,SEC,CA,no official OFR-to-CRD identifier in owned extract
BD0901339,BD,FNRA,AR,no official OFR-to-CRD identifier in owned extract
IA9909267,IA,FLA,FL,no official OFR-to-CRD identifier in owned extract
IA9908359,IA,SEC,FL,no official OFR-to-CRD identifier in owned extract
IA9910797,IA,FLA,OH,no official OFR-to-CRD identifier in owned extract
IA9916974,IA,SEC,NY,no official OFR-to-CRD identifier in owned extract
IA9908031,IA,FLA,FL,no official OFR-to-CRD identifier in owned extract
IA9915488,IA,FLA,FL,no official OFR-to-CRD identifier in owned extract
IA9909899,IA,SEC,MI,no official OFR-to-CRD identifier in owned extract
IA9915775,IA,SEC,NY,no official OFR-to-CRD identifier in owned extract
IA9915045,IA,SEC,PA,no official OFR-to-CRD identifier in owned extract
IA9907955,IA,SEC,FL,no official OFR-to-CRD identifier in owned extract
IA0903163,IA,FLA,IL,no official OFR-to-CRD identifier in owned extract
IA9915850,IA,SEC,MN,no official OFR-to-CRD identifier in owned extract
BD0901050,BD,FNRA,NY,no official OFR-to-CRD identifier in owned extract
IA0903940,IA,SEC,NY,no official OFR-to-CRD identifier in owned extract
IA9915928,IA,SEC,MN,no official OFR-to-CRD identifier in owned extract
IA9914367,IA,SEC,NC,no official OFR-to-CRD identifier in owned extract
IA9915779,IA,FLA,IL,no official OFR-to-CRD identifier in owned extract
IA9916140,IA,SEC,IL,no official OFR-to-CRD identifier in owned extract
BD1004456,BD,FNRA,NY,no official OFR-to-CRD identifier in owned extract
IA9914785,IA,SEC,FL,no official OFR-to-CRD identifier in owned extract
IA9913571,IA,SEC,TX,no official OFR-to-CRD identifier in owned extract
IA9916745,IA,SEC,FL,no official OFR-to-CRD identifier in owned extract
IA9907878,IA,FLA,AZ,no official OFR-to-CRD identifier in owned extract
IA9915889,IA,SEC,FL,no official OFR-to-CRD identifier in owned extract
IA9911872,IA,SEC,MI,no official OFR-to-CRD identifier in owned extract
BD1004539,BD,FNRA,NY,no official OFR-to-CRD identifier in owned extract
IA9917203,IA,SEC,NY,no official OFR-to-CRD identifier in owned extract
BD1003673,BD,FNRA,CA,no official OFR-to-CRD identifier in owned extract
IA9912039,IA,SEC,NJ,no official OFR-to-CRD identifier in owned extract
IA9914755,IA,SEC,FL,no official OFR-to-CRD identifier in owned extract
IA0902858,IA,SEC,FL,no official OFR-to-CRD identifier in owned extract
IA9913860,IA,SEC,OH,no official OFR-to-CRD identifier in owned extract
IA9913940,IA,SEC,WA,no official OFR-to-CRD identifier in owned extract
BD0902140,BD,FNRA,NJ,no official OFR-to-CRD identifier in owned extract
IA9916461,IA,SEC,MI,no official OFR-to-CRD identifier in owned extract
IA9913790,IA,SEC,FL,no official OFR-to-CRD identifier in owned extract
IA9914831,IA,FLA,TX,no official OFR-to-CRD identifier in owned extract
BD1003453,BD,FNRA,NY,no official OFR-to-CRD identifier in owned extract
IA0901592,IA,SEC,RI,no official OFR-to-CRD identifier in owned extract
IA9913110,IA,SEC,NE,no official OFR-to-CRD identifier in owned extract
BD1003308,BD,FNRA,OH,no official OFR-to-CRD identifier in owned extract
IA9917529,IA,SEC,OH,no official OFR-to-CRD identifier in owned extract
BD0900132,BD,FNRA,PA,no official OFR-to-CRD identifier in owned extract
BD1004470,BD,FNRA,IL,no official OFR-to-CRD identifier in owned extract
BD0900270,BD,FNRA,PA,no official OFR-to-CRD identifier in owned extract
IA0901748,IA,SEC,PA,no official OFR-to-CRD identifier in owned extract
IA0901179,IA,SEC,FL,no official OFR-to-CRD identifier in owned extract
IA9905553,IA,SEC,NY,no official OFR-to-CRD identifier in owned extract
IA9910054,IA,SEC,NC,no official OFR-to-CRD identifier in owned extract
BD1004090,BD,FNRA,NC,no official OFR-to-CRD identifier in owned extract
IA9916810,IA,SEC,FL,no official OFR-to-CRD identifier in owned extract
IA9907362,IA,SEC,OH,no official OFR-to-CRD identifier in owned extract
IA9916836,IA,FLA,NC,no official OFR-to-CRD identifier in owned extract
BD1004708,BD,FNRA,NY,no official OFR-to-CRD identifier in owned extract
IA9911927,IA,SEC,TX,no official OFR-to-CRD identifier in owned extract
IA9911037,IA,SEC,FL,no official OFR-to-CRD identifier in owned extract
IA9909993,IA,SEC,GA,no official OFR-to-CRD identifier in owned extract
IA9914013,IA,SEC,NY,no official OFR-to-CRD identifier in owned extract
BD1003928,BD,FNRA,NY,no official OFR-to-CRD identifier in owned extract
IA9908077,IA,SEC,NY,no official OFR-to-CRD identifier in owned extract
IA9906006,IA,SEC,NJ,no official OFR-to-CRD identifier in owned extract
IA0900871,IA,FLA,FL,no official OFR-to-CRD identifier in owned extract
BD1004273,BD,FNRA,FL,no official OFR-to-CRD identifier in owned extract
BD1004521,BD,FNRA,NY,no official OFR-to-CRD identifier in owned extract
IA9905966,IA,FLA,NJ,no official OFR-to-CRD identifier in owned extract
IA9909204,IA,FLA,FL,no official OFR-to-CRD identifier in owned extract
IA9909499,IA,SEC,MA,no official OFR-to-CRD identifier in owned extract
IA9914696,IA,SEC,TX,no official OFR-to-CRD identifier in owned extract
IA9912287,IA,SEC,NC,no official OFR-to-CRD identifier in owned extract
IA9911170,IA,SEC,MA,no official OFR-to-CRD identifier in owned extract
IA9912219,IA,SEC,OH,no official OFR-to-CRD identifier in owned extract
BD1003955,BD,FNRA,NY,no official OFR-to-CRD identifier in owned extract
IA9906841,IA,SEC,NY,no official OFR-to-CRD identifier in owned extract
IA0902012,IA,FLA,FL,no official OFR-to-CRD identifier in owned extract
BD1002948,BD,FNRA,NY,no official OFR-to-CRD identifier in owned extract
IA9906360,IA,SEC,IN,no official OFR-to-CRD identifier in owned extract
IA9912113,IA,SEC,NY,no official OFR-to-CRD identifier in owned extract
IA9911855,IA,SEC,GA,no official OFR-to-CRD identifier in owned extract
IA9916796,IA,FLA,KY,no official OFR-to-CRD identifier in owned extract
BD1003207,BD,FNRA,NY,no official OFR-to-CRD identifier in owned extract
IA9916333,IA,SEC,CA,no official OFR-to-CRD identifier in owned extract
IA9903969,IA,SEC,MA,no official OFR-to-CRD identifier in owned extract
IA9914869,IA,SEC,FL,no official OFR-to-CRD identifier in owned extract
IA9917625,IA,SEC,IL,no official OFR-to-CRD identifier in owned extract
IA9913523,IA,SEC,CT,no official OFR-to-CRD identifier in owned extract
IA9914167,IA,SEC,MO,no official OFR-to-CRD identifier in owned extract
IA9916581,IA,FLA,FL,no official OFR-to-CRD identifier in owned extract
IA9904025,IA,SEC,KS,no official OFR-to-CRD identifier in owned extract
BD0903022,BD,FNRA,KS,no official OFR-to-CRD identifier in owned extract
BD1004583,BD,FNRA,NY,no official OFR-to-CRD identifier in owned extract
BD0902941,BD,FNRA,MN,no official OFR-to-CRD identifier in owned extract
IA9913524,IA,SEC,FL,no official OFR-to-CRD identifier in owned extract
BD1004784,BD,FNRA,MA,no official OFR-to-CRD identifier in owned extract
BD1004468,BD,FNRA,KS,no official OFR-to-CRD identifier in owned extract
IA9911848,IA,FLA,FL,no official OFR-to-CRD identifier in owned extract
IA9914600,IA,SEC,WA,no official OFR-to-CRD identifier in owned extract
BD1004724,BD,FNRA,NJ,no official OFR-to-CRD identifier in owned extract
IA9913966,IA,FLA,DE,no official OFR-to-CRD identifier in owned extract
IA0900632,IA,SEC,PA,no official OFR-to-CRD identifier in owned extract
IA9906524,IA,FLA,FL,no official OFR-to-CRD identifier in owned extract
IA9910711,IA,SEC,MD,no official OFR-to-CRD identifier in owned extract
BD0900776,BD,FNRA,MD,no official OFR-to-CRD identifier in owned extract
IA9916777,IA,SEC,UT,no official OFR-to-CRD identifier in owned extract
IA9911709,IA,SEC,UT,no official OFR-to-CRD identifier in owned extract
IA9914784,IA,SEC,TX,no official OFR-to-CRD identifier in owned extract
BD1004477,BD,FNRA,TX,no official OFR-to-CRD identifier in owned extract
IA9917688,IA,FLA,FL,no official OFR-to-CRD identifier in owned extract
IA9916855,IA,SEC,NY,no official OFR-to-CRD identifier in owned extract
IA9915856,IA,FLA,MO,no official OFR-to-CRD identifier in owned extract
IA9911981,IA,SEC,FL,no official OFR-to-CRD identifier in owned extract
IA9915046,IA,SEC,AZ,no official OFR-to-CRD identifier in owned extract
IA9913098,IA,SEC,MA,no official OFR-to-CRD identifier in owned extract
IA0901378,IA,FLA,FL,no official OFR-to-CRD identifier in owned extract
IA9917871,IA,FLA,FL,no official OFR-to-CRD identifier in owned extract
IA9917426,IA,SEC,LA,no official OFR-to-CRD identifier in owned extract
IA9907296,IA,SEC,AL,no official OFR-to-CRD identifier in owned extract
IA9913386,IA,SEC,NJ,no official OFR-to-CRD identifier in owned extract
IA0903342,IA,SEC,GA,no official OFR-to-CRD identifier in owned extract
IA0900756,IA,FLA,FL,no official OFR-to-CRD identifier in owned extract
IA9907969,IA,FLA,FL,no official OFR-to-CRD identifier in owned extract
IA9913437,IA,SEC,NY,no official OFR-to-CRD identifier in owned extract
BD0901310,BD,FNRA,MA,no official OFR-to-CRD identifier in owned extract
IA0900244,IA,SEC,MA,no official OFR-to-CRD identifier in owned extract
IA9909645,IA,SEC,FL,no official OFR-to-CRD identifier in owned extract
BD0901703,BD,FNRA,IL,no official OFR-to-CRD identifier in owned extract
BD0901399,BD,FNRA,NJ,no official OFR-to-CRD identifier in owned extract
IA9915090,IA,SEC,CO,no official OFR-to-CRD identifier in owned extract
IA0900418,IA,SEC,NJ,no official OFR-to-CRD identifier in owned extract
IA9912288,IA,SEC,FL,no official OFR-to-CRD identifier in owned extract
IA0901305,IA,SEC,MA,no official OFR-to-CRD identifier in owned extract
IA9916736,IA,SEC,FL,no official OFR-to-CRD identifier in owned extract
IA9916335,IA,SEC,CO,no official OFR-to-CRD identifier in owned extract
IA9905636,IA,SEC,NH,no official OFR-to-CRD identifier in owned extract
IA9911473,IA,SEC,PA,no official OFR-to-CRD identifier in owned extract
IA9917812,IA,SEC,FL,no official OFR-to-CRD identifier in owned extract
IA0900545,IA,SEC,VA,no official OFR-to-CRD identifier in owned extract
IA0902434,IA,FLA,FL,no official OFR-to-CRD identifier in owned extract
IA9914846,IA,FLA,FL,no official OFR-to-CRD identifier in owned extract
IA9906487,IA,SEC,FL,no official OFR-to-CRD identifier in owned extract
BD0900075,BD,CAN,ZZ,no official OFR-to-CRD identifier in owned extract
IA9912785,IA,SEC,OH,no official OFR-to-CRD identifier in owned extract
BD0900287,BD,FNRA,SC,no official OFR-to-CRD identifier in owned extract
IA9915688,IA,SEC,SC,no official OFR-to-CRD identifier in owned extract
BD0900249,BD,FNRA,SC,no official OFR-to-CRD identifier in owned extract
IA0901742,IA,SEC,SC,no official OFR-to-CRD identifier in owned extract
BD1003575,BD,FNRA,NY,no official OFR-to-CRD identifier in owned extract
IA9914901,IA,SEC,MN,no official OFR-to-CRD identifier in owned extract
IA9914289,IA,SEC,FL,no official OFR-to-CRD identifier in owned extract
IA9916039,IA,SEC,FL,no official OFR-to-CRD identifier in owned extract
IA9913480,IA,SEC,FL,no official OFR-to-CRD identifier in owned extract
IA9903851,IA,SEC,MI,no official OFR-to-CRD identifier in owned extract
BD1004604,BD,FNRA,NY,no official OFR-to-CRD identifier in owned extract
IA9911118,IA,FLA,FL,no official OFR-to-CRD identifier in owned extract
IA0902149,IA,SEC,IL,no official OFR-to-CRD identifier in owned extract
IA9915991,IA,SEC,IL,no official OFR-to-CRD identifier in owned extract
BD1004037,BD,FNRA,NY,no official OFR-to-CRD identifier in owned extract
IA9916774,IA,SEC,WI,no official OFR-to-CRD identifier in owned extract
IA9904989,IA,SEC,,no official OFR-to-CRD identifier in owned extract
IA9909679,IA,SEC,TN,no official OFR-to-CRD identifier in owned extract
IA9911996,IA,FLA,FL,no official OFR-to-CRD identifier in owned extract
IA0902345,IA,SEC,FL,no official OFR-to-CRD identifier in owned extract
IA9916336,IA,SEC,NH,no official OFR-to-CRD identifier in owned extract
BD0900704,BD,FNRA,OH,no official OFR-to-CRD identifier in owned extract
IA9914084,IA,SEC,NJ,no official OFR-to-CRD identifier in owned extract
IA9912439,IA,FLA,PR,no official OFR-to-CRD identifier in owned extract
IA9913970,IA,SEC,NY,no official OFR-to-CRD identifier in owned extract
IA9911172,IA,FLA,FL,no official OFR-to-CRD identifier in owned extract
IA9913770,IA,SEC,MI,no official OFR-to-CRD identifier in owned extract
IA9917261,IA,SEC,AZ,no official OFR-to-CRD identifier in owned extract
IA9912144,IA,FLA,FL,no official OFR-to-CRD identifier in owned extract
IA0903374,IA,SEC,NY,no official OFR-to-CRD identifier in owned extract
IA0903652,IA,SEC,TX,no official OFR-to-CRD identifier in owned extract
IA9915174,IA,SEC,NE,no official OFR-to-CRD identifier in owned extract
IA9917104,IA,FLA,AR,no official OFR-to-CRD identifier in owned extract
IA0900369,IA,SEC,MI,no official OFR-to-CRD identifier in owned extract
IA9907805,IA,FLA,FL,no official OFR-to-CRD identifier in owned extract
IA9912651,IA,FLA,FL,no official OFR-to-CRD identifier in owned extract
IA9907078,IA,SEC,NY,no official OFR-to-CRD identifier in owned extract
IA9904030,IA,SEC,MI,no official OFR-to-CRD identifier in owned extract
IA9912154,IA,SEC,TX,no official OFR-to-CRD identifier in owned extract
IA9907171,IA,SEC,FL,no official OFR-to-CRD identifier in owned extract
IA9912195,IA,SEC,CA,no official OFR-to-CRD identifier in owned extract
IA0901423,IA,SEC,IN,no official OFR-to-CRD identifier in owned extract
BD1004560,BD,FNRA,CA,no official OFR-to-CRD identifier in owned extract
IA9917469,IA,SEC,FL,no official OFR-to-CRD identifier in owned extract
IA9905958,IA,FLA,FL,no official OFR-to-CRD identifier in owned extract
IA9915366,IA,SEC,NY,no official OFR-to-CRD identifier in owned extract
IA9914614,IA,SEC,FL,no official OFR-to-CRD identifier in owned extract
IA9914636,IA,SEC,OH,no official OFR-to-CRD identifier in owned extract
IA9913053,IA,SEC,DC,no official OFR-to-CRD identifier in owned extract
IA9911221,IA,SEC,NY,no official OFR-to-CRD identifier in owned extract
IA9916879,IA,SEC,NC,no official OFR-to-CRD identifier in owned extract
IA9916743,IA,SEC,LA,no official OFR-to-CRD identifier in owned extract
IA0903257,IA,FLA,NC,no official OFR-to-CRD identifier in owned extract
IA9917188,IA,SEC,FL,no official OFR-to-CRD identifier in owned extract
IA9908864,IA,SEC,NY,no official OFR-to-CRD identifier in owned extract
IA9910091,IA,SEC,NY,no official OFR-to-CRD identifier in owned extract
IA9910113,IA,SEC,TX,no official OFR-to-CRD identifier in owned extract
IA0903124,IA,SEC,OR,no official OFR-to-CRD identifier in owned extract
BD0902731,BD,FNRA,OR,no official OFR-to-CRD identifier in owned extract
IA9911879,IA,SEC,FL,no official OFR-to-CRD identifier in owned extract
BD0901507,BD,FNRA,OR,no official OFR-to-CRD identifier in owned extract
IA0901888,IA,SEC,OR,no official OFR-to-CRD identifier in owned extract
BD1003440,BD,FNRA,MO,no official OFR-to-CRD identifier in owned extract
IA9915439,IA,SEC,OH,no official OFR-to-CRD identifier in owned extract
IA9907131,IA,FLA,FL,no official OFR-to-CRD identifier in owned extract
BD0901054,BD,FNRA,MD,no official OFR-to-CRD identifier in owned extract
IA9913679,IA,FLA,FL,no official OFR-to-CRD identifier in owned extract
BD1003490,BD,FNRA,TX,no official OFR-to-CRD identifier in owned extract
BD1002996,BD,FNRA,UT,no official OFR-to-CRD identifier in owned extract
IA9906983,IA,SEC,VT,no official OFR-to-CRD identifier in owned extract
IA9911102,IA,SEC,GA,no official OFR-to-CRD identifier in owned extract
BD0901791,BD,FNRA,AZ,no official OFR-to-CRD identifier in owned extract
IA9907533,IA,SEC,TX,no official OFR-to-CRD identifier in owned extract
BD0902895,BD,FNRA,NY,no official OFR-to-CRD identifier in owned extract
IA9912479,IA,SEC,OH,no official OFR-to-CRD identifier in owned extract
BD1004721,BD,FNRA,CT,no official OFR-to-CRD identifier in owned extract
IA9917497,IA,SEC,IL,no official OFR-to-CRD identifier in owned extract
IA9905157,IA,SEC,MI,no official OFR-to-CRD identifier in owned extract
BD1003848,BD,FNRA,IL,no official OFR-to-CRD identifier in owned extract
BD1003451,BD,FNRA,NY,no official OFR-to-CRD identifier in owned extract
IA9912930,IA,SEC,MA,no official OFR-to-CRD identifier in owned extract
IA9917122,IA,SEC,OH,no official OFR-to-CRD identifier in owned extract
IA9910703,IA,SEC,CA,no official OFR-to-CRD identifier in owned extract
IA9915464,IA,SEC,FL,no official OFR-to-CRD identifier in owned extract
IA9904045,IA,FLA,FL,no official OFR-to-CRD identifier in owned extract
BD1004756,BD,FNRA,CO,no official OFR-to-CRD identifier in owned extract
BD1004862,BD,FNRA,CA,no official OFR-to-CRD identifier in owned extract
IA9916969,IA,SEC,WI,no official OFR-to-CRD identifier in owned extract
IA9916030,IA,FLA,FL,no official OFR-to-CRD identifier in owned extract
IA9915842,IA,SEC,FL,no official OFR-to-CRD identifier in owned extract
IA9912864,IA,SEC,AR,no official OFR-to-CRD identifier in owned extract
BD0900483,BD,FNRA,IL,no official OFR-to-CRD identifier in owned extract
IA0901792,IA,SEC,IL,no official OFR-to-CRD identifier in owned extract
IA9915323,IA,SEC,NY,no official OFR-to-CRD identifier in owned extract
IA9906333,IA,SEC,NY,no official OFR-to-CRD identifier in owned extract
IA0900866,IA,SEC,FL,no official OFR-to-CRD identifier in owned extract
IA9905061,IA,SEC,FL,no official OFR-to-CRD identifier in owned extract
IA9912837,IA,SEC,,no official OFR-to-CRD identifier in owned extract
BD0902652,BD,FNRA,NY,no official OFR-to-CRD identifier in owned extract
IA9911018,IA,SEC,PA,no official OFR-to-CRD identifier in owned extract
IA9914338,IA,FLA,FL,no official OFR-to-CRD identifier in owned extract
IA9904979,IA,SEC,MD,no official OFR-to-CRD identifier in owned extract
IA0902245,IA,SEC,FL,no official OFR-to-CRD identifier in owned extract
IA9916017,IA,FLA,FL,no official OFR-to-CRD identifier in owned extract
IA9908498,IA,SEC,MO,no official OFR-to-CRD identifier in owned extract
IA9907870,IA,SEC,NY,no official OFR-to-CRD identifier in owned extract
IA9904021,IA,SEC,WI,no official OFR-to-CRD identifier in owned extract
BD0902645,BD,FNRA,CA,no official OFR-to-CRD identifier in owned extract
IA9903953,IA,SEC,CA,no official OFR-to-CRD identifier in owned extract
BD1004761,BD,FNRA,CA,no official OFR-to-CRD identifier in owned extract
IA9913848,IA,SEC,NY,no official OFR-to-CRD identifier in owned extract
BD1004043,BD,FNRA,NY,no official OFR-to-CRD identifier in owned extract
IA9904760,IA,SEC,WI,no official OFR-to-CRD identifier in owned extract
IA9911784,IA,SEC,WI,no official OFR-to-CRD identifier in owned extract
IA9912196,IA,SEC,WA,no official OFR-to-CRD identifier in owned extract
BD0901018,BD,FNRA,NJ,no official OFR-to-CRD identifier in owned extract
BD1004325,BD,FNRA,NY,no official OFR-to-CRD identifier in owned extract
IA9910434,IA,FLA,FL,no official OFR-to-CRD identifier in owned extract
IA9917682,IA,SEC,FL,no official OFR-to-CRD identifier in owned extract
IA9914993,IA,FLA,FL,no official OFR-to-CRD identifier in owned extract
IA9912006,IA,SEC,KY,no official OFR-to-CRD identifier in owned extract
IA9914495,IA,SEC,CO,no official OFR-to-CRD identifier in owned extract
IA9910496,IA,SEC,MS,no official OFR-to-CRD identifier in owned extract
IA9910371,IA,SEC,SC,no official OFR-to-CRD identifier in owned extract
IA9914711,IA,SEC,PA,no official OFR-to-CRD identifier in owned extract
IA9912914,IA,SEC,AL,no official OFR-to-CRD identifier in owned extract
IA9917555,IA,SEC,,no official OFR-to-CRD identifier in owned extract
IA9913133,IA,SEC,NY,no official OFR-to-CRD identifier in owned extract
BD1004400,BD,FNRA,NY,no official OFR-to-CRD identifier in owned extract
IA0901424,IA,SEC,OH,no official OFR-to-CRD identifier in owned extract
IA9912290,IA,SEC,KY,no official OFR-to-CRD identifier in owned extract
IA9913088,IA,SEC,CO,no official OFR-to-CRD identifier in owned extract
IA9917130,IA,SEC,ME,no official OFR-to-CRD identifier in owned extract
IA9912776,IA,FLA,MA,no official OFR-to-CRD identifier in owned extract
IA9917470,IA,SEC,CA,no official OFR-to-CRD identifier in owned extract
IA9913142,IA,FLA,FL,no official OFR-to-CRD identifier in owned extract
IA9911335,IA,SEC,NY,no official OFR-to-CRD identifier in owned extract
IA9911230,IA,SEC,PA,no official OFR-to-CRD identifier in owned extract
IA9914441,IA,SEC,IL,no official OFR-to-CRD identifier in owned extract
IA9908648,IA,SEC,CT,no official OFR-to-CRD identifier in owned extract
IA9913089,IA,SEC,TX,no official OFR-to-CRD identifier in owned extract
BD0900936,BD,FNRA,ME,no official OFR-to-CRD identifier in owned extract
IA0903284,IA,FLA,FL,no official OFR-to-CRD identifier in owned extract
IA9915662,IA,SEC,PA,no official OFR-to-CRD identifier in owned extract
IA9906725,IA,SEC,CO,no official OFR-to-CRD identifier in owned extract
BD1004196,BD,FNRA,CO,no official OFR-to-CRD identifier in owned extract
IA9904026,IA,SEC,AL,no official OFR-to-CRD identifier in owned extract
IA9912520,IA,FLA,FL,no official OFR-to-CRD identifier in owned extract
IA0902335,IA,SEC,MI,no official OFR-to-CRD identifier in owned extract
IA9912848,IA,SEC,CA,no official OFR-to-CRD identifier in owned extract
IA0900779,IA,SEC,MN,no official OFR-to-CRD identifier in owned extract
IA9913280,IA,SEC,FL,no official OFR-to-CRD identifier in owned extract
IA0901560,IA,SEC,CA,no official OFR-to-CRD identifier in owned extract
IA9913321,IA,SEC,NJ,no official OFR-to-CRD identifier in owned extract
IA9915778,IA,SEC,PA,no official OFR-to-CRD identifier in owned extract
BD0900921,BD,FNRA,NY,no official OFR-to-CRD identifier in owned extract
IA0903406,IA,SEC,NJ,no official OFR-to-CRD identifier in owned extract
IA0903246,IA,SEC,MI,no official OFR-to-CRD identifier in owned extract
IA9907588,IA,SEC,VT,no official OFR-to-CRD identifier in owned extract
IA9909156,IA,SEC,CA,no official OFR-to-CRD identifier in owned extract
IA9912588,IA,FLA,FL,no official OFR-to-CRD identifier in owned extract
IA9909193,IA,SEC,FL,no official OFR-to-CRD identifier in owned extract
IA9907129,IA,FLA,MI,no official OFR-to-CRD identifier in owned extract
IA9906957,IA,SEC,FL,no official OFR-to-CRD identifier in owned extract
IA9914442,IA,SEC,CT,no official OFR-to-CRD identifier in owned extract
IA9911403,IA,SEC,CA,no official OFR-to-CRD identifier in owned extract
IA9910904,IA,SEC,MN,no official OFR-to-CRD identifier in owned extract
IA9915714,IA,SEC,FL,no official OFR-to-CRD identifier in owned extract
IA9913899,IA,SEC,GA,no official OFR-to-CRD identifier in owned extract
IA0900344,IA,SEC,NY,no official OFR-to-CRD identifier in owned extract
BD0900803,BD,FNRA,NY,no official OFR-to-CRD identifier in owned extract
IA9908132,IA,FLA,FL,no official OFR-to-CRD identifier in owned extract
BD1003828,BD,FNRA,NY,no official OFR-to-CRD identifier in owned extract
IA9909004,IA,SEC,MA,no official OFR-to-CRD identifier in owned extract
BD1004606,BD,FNRA,MA,no official OFR-to-CRD identifier in owned extract
BD0900095,BD,CAN,ON,no official OFR-to-CRD identifier in owned extract
IA9917378,IA,SEC,TX,no official OFR-to-CRD identifier in owned extract
IA0903355,IA,SEC,VT,no official OFR-to-CRD identifier in owned extract
BD1004829,BD,FNRA,TX,no official OFR-to-CRD identifier in owned extract
IA9912959,IA,SEC,CA,no official OFR-to-CRD identifier in owned extract
IA9917633,IA,SEC,FL,no official OFR-to-CRD identifier in owned extract
IA9917809,IA,SEC,FL,no official OFR-to-CRD identifier in owned extract
IA9914496,IA,SEC,NY,no official OFR-to-CRD identifier in owned extract
IA9906984,IA,SEC,MD,no official OFR-to-CRD identifier in owned extract
BD1004791,BD,FNRA,IL,no official OFR-to-CRD identifier in owned extract
IA9909253,IA,SEC,NY,no official OFR-to-CRD identifier in owned extract
IA9916699,IA,SEC,PA,no official OFR-to-CRD identifier in owned extract
IA9916809,IA,SEC,MA,no official OFR-to-CRD identifier in owned extract
IA0903936,IA,SEC,MA,no official OFR-to-CRD identifier in owned extract
IA9916911,IA,SEC,AL,no official OFR-to-CRD identifier in owned extract
BD0900905,BD,FNRA,IL,no official OFR-to-CRD identifier in owned extract
IA9913730,IA,SEC,,no official OFR-to-CRD identifier in owned extract
BD0901769,BD,FNRA,IL,no official OFR-to-CRD identifier in owned extract
IA9912537,IA,SEC,FL,no official OFR-to-CRD identifier in owned extract
IA0903376,IA,SEC,GA,no official OFR-to-CRD identifier in owned extract
BD0901613,BD,FNRA,NY,no official OFR-to-CRD identifier in owned extract
IA9906098,IA,SEC,,no official OFR-to-CRD identifier in owned extract
IA9907275,IA,FLA,FL,no official OFR-to-CRD identifier in owned extract
BD1003566,BD,FNRA,NY,no official OFR-to-CRD identifier in owned extract
IA9913027,IA,SEC,,no official OFR-to-CRD identifier in owned extract
IA9911817,IA,SEC,TX,no official OFR-to-CRD identifier in owned extract
IA9908240,IA,SEC,FL,no official OFR-to-CRD identifier in owned extract
IA0904266,IA,FLA,FL,no official OFR-to-CRD identifier in owned extract
IA9907600,IA,FLA,IN,no official OFR-to-CRD identifier in owned extract
IA9916337,IA,SEC,NY,no official OFR-to-CRD identifier in owned extract
IA0901245,IA,SEC,WI,no official OFR-to-CRD identifier in owned extract
IA9908037,IA,SEC,GA,no official OFR-to-CRD identifier in owned extract
IA9908493,IA,SEC,KS,no official OFR-to-CRD identifier in owned extract
IA0901463,IA,SEC,FL,no official OFR-to-CRD identifier in owned extract
IA9904583,IA,SEC,KS,no official OFR-to-CRD identifier in owned extract
IA9911770,IA,SEC,KS,no official OFR-to-CRD identifier in owned extract
IA9911035,IA,SEC,KS,no official OFR-to-CRD identifier in owned extract
IA9909021,IA,SEC,KS,no official OFR-to-CRD identifier in owned extract
IA9905072,IA,SEC,MA,no official OFR-to-CRD identifier in owned extract
IA9912745,IA,SEC,PA,no official OFR-to-CRD identifier in owned extract
IA9912596,IA,SEC,IN,no official OFR-to-CRD identifier in owned extract
BD1003560,BD,FNRA,FL,no official OFR-to-CRD identifier in owned extract
IA9917511,IA,SEC,FL,no official OFR-to-CRD identifier in owned extract
IA9913408,IA,SEC,CA,no official OFR-to-CRD identifier in owned extract
IA0901175,IA,SEC,NY,no official OFR-to-CRD identifier in owned extract
IA9916200,IA,SEC,KS,no official OFR-to-CRD identifier in owned extract
IA9915791,IA,FLA,WA,no official OFR-to-CRD identifier in owned extract
IA9908294,IA,SEC,IN,no official OFR-to-CRD identifier in owned extract
IA9909097,IA,SEC,PA,no official OFR-to-CRD identifier in owned extract
BD0901557,BD,FNRA,NY,no official OFR-to-CRD identifier in owned extract
IA9908266,IA,FLA,FL,no official OFR-to-CRD identifier in owned extract
IA9903983,IA,SEC,MO,no official OFR-to-CRD identifier in owned extract
IA9909140,IA,FLA,FL,no official OFR-to-CRD identifier in owned extract
IA9914687,IA,SEC,NY,no official OFR-to-CRD identifier in owned extract
IA9912440,IA,SEC,WY,no official OFR-to-CRD identifier in owned extract
IA0903481,IA,SEC,FL,no official OFR-to-CRD identifier in owned extract
IA9911204,IA,SEC,MN,no official OFR-to-CRD identifier in owned extract
IA9914973,IA,SEC,MD,no official OFR-to-CRD identifier in owned extract
IA9911198,IA,FLA,FL,no official OFR-to-CRD identifier in owned extract
IA9911811,IA,SEC,FL,no official OFR-to-CRD identifier in owned extract
IA9910090,IA,SEC,VA,no official OFR-to-CRD identifier in owned extract
IA9908151,IA,SEC,MN,no official OFR-to-CRD identifier in owned extract
IA9910650,IA,SEC,IL,no official OFR-to-CRD identifier in owned extract
BD1004860,BD,FNRA,VA,no official OFR-to-CRD identifier in owned extract
IA9908174,IA,SEC,NY,no official OFR-to-CRD identifier in owned extract
IA9912155,IA,SEC,CO,no official OFR-to-CRD identifier in owned extract
BD1003438,BD,FNRA,OH,no official OFR-to-CRD identifier in owned extract
IA9904012,IA,SEC,DC,no official OFR-to-CRD identifier in owned extract
IA0901685,IA,SEC,CO,no official OFR-to-CRD identifier in owned extract
IA9916878,IA,SEC,RI,no official OFR-to-CRD identifier in owned extract
IA9912198,IA,SEC,WA,no official OFR-to-CRD identifier in owned extract
IA9913749,IA,FLA,VA,no official OFR-to-CRD identifier in owned extract
IA9913665,IA,FLA,FL,no official OFR-to-CRD identifier in owned extract
IA9911950,IA,SEC,FL,no official OFR-to-CRD identifier in owned extract
IA9906116,IA,SEC,FL,no official OFR-to-CRD identifier in owned extract
BD0901030,BD,FNRA,WA,no official OFR-to-CRD identifier in owned extract
IA9914351,IA,SEC,WA,no official OFR-to-CRD identifier in owned extract
IA9916247,IA,SEC,AZ,no official OFR-to-CRD identifier in owned extract
IA9916338,IA,SEC,DC,no official OFR-to-CRD identifier in owned extract
IA9914926,IA,SEC,IN,no official OFR-to-CRD identifier in owned extract
IA9908849,IA,SEC,MD,no official OFR-to-CRD identifier in owned extract
IA9906079,IA,SEC,FL,no official OFR-to-CRD identifier in owned extract
IA9909636,IA,SEC,NH,no official OFR-to-CRD identifier in owned extract
IA9906492,IA,SEC,,no official OFR-to-CRD identifier in owned extract
IA9910847,IA,FLA,FL,no official OFR-to-CRD identifier in owned extract
IA9910442,IA,FLA,FL,no official OFR-to-CRD identifier in owned extract
IA9914067,IA,SEC,CA,no official OFR-to-CRD identifier in owned extract
IA9911657,IA,SEC,VA,no official OFR-to-CRD identifier in owned extract
IA0900898,IA,SEC,VA,no official OFR-to-CRD identifier in owned extract
IA9917659,IA,FLA,FL,no official OFR-to-CRD identifier in owned extract
IA9915226,IA,FLA,GA,no official OFR-to-CRD identifier in owned extract
IA9914319,IA,SEC,NY,no official OFR-to-CRD identifier in owned extract
IA9907930,IA,SEC,IL,no official OFR-to-CRD identifier in owned extract
IA9907118,IA,FLA,FL,no official OFR-to-CRD identifier in owned extract
IA9915851,IA,SEC,NY,no official OFR-to-CRD identifier in owned extract
IA9911895,IA,SEC,SC,no official OFR-to-CRD identifier in owned extract
IA9909896,IA,SEC,FL,no official OFR-to-CRD identifier in owned extract
IA9910625,IA,SEC,IA,no official OFR-to-CRD identifier in owned extract
IA9914697,IA,SEC,FL,no official OFR-to-CRD identifier in owned extract
BD1004058,BD,FNRA,KS,no official OFR-to-CRD identifier in owned extract
IA0900578,IA,SEC,NY,no official OFR-to-CRD identifier in owned extract
BD0901276,BD,FNRA,IL,no official OFR-to-CRD identifier in owned extract
IA9909280,IA,SEC,IL,no official OFR-to-CRD identifier in owned extract
IA9916559,IA,SEC,OH,no official OFR-to-CRD identifier in owned extract
IA9916262,IA,SEC,CT,no official OFR-to-CRD identifier in owned extract
IA0900728,IA,SEC,OH,no official OFR-to-CRD identifier in owned extract
IA9913342,IA,SEC,CO,no official OFR-to-CRD identifier in owned extract
IA9913387,IA,SEC,KS,no official OFR-to-CRD identifier in owned extract
IA9916166,IA,SEC,FL,no official OFR-to-CRD identifier in owned extract
BD1004757,BD,FNRA,CA,no official OFR-to-CRD identifier in owned extract
IA9909444,IA,SEC,FL,no official OFR-to-CRD identifier in owned extract
IA9911934,IA,SEC,MI,no official OFR-to-CRD identifier in owned extract
IA9917471,IA,SEC,NC,no official OFR-to-CRD identifier in owned extract
IA9916908,IA,FLA,TX,no official OFR-to-CRD identifier in owned extract
IA9917778,IA,FLA,FL,no official OFR-to-CRD identifier in owned extract
IA9916679,IA,SEC,FL,no official OFR-to-CRD identifier in owned extract
IA9909906,IA,FLA,FL,no official OFR-to-CRD identifier in owned extract
IA9914731,IA,FLA,FL,no official OFR-to-CRD identifier in owned extract
IA0902937,IA,SEC,NY,no official OFR-to-CRD identifier in owned extract
BD0902101,BD,FNRA,NY,no official OFR-to-CRD identifier in owned extract
IA9908657,IA,SEC,FL,no official OFR-to-CRD identifier in owned extract
IA9917629,IA,FLA,FL,no official OFR-to-CRD identifier in owned extract
IA9911639,IA,SEC,MA,no official OFR-to-CRD identifier in owned extract
IA9915976,IA,SEC,IL,no official OFR-to-CRD identifier in owned extract
IA9913001,IA,SEC,MA,no official OFR-to-CRD identifier in owned extract
IA9911366,IA,SEC,NY,no official OFR-to-CRD identifier in owned extract
IA9913005,IA,FLA,FL,no official OFR-to-CRD identifier in owned extract
IA9910545,IA,SEC,PA,no official OFR-to-CRD identifier in owned extract
IA9909221,IA,SEC,WI,no official OFR-to-CRD identifier in owned extract
IA9916271,IA,SEC,FL,no official OFR-to-CRD identifier in owned extract
IA9911063,IA,SEC,NC,no official OFR-to-CRD identifier in owned extract
IA9913671,IA,SEC,MO,no official OFR-to-CRD identifier in owned extract
BD1003235,BD,FNRA,FL,no official OFR-to-CRD identifier in owned extract
IA9906565,IA,SEC,,no official OFR-to-CRD identifier in owned extract
IA9907290,IA,SEC,PA,no official OFR-to-CRD identifier in owned extract
IA9917270,IA,SEC,TX,no official OFR-to-CRD identifier in owned extract
IA9910563,IA,SEC,MS,no official OFR-to-CRD identifier in owned extract
IA9904973,IA,SEC,CO,no official OFR-to-CRD identifier in owned extract
BD0902675,BD,FNRA,NY,no official OFR-to-CRD identifier in owned extract
IA9915421,IA,SEC,TN,no official OFR-to-CRD identifier in owned extract
IA9906343,IA,FLA,AL,no official OFR-to-CRD identifier in owned extract
IA9917095,IA,SEC,OH,no official OFR-to-CRD identifier in owned extract
IA9916135,IA,FLA,FL,no official OFR-to-CRD identifier in owned extract
IA0903392,IA,FLA,FL,no official OFR-to-CRD identifier in owned extract
BD0900674,BD,FNRA,CA,no official OFR-to-CRD identifier in owned extract
IA9907888,IA,SEC,NY,no official OFR-to-CRD identifier in owned extract
IA9916623,IA,SEC,GA,no official OFR-to-CRD identifier in owned extract
IA9915146,IA,SEC,IL,no official OFR-to-CRD identifier in owned extract
IA0902625,IA,FLA,FL,no official OFR-to-CRD identifier in owned extract
IA9906903,IA,SEC,PA,no official OFR-to-CRD identifier in owned extract
BD1003259,BD,FNRA,FL,no official OFR-to-CRD identifier in owned extract
IA9916339,IA,SEC,CA,no official OFR-to-CRD identifier in owned extract
IA9908770,IA,SEC,AL,no official OFR-to-CRD identifier in owned extract
BD0902660,BD,FNRA,OH,no official OFR-to-CRD identifier in owned extract
IA0902685,IA,SEC,OH,no official OFR-to-CRD identifier in owned extract
BD1004744,BD,FNRA,NY,no official OFR-to-CRD identifier in owned extract
IA9912480,IA,SEC,FL,no official OFR-to-CRD identifier in owned extract
BD0901221,BD,FNRA,NC,no official OFR-to-CRD identifier in owned extract
IA9908857,IA,SEC,KY,no official OFR-to-CRD identifier in owned extract
IA9917635,IA,SEC,NH,no official OFR-to-CRD identifier in owned extract
BD1003530,BD,FNRA,PA,no official OFR-to-CRD identifier in owned extract
IA9912199,IA,SEC,VA,no official OFR-to-CRD identifier in owned extract
IA9911861,IA,SEC,WI,no official OFR-to-CRD identifier in owned extract
IA0902535,IA,SEC,PA,no official OFR-to-CRD identifier in owned extract
IA9905107,IA,SEC,TX,no official OFR-to-CRD identifier in owned extract
IA9910345,IA,SEC,RI,no official OFR-to-CRD identifier in owned extract
IA9915217,IA,SEC,WA,no official OFR-to-CRD identifier in owned extract
IA0903947,IA,FLA,FL,no official OFR-to-CRD identifier in owned extract
BD1003404,BD,FNRA,NY,no official OFR-to-CRD identifier in owned extract
IA9913808,IA,SEC,MA,no official OFR-to-CRD identifier in owned extract
IA0902356,IA,FLA,FL,no official OFR-to-CRD identifier in owned extract
BD1004374,BD,FNRA,PR,no official OFR-to-CRD identifier in owned extract
IA0903914,IA,SEC,WV,no official OFR-to-CRD identifier in owned extract
BD1003109,BD,FNRA,VA,no official OFR-to-CRD identifier in owned extract
IA9911887,IA,SEC,VA,no official OFR-to-CRD identifier in owned extract
IA0902674,IA,SEC,VA,no official OFR-to-CRD identifier in owned extract
IA0904085,IA,FLA,FL,no official OFR-to-CRD identifier in owned extract
BD1004213,BD,FNRA,NY,no official OFR-to-CRD identifier in owned extract
IA9909160,IA,FLA,NJ,no official OFR-to-CRD identifier in owned extract
BD1003463,BD,FNRA,CA,no official OFR-to-CRD identifier in owned extract
BD0902605,BD,FNRA,TX,no official OFR-to-CRD identifier in owned extract
IA9908245,IA,FLA,TX,no official OFR-to-CRD identifier in owned extract
IA9904786,IA,SEC,MA,no official OFR-to-CRD identifier in owned extract
BD1003786,BD,FNRA,NY,no official OFR-to-CRD identifier in owned extract
IA0900546,IA,SEC,NJ,no official OFR-to-CRD identifier in owned extract
BD1004836,BD,FNRA,CT,no official OFR-to-CRD identifier in owned extract
BD1003565,BD,FNRA,NY,no official OFR-to-CRD identifier in owned extract
IA9915676,IA,SEC,MD,no official OFR-to-CRD identifier in owned extract
IA9915992,IA,FLA,CA,no official OFR-to-CRD identifier in owned extract
IA9910863,IA,FLA,FL,no official OFR-to-CRD identifier in owned extract
IA9910182,IA,SEC,GA,no official OFR-to-CRD identifier in owned extract
IA9916714,IA,SEC,NJ,no official OFR-to-CRD identifier in owned extract
IA9909801,IA,SEC,MI,no official OFR-to-CRD identifier in owned extract
IA9917314,IA,SEC,NY,no official OFR-to-CRD identifier in owned extract
IA9910574,IA,SEC,ME,no official OFR-to-CRD identifier in owned extract
IA9908654,IA,SEC,CA,no official OFR-to-CRD identifier in owned extract
IA9910911,IA,FLA,MI,no official OFR-to-CRD identifier in owned extract
IA9907196,IA,SEC,NH,no official OFR-to-CRD identifier in owned extract
BD1004312,BD,FNRA,MA,no official OFR-to-CRD identifier in owned extract
IA9912292,IA,SEC,CT,no official OFR-to-CRD identifier in owned extract
IA9917862,IA,SEC,OH,no official OFR-to-CRD identifier in owned extract
IA0900823,IA,SEC,IL,no official OFR-to-CRD identifier in owned extract
IA0900478,IA,SEC,OH,no official OFR-to-CRD identifier in owned extract
IA0903063,IA,SEC,OH,no official OFR-to-CRD identifier in owned extract
BD1004788,BD,FNRA,OH,no official OFR-to-CRD identifier in owned extract
IA9912027,IA,SEC,OH,no official OFR-to-CRD identifier in owned extract
IA9910254,IA,FLA,FL,no official OFR-to-CRD identifier in owned extract
IA9908580,IA,SEC,FL,no official OFR-to-CRD identifier in owned extract
IA0900697,IA,FLA,NJ,no official OFR-to-CRD identifier in owned extract
IA9914443,IA,SEC,AZ,no official OFR-to-CRD identifier in owned extract
IA9905538,IA,SEC,MA,no official OFR-to-CRD identifier in owned extract
IA9911601,IA,FLA,FL,no official OFR-to-CRD identifier in owned extract
IA9907162,IA,FLA,FL,no official OFR-to-CRD identifier in owned extract
IA9909084,IA,SEC,AL,no official OFR-to-CRD identifier in owned extract
IA9912971,IA,SEC,MA,no official OFR-to-CRD identifier in owned extract
IA9912856,IA,SEC,OK,no official OFR-to-CRD identifier in owned extract
IA9908491,IA,FLA,TX,no official OFR-to-CRD identifier in owned extract
IA0900995,IA,SEC,PA,no official OFR-to-CRD identifier in owned extract
IA9914444,IA,SEC,FL,no official OFR-to-CRD identifier in owned extract
IA9906104,IA,SEC,NY,no official OFR-to-CRD identifier in owned extract
IA0904108,IA,SEC,WI,no official OFR-to-CRD identifier in owned extract
IA9914778,IA,SEC,PA,no official OFR-to-CRD identifier in owned extract
IA0902581,IA,SEC,OH,no official OFR-to-CRD identifier in owned extract
IA9911936,IA,SEC,AR,no official OFR-to-CRD identifier in owned extract
IA9910593,IA,SEC,IL,no official OFR-to-CRD identifier in owned extract
IA9917472,IA,SEC,FL,no official OFR-to-CRD identifier in owned extract
IA9917516,IA,SEC,FL,no official OFR-to-CRD identifier in owned extract
BD1003381,BD,FNRA,GA,no official OFR-to-CRD identifier in owned extract
IA9914532,IA,SEC,NY,no official OFR-to-CRD identifier in owned extract
BD1004552,BD,FNRA,FL,no official OFR-to-CRD identifier in owned extract
IA9916256,IA,SEC,MO,no official OFR-to-CRD identifier in owned extract
BD0901101,BD,FNRA,NY,no official OFR-to-CRD identifier in owned extract
IA0904133,IA,SEC,CO,no official OFR-to-CRD identifier in owned extract
IA9908860,IA,SEC,MA,no official OFR-to-CRD identifier in owned extract
IA9912706,IA,SEC,KY,no official OFR-to-CRD identifier in owned extract
IA9915208,IA,SEC,CA,no official OFR-to-CRD identifier in owned extract
BD1004867,BD,FNRA,CA,no official OFR-to-CRD identifier in owned extract
IA9913572,IA,SEC,IL,no official OFR-to-CRD identifier in owned extract
BD0902662,BD,FNRA,NY,no official OFR-to-CRD identifier in owned extract
IA9917626,IA,FLA,FL,no official OFR-to-CRD identifier in owned extract
BD0902863,BD,FNRA,NY,no official OFR-to-CRD identifier in owned extract
IA9915576,IA,SEC,MA,no official OFR-to-CRD identifier in owned extract
IA9913256,IA,SEC,VA,no official OFR-to-CRD identifier in owned extract
IA9916785,IA,FLA,FL,no official OFR-to-CRD identifier in owned extract
IA0901675,IA,SEC,IN,no official OFR-to-CRD identifier in owned extract
BD0900943,BD,FNRA,VA,no official OFR-to-CRD identifier in owned extract
IA9909776,IA,SEC,AR,no official OFR-to-CRD identifier in owned extract
BD1004154,BD,FNRA,PA,no official OFR-to-CRD identifier in owned extract
IA9914978,IA,SEC,TX,no official OFR-to-CRD identifier in owned extract
IA9917699,IA,SEC,FL,no official OFR-to-CRD identifier in owned extract
IA9908176,IA,SEC,KY,no official OFR-to-CRD identifier in owned extract
IA9909041,IA,SEC,PA,no official OFR-to-CRD identifier in owned extract
IA9911092,IA,SEC,FL,no official OFR-to-CRD identifier in owned extract
IA9909968,IA,FLA,FL,no official OFR-to-CRD identifier in owned extract
IA0903347,IA,SEC,GA,no official OFR-to-CRD identifier in owned extract
IA9913833,IA,SEC,NY,no official OFR-to-CRD identifier in owned extract
IA9915186,IA,SEC,FL,no official OFR-to-CRD identifier in owned extract
IA9916619,IA,SEC,MD,no official OFR-to-CRD identifier in owned extract
IA9917787,IA,FLA,OH,no official OFR-to-CRD identifier in owned extract
IA9915385,IA,SEC,NY,no official OFR-to-CRD identifier in owned extract
IA9906188,IA,FLA,FL,no official OFR-to-CRD identifier in owned extract
BD0900109,BD,FNRA,NY,no official OFR-to-CRD identifier in owned extract
IA0901695,IA,SEC,NY,no official OFR-to-CRD identifier in owned extract
IA9906093,IA,SEC,NJ,no official OFR-to-CRD identifier in owned extract
IA9910473,IA,SEC,NY,no official OFR-to-CRD identifier in owned extract
IA0900348,IA,SEC,IL,no official OFR-to-CRD identifier in owned extract
BD0900167,BD,FNRA,IL,no official OFR-to-CRD identifier in owned extract
IA9915947,IA,SEC,TX,no official OFR-to-CRD identifier in owned extract
IA9916424,IA,SEC,MO,no official OFR-to-CRD identifier in owned extract
IA9913111,IA,SEC,FL,no official OFR-to-CRD identifier in owned extract
IA9909348,IA,FLA,FL,no official OFR-to-CRD identifier in owned extract
BD1004863,BD,FNRA,UT,no official OFR-to-CRD identifier in owned extract
IA9914497,IA,SEC,NJ,no official OFR-to-CRD identifier in owned extract
BD1004006,BD,FNRA,NJ,no official OFR-to-CRD identifier in owned extract
BD0902100,BD,FNRA,NY,no official OFR-to-CRD identifier in owned extract
BD1004360,BD,FNRA,MA,no official OFR-to-CRD identifier in owned extract
BD1004073,BD,FNRA,TX,no official OFR-to-CRD identifier in owned extract
BD1003607,BD,FNRA,IL,no official OFR-to-CRD identifier in owned extract
IA0900986,IA,SEC,NY,no official OFR-to-CRD identifier in owned extract
IA9913306,IA,SEC,OH,no official OFR-to-CRD identifier in owned extract
IA9912212,IA,SEC,NJ,no official OFR-to-CRD identifier in owned extract
IA9905043,IA,FLA,PA,no official OFR-to-CRD identifier in owned extract
IA9911249,IA,FLA,CA,no official OFR-to-CRD identifier in owned extract
IA9907106,IA,SEC,PA,no official OFR-to-CRD identifier in owned extract
IA9908885,IA,SEC,CA,no official OFR-to-CRD identifier in owned extract
BD0901545,BD,FNRA,WI,no official OFR-to-CRD identifier in owned extract
IA9914318,IA,SEC,,no official OFR-to-CRD identifier in owned extract
IA9916546,IA,SEC,NJ,no official OFR-to-CRD identifier in owned extract
IA9916545,IA,SEC,IN,no official OFR-to-CRD identifier in owned extract
IA0900353,IA,FLA,FL,no official OFR-to-CRD identifier in owned extract
IA9915721,IA,SEC,FL,no official OFR-to-CRD identifier in owned extract
BD0901255,BD,FNRA,FL,no official OFR-to-CRD identifier in owned extract
BD0900945,BD,FNRA,MA,no official OFR-to-CRD identifier in owned extract
IA0900662,IA,SEC,MA,no official OFR-to-CRD identifier in owned extract
BD0901841,BD,FNRA,ME,no official OFR-to-CRD identifier in owned extract
IA9917613,IA,SEC,FL,no official OFR-to-CRD identifier in owned extract
IA9910040,IA,SEC,OH,no official OFR-to-CRD identifier in owned extract
BD1004003,BD,FNRA,OH,no official OFR-to-CRD identifier in owned extract
IA0902480,IA,FLA,MA,no official OFR-to-CRD identifier in owned extract
IA9916898,IA,FLA,NH,no official OFR-to-CRD identifier in owned extract
IA9912507,IA,SEC,OH,no official OFR-to-CRD identifier in owned extract
IA9911994,IA,FLA,MD,no official OFR-to-CRD identifier in owned extract
IA9912565,IA,FLA,FL,no official OFR-to-CRD identifier in owned extract
IA0902290,IA,FLA,OH,no official OFR-to-CRD identifier in owned extract
IA9915649,IA,SEC,NJ,no official OFR-to-CRD identifier in owned extract
IA9910193,IA,FLA,GA,no official OFR-to-CRD identifier in owned extract
IA9912087,IA,SEC,IL,no official OFR-to-CRD identifier in owned extract
IA9905417,IA,FLA,FL,no official OFR-to-CRD identifier in owned extract
BD1003175,BD,FNRA,TX,no official OFR-to-CRD identifier in owned extract
BD0901696,BD,FNRA,PA,no official OFR-to-CRD identifier in owned extract
IA9915977,IA,SEC,MO,no official OFR-to-CRD identifier in owned extract
BD0900476,BD,FNRA,NH,no official OFR-to-CRD identifier in owned extract
BD0900589,BD,FNRA,NY,no official OFR-to-CRD identifier in owned extract
BD1003987,BD,FNRA,CT,no official OFR-to-CRD identifier in owned extract
IA0900491,IA,SEC,MA,no official OFR-to-CRD identifier in owned extract
IA9917764,IA,SEC,NY,no official OFR-to-CRD identifier in owned extract
BD1004188,BD,FNRA,TX,no official OFR-to-CRD identifier in owned extract
IA9912805,IA,SEC,FL,no official OFR-to-CRD identifier in owned extract
IA9917546,IA,SEC,IL,no official OFR-to-CRD identifier in owned extract
IA9909314,IA,SEC,KS,no official OFR-to-CRD identifier in owned extract
IA9910549,IA,SEC,MN,no official OFR-to-CRD identifier in owned extract
IA9911974,IA,SEC,IA,no official OFR-to-CRD identifier in owned extract
IA9905177,IA,SEC,WI,no official OFR-to-CRD identifier in owned extract
BD0901772,BD,FNRA,IL,no official OFR-to-CRD identifier in owned extract
IA9906790,IA,SEC,IL,no official OFR-to-CRD identifier in owned extract
IA9917826,IA,SEC,FL,no official OFR-to-CRD identifier in owned extract
IA9911611,IA,SEC,NY,no official OFR-to-CRD identifier in owned extract
IA9905708,IA,FLA,NH,no official OFR-to-CRD identifier in owned extract
IA9915047,IA,SEC,PA,no official OFR-to-CRD identifier in owned extract
IA9917427,IA,SEC,PA,no official OFR-to-CRD identifier in owned extract
IA9914530,IA,SEC,NH,no official OFR-to-CRD identifier in owned extract
IA9906910,IA,SEC,WI,no official OFR-to-CRD identifier in owned extract
BD0901953,BD,FNRA,NC,no official OFR-to-CRD identifier in owned extract
IA9913525,IA,SEC,NC,no official OFR-to-CRD identifier in owned extract
BD1004394,BD,CAN,AB,no official OFR-to-CRD identifier in owned extract
IA9909808,IA,SEC,NY,no official OFR-to-CRD identifier in owned extract
IA9909995,IA,FLA,PA,no official OFR-to-CRD identifier in owned extract
IA9907758,IA,SEC,FL,no official OFR-to-CRD identifier in owned extract
IA9916700,IA,SEC,FL,no official OFR-to-CRD identifier in owned extract
IA9911662,IA,SEC,NY,no official OFR-to-CRD identifier in owned extract
IA9917604,IA,SEC,FL,no official OFR-to-CRD identifier in owned extract
IA9913584,IA,SEC,AR,no official OFR-to-CRD identifier in owned extract
IA9915830,IA,SEC,NC,no official OFR-to-CRD identifier in owned extract
IA9908189,IA,SEC,CA,no official OFR-to-CRD identifier in owned extract
IA9908322,IA,SEC,NY,no official OFR-to-CRD identifier in owned extract
IA9910466,IA,SEC,MI,no official OFR-to-CRD identifier in owned extract
IA0901562,IA,SEC,NY,no official OFR-to-CRD identifier in owned extract
IA0901653,IA,SEC,NY,no official OFR-to-CRD identifier in owned extract
IA9908766,IA,SEC,PA,no official OFR-to-CRD identifier in owned extract
IA9912200,IA,SEC,FL,no official OFR-to-CRD identifier in owned extract
BD1004242,BD,FNRA,IL,no official OFR-to-CRD identifier in owned extract
IA9916248,IA,SEC,IL,no official OFR-to-CRD identifier in owned extract
IA9917322,IA,SEC,NJ,no official OFR-to-CRD identifier in owned extract
IA9916191,IA,FLA,FL,no official OFR-to-CRD identifier in owned extract
IA9916340,IA,SEC,MN,no official OFR-to-CRD identifier in owned extract
IA9915957,IA,FLA,FL,no official OFR-to-CRD identifier in owned extract
IA9904149,IA,SEC,NY,no official OFR-to-CRD identifier in owned extract
BD1003365,BD,FNRA,CA,no official OFR-to-CRD identifier in owned extract
IA9917771,IA,SEC,FL,no official OFR-to-CRD identifier in owned extract
IA0902294,IA,SEC,MN,no official OFR-to-CRD identifier in owned extract
IA9906689,IA,FLA,NY,no official OFR-to-CRD identifier in owned extract
IA9908108,IA,SEC,MA,no official OFR-to-CRD identifier in owned extract
IA9916413,IA,SEC,NY,no official OFR-to-CRD identifier in owned extract
BD1002905,BD,FNRA,NY,no official OFR-to-CRD identifier in owned extract
IA9914601,IA,SEC,NY,no official OFR-to-CRD identifier in owned extract
IA9916237,IA,SEC,CA,no official OFR-to-CRD identifier in owned extract
IA9912024,IA,SEC,IL,no official OFR-to-CRD identifier in owned extract
IA9914793,IA,SEC,CA,no official OFR-to-CRD identifier in owned extract
BD1002990,BD,FNRA,CA,no official OFR-to-CRD identifier in owned extract
IA9917503,IA,FLA,TN,no official OFR-to-CRD identifier in owned extract
IA9912294,IA,SEC,CA,no official OFR-to-CRD identifier in owned extract
IA9912589,IA,FLA,KS,no official OFR-to-CRD identifier in owned extract
IA9907865,IA,SEC,CA,no official OFR-to-CRD identifier in owned extract
BD1004095,BD,FNRA,CA,no official OFR-to-CRD identifier in owned extract
IA9903846,IA,SEC,KS,no official OFR-to-CRD identifier in owned extract
IA9907441,IA,SEC,PA,no official OFR-to-CRD identifier in owned extract
IA0903382,IA,SEC,AL,no official OFR-to-CRD identifier in owned extract
IA0904114,IA,FLA,CT,no official OFR-to-CRD identifier in owned extract
BD0902961,BD,FNRA,FL,no official OFR-to-CRD identifier in owned extract
IA9909454,IA,FLA,FL,no official OFR-to-CRD identifier in owned extract
BD0900629,BD,FNRA,NY,no official OFR-to-CRD identifier in owned extract
IA9916341,IA,SEC,MD,no official OFR-to-CRD identifier in owned extract
IA9906829,IA,SEC,CT,no official OFR-to-CRD identifier in owned extract
IA9915140,IA,SEC,TX,no official OFR-to-CRD identifier in owned extract
IA9915419,IA,FLA,FL,no official OFR-to-CRD identifier in owned extract
IA9914440,IA,SEC,MI,no official OFR-to-CRD identifier in owned extract
IA9905563,IA,SEC,CA,no official OFR-to-CRD identifier in owned extract
IA9915811,IA,SEC,WA,no official OFR-to-CRD identifier in owned extract
IA9909854,IA,SEC,NY,no official OFR-to-CRD identifier in owned extract
IA9917021,IA,SEC,MN,no official OFR-to-CRD identifier in owned extract
IA9910128,IA,SEC,NJ,no official OFR-to-CRD identifier in owned extract
BD0901079,BD,FNRA,OH,no official OFR-to-CRD identifier in owned extract
BD1004599,BD,FNRA,NY,no official OFR-to-CRD identifier in owned extract
IA9911187,IA,SEC,PA,no official OFR-to-CRD identifier in owned extract
BD0901526,BD,FNRA,NY,no official OFR-to-CRD identifier in owned extract
IA9907931,IA,SEC,NY,no official OFR-to-CRD identifier in owned extract
IA9908687,IA,SEC,FL,no official OFR-to-CRD identifier in owned extract
BD0901786,BD,FNRA,NY,no official OFR-to-CRD identifier in owned extract
BD0901133,BD,FNRA,MA,no official OFR-to-CRD identifier in owned extract
BD0900306,BD,FNRA,MA,no official OFR-to-CRD identifier in owned extract
IA0901757,IA,SEC,MA,no official OFR-to-CRD identifier in owned extract
BD1003654,BD,FNRA,MA,no official OFR-to-CRD identifier in owned extract
BD1004561,BD,FNRA,FL,no official OFR-to-CRD identifier in owned extract
IA9915001,IA,SEC,KS,no official OFR-to-CRD identifier in owned extract
IA0901154,IA,SEC,FL,no official OFR-to-CRD identifier in owned extract
IA9916390,IA,SEC,IL,no official OFR-to-CRD identifier in owned extract
IA9917304,IA,SEC,MI,no official OFR-to-CRD identifier in owned extract
IA9904798,IA,SEC,NJ,no official OFR-to-CRD identifier in owned extract
IA9905329,IA,SEC,NC,no official OFR-to-CRD identifier in owned extract
IA9913868,IA,SEC,SC,no official OFR-to-CRD identifier in owned extract
BD0902529,BD,FNRA,NC,no official OFR-to-CRD identifier in owned extract
IA9913449,IA,SEC,FL,no official OFR-to-CRD identifier in owned extract
IA0900885,IA,SEC,OH,no official OFR-to-CRD identifier in owned extract
BD1004659,BD,FNRA,TN,no official OFR-to-CRD identifier in owned extract
IA9916667,IA,FLA,PA,no official OFR-to-CRD identifier in owned extract
IA9914563,IA,SEC,MO,no official OFR-to-CRD identifier in owned extract
IA9914282,IA,FLA,FL,no official OFR-to-CRD identifier in owned extract
IA9909724,IA,SEC,MN,no official OFR-to-CRD identifier in owned extract
BD0902963,BD,FNRA,NY,no official OFR-to-CRD identifier in owned extract
IA0901104,IA,SEC,FL,no official OFR-to-CRD identifier in owned extract
IA9917198,IA,SEC,KS,no official OFR-to-CRD identifier in owned extract
IA9909245,IA,SEC,IA,no official OFR-to-CRD identifier in owned extract
IA9911238,IA,SEC,IL,no official OFR-to-CRD identifier in owned extract
IA9915048,IA,SEC,NY,no official OFR-to-CRD identifier in owned extract
IA9911519,IA,SEC,GA,no official OFR-to-CRD identifier in owned extract
IA9917591,IA,SEC,NY,no official OFR-to-CRD identifier in owned extract
IA9916025,IA,SEC,CA,no official OFR-to-CRD identifier in owned extract
IA9916483,IA,SEC,MO,no official OFR-to-CRD identifier in owned extract
IA9917473,IA,SEC,NY,no official OFR-to-CRD identifier in owned extract
BD0900824,BD,FNRA,TX,no official OFR-to-CRD identifier in owned extract
IA0901835,IA,SEC,TX,no official OFR-to-CRD identifier in owned extract
IA9914360,IA,FLA,GA,no official OFR-to-CRD identifier in owned extract
IA9916009,IA,SEC,FL,no official OFR-to-CRD identifier in owned extract
BD1004534,BD,FNRA,NY,no official OFR-to-CRD identifier in owned extract
IA9914498,IA,SEC,NY,no official OFR-to-CRD identifier in owned extract
IA9906240,IA,FLA,FL,no official OFR-to-CRD identifier in owned extract
BD0901707,BD,FNRA,NY,no official OFR-to-CRD identifier in owned extract
IA9910369,IA,SEC,IN,no official OFR-to-CRD identifier in owned extract
IA9917379,IA,SEC,CA,no official OFR-to-CRD identifier in owned extract
IA9907146,IA,SEC,CT,no official OFR-to-CRD identifier in owned extract
BD1003706,BD,FNRA,IL,no official OFR-to-CRD identifier in owned extract
IA9910898,IA,SEC,IL,no official OFR-to-CRD identifier in owned extract
IA0900665,IA,SEC,MO,no official OFR-to-CRD identifier in owned extract
BD1003799,BD,FNRA,TX,no official OFR-to-CRD identifier in owned extract
BD0900335,BD,FNRA,FL,no official OFR-to-CRD identifier in owned extract
IA0901763,IA,SEC,FL,no official OFR-to-CRD identifier in owned extract
IA9913084,IA,SEC,FL,no official OFR-to-CRD identifier in owned extract
IA9909558,IA,SEC,NJ,no official OFR-to-CRD identifier in owned extract
IA9909020,IA,SEC,AL,no official OFR-to-CRD identifier in owned extract
IA9907277,IA,FLA,FL,no official OFR-to-CRD identifier in owned extract
IA9915710,IA,FLA,TX,no official OFR-to-CRD identifier in owned extract
BD1004448,BD,FNRA,NY,no official OFR-to-CRD identifier in owned extract
IA9916871,IA,FLA,MD,no official OFR-to-CRD identifier in owned extract
IA9908669,IA,SEC,FL,no official OFR-to-CRD identifier in owned extract
IA9913527,IA,SEC,IL,no official OFR-to-CRD identifier in owned extract
BD0902894,BD,FNRA,IL,no official OFR-to-CRD identifier in owned extract
IA0902520,IA,SEC,GA,no official OFR-to-CRD identifier in owned extract
IA9903961,IA,SEC,CT,no official OFR-to-CRD identifier in owned extract
IA9904280,IA,FLA,FL,no official OFR-to-CRD identifier in owned extract
IA9914231,IA,SEC,GA,no official OFR-to-CRD identifier in owned extract
IA9916806,IA,FLA,FL,no official OFR-to-CRD identifier in owned extract
IA9915144,IA,SEC,MD,no official OFR-to-CRD identifier in owned extract
IA0900698,IA,SEC,MD,no official OFR-to-CRD identifier in owned extract
BD1004383,BD,FNRA,TX,no official OFR-to-CRD identifier in owned extract
IA9909374,IA,SEC,MA,no official OFR-to-CRD identifier in owned extract
IA9910852,IA,SEC,LA,no official OFR-to-CRD identifier in owned extract
IA9906092,IA,SEC,VA,no official OFR-to-CRD identifier in owned extract
BD0902061,BD,FNRA,MA,no official OFR-to-CRD identifier in owned extract
IA9915175,IA,SEC,MA,no official OFR-to-CRD identifier in owned extract
BD0902930,BD,FNRA,GA,no official OFR-to-CRD identifier in owned extract
BD1002994,BD,FNRA,TX,no official OFR-to-CRD identifier in owned extract
IA9908417,IA,SEC,MA,no official OFR-to-CRD identifier in owned extract
BD1004117,BD,FNRA,NJ,no official OFR-to-CRD identifier in owned extract
IA9915956,IA,FLA,FL,no official OFR-to-CRD identifier in owned extract
BD1004630,BD,FNRA,NY,no official OFR-to-CRD identifier in owned extract
IA9915367,IA,SEC,FL,no official OFR-to-CRD identifier in owned extract
IA9910317,IA,SEC,NY,no official OFR-to-CRD identifier in owned extract
IA9909417,IA,FLA,FL,no official OFR-to-CRD identifier in owned extract
IA0903987,IA,FLA,FL,no official OFR-to-CRD identifier in owned extract
IA9914676,IA,FLA,NC,no official OFR-to-CRD identifier in owned extract
IA9914373,IA,SEC,MD,no official OFR-to-CRD identifier in owned extract
BD0900227,BD,FNRA,MA,no official OFR-to-CRD identifier in owned extract
IA0901333,IA,SEC,MA,no official OFR-to-CRD identifier in owned extract
IA9916603,IA,SEC,PA,no official OFR-to-CRD identifier in owned extract
IA0901487,IA,SEC,FL,no official OFR-to-CRD identifier in owned extract
BD1003396,BD,FNRA,FL,no official OFR-to-CRD identifier in owned extract
IA9915324,IA,SEC,PA,no official OFR-to-CRD identifier in owned extract
IA9913630,IA,SEC,FL,no official OFR-to-CRD identifier in owned extract
IA9915837,IA,SEC,FL,no official OFR-to-CRD identifier in owned extract
IA9915754,IA,FLA,FL,no official OFR-to-CRD identifier in owned extract
BD1004275,BD,FNRA,UT,no official OFR-to-CRD identifier in owned extract
IA9915905,IA,SEC,NE,no official OFR-to-CRD identifier in owned extract
IA9908296,IA,SEC,WI,no official OFR-to-CRD identifier in owned extract
BD0900157,BD,FNRA,NY,no official OFR-to-CRD identifier in owned extract
IA9906919,IA,SEC,PA,no official OFR-to-CRD identifier in owned extract
BD0900923,BD,FNRA,NY,no official OFR-to-CRD identifier in owned extract
IA0900270,IA,SEC,NY,no official OFR-to-CRD identifier in owned extract
BD1002942,BD,FNRA,NY,no official OFR-to-CRD identifier in owned extract
IA9903820,IA,SEC,NY,no official OFR-to-CRD identifier in owned extract
BD0902208,BD,FNRA,NY,no official OFR-to-CRD identifier in owned extract
IA9917275,IA,SEC,WI,no official OFR-to-CRD identifier in owned extract
IA9904151,IA,SEC,FL,no official OFR-to-CRD identifier in owned extract
IA0901234,IA,SEC,IL,no official OFR-to-CRD identifier in owned extract
IA9905605,IA,SEC,VA,no official OFR-to-CRD identifier in owned extract
IA9910037,IA,SEC,SC,no official OFR-to-CRD identifier in owned extract
BD0902513,BD,FNRA,IN,no official OFR-to-CRD identifier in owned extract
IA9908815,IA,SEC,CT,no official OFR-to-CRD identifier in owned extract
IA9913880,IA,SEC,PA,no official OFR-to-CRD identifier in owned extract
IA9907693,IA,SEC,CA,no official OFR-to-CRD identifier in owned extract
IA9914448,IA,SEC,MA,no official OFR-to-CRD identifier in owned extract
IA9909790,IA,SEC,FL,no official OFR-to-CRD identifier in owned extract
IA9912945,IA,SEC,MO,no official OFR-to-CRD identifier in owned extract
IA9917327,IA,SEC,IN,no official OFR-to-CRD identifier in owned extract
IA9908395,IA,SEC,FL,no official OFR-to-CRD identifier in owned extract
IA0900974,IA,FLA,FL,no official OFR-to-CRD identifier in owned extract
IA9907652,IA,SEC,WA,no official OFR-to-CRD identifier in owned extract
IA9910712,IA,SEC,TX,no official OFR-to-CRD identifier in owned extract
IA9915963,IA,SEC,CA,no official OFR-to-CRD identifier in owned extract
BD1004597,BD,FNRA,ZZ,no official OFR-to-CRD identifier in owned extract
IA9908745,IA,SEC,FL,no official OFR-to-CRD identifier in owned extract
IA9913528,IA,SEC,NY,no official OFR-to-CRD identifier in owned extract
IA9912918,IA,SEC,MI,no official OFR-to-CRD identifier in owned extract
IA9906303,IA,SEC,VA,no official OFR-to-CRD identifier in owned extract
IA9912739,IA,FLA,FL,no official OFR-to-CRD identifier in owned extract
IA0900458,IA,FLA,FL,no official OFR-to-CRD identifier in owned extract
IA9912098,IA,SEC,MD,no official OFR-to-CRD identifier in owned extract
IA9916208,IA,SEC,CO,no official OFR-to-CRD identifier in owned extract
IA9913388,IA,SEC,FL,no official OFR-to-CRD identifier in owned extract
IA9915451,IA,SEC,NY,no official OFR-to-CRD identifier in owned extract
BD1004128,BD,FNRA,NJ,no official OFR-to-CRD identifier in owned extract
IA9915049,IA,SEC,IL,no official OFR-to-CRD identifier in owned extract
IA9916637,IA,FLA,FL,no official OFR-to-CRD identifier in owned extract
IA9917644,IA,SEC,IL,no official OFR-to-CRD identifier in owned extract
IA9916805,IA,SEC,NY,no official OFR-to-CRD identifier in owned extract
IA9908787,IA,SEC,IL,no official OFR-to-CRD identifier in owned extract
IA9911346,IA,SEC,GA,no official OFR-to-CRD identifier in owned extract
IA9909874,IA,SEC,FL,no official OFR-to-CRD identifier in owned extract
IA9915746,IA,FLA,FL,no official OFR-to-CRD identifier in owned extract
IA9917134,IA,SEC,MA,no official OFR-to-CRD identifier in owned extract
IA9912501,IA,SEC,GA,no official OFR-to-CRD identifier in owned extract
BD0902811,BD,FNRA,OR,no official OFR-to-CRD identifier in owned extract
IA9914499,IA,SEC,NY,no official OFR-to-CRD identifier in owned extract
BD1003312,BD,FNRA,KS,no official OFR-to-CRD identifier in owned extract
IA9908814,IA,SEC,AZ,no official OFR-to-CRD identifier in owned extract
IA9904567,IA,SEC,NJ,no official OFR-to-CRD identifier in owned extract
IA9910958,IA,SEC,FL,no official OFR-to-CRD identifier in owned extract
BD1003057,BD,FNRA,NY,no official OFR-to-CRD identifier in owned extract
IA9903987,IA,FLA,FL,no official OFR-to-CRD identifier in owned extract
IA9907818,IA,SEC,PA,no official OFR-to-CRD identifier in owned extract
IA9911286,IA,SEC,SC,no official OFR-to-CRD identifier in owned extract
BD0903001,BD,FNRA,NY,no official OFR-to-CRD identifier in owned extract
IA9914177,IA,FLA,TX,no official OFR-to-CRD identifier in owned extract
BD0902367,BD,FNRA,NY,no official OFR-to-CRD identifier in owned extract
IA9912291,IA,SEC,FL,no official OFR-to-CRD identifier in owned extract
IA9914642,IA,SEC,AZ,no official OFR-to-CRD identifier in owned extract
IA0902479,IA,SEC,CT,no official OFR-to-CRD identifier in owned extract
IA9909115,IA,SEC,NJ,no official OFR-to-CRD identifier in owned extract
BD0900758,BD,FNRA,MI,no official OFR-to-CRD identifier in owned extract
IA9905093,IA,FLA,FL,no official OFR-to-CRD identifier in owned extract
BD1004487,BD,FNRA,NY,no official OFR-to-CRD identifier in owned extract
BD0903079,BD,FNRA,TX,no official OFR-to-CRD identifier in owned extract
IA9908383,IA,SEC,OH,no official OFR-to-CRD identifier in owned extract
BD0900211,BD,FNRA,NY,no official OFR-to-CRD identifier in owned extract
IA9915717,IA,SEC,NY,no official OFR-to-CRD identifier in owned extract
IA9915436,IA,SEC,FL,no official OFR-to-CRD identifier in owned extract
IA0900567,IA,SEC,GA,no official OFR-to-CRD identifier in owned extract
IA9914342,IA,SEC,MN,no official OFR-to-CRD identifier in owned extract
IA9908802,IA,SEC,NY,no official OFR-to-CRD identifier in owned extract
IA9905574,IA,SEC,MN,no official OFR-to-CRD identifier in owned extract
IA9911127,IA,FLA,FL,no official OFR-to-CRD identifier in owned extract
IA9916907,IA,FLA,IN,no official OFR-to-CRD identifier in owned extract
IA9906793,IA,SEC,NE,no official OFR-to-CRD identifier in owned extract
BD0902927,BD,FNRA,NY,no official OFR-to-CRD identifier in owned extract
BD0901158,BD,FNRA,NY,no official OFR-to-CRD identifier in owned extract
BD0900137,BD,FNRA,NE,no official OFR-to-CRD identifier in owned extract
IA0902994,IA,SEC,NE,no official OFR-to-CRD identifier in owned extract
BD0900645,BD,FNRA,CA,no official OFR-to-CRD identifier in owned extract
IA9912506,IA,SEC,FL,no official OFR-to-CRD identifier in owned extract
IA9909525,IA,SEC,FL,no official OFR-to-CRD identifier in owned extract
IA9911841,IA,SEC,NY,no official OFR-to-CRD identifier in owned extract
BD1004508,BD,FNRA,NY,no official OFR-to-CRD identifier in owned extract
IA0902953,IA,SEC,MD,no official OFR-to-CRD identifier in owned extract
IA9916709,IA,FLA,FL,no official OFR-to-CRD identifier in owned extract
BD0901980,BD,FNRA,IL,no official OFR-to-CRD identifier in owned extract
IA9908154,IA,SEC,IL,no official OFR-to-CRD identifier in owned extract
IA9914449,IA,SEC,NY,no official OFR-to-CRD identifier in owned extract
IA9917204,IA,SEC,NY,no official OFR-to-CRD identifier in owned extract
IA9908925,IA,FLA,FL,no official OFR-to-CRD identifier in owned extract
IA9906616,IA,SEC,MD,no official OFR-to-CRD identifier in owned extract
IA0902772,IA,SEC,PA,no official OFR-to-CRD identifier in owned extract
IA9916760,IA,FLA,CT,no official OFR-to-CRD identifier in owned extract
IA9916724,IA,SEC,FL,no official OFR-to-CRD identifier in owned extract
IA9916481,IA,SEC,RI,no official OFR-to-CRD identifier in owned extract
IA9917842,IA,SEC,TX,no official OFR-to-CRD identifier in owned extract
IA9915129,IA,SEC,NY,no official OFR-to-CRD identifier in owned extract
BD0901281,BD,FNRA,NY,no official OFR-to-CRD identifier in owned extract
IA9913669,IA,FLA,FL,no official OFR-to-CRD identifier in owned extract
BD0902791,BD,FNRA,MA,no official OFR-to-CRD identifier in owned extract
IA9909475,IA,SEC,WI,no official OFR-to-CRD identifier in owned extract
BD0900198,BD,FNRA,MO,no official OFR-to-CRD identifier in owned extract
IA9917810,IA,SEC,FL,no official OFR-to-CRD identifier in owned extract
IA9917854,IA,SEC,CT,no official OFR-to-CRD identifier in owned extract
BD1003327,BD,FNRA,NY,no official OFR-to-CRD identifier in owned extract
IA9905196,IA,SEC,IL,no official OFR-to-CRD identifier in owned extract
IA9908701,IA,FLA,IL,no official OFR-to-CRD identifier in owned extract
IA9914250,IA,FLA,MA,no official OFR-to-CRD identifier in owned extract
IA9904199,IA,FLA,FL,no official OFR-to-CRD identifier in owned extract
BD0901297,BD,FNRA,KY,no official OFR-to-CRD identifier in owned extract
IA0903400,IA,FLA,FL,no official OFR-to-CRD identifier in owned extract
IA9916639,IA,SEC,MA,no official OFR-to-CRD identifier in owned extract
IA0903174,IA,SEC,NC,no official OFR-to-CRD identifier in owned extract
IA9905153,IA,SEC,FL,no official OFR-to-CRD identifier in owned extract
IA9904382,IA,SEC,FL,no official OFR-to-CRD identifier in owned extract
IA9917772,IA,SEC,FL,no official OFR-to-CRD identifier in owned extract
IA9915411,IA,SEC,FL,no official OFR-to-CRD identifier in owned extract
IA9914450,IA,SEC,GA,no official OFR-to-CRD identifier in owned extract
BD0901407,BD,FNRA,PA,no official OFR-to-CRD identifier in owned extract
BD1004855,BD,FNRA,NY,no official OFR-to-CRD identifier in owned extract
BD0902008,BD,FNRA,TX,no official OFR-to-CRD identifier in owned extract
IA9905220,IA,FLA,FL,no official OFR-to-CRD identifier in owned extract
BD0900050,BD,CAN,QC,no official OFR-to-CRD identifier in owned extract
BD0901446,BD,FNRA,NY,no official OFR-to-CRD identifier in owned extract
BD0900086,BD,CAN,QC,no official OFR-to-CRD identifier in owned extract
BD0900332,BD,FNRA,MA,no official OFR-to-CRD identifier in owned extract
IA9917315,IA,SEC,WI,no official OFR-to-CRD identifier in owned extract
IA0904348,IA,FLA,FL,no official OFR-to-CRD identifier in owned extract
IA9907535,IA,SEC,OH,no official OFR-to-CRD identifier in owned extract
BD0901460,BD,FNRA,IA,no official OFR-to-CRD identifier in owned extract
IA0902722,IA,SEC,IA,no official OFR-to-CRD identifier in owned extract
BD0900929,BD,FNRA,OH,no official OFR-to-CRD identifier in owned extract
IA0901828,IA,SEC,OH,no official OFR-to-CRD identifier in owned extract
BD0900734,BD,FNRA,OH,no official OFR-to-CRD identifier in owned extract
BD0901253,BD,FNRA,NJ,no official OFR-to-CRD identifier in owned extract
BD0900124,BD,FNRA,OH,no official OFR-to-CRD identifier in owned extract
IA0904131,IA,SEC,OH,no official OFR-to-CRD identifier in owned extract
IA0901527,IA,SEC,MA,no official OFR-to-CRD identifier in owned extract
BD0900398,BD,FNRA,MA,no official OFR-to-CRD identifier in owned extract
BD0900538,BD,FNRA,NY,no official OFR-to-CRD identifier in owned extract
IA9909445,IA,SEC,CA,no official OFR-to-CRD identifier in owned extract
IA9911865,IA,SEC,,no official OFR-to-CRD identifier in owned extract
BD0900540,BD,FNRA,CT,no official OFR-to-CRD identifier in owned extract
IA9912979,IA,FLA,VA,no official OFR-to-CRD identifier in owned extract
BD1004590,BD,FNRA,PA,no official OFR-to-CRD identifier in owned extract
IA9911047,IA,SEC,CA,no official OFR-to-CRD identifier in owned extract
IA0900469,IA,SEC,NV,no official OFR-to-CRD identifier in owned extract
IA9917660,IA,FLA,FL,no official OFR-to-CRD identifier in owned extract
BD1004045,BD,FNRA,OH,no official OFR-to-CRD identifier in owned extract
IA9904085,IA,FLA,FL,no official OFR-to-CRD identifier in owned extract
IA9913066,IA,SEC,UT,no official OFR-to-CRD identifier in owned extract
IA9917846,IA,SEC,AL,no official OFR-to-CRD identifier in owned extract
IA9909110,IA,SEC,CA,no official OFR-to-CRD identifier in owned extract
IA9913992,IA,SEC,CO,no official OFR-to-CRD identifier in owned extract
IA9914927,IA,SEC,NY,no official OFR-to-CRD identifier in owned extract
IA9915816,IA,SEC,MN,no official OFR-to-CRD identifier in owned extract
IA9912007,IA,SEC,AR,no official OFR-to-CRD identifier in owned extract
IA0903898,IA,SEC,MN,no official OFR-to-CRD identifier in owned extract
BD0902729,BD,FNRA,VA,no official OFR-to-CRD identifier in owned extract
IA9908907,IA,SEC,VA,no official OFR-to-CRD identifier in owned extract
IA0900796,IA,SEC,NY,no official OFR-to-CRD identifier in owned extract
BD1003559,BD,FNRA,NJ,no official OFR-to-CRD identifier in owned extract
IA9910216,IA,SEC,MA,no official OFR-to-CRD identifier in owned extract
IA9917205,IA,SEC,CA,no official OFR-to-CRD identifier in owned extract
IA9915368,IA,SEC,CA,no official OFR-to-CRD identifier in owned extract
IA0902861,IA,SEC,MD,no official OFR-to-CRD identifier in owned extract
BD1003407,BD,FNRA,CT,no official OFR-to-CRD identifier in owned extract
IA9915289,IA,SEC,CA,no official OFR-to-CRD identifier in owned extract
IA0900441,IA,SEC,FL,no official OFR-to-CRD identifier in owned extract
BD0900453,BD,FNRA,NY,no official OFR-to-CRD identifier in owned extract
IA9913389,IA,SEC,NY,no official OFR-to-CRD identifier in owned extract
IA9916066,IA,SEC,FL,no official OFR-to-CRD identifier in owned extract
IA9917055,IA,FLA,FL,no official OFR-to-CRD identifier in owned extract
BD0900111,BD,FNRA,FL,no official OFR-to-CRD identifier in owned extract
BD0900462,BD,FNRA,WA,no official OFR-to-CRD identifier in owned extract
IA0901789,IA,SEC,WA,no official OFR-to-CRD identifier in owned extract
IA9917811,IA,SEC,FL,no official OFR-to-CRD identifier in owned extract
IA9915944,IA,FLA,FL,no official OFR-to-CRD identifier in owned extract
IA9908323,IA,SEC,MA,no official OFR-to-CRD identifier in owned extract
IA0903814,IA,SEC,MN,no official OFR-to-CRD identifier in owned extract
IA9916032,IA,FLA,PA,no official OFR-to-CRD identifier in owned extract
IA9914181,IA,FLA,CO,no official OFR-to-CRD identifier in owned extract
IA9915158,IA,SEC,AZ,no official OFR-to-CRD identifier in owned extract
IA9916685,IA,SEC,NY,no official OFR-to-CRD identifier in owned extract
BD1004142,BD,FNRA,PA,no official OFR-to-CRD identifier in owned extract
IA9911325,IA,SEC,PA,no official OFR-to-CRD identifier in owned extract
IA9914627,IA,FLA,FL,no official OFR-to-CRD identifier in owned extract
IA9914260,IA,SEC,NY,no official OFR-to-CRD identifier in owned extract
IA0902555,IA,SEC,FL,no official OFR-to-CRD identifier in owned extract
IA9915560,IA,FLA,FL,no official OFR-to-CRD identifier in owned extract
BD0901411,BD,FNRA,PA,no official OFR-to-CRD identifier in owned extract
IA9917048,IA,SEC,PA,no official OFR-to-CRD identifier in owned extract
IA9913221,IA,SEC,UT,no official OFR-to-CRD identifier in owned extract
BD1004734,BD,FNRA,MA,no official OFR-to-CRD identifier in owned extract
BD1003462,BD,FNRA,FL,no official OFR-to-CRD identifier in owned extract
IA0902086,IA,FLA,NJ,no official OFR-to-CRD identifier in owned extract
BD0900399,BD,FNRA,NJ,no official OFR-to-CRD identifier in owned extract
IA9917552,IA,SEC,PA,no official OFR-to-CRD identifier in owned extract
IA9915446,IA,SEC,MN,no official OFR-to-CRD identifier in owned extract
BD0900179,BD,FNRA,NY,no official OFR-to-CRD identifier in owned extract
IA0901726,IA,SEC,NY,no official OFR-to-CRD identifier in owned extract
IA0903966,IA,SEC,NY,no official OFR-to-CRD identifier in owned extract
IA0900255,IA,SEC,NY,no official OFR-to-CRD identifier in owned extract
IA9916153,IA,SEC,NY,no official OFR-to-CRD identifier in owned extract
IA0903699,IA,SEC,CT,no official OFR-to-CRD identifier in owned extract
IA0903330,IA,SEC,MA,no official OFR-to-CRD identifier in owned extract
IA0903813,IA,SEC,MA,no official OFR-to-CRD identifier in owned extract
IA9911427,IA,SEC,RI,no official OFR-to-CRD identifier in owned extract
IA9904039,IA,SEC,IL,no official OFR-to-CRD identifier in owned extract
IA9916912,IA,SEC,MA,no official OFR-to-CRD identifier in owned extract
IA9914018,IA,FLA,FL,no official OFR-to-CRD identifier in owned extract
IA9917829,IA,FLA,MN,no official OFR-to-CRD identifier in owned extract
IA9905525,IA,SEC,MA,no official OFR-to-CRD identifier in owned extract
IA9906674,IA,FLA,FL,no official OFR-to-CRD identifier in owned extract
IA9912612,IA,FLA,FL,no official OFR-to-CRD identifier in owned extract
IA9913390,IA,SEC,MS,no official OFR-to-CRD identifier in owned extract
IA9914048,IA,SEC,NC,no official OFR-to-CRD identifier in owned extract
IA9915290,IA,SEC,VA,no official OFR-to-CRD identifier in owned extract
IA9905081,IA,FLA,FL,no official OFR-to-CRD identifier in owned extract
IA9906327,IA,SEC,IL,no official OFR-to-CRD identifier in owned extract
IA9915386,IA,SEC,FL,no official OFR-to-CRD identifier in owned extract
IA9916622,IA,SEC,FL,no official OFR-to-CRD identifier in owned extract
IA9916518,IA,SEC,MA,no official OFR-to-CRD identifier in owned extract
IA0901559,IA,SEC,NY,no official OFR-to-CRD identifier in owned extract
BD0901793,BD,FNRA,FL,no official OFR-to-CRD identifier in owned extract
IA9916283,IA,SEC,GA,no official OFR-to-CRD identifier in owned extract
IA9909557,IA,SEC,CT,no official OFR-to-CRD identifier in owned extract
IA9908363,IA,SEC,LA,no official OFR-to-CRD identifier in owned extract
BD0900421,BD,FNRA,PA,no official OFR-to-CRD identifier in owned extract
IA9911339,IA,SEC,CT,no official OFR-to-CRD identifier in owned extract
IA9913155,IA,FLA,FL,no official OFR-to-CRD identifier in owned extract
IA9914452,IA,SEC,FL,no official OFR-to-CRD identifier in owned extract
IA9913040,IA,SEC,CA,no official OFR-to-CRD identifier in owned extract
IA0902013,IA,SEC,RI,no official OFR-to-CRD identifier in owned extract
IA9906880,IA,SEC,NY,no official OFR-to-CRD identifier in owned extract
IA9908415,IA,FLA,AZ,no official OFR-to-CRD identifier in owned extract
IA9916067,IA,SEC,FL,no official OFR-to-CRD identifier in owned extract
BD0901777,BD,FNRA,NY,no official OFR-to-CRD identifier in owned extract
IA9904716,IA,SEC,NJ,no official OFR-to-CRD identifier in owned extract
IA9909094,IA,SEC,FL,no official OFR-to-CRD identifier in owned extract
IA9916597,IA,SEC,CA,no official OFR-to-CRD identifier in owned extract
IA0900338,IA,SEC,TN,no official OFR-to-CRD identifier in owned extract
IA9914502,IA,SEC,PA,no official OFR-to-CRD identifier in owned extract
IA9906287,IA,SEC,PA,no official OFR-to-CRD identifier in owned extract
IA9912628,IA,SEC,MA,no official OFR-to-CRD identifier in owned extract
IA9910985,IA,SEC,DE,no official OFR-to-CRD identifier in owned extract
BD1003611,BD,FNRA,TX,no official OFR-to-CRD identifier in owned extract
IA9904243,IA,SEC,NY,no official OFR-to-CRD identifier in owned extract
IA9912991,IA,SEC,NY,no official OFR-to-CRD identifier in owned extract
BD1004853,BD,FNRA,GA,no official OFR-to-CRD identifier in owned extract
IA9915970,IA,SEC,TX,no official OFR-to-CRD identifier in owned extract
BD0902922,BD,FNRA,NC,no official OFR-to-CRD identifier in owned extract
BD0901432,BD,FNRA,TX,no official OFR-to-CRD identifier in owned extract
IA9911506,IA,FLA,FL,no official OFR-to-CRD identifier in owned extract
IA9913438,IA,SEC,FL,no official OFR-to-CRD identifier in owned extract
IA9906223,IA,SEC,TN,no official OFR-to-CRD identifier in owned extract
IA9911680,IA,FLA,PA,no official OFR-to-CRD identifier in owned extract
IA9912156,IA,SEC,TX,no official OFR-to-CRD identifier in owned extract
IA0904343,IA,SEC,FL,no official OFR-to-CRD identifier in owned extract
BD1003811,BD,FNRA,NY,no official OFR-to-CRD identifier in owned extract
BD0902919,BD,FNRA,NY,no official OFR-to-CRD identifier in owned extract
BD1004774,BD,FNRA,NY,no official OFR-to-CRD identifier in owned extract
BD1004797,BD,FNRA,CA,no official OFR-to-CRD identifier in owned extract
IA9915106,IA,SEC,NJ,no official OFR-to-CRD identifier in owned extract
IA9917847,IA,SEC,PA,no official OFR-to-CRD identifier in owned extract
BD0902641,BD,FNRA,CA,no official OFR-to-CRD identifier in owned extract
IA9915382,IA,FLA,CA,no official OFR-to-CRD identifier in owned extract
IA9910468,IA,SEC,GA,no official OFR-to-CRD identifier in owned extract
IA9906701,IA,SEC,CA,no official OFR-to-CRD identifier in owned extract
IA9912679,IA,SEC,GA,no official OFR-to-CRD identifier in owned extract
IA9915964,IA,SEC,MO,no official OFR-to-CRD identifier in owned extract
IA9915515,IA,SEC,SC,no official OFR-to-CRD identifier in owned extract
IA9909402,IA,SEC,WI,no official OFR-to-CRD identifier in owned extract
IA9913663,IA,SEC,MN,no official OFR-to-CRD identifier in owned extract
IA9906202,IA,SEC,CT,no official OFR-to-CRD identifier in owned extract
IA9916868,IA,SEC,FL,no official OFR-to-CRD identifier in owned extract
IA9915555,IA,SEC,IA,no official OFR-to-CRD identifier in owned extract
IA9915247,IA,SEC,FL,no official OFR-to-CRD identifier in owned extract
IA9912793,IA,SEC,CO,no official OFR-to-CRD identifier in owned extract
IA9915852,IA,SEC,NY,no official OFR-to-CRD identifier in owned extract
IA9913731,IA,SEC,NY,no official OFR-to-CRD identifier in owned extract
IA9904690,IA,FLA,FL,no official OFR-to-CRD identifier in owned extract
BD0900410,BD,FNRA,FL,no official OFR-to-CRD identifier in owned extract
IA9912568,IA,SEC,FL,no official OFR-to-CRD identifier in owned extract
IA9905822,IA,FLA,IN,no official OFR-to-CRD identifier in owned extract
IA9913058,IA,FLA,FL,no official OFR-to-CRD identifier in owned extract
IA9913950,IA,SEC,CO,no official OFR-to-CRD identifier in owned extract
IA9913811,IA,SEC,NJ,no official OFR-to-CRD identifier in owned extract
IA9916835,IA,FLA,TX,no official OFR-to-CRD identifier in owned extract
BD1002935,BD,FNRA,TX,no official OFR-to-CRD identifier in owned extract
IA9904040,IA,SEC,FL,no official OFR-to-CRD identifier in owned extract
IA0901144,IA,SEC,FL,no official OFR-to-CRD identifier in owned extract
IA9905190,IA,FLA,FL,no official OFR-to-CRD identifier in owned extract
BD1004749,BD,FNRA,FL,no official OFR-to-CRD identifier in owned extract
IA0901257,IA,SEC,PA,no official OFR-to-CRD identifier in owned extract
BD0900237,BD,FNRA,NY,no official OFR-to-CRD identifier in owned extract
IA9904173,IA,FLA,FL,no official OFR-to-CRD identifier in owned extract
IA9917748,IA,FLA,VA,no official OFR-to-CRD identifier in owned extract
IA9915291,IA,SEC,PA,no official OFR-to-CRD identifier in owned extract
IA9911472,IA,SEC,SC,no official OFR-to-CRD identifier in owned extract
IA0902270,IA,SEC,MI,no official OFR-to-CRD identifier in owned extract
IA9915781,IA,FLA,VA,no official OFR-to-CRD identifier in owned extract
BD1004808,BD,FNRA,UT,no official OFR-to-CRD identifier in owned extract
BD1003561,BD,FNRA,UT,no official OFR-to-CRD identifier in owned extract
IA9917805,IA,SEC,MN,no official OFR-to-CRD identifier in owned extract
IA9913706,IA,FLA,IL,no official OFR-to-CRD identifier in owned extract
BD1004825,BD,FNRA,NC,no official OFR-to-CRD identifier in owned extract
BD1004840,BD,FNRA,TX,no official OFR-to-CRD identifier in owned extract
BD1004309,BD,FNRA,CA,no official OFR-to-CRD identifier in owned extract
IA9913122,IA,SEC,OH,no official OFR-to-CRD identifier in owned extract
BD1003096,BD,FNRA,IL,no official OFR-to-CRD identifier in owned extract
IA9908338,IA,FLA,OH,no official OFR-to-CRD identifier in owned extract
IA9913268,IA,SEC,OH,no official OFR-to-CRD identifier in owned extract
IA0900854,IA,SEC,WI,no official OFR-to-CRD identifier in owned extract
IA0902850,IA,SEC,IL,no official OFR-to-CRD identifier in owned extract
IA9915580,IA,SEC,FL,no official OFR-to-CRD identifier in owned extract
BD1004466,BD,FNRA,FL,no official OFR-to-CRD identifier in owned extract
IA9911736,IA,SEC,FL,no official OFR-to-CRD identifier in owned extract
IA9917701,IA,SEC,MD,no official OFR-to-CRD identifier in owned extract
IA9912563,IA,SEC,NY,no official OFR-to-CRD identifier in owned extract
IA9916045,IA,SEC,CT,no official OFR-to-CRD identifier in owned extract
BD1003938,BD,FNRA,OH,no official OFR-to-CRD identifier in owned extract
IA9912786,IA,SEC,MN,no official OFR-to-CRD identifier in owned extract
IA9909717,IA,SEC,PA,no official OFR-to-CRD identifier in owned extract
IA9911760,IA,FLA,FL,no official OFR-to-CRD identifier in owned extract
IA9916006,IA,SEC,PA,no official OFR-to-CRD identifier in owned extract
IA0900991,IA,SEC,MA,no official OFR-to-CRD identifier in owned extract
IA9910123,IA,SEC,NH,no official OFR-to-CRD identifier in owned extract
IA9907609,IA,FLA,PA,no official OFR-to-CRD identifier in owned extract
IA9912875,IA,SEC,WA,no official OFR-to-CRD identifier in owned extract
BD0901674,BD,FNRA,MA,no official OFR-to-CRD identifier in owned extract
BD1003502,BD,FNRA,NY,no official OFR-to-CRD identifier in owned extract
IA9917331,IA,SEC,MI,no official OFR-to-CRD identifier in owned extract
IA9911700,IA,SEC,MI,no official OFR-to-CRD identifier in owned extract
BD0901548,BD,FNRA,ME,no official OFR-to-CRD identifier in owned extract
BD0902225,BD,FNRA,NE,no official OFR-to-CRD identifier in owned extract
IA0901299,IA,SEC,IL,no official OFR-to-CRD identifier in owned extract
BD0900396,BD,FNRA,IL,no official OFR-to-CRD identifier in owned extract
IA9907414,IA,SEC,IL,no official OFR-to-CRD identifier in owned extract
IA9917320,IA,SEC,OH,no official OFR-to-CRD identifier in owned extract
IA9917153,IA,SEC,TX,no official OFR-to-CRD identifier in owned extract
BD0901218,BD,FNRA,MN,no official OFR-to-CRD identifier in owned extract
IA9907835,IA,SEC,MN,no official OFR-to-CRD identifier in owned extract
IA9911954,IA,SEC,NY,no official OFR-to-CRD identifier in owned extract
IA9915585,IA,SEC,OR,no official OFR-to-CRD identifier in owned extract
IA9910174,IA,FLA,CT,no official OFR-to-CRD identifier in owned extract
IA9914701,IA,FLA,MD,no official OFR-to-CRD identifier in owned extract
IA9905135,IA,FLA,MI,no official OFR-to-CRD identifier in owned extract
IA9915739,IA,FLA,OH,no official OFR-to-CRD identifier in owned extract
IA9906669,IA,SEC,MN,no official OFR-to-CRD identifier in owned extract
IA9915532,IA,SEC,OR,no official OFR-to-CRD identifier in owned extract
IA9911744,IA,SEC,NJ,no official OFR-to-CRD identifier in owned extract
IA9915147,IA,SEC,PA,no official OFR-to-CRD identifier in owned extract
IA9912488,IA,SEC,NJ,no official OFR-to-CRD identifier in owned extract
IA9912120,IA,SEC,FL,no official OFR-to-CRD identifier in owned extract
IA9910708,IA,SEC,PA,no official OFR-to-CRD identifier in owned extract
IA9912975,IA,SEC,CA,no official OFR-to-CRD identifier in owned extract
IA9904873,IA,FLA,FL,no official OFR-to-CRD identifier in owned extract
BD1004666,BD,FNRA,TX,no official OFR-to-CRD identifier in owned extract
IA9906427,IA,SEC,VA,no official OFR-to-CRD identifier in owned extract
IA9911375,IA,SEC,IN,no official OFR-to-CRD identifier in owned extract
IA9914814,IA,SEC,WA,no official OFR-to-CRD identifier in owned extract
IA9909986,IA,SEC,IA,no official OFR-to-CRD identifier in owned extract
IA9914500,IA,SEC,WI,no official OFR-to-CRD identifier in owned extract
BD0901982,BD,FNRA,WI,no official OFR-to-CRD identifier in owned extract
IA0901603,IA,SEC,WI,no official OFR-to-CRD identifier in owned extract
BD1004699,BD,FNRA,GA,no official OFR-to-CRD identifier in owned extract
IA9910279,IA,SEC,VA,no official OFR-to-CRD identifier in owned extract
IA9914797,IA,SEC,MN,no official OFR-to-CRD identifier in owned extract
IA9910592,IA,SEC,NY,no official OFR-to-CRD identifier in owned extract
IA0900372,IA,SEC,NY,no official OFR-to-CRD identifier in owned extract
IA9912206,IA,SEC,NY,no official OFR-to-CRD identifier in owned extract
BD1003835,BD,FNRA,FL,no official OFR-to-CRD identifier in owned extract
IA9909037,IA,SEC,KS,no official OFR-to-CRD identifier in owned extract
IA9914613,IA,SEC,FL,no official OFR-to-CRD identifier in owned extract
IA9908853,IA,SEC,FL,no official OFR-to-CRD identifier in owned extract
IA9911283,IA,SEC,GA,no official OFR-to-CRD identifier in owned extract
IA9908378,IA,SEC,NC,no official OFR-to-CRD identifier in owned extract
IA9916540,IA,SEC,CA,no official OFR-to-CRD identifier in owned extract
IA9907216,IA,SEC,NY,no official OFR-to-CRD identifier in owned extract
IA9908883,IA,SEC,SC,no official OFR-to-CRD identifier in owned extract
IA9909598,IA,SEC,NJ,no official OFR-to-CRD identifier in owned extract
BD1003759,BD,FNRA,NY,no official OFR-to-CRD identifier in owned extract
IA9914531,IA,SEC,NJ,no official OFR-to-CRD identifier in owned extract
IA0903613,IA,FLA,FL,no official OFR-to-CRD identifier in owned extract
IA9905599,IA,SEC,WV,no official OFR-to-CRD identifier in owned extract
IA9906281,IA,FLA,GA,no official OFR-to-CRD identifier in owned extract
IA9906641,IA,SEC,MO,no official OFR-to-CRD identifier in owned extract
IA9908910,IA,SEC,FL,no official OFR-to-CRD identifier in owned extract
IA9913995,IA,FLA,FL,no official OFR-to-CRD identifier in owned extract
BD1004459,BD,FNRA,FL,no official OFR-to-CRD identifier in owned extract
IA9904767,IA,SEC,IL,no official OFR-to-CRD identifier in owned extract
IA0900640,IA,SEC,IL,no official OFR-to-CRD identifier in owned extract
BD0900131,BD,FNRA,IL,no official OFR-to-CRD identifier in owned extract
IA9916342,IA,SEC,FL,no official OFR-to-CRD identifier in owned extract
IA9916726,IA,SEC,FL,no official OFR-to-CRD identifier in owned extract
IA9913242,IA,SEC,NH,no official OFR-to-CRD identifier in owned extract
IA9906309,IA,FLA,OH,no official OFR-to-CRD identifier in owned extract
IA9913413,IA,SEC,OH,no official OFR-to-CRD identifier in owned extract
BD1003899,BD,FNRA,NY,no official OFR-to-CRD identifier in owned extract
IA9910698,IA,SEC,PA,no official OFR-to-CRD identifier in owned extract
IA9908469,IA,SEC,WA,no official OFR-to-CRD identifier in owned extract
IA9911377,IA,SEC,CA,no official OFR-to-CRD identifier in owned extract
IA9914902,IA,SEC,CA,no official OFR-to-CRD identifier in owned extract
IA9913732,IA,SEC,IL,no official OFR-to-CRD identifier in owned extract
IA9906440,IA,FLA,CA,no official OFR-to-CRD identifier in owned extract
IA9916447,IA,SEC,OH,no official OFR-to-CRD identifier in owned extract
BD0901822,BD,FNRA,NJ,no official OFR-to-CRD identifier in owned extract
BD0900368,BD,FNRA,FL,no official OFR-to-CRD identifier in owned extract
IA9913179,IA,SEC,CA,no official OFR-to-CRD identifier in owned extract
IA9917499,IA,FLA,PA,no official OFR-to-CRD identifier in owned extract
IA9917180,IA,SEC,NY,no official OFR-to-CRD identifier in owned extract
IA9916633,IA,SEC,IL,no official OFR-to-CRD identifier in owned extract
IA9906830,IA,FLA,FL,no official OFR-to-CRD identifier in owned extract
IA9910892,IA,FLA,FL,no official OFR-to-CRD identifier in owned extract
IA9912824,IA,SEC,PA,no official OFR-to-CRD identifier in owned extract
IA9908892,IA,SEC,NY,no official OFR-to-CRD identifier in owned extract
BD0900129,BD,FNRA,CA,no official OFR-to-CRD identifier in owned extract
IA9905294,IA,SEC,MA,no official OFR-to-CRD identifier in owned extract
IA0903951,IA,SEC,CT,no official OFR-to-CRD identifier in owned extract
IA9911847,IA,FLA,FL,no official OFR-to-CRD identifier in owned extract
IA9917568,IA,SEC,MA,no official OFR-to-CRD identifier in owned extract
IA9914671,IA,SEC,FL,no official OFR-to-CRD identifier in owned extract
IA0900467,IA,SEC,OH,no official OFR-to-CRD identifier in owned extract
IA9916007,IA,SEC,VA,no official OFR-to-CRD identifier in owned extract
IA9912234,IA,FLA,FL,no official OFR-to-CRD identifier in owned extract
IA9911413,IA,SEC,IL,no official OFR-to-CRD identifier in owned extract
IA0901363,IA,SEC,CT,no official OFR-to-CRD identifier in owned extract
IA9912629,IA,SEC,TX,no official OFR-to-CRD identifier in owned extract
BD1002979,BD,FNRA,OK,no official OFR-to-CRD identifier in owned extract
IA0900996,IA,SEC,IL,no official OFR-to-CRD identifier in owned extract
BD1003771,BD,FNRA,CA,no official OFR-to-CRD identifier in owned extract
IA9906920,IA,SEC,PA,no official OFR-to-CRD identifier in owned extract
IA9917082,IA,SEC,PA,no official OFR-to-CRD identifier in owned extract
BD1003719,BD,FNRA,FL,no official OFR-to-CRD identifier in owned extract
IA0903671,IA,FLA,FL,no official OFR-to-CRD identifier in owned extract
IA9915412,IA,SEC,PA,no official OFR-to-CRD identifier in owned extract
IA9910350,IA,SEC,CT,no official OFR-to-CRD identifier in owned extract
BD0900581,BD,FNRA,FL,no official OFR-to-CRD identifier in owned extract
IA9912066,IA,SEC,MN,no official OFR-to-CRD identifier in owned extract
IA9916817,IA,SEC,AL,no official OFR-to-CRD identifier in owned extract
IA9903799,IA,SEC,WI,no official OFR-to-CRD identifier in owned extract
IA9916519,IA,SEC,IA,no official OFR-to-CRD identifier in owned extract
BD1004795,BD,FNRA,CT,no official OFR-to-CRD identifier in owned extract
IA9915645,IA,SEC,TN,no official OFR-to-CRD identifier in owned extract
IA9916181,IA,SEC,OK,no official OFR-to-CRD identifier in owned extract
BD1004179,BD,FNRA,OH,no official OFR-to-CRD identifier in owned extract
IA9905986,IA,FLA,OH,no official OFR-to-CRD identifier in owned extract
IA9906392,IA,FLA,FL,no official OFR-to-CRD identifier in owned extract
IA0901214,IA,SEC,CO,no official OFR-to-CRD identifier in owned extract
BD0902538,BD,FNRA,NY,no official OFR-to-CRD identifier in owned extract
IA0902314,IA,SEC,IL,no official OFR-to-CRD identifier in owned extract
BD0901306,BD,FNRA,IL,no official OFR-to-CRD identifier in owned extract
IA9914453,IA,SEC,OH,no official OFR-to-CRD identifier in owned extract
IA9913391,IA,SEC,SC,no official OFR-to-CRD identifier in owned extract
IA9913307,IA,SEC,PA,no official OFR-to-CRD identifier in owned extract
IA9911987,IA,FLA,FL,no official OFR-to-CRD identifier in owned extract
IA9912594,IA,SEC,FL,no official OFR-to-CRD identifier in owned extract
IA9907946,IA,FLA,FL,no official OFR-to-CRD identifier in owned extract
IA0902276,IA,SEC,NY,no official OFR-to-CRD identifier in owned extract
IA9908345,IA,SEC,CA,no official OFR-to-CRD identifier in owned extract
IA9907042,IA,FLA,NC,no official OFR-to-CRD identifier in owned extract
IA9909649,IA,FLA,FL,no official OFR-to-CRD identifier in owned extract
IA9910337,IA,FLA,FL,no official OFR-to-CRD identifier in owned extract
BD1003544,BD,FNRA,FL,no official OFR-to-CRD identifier in owned extract
IA9915866,IA,SEC,CA,no official OFR-to-CRD identifier in owned extract
IA9911886,IA,SEC,CA,no official OFR-to-CRD identifier in owned extract
IA9911338,IA,SEC,FL,no official OFR-to-CRD identifier in owned extract
IA9914374,IA,SEC,SC,no official OFR-to-CRD identifier in owned extract
IA9916995,IA,FLA,NJ,no official OFR-to-CRD identifier in owned extract
IA9912996,IA,FLA,FL,no official OFR-to-CRD identifier in owned extract
IA9915820,IA,SEC,IL,no official OFR-to-CRD identifier in owned extract
BD1004510,BD,FNRA,FL,no official OFR-to-CRD identifier in owned extract
IA9911556,IA,SEC,OH,no official OFR-to-CRD identifier in owned extract
IA9916343,IA,SEC,MI,no official OFR-to-CRD identifier in owned extract
IA9916527,IA,SEC,VA,no official OFR-to-CRD identifier in owned extract
IA9913888,IA,SEC,FL,no official OFR-to-CRD identifier in owned extract
IA9908672,IA,FLA,OH,no official OFR-to-CRD identifier in owned extract
IA9912301,IA,SEC,NY,no official OFR-to-CRD identifier in owned extract
BD1003011,BD,FNRA,NY,no official OFR-to-CRD identifier in owned extract
IA9915683,IA,FLA,NH,no official OFR-to-CRD identifier in owned extract
BD0900090,BD,CAN,ZZ,no official OFR-to-CRD identifier in owned extract
IA0902397,IA,SEC,,no official OFR-to-CRD identifier in owned extract
IA9915623,IA,SEC,PA,no official OFR-to-CRD identifier in owned extract
IA9917192,IA,FLA,FL,no official OFR-to-CRD identifier in owned extract
IA9912174,IA,SEC,FL,no official OFR-to-CRD identifier in owned extract
IA9906334,IA,SEC,NY,no official OFR-to-CRD identifier in owned extract
BD0901186,BD,FNRA,KS,no official OFR-to-CRD identifier in owned extract
IA0903086,IA,SEC,NY,no official OFR-to-CRD identifier in owned extract
IA9911866,IA,SEC,FL,no official OFR-to-CRD identifier in owned extract
IA9917407,IA,SEC,MN,no official OFR-to-CRD identifier in owned extract
IA9913675,IA,SEC,CA,no official OFR-to-CRD identifier in owned extract
IA9916203,IA,SEC,NY,no official OFR-to-CRD identifier in owned extract
BD1003774,BD,FNRA,NY,no official OFR-to-CRD identifier in owned extract
IA9914800,IA,FLA,RI,no official OFR-to-CRD identifier in owned extract
BD1003016,BD,FNRA,FL,no official OFR-to-CRD identifier in owned extract
IA9906049,IA,SEC,MI,no official OFR-to-CRD identifier in owned extract
IA9908949,IA,SEC,NC,no official OFR-to-CRD identifier in owned extract
IA9911025,IA,SEC,MI,no official OFR-to-CRD identifier in owned extract
IA0901605,IA,SEC,ME,no official OFR-to-CRD identifier in owned extract
BD1004200,BD,FNRA,TX,no official OFR-to-CRD identifier in owned extract
IA9917428,IA,SEC,CA,no official OFR-to-CRD identifier in owned extract
IA9911668,IA,SEC,WA,no official OFR-to-CRD identifier in owned extract
BD1004555,BD,FNRA,NJ,no official OFR-to-CRD identifier in owned extract
BD1004023,BD,FNRA,NY,no official OFR-to-CRD identifier in owned extract
IA9913392,IA,SEC,VA,no official OFR-to-CRD identifier in owned extract
IA9917256,IA,FLA,FL,no official OFR-to-CRD identifier in owned extract
IA9907098,IA,SEC,NJ,no official OFR-to-CRD identifier in owned extract
IA9915564,IA,FLA,VA,no official OFR-to-CRD identifier in owned extract
IA9906831,IA,FLA,FL,no official OFR-to-CRD identifier in owned extract
IA9906178,IA,FLA,NJ,no official OFR-to-CRD identifier in owned extract
IA9917145,IA,SEC,UT,no official OFR-to-CRD identifier in owned extract
IA9906872,IA,SEC,NY,no official OFR-to-CRD identifier in owned extract
IA9912327,IA,SEC,NJ,no official OFR-to-CRD identifier in owned extract
BD1002929,BD,CAN,NB,no official OFR-to-CRD identifier in owned extract
IA9907295,IA,FLA,FL,no official OFR-to-CRD identifier in owned extract
IA9912489,IA,SEC,NJ,no official OFR-to-CRD identifier in owned extract
BD0902716,BD,FNRA,OH,no official OFR-to-CRD identifier in owned extract
IA9907957,IA,SEC,FL,no official OFR-to-CRD identifier in owned extract
IA9916902,IA,FLA,FL,no official OFR-to-CRD identifier in owned extract
IA9917020,IA,SEC,FL,no official OFR-to-CRD identifier in owned extract
IA0901173,IA,SEC,OH,no official OFR-to-CRD identifier in owned extract
IA9914912,IA,FLA,IN,no official OFR-to-CRD identifier in owned extract
IA9905183,IA,FLA,NH,no official OFR-to-CRD identifier in owned extract
IA9908007,IA,FLA,OH,no official OFR-to-CRD identifier in owned extract
IA9911905,IA,SEC,FL,no official OFR-to-CRD identifier in owned extract
IA9912597,IA,SEC,KS,no official OFR-to-CRD identifier in owned extract
IA9906289,IA,SEC,CA,no official OFR-to-CRD identifier in owned extract
IA9908918,IA,SEC,MA,no official OFR-to-CRD identifier in owned extract
IA9910159,IA,SEC,VT,no official OFR-to-CRD identifier in owned extract
IA9915418,IA,FLA,FL,no official OFR-to-CRD identifier in owned extract
IA9917537,IA,SEC,CA,no official OFR-to-CRD identifier in owned extract
BD1004536,BD,FNRA,DE,no official OFR-to-CRD identifier in owned extract
IA9916284,IA,SEC,OH,no official OFR-to-CRD identifier in owned extract
IA9912817,IA,SEC,TX,no official OFR-to-CRD identifier in owned extract
IA9914080,IA,SEC,CA,no official OFR-to-CRD identifier in owned extract
IA9915516,IA,SEC,AZ,no official OFR-to-CRD identifier in owned extract
IA9913677,IA,SEC,FL,no official OFR-to-CRD identifier in owned extract
IA9912460,IA,SEC,NV,no official OFR-to-CRD identifier in owned extract
IA9916204,IA,SEC,NC,no official OFR-to-CRD identifier in owned extract
BD0900465,BD,FNRA,IN,no official OFR-to-CRD identifier in owned extract
IA0901790,IA,SEC,IN,no official OFR-to-CRD identifier in owned extract
IA9915471,IA,SEC,AL,no official OFR-to-CRD identifier in owned extract
IA9909823,IA,SEC,AL,no official OFR-to-CRD identifier in owned extract
IA9911800,IA,SEC,AL,no official OFR-to-CRD identifier in owned extract
IA9907446,IA,SEC,KS,no official OFR-to-CRD identifier in owned extract
IA9909675,IA,FLA,FL,no official OFR-to-CRD identifier in owned extract
BD1004442,BD,FNRA,NY,no official OFR-to-CRD identifier in owned extract
IA9910392,IA,FLA,FL,no official OFR-to-CRD identifier in owned extract
IA9914474,IA,SEC,NY,no official OFR-to-CRD identifier in owned extract
BD1004438,BD,FNRA,FL,no official OFR-to-CRD identifier in owned extract
IA9911953,IA,SEC,NY,no official OFR-to-CRD identifier in owned extract
IA9913862,IA,SEC,FL,no official OFR-to-CRD identifier in owned extract
BD1004474,BD,FNRA,NY,no official OFR-to-CRD identifier in owned extract
IA9910450,IA,SEC,NY,no official OFR-to-CRD identifier in owned extract
BD1003816,BD,FNRA,NY,no official OFR-to-CRD identifier in owned extract
IA9916693,IA,SEC,GA,no official OFR-to-CRD identifier in owned extract
BD1004811,BD,FNRA,PA,no official OFR-to-CRD identifier in owned extract
BD1004122,BD,FNRA,NY,no official OFR-to-CRD identifier in owned extract
IA9916189,IA,SEC,FL,no official OFR-to-CRD identifier in owned extract
BD1004787,BD,FNRA,NY,no official OFR-to-CRD identifier in owned extract
IA9914389,IA,SEC,WI,no official OFR-to-CRD identifier in owned extract
IA9912481,IA,SEC,FL,no official OFR-to-CRD identifier in owned extract
BD0900210,BD,FNRA,NY,no official OFR-to-CRD identifier in owned extract
IA0901737,IA,SEC,NY,no official OFR-to-CRD identifier in owned extract
IA0901777,IA,SEC,NY,no official OFR-to-CRD identifier in owned extract
IA9917086,IA,SEC,NY,no official OFR-to-CRD identifier in owned extract
IA0902727,IA,SEC,NY,no official OFR-to-CRD identifier in owned extract
IA9917724,IA,SEC,NY,no official OFR-to-CRD identifier in owned extract
IA9916176,IA,SEC,AZ,no official OFR-to-CRD identifier in owned extract
IA9915006,IA,SEC,MI,no official OFR-to-CRD identifier in owned extract
BD1004832,BD,FNRA,NY,no official OFR-to-CRD identifier in owned extract
IA9910008,IA,FLA,FL,no official OFR-to-CRD identifier in owned extract
IA9913160,IA,SEC,CA,no official OFR-to-CRD identifier in owned extract
IA9915929,IA,FLA,NY,no official OFR-to-CRD identifier in owned extract
BD1004766,BD,FNRA,CT,no official OFR-to-CRD identifier in owned extract
IA9917474,IA,SEC,NH,no official OFR-to-CRD identifier in owned extract
BD1004432,BD,FNRA,PA,no official OFR-to-CRD identifier in owned extract
BD1004520,BD,FNRA,IL,no official OFR-to-CRD identifier in owned extract
IA9910825,IA,SEC,TN,no official OFR-to-CRD identifier in owned extract
BD1003581,BD,FNRA,NC,no official OFR-to-CRD identifier in owned extract
IA9917773,IA,SEC,PA,no official OFR-to-CRD identifier in owned extract
IA0902262,IA,SEC,OH,no official OFR-to-CRD identifier in owned extract
IA9917160,IA,SEC,FL,no official OFR-to-CRD identifier in owned extract
IA9906119,IA,SEC,NY,no official OFR-to-CRD identifier in owned extract
IA9909448,IA,SEC,FL,no official OFR-to-CRD identifier in owned extract
IA9916904,IA,FLA,FL,no official OFR-to-CRD identifier in owned extract
BD1003748,BD,FNRA,ME,no official OFR-to-CRD identifier in owned extract
IA9916072,IA,SEC,OR,no official OFR-to-CRD identifier in owned extract
IA9911643,IA,SEC,FL,no official OFR-to-CRD identifier in owned extract
BD0902779,BD,FNRA,UT,no official OFR-to-CRD identifier in owned extract
IA9916474,IA,FLA,FL,no official OFR-to-CRD identifier in owned extract
IA9906668,IA,SEC,WI,no official OFR-to-CRD identifier in owned extract
BD1003248,BD,FNRA,PR,no official OFR-to-CRD identifier in owned extract
IA9916673,IA,SEC,,no official OFR-to-CRD identifier in owned extract
IA9911968,IA,SEC,FL,no official OFR-to-CRD identifier in owned extract
IA9911332,IA,SEC,CA,no official OFR-to-CRD identifier in owned extract
IA9913226,IA,SEC,MO,no official OFR-to-CRD identifier in owned extract
IA0900427,IA,SEC,NE,no official OFR-to-CRD identifier in owned extract
IA9914150,IA,FLA,TX,no official OFR-to-CRD identifier in owned extract
IA0901356,IA,FLA,FL,no official OFR-to-CRD identifier in owned extract
IA9916428,IA,FLA,FL,no official OFR-to-CRD identifier in owned extract
BD1004586,BD,FNRA,NY,no official OFR-to-CRD identifier in owned extract
IA9913976,IA,FLA,MD,no official OFR-to-CRD identifier in owned extract
IA9907151,IA,SEC,GA,no official OFR-to-CRD identifier in owned extract
BD0901080,BD,FNRA,CT,no official OFR-to-CRD identifier in owned extract
IA0903301,IA,SEC,CT,no official OFR-to-CRD identifier in owned extract
BD0902495,BD,FNRA,AZ,no official OFR-to-CRD identifier in owned extract
BD0900659,BD,FNRA,AZ,no official OFR-to-CRD identifier in owned extract
IA0901817,IA,SEC,AZ,no official OFR-to-CRD identifier in owned extract
IA9910643,IA,SEC,CA,no official OFR-to-CRD identifier in owned extract
BD0900545,BD,FNRA,NY,no official OFR-to-CRD identifier in owned extract
IA9912408,IA,SEC,FL,no official OFR-to-CRD identifier in owned extract
IA0902717,IA,FLA,FL,no official OFR-to-CRD identifier in owned extract
IA9915910,IA,FLA,FL,no official OFR-to-CRD identifier in owned extract
IA9913804,IA,SEC,CA,no official OFR-to-CRD identifier in owned extract
IA9915004,IA,SEC,FL,no official OFR-to-CRD identifier in owned extract
IA9914393,IA,FLA,NC,no official OFR-to-CRD identifier in owned extract
IA9914352,IA,SEC,VT,no official OFR-to-CRD identifier in owned extract
IA9912399,IA,SEC,MA,no official OFR-to-CRD identifier in owned extract
IA9916505,IA,SEC,CA,no official OFR-to-CRD identifier in owned extract
BD1004328,BD,FNRA,MA,no official OFR-to-CRD identifier in owned extract
IA9909550,IA,SEC,ME,no official OFR-to-CRD identifier in owned extract
IA9910063,IA,SEC,TX,no official OFR-to-CRD identifier in owned extract
BD1003963,BD,FNRA,NY,no official OFR-to-CRD identifier in owned extract
IA0903313,IA,SEC,NY,no official OFR-to-CRD identifier in owned extract
IA9909339,IA,SEC,KY,no official OFR-to-CRD identifier in owned extract
IA9905309,IA,FLA,FL,no official OFR-to-CRD identifier in owned extract
IA9913858,IA,FLA,FL,no official OFR-to-CRD identifier in owned extract
IA9905063,IA,SEC,TX,no official OFR-to-CRD identifier in owned extract
IA9917118,IA,SEC,MA,no official OFR-to-CRD identifier in owned extract
IA9914705,IA,SEC,FL,no official OFR-to-CRD identifier in owned extract
IA9916344,IA,SEC,VA,no official OFR-to-CRD identifier in owned extract
IA0901153,IA,SEC,IN,no official OFR-to-CRD identifier in owned extract
IA9917492,IA,SEC,IN,no official OFR-to-CRD identifier in owned extract
IA9913562,IA,SEC,FL,no official OFR-to-CRD identifier in owned extract
IA9910538,IA,SEC,IN,no official OFR-to-CRD identifier in owned extract
IA9911632,IA,SEC,NY,no official OFR-to-CRD identifier in owned extract
IA9917766,IA,FLA,VA,no official OFR-to-CRD identifier in owned extract
IA9914848,IA,SEC,NJ,no official OFR-to-CRD identifier in owned extract
BD0902432,BD,FNRA,IL,no official OFR-to-CRD identifier in owned extract
IA9917678,IA,FLA,CT,no official OFR-to-CRD identifier in owned extract
IA0900280,IA,SEC,WI,no official OFR-to-CRD identifier in owned extract
BD0901161,BD,FNRA,TN,no official OFR-to-CRD identifier in owned extract
IA9915592,IA,FLA,FL,no official OFR-to-CRD identifier in owned extract
BD1004377,BD,FNRA,GA,no official OFR-to-CRD identifier in owned extract
IA9915369,IA,SEC,OR,no official OFR-to-CRD identifier in owned extract
BD1004481,BD,FNRA,TX,no official OFR-to-CRD identifier in owned extract
BD0902721,BD,FNRA,PA,no official OFR-to-CRD identifier in owned extract
IA9912441,IA,SEC,GA,no official OFR-to-CRD identifier in owned extract
IA9909562,IA,SEC,CA,no official OFR-to-CRD identifier in owned extract
BD0903046,BD,FNRA,NY,no official OFR-to-CRD identifier in owned extract
IA9916683,IA,SEC,CA,no official OFR-to-CRD identifier in owned extract
BD1003273,BD,FNRA,FL,no official OFR-to-CRD identifier in owned extract
IA0901142,IA,SEC,TN,no official OFR-to-CRD identifier in owned extract
IA0902137,IA,SEC,CA,no official OFR-to-CRD identifier in owned extract
IA0901149,IA,SEC,CA,no official OFR-to-CRD identifier in owned extract
IA0900506,IA,SEC,CA,no official OFR-to-CRD identifier in owned extract
IA9909602,IA,SEC,CA,no official OFR-to-CRD identifier in owned extract
BD1003063,BD,FNRA,CA,no official OFR-to-CRD identifier in owned extract
BD0900155,BD,FNRA,CA,no official OFR-to-CRD identifier in owned extract
IA9915939,IA,SEC,CA,no official OFR-to-CRD identifier in owned extract
IA9913308,IA,SEC,CA,no official OFR-to-CRD identifier in owned extract
IA9909098,IA,SEC,,no official OFR-to-CRD identifier in owned extract
IA9913990,IA,SEC,MN,no official OFR-to-CRD identifier in owned extract
BD0901187,BD,FNRA,WI,no official OFR-to-CRD identifier in owned extract
IA9905601,IA,SEC,WI,no official OFR-to-CRD identifier in owned extract
BD1004011,BD,FNRA,VA,no official OFR-to-CRD identifier in owned extract
IA9914368,IA,SEC,CA,no official OFR-to-CRD identifier in owned extract
IA9916143,IA,SEC,FL,no official OFR-to-CRD identifier in owned extract
IA9917003,IA,SEC,MN,no official OFR-to-CRD identifier in owned extract
IA9915923,IA,SEC,MI,no official OFR-to-CRD identifier in owned extract
IA9904681,IA,SEC,MN,no official OFR-to-CRD identifier in owned extract
IA0900723,IA,SEC,NJ,no official OFR-to-CRD identifier in owned extract
IA0902799,IA,SEC,FL,no official OFR-to-CRD identifier in owned extract
BD1003147,BD,FNRA,NY,no official OFR-to-CRD identifier in owned extract
IA9912158,IA,SEC,MA,no official OFR-to-CRD identifier in owned extract
IA9905409,IA,SEC,FL,no official OFR-to-CRD identifier in owned extract
IA9905748,IA,FLA,FL,no official OFR-to-CRD identifier in owned extract
IA9917770,IA,SEC,FL,no official OFR-to-CRD identifier in owned extract
IA9910456,IA,SEC,FL,no official OFR-to-CRD identifier in owned extract
IA9914597,IA,FLA,FL,no official OFR-to-CRD identifier in owned extract
IA9915108,IA,FLA,FL,no official OFR-to-CRD identifier in owned extract
IA9904710,IA,FLA,SC,no official OFR-to-CRD identifier in owned extract
IA9917429,IA,SEC,CT,no official OFR-to-CRD identifier in owned extract
IA9911297,IA,SEC,,no official OFR-to-CRD identifier in owned extract
IA9911496,IA,SEC,NY,no official OFR-to-CRD identifier in owned extract
IA9911939,IA,SEC,GA,no official OFR-to-CRD identifier in owned extract
IA9915141,IA,SEC,CO,no official OFR-to-CRD identifier in owned extract
IA9910586,IA,SEC,CO,no official OFR-to-CRD identifier in owned extract
IA9907255,IA,SEC,FL,no official OFR-to-CRD identifier in owned extract
BD1004496,BD,FNRA,PR,no official OFR-to-CRD identifier in owned extract
BD1003943,BD,FNRA,NY,no official OFR-to-CRD identifier in owned extract
BD1004837,BD,FNRA,FL,no official OFR-to-CRD identifier in owned extract
BD0900337,BD,FNRA,NY,no official OFR-to-CRD identifier in owned extract
IA0902681,IA,SEC,NY,no official OFR-to-CRD identifier in owned extract
IA9915586,IA,FLA,FL,no official OFR-to-CRD identifier in owned extract
BD0902596,BD,FNRA,FL,no official OFR-to-CRD identifier in owned extract
IA9916296,IA,SEC,FL,no official OFR-to-CRD identifier in owned extract
IA9916990,IA,FLA,FL,no official OFR-to-CRD identifier in owned extract
IA9914742,IA,FLA,FL,no official OFR-to-CRD identifier in owned extract
IA9913697,IA,SEC,LA,no official OFR-to-CRD identifier in owned extract
IA9909052,IA,SEC,NY,no official OFR-to-CRD identifier in owned extract
BD0901951,BD,FNRA,,no official OFR-to-CRD identifier in owned extract
BD0901036,BD,FNRA,MI,no official OFR-to-CRD identifier in owned extract
IA9916095,IA,SEC,NJ,no official OFR-to-CRD identifier in owned extract
IA9909047,IA,SEC,NJ,no official OFR-to-CRD identifier in owned extract
IA9911189,IA,SEC,NE,no official OFR-to-CRD identifier in owned extract
IA9914884,IA,SEC,OH,no official OFR-to-CRD identifier in owned extract
IA9916444,IA,SEC,MN,no official OFR-to-CRD identifier in owned extract
IA9913934,IA,FLA,FL,no official OFR-to-CRD identifier in owned extract
IA0903017,IA,SEC,CO,no official OFR-to-CRD identifier in owned extract
IA0902237,IA,SEC,KS,no official OFR-to-CRD identifier in owned extract
IA9911107,IA,SEC,VA,no official OFR-to-CRD identifier in owned extract
IA9912389,IA,SEC,KY,no official OFR-to-CRD identifier in owned extract
IA9913613,IA,FLA,GA,no official OFR-to-CRD identifier in owned extract
BD1004460,BD,FNRA,CO,no official OFR-to-CRD identifier in owned extract
IA9906111,IA,SEC,CA,no official OFR-to-CRD identifier in owned extract
BD1003580,BD,FNRA,NY,no official OFR-to-CRD identifier in owned extract
IA0901492,IA,SEC,WA,no official OFR-to-CRD identifier in owned extract
IA9914525,IA,SEC,MO,no official OFR-to-CRD identifier in owned extract
IA9914858,IA,SEC,FL,no official OFR-to-CRD identifier in owned extract
IA9914860,IA,SEC,FL,no official OFR-to-CRD identifier in owned extract
BD0901890,BD,FNRA,NY,no official OFR-to-CRD identifier in owned extract
IA9909050,IA,SEC,NJ,no official OFR-to-CRD identifier in owned extract
BD1002975,BD,FNRA,PR,no official OFR-to-CRD identifier in owned extract
BD0901599,BD,FNRA,NY,no official OFR-to-CRD identifier in owned extract
IA0901895,IA,SEC,NY,no official OFR-to-CRD identifier in owned extract
IA9911957,IA,SEC,WI,no official OFR-to-CRD identifier in owned extract
IA9915472,IA,SEC,OH,no official OFR-to-CRD identifier in owned extract
BD1004542,BD,FNRA,NY,no official OFR-to-CRD identifier in owned extract
IA9911573,IA,SEC,AL,no official OFR-to-CRD identifier in owned extract
IA0904177,IA,SEC,PA,no official OFR-to-CRD identifier in owned extract
IA9916177,IA,SEC,GA,no official OFR-to-CRD identifier in owned extract
IA9916561,IA,SEC,MA,no official OFR-to-CRD identifier in owned extract
BD1004244,BD,FNRA,TX,no official OFR-to-CRD identifier in owned extract
IA9915577,IA,SEC,TX,no official OFR-to-CRD identifier in owned extract
IA0904127,IA,FLA,FL,no official OFR-to-CRD identifier in owned extract
BD0902015,BD,FNRA,MI,no official OFR-to-CRD identifier in owned extract
IA9913611,IA,SEC,CA,no official OFR-to-CRD identifier in owned extract
IA9910659,IA,SEC,IL,no official OFR-to-CRD identifier in owned extract
IA9915387,IA,SEC,IL,no official OFR-to-CRD identifier in owned extract
IA9905905,IA,SEC,,no official OFR-to-CRD identifier in owned extract
IA9905911,IA,SEC,NY,no official OFR-to-CRD identifier in owned extract
IA0901545,IA,SEC,TX,no official OFR-to-CRD identifier in owned extract
IA9916544,IA,SEC,TX,no official OFR-to-CRD identifier in owned extract
IA9915853,IA,SEC,MO,no official OFR-to-CRD identifier in owned extract
BD0900648,BD,FNRA,ME,no official OFR-to-CRD identifier in owned extract
IA9915843,IA,SEC,MN,no official OFR-to-CRD identifier in owned extract
IA9917610,IA,FLA,FL,no official OFR-to-CRD identifier in owned extract
IA9917563,IA,SEC,CA,no official OFR-to-CRD identifier in owned extract
IA9911984,IA,SEC,CO,no official OFR-to-CRD identifier in owned extract
BD1002912,BD,FNRA,CO,no official OFR-to-CRD identifier in owned extract
IA0900717,IA,SEC,RI,no official OFR-to-CRD identifier in owned extract
IA9912909,IA,SEC,FL,no official OFR-to-CRD identifier in owned extract
BD1004505,BD,FNRA,NY,no official OFR-to-CRD identifier in owned extract
IA9904195,IA,SEC,MA,no official OFR-to-CRD identifier in owned extract
IA9906958,IA,SEC,NY,no official OFR-to-CRD identifier in owned extract
IA9915741,IA,FLA,TN,no official OFR-to-CRD identifier in owned extract
IA9916345,IA,SEC,NY,no official OFR-to-CRD identifier in owned extract
IA9912221,IA,SEC,VA,no official OFR-to-CRD identifier in owned extract
IA9910913,IA,FLA,OH,no official OFR-to-CRD identifier in owned extract
BD0902750,BD,FNRA,CA,no official OFR-to-CRD identifier in owned extract
IA9917864,IA,FLA,OH,no official OFR-to-CRD identifier in owned extract
IA9912414,IA,SEC,MD,no official OFR-to-CRD identifier in owned extract
IA9917780,IA,SEC,CA,no official OFR-to-CRD identifier in owned extract
IA9915526,IA,FLA,CA,no official OFR-to-CRD identifier in owned extract
IA9909819,IA,SEC,CT,no official OFR-to-CRD identifier in owned extract
IA9912807,IA,FLA,IA,no official OFR-to-CRD identifier in owned extract
BD0902714,BD,FNRA,CA,no official OFR-to-CRD identifier in owned extract
IA9905168,IA,SEC,NY,no official OFR-to-CRD identifier in owned extract
IA9915467,IA,SEC,NY,no official OFR-to-CRD identifier in owned extract
IA9917776,IA,SEC,FL,no official OFR-to-CRD identifier in owned extract
IA0904107,IA,FLA,FL,no official OFR-to-CRD identifier in owned extract
IA9916521,IA,FLA,MO,no official OFR-to-CRD identifier in owned extract
IA9904290,IA,SEC,NJ,no official OFR-to-CRD identifier in owned extract
IA9912295,IA,SEC,CA,no official OFR-to-CRD identifier in owned extract
IA9910370,IA,SEC,IN,no official OFR-to-CRD identifier in owned extract
IA9908847,IA,SEC,VT,no official OFR-to-CRD identifier in owned extract
IA9916634,IA,SEC,OH,no official OFR-to-CRD identifier in owned extract
IA9914297,IA,SEC,MI,no official OFR-to-CRD identifier in owned extract
IA9917049,IA,FLA,FL,no official OFR-to-CRD identifier in owned extract
BD0902501,BD,FNRA,MO,no official OFR-to-CRD identifier in owned extract
IA9912222,IA,SEC,MI,no official OFR-to-CRD identifier in owned extract
IA9917370,IA,SEC,IL,no official OFR-to-CRD identifier in owned extract
IA0904314,IA,SEC,TN,no official OFR-to-CRD identifier in owned extract
IA9907940,IA,FLA,FL,no official OFR-to-CRD identifier in owned extract
IA9917508,IA,FLA,OH,no official OFR-to-CRD identifier in owned extract
IA9907397,IA,FLA,FL,no official OFR-to-CRD identifier in owned extract
IA0902068,IA,SEC,TN,no official OFR-to-CRD identifier in owned extract
IA9905661,IA,FLA,FL,no official OFR-to-CRD identifier in owned extract
IA9908082,IA,SEC,TN,no official OFR-to-CRD identifier in owned extract
IA9907713,IA,SEC,TX,no official OFR-to-CRD identifier in owned extract
IA9906891,IA,FLA,FL,no official OFR-to-CRD identifier in owned extract
IA9911244,IA,FLA,FL,no official OFR-to-CRD identifier in owned extract
IA9910150,IA,SEC,WA,no official OFR-to-CRD identifier in owned extract
IA9914645,IA,SEC,TN,no official OFR-to-CRD identifier in owned extract
BD0900268,BD,FNRA,IL,no official OFR-to-CRD identifier in owned extract
IA9913942,IA,SEC,FL,no official OFR-to-CRD identifier in owned extract
BD1004621,BD,FNRA,NY,no official OFR-to-CRD identifier in owned extract
IA9913981,IA,FLA,FL,no official OFR-to-CRD identifier in owned extract
IA9914732,IA,SEC,TX,no official OFR-to-CRD identifier in owned extract
BD0901632,BD,FNRA,NY,no official OFR-to-CRD identifier in owned extract
IA0900332,IA,SEC,CA,no official OFR-to-CRD identifier in owned extract
BD0900873,BD,FNRA,CA,no official OFR-to-CRD identifier in owned extract
IA0904185,IA,SEC,NY,no official OFR-to-CRD identifier in owned extract
IA9912413,IA,FLA,FL,no official OFR-to-CRD identifier in owned extract
IA9917060,IA,SEC,FL,no official OFR-to-CRD identifier in owned extract
IA9909729,IA,SEC,OH,no official OFR-to-CRD identifier in owned extract
BD0901496,BD,FNRA,FL,no official OFR-to-CRD identifier in owned extract
IA9913835,IA,SEC,NJ,no official OFR-to-CRD identifier in owned extract
IA9909588,IA,SEC,KS,no official OFR-to-CRD identifier in owned extract
IA9916091,IA,SEC,CO,no official OFR-to-CRD identifier in owned extract
BD1004798,BD,FNRA,TX,no official OFR-to-CRD identifier in owned extract
IA9907015,IA,SEC,OH,no official OFR-to-CRD identifier in owned extract
IA9909252,IA,SEC,GA,no official OFR-to-CRD identifier in owned extract
BD0900736,BD,FNRA,GA,no official OFR-to-CRD identifier in owned extract
IA9909784,IA,SEC,FL,no official OFR-to-CRD identifier in owned extract
BD1004198,BD,FNRA,GA,no official OFR-to-CRD identifier in owned extract
IA9911867,IA,SEC,GA,no official OFR-to-CRD identifier in owned extract
IA9910097,IA,SEC,CO,no official OFR-to-CRD identifier in owned extract
BD1003304,BD,FNRA,FL,no official OFR-to-CRD identifier in owned extract
IA9907292,IA,SEC,MA,no official OFR-to-CRD identifier in owned extract
IA9917530,IA,SEC,CA,no official OFR-to-CRD identifier in owned extract
IA9914836,IA,FLA,MD,no official OFR-to-CRD identifier in owned extract
IA9915628,IA,SEC,CO,no official OFR-to-CRD identifier in owned extract
BD1003798,BD,CAN,QC,no official OFR-to-CRD identifier in owned extract
IA9917874,IA,SEC,FL,no official OFR-to-CRD identifier in owned extract
IA9913529,IA,SEC,CO,no official OFR-to-CRD identifier in owned extract
IA9916346,IA,SEC,OH,no official OFR-to-CRD identifier in owned extract
BD1003834,BD,CAN,QC,no official OFR-to-CRD identifier in owned extract
IA9905315,IA,FLA,FL,no official OFR-to-CRD identifier in owned extract
IA9910565,IA,SEC,MI,no official OFR-to-CRD identifier in owned extract
BD1004314,BD,FNRA,IL,no official OFR-to-CRD identifier in owned extract
IA9917278,IA,SEC,NY,no official OFR-to-CRD identifier in owned extract
IA9916976,IA,SEC,MI,no official OFR-to-CRD identifier in owned extract
IA9917220,IA,SEC,MI,no official OFR-to-CRD identifier in owned extract
IA9917863,IA,SEC,FL,no official OFR-to-CRD identifier in owned extract
IA0900773,IA,FLA,FL,no official OFR-to-CRD identifier in owned extract
IA9912960,IA,SEC,OH,no official OFR-to-CRD identifier in owned extract
IA9911809,IA,FLA,FL,no official OFR-to-CRD identifier in owned extract
IA9917652,IA,SEC,MA,no official OFR-to-CRD identifier in owned extract
IA9915413,IA,SEC,OH,no official OFR-to-CRD identifier in owned extract
IA0902191,IA,SEC,NJ,no official OFR-to-CRD identifier in owned extract
IA9917672,IA,SEC,NJ,no official OFR-to-CRD identifier in owned extract
BD1004488,BD,FNRA,FL,no official OFR-to-CRD identifier in owned extract
IA0901572,IA,SEC,IL,no official OFR-to-CRD identifier in owned extract
IA9916771,IA,FLA,FL,no official OFR-to-CRD identifier in owned extract
IA9904613,IA,FLA,FL,no official OFR-to-CRD identifier in owned extract
IA9911635,IA,SEC,NY,no official OFR-to-CRD identifier in owned extract
IA9910410,IA,FLA,FL,no official OFR-to-CRD identifier in owned extract
IA0902977,IA,SEC,IN,no official OFR-to-CRD identifier in owned extract
IA9916121,IA,SEC,NY,no official OFR-to-CRD identifier in owned extract
IA9913643,IA,FLA,NY,no official OFR-to-CRD identifier in owned extract
BD1004430,BD,FNRA,CA,no official OFR-to-CRD identifier in owned extract
IA0900483,IA,FLA,MA,no official OFR-to-CRD identifier in owned extract
IA0900276,IA,SEC,FL,no official OFR-to-CRD identifier in owned extract
IA0901676,IA,SEC,PA,no official OFR-to-CRD identifier in owned extract
IA9915906,IA,SEC,TX,no official OFR-to-CRD identifier in owned extract
IA9913439,IA,SEC,FL,no official OFR-to-CRD identifier in owned extract
IA9916788,IA,SEC,FL,no official OFR-to-CRD identifier in owned extract
BD1004866,BD,FNRA,PA,no official OFR-to-CRD identifier in owned extract
IA9917475,IA,SEC,MD,no official OFR-to-CRD identifier in owned extract
IA9910770,IA,FLA,PA,no official OFR-to-CRD identifier in owned extract
IA9906386,IA,SEC,PA,no official OFR-to-CRD identifier in owned extract
IA9915277,IA,SEC,MA,no official OFR-to-CRD identifier in owned extract
IA9908851,IA,SEC,ME,no official OFR-to-CRD identifier in owned extract
BD1004412,BD,FNRA,MO,no official OFR-to-CRD identifier in owned extract
BD1003999,BD,FNRA,CA,no official OFR-to-CRD identifier in owned extract
IA9917181,IA,SEC,MA,no official OFR-to-CRD identifier in owned extract
IA9916863,IA,SEC,,no official OFR-to-CRD identifier in owned extract
BD0900746,BD,FNRA,CT,no official OFR-to-CRD identifier in owned extract
IA9912456,IA,SEC,FL,no official OFR-to-CRD identifier in owned extract
IA9910417,IA,SEC,FL,no official OFR-to-CRD identifier in owned extract
BD1004732,BD,FNRA,TX,no official OFR-to-CRD identifier in owned extract
IA9908812,IA,SEC,TX,no official OFR-to-CRD identifier in owned extract
BD1004594,BD,FNRA,NY,no official OFR-to-CRD identifier in owned extract
IA9917430,IA,SEC,NY,no official OFR-to-CRD identifier in owned extract
IA9911381,IA,SEC,MN,no official OFR-to-CRD identifier in owned extract
BD0902758,BD,FNRA,NY,no official OFR-to-CRD identifier in owned extract
IA9910542,IA,SEC,NY,no official OFR-to-CRD identifier in owned extract
IA9911329,IA,SEC,CA,no official OFR-to-CRD identifier in owned extract
IA9917083,IA,SEC,NY,no official OFR-to-CRD identifier in owned extract
BD0901736,BD,FNRA,IL,no official OFR-to-CRD identifier in owned extract
IA9911935,IA,SEC,IL,no official OFR-to-CRD identifier in owned extract
BD0902253,BD,FNRA,IN,no official OFR-to-CRD identifier in owned extract
BD0902213,BD,FNRA,FL,no official OFR-to-CRD identifier in owned extract
IA9907894,IA,SEC,CA,no official OFR-to-CRD identifier in owned extract
IA9912397,IA,SEC,NM,no official OFR-to-CRD identifier in owned extract
IA9915987,IA,SEC,OK,no official OFR-to-CRD identifier in owned extract
BD1004841,BD,FNRA,NY,no official OFR-to-CRD identifier in owned extract
IA0900591,IA,SEC,MN,no official OFR-to-CRD identifier in owned extract
BD0901584,BD,FNRA,FL,no official OFR-to-CRD identifier in owned extract
BD1003390,BD,FNRA,ME,no official OFR-to-CRD identifier in owned extract
IA9912455,IA,SEC,FL,no official OFR-to-CRD identifier in owned extract
BD0902270,BD,FNRA,TX,no official OFR-to-CRD identifier in owned extract
BD0901564,BD,FNRA,NJ,no official OFR-to-CRD identifier in owned extract
BD0900195,BD,FNRA,NJ,no official OFR-to-CRD identifier in owned extract
IA9912850,IA,FLA,FL,no official OFR-to-CRD identifier in owned extract
IA9912673,IA,SEC,GA,no official OFR-to-CRD identifier in owned extract
IA0902809,IA,FLA,FL,no official OFR-to-CRD identifier in owned extract
IA0902460,IA,SEC,NY,no official OFR-to-CRD identifier in owned extract
IA9905507,IA,SEC,NJ,no official OFR-to-CRD identifier in owned extract
IA9912482,IA,SEC,OH,no official OFR-to-CRD identifier in owned extract
IA9906933,IA,FLA,VA,no official OFR-to-CRD identifier in owned extract
IA9906448,IA,SEC,FL,no official OFR-to-CRD identifier in owned extract
IA9912422,IA,SEC,NJ,no official OFR-to-CRD identifier in owned extract
IA9910365,IA,FLA,FL,no official OFR-to-CRD identifier in owned extract
IA9916038,IA,SEC,FL,no official OFR-to-CRD identifier in owned extract
BD0901307,BD,FNRA,,no official OFR-to-CRD identifier in owned extract
BD0900068,BD,CAN,AB,no official OFR-to-CRD identifier in owned extract
IA9915159,IA,SEC,WA,no official OFR-to-CRD identifier in owned extract
IA9914215,IA,SEC,IA,no official OFR-to-CRD identifier in owned extract
IA9916548,IA,SEC,UT,no official OFR-to-CRD identifier in owned extract
IA9916347,IA,SEC,CA,no official OFR-to-CRD identifier in owned extract
IA9913971,IA,SEC,CO,no official OFR-to-CRD identifier in owned extract
IA9914158,IA,SEC,PA,no official OFR-to-CRD identifier in owned extract
IA9914310,IA,SEC,MN,no official OFR-to-CRD identifier in owned extract
IA9904882,IA,SEC,IN,no official OFR-to-CRD identifier in owned extract
IA9913606,IA,FLA,FL,no official OFR-to-CRD identifier in owned extract
IA9906840,IA,SEC,VA,no official OFR-to-CRD identifier in owned extract
IA9910303,IA,SEC,AZ,no official OFR-to-CRD identifier in owned extract
IA9908790,IA,SEC,NY,no official OFR-to-CRD identifier in owned extract
IA9909953,IA,SEC,FL,no official OFR-to-CRD identifier in owned extract
IA9908623,IA,FLA,FL,no official OFR-to-CRD identifier in owned extract
BD0900286,BD,FNRA,GA,no official OFR-to-CRD identifier in owned extract
IA9905028,IA,SEC,GA,no official OFR-to-CRD identifier in owned extract
IA9906406,IA,SEC,NJ,no official OFR-to-CRD identifier in owned extract
IA9917745,IA,SEC,FL,no official OFR-to-CRD identifier in owned extract
BD1004464,BD,FNRA,NJ,no official OFR-to-CRD identifier in owned extract
IA9912270,IA,SEC,NH,no official OFR-to-CRD identifier in owned extract
IA9913657,IA,SEC,NJ,no official OFR-to-CRD identifier in owned extract
IA0901192,IA,SEC,NJ,no official OFR-to-CRD identifier in owned extract
IA0902202,IA,SEC,NJ,no official OFR-to-CRD identifier in owned extract
IA0900382,IA,SEC,NJ,no official OFR-to-CRD identifier in owned extract
IA9915950,IA,FLA,FL,no official OFR-to-CRD identifier in owned extract
BD1003942,BD,FNRA,TX,no official OFR-to-CRD identifier in owned extract
BD1002995,BD,FNRA,NY,no official OFR-to-CRD identifier in owned extract
IA9916459,IA,SEC,FL,no official OFR-to-CRD identifier in owned extract
IA9909076,IA,SEC,IL,no official OFR-to-CRD identifier in owned extract
BD1004396,BD,FNRA,FL,no official OFR-to-CRD identifier in owned extract
IA9917228,IA,FLA,UT,no official OFR-to-CRD identifier in owned extract
IA9916869,IA,SEC,PA,no official OFR-to-CRD identifier in owned extract
IA9911796,IA,SEC,GA,no official OFR-to-CRD identifier in owned extract
BD1004747,BD,FNRA,IL,no official OFR-to-CRD identifier in owned extract
IA9906684,IA,SEC,OR,no official OFR-to-CRD identifier in owned extract
IA0902386,IA,SEC,IN,no official OFR-to-CRD identifier in owned extract
IA9915131,IA,FLA,OH,no official OFR-to-CRD identifier in owned extract
IA9914133,IA,SEC,MS,no official OFR-to-CRD identifier in owned extract
BD0900059,BD,CAN,BC,no official OFR-to-CRD identifier in owned extract
BD1003367,BD,FNRA,NC,no official OFR-to-CRD identifier in owned extract
IA9917618,IA,SEC,CA,no official OFR-to-CRD identifier in owned extract
IA9908775,IA,SEC,NC,no official OFR-to-CRD identifier in owned extract
IA9910292,IA,SEC,CT,no official OFR-to-CRD identifier in owned extract
BD0902882,BD,FNRA,NY,no official OFR-to-CRD identifier in owned extract
IA9911774,IA,SEC,OR,no official OFR-to-CRD identifier in owned extract
IA9908917,IA,SEC,NV,no official OFR-to-CRD identifier in owned extract
IA9914885,IA,SEC,FL,no official OFR-to-CRD identifier in owned extract
IA0903294,IA,FLA,MD,no official OFR-to-CRD identifier in owned extract
BD0902785,BD,FNRA,NY,no official OFR-to-CRD identifier in owned extract
IA9904520,IA,SEC,,no official OFR-to-CRD identifier in owned extract
BD1003186,BD,FNRA,QC,no official OFR-to-CRD identifier in owned extract
IA9913393,IA,SEC,NC,no official OFR-to-CRD identifier in owned extract
IA9905420,IA,FLA,PA,no official OFR-to-CRD identifier in owned extract
IA9908875,IA,SEC,,no official OFR-to-CRD identifier in owned extract
BD1003189,BD,FNRA,NY,no official OFR-to-CRD identifier in owned extract
IA9915617,IA,SEC,NC,no official OFR-to-CRD identifier in owned extract
IA9914571,IA,FLA,FL,no official OFR-to-CRD identifier in owned extract
IA9907205,IA,FLA,CO,no official OFR-to-CRD identifier in owned extract
BD1004634,BD,FNRA,CO,no official OFR-to-CRD identifier in owned extract
IA9915062,IA,SEC,VA,no official OFR-to-CRD identifier in owned extract
IA9907442,IA,SEC,MN,no official OFR-to-CRD identifier in owned extract
IA9916630,IA,FLA,FL,no official OFR-to-CRD identifier in owned extract
IA9909188,IA,SEC,NJ,no official OFR-to-CRD identifier in owned extract
BD0901106,BD,FNRA,NY,no official OFR-to-CRD identifier in owned extract
IA9917820,IA,FLA,FL,no official OFR-to-CRD identifier in owned extract
IA9912943,IA,SEC,MO,no official OFR-to-CRD identifier in owned extract
IA9914957,IA,FLA,FL,no official OFR-to-CRD identifier in owned extract
IA9917738,IA,SEC,FL,no official OFR-to-CRD identifier in owned extract
IA9913410,IA,SEC,CT,no official OFR-to-CRD identifier in owned extract
IA9906342,IA,FLA,MD,no official OFR-to-CRD identifier in owned extract
IA9907674,IA,SEC,ID,no official OFR-to-CRD identifier in owned extract
IA9913473,IA,FLA,FL,no official OFR-to-CRD identifier in owned extract
IA9913742,IA,SEC,NY,no official OFR-to-CRD identifier in owned extract
IA0900408,IA,SEC,NY,no official OFR-to-CRD identifier in owned extract
IA9917498,IA,SEC,NY,no official OFR-to-CRD identifier in owned extract
IA9908776,IA,SEC,MO,no official OFR-to-CRD identifier in owned extract
IA9911686,IA,SEC,IL,no official OFR-to-CRD identifier in owned extract
IA9906466,IA,FLA,MI,no official OFR-to-CRD identifier in owned extract
BD0902806,BD,FNRA,NY,no official OFR-to-CRD identifier in owned extract
IA9908579,IA,SEC,NY,no official OFR-to-CRD identifier in owned extract
IA9910936,IA,SEC,AZ,no official OFR-to-CRD identifier in owned extract
IA9913530,IA,SEC,OR,no official OFR-to-CRD identifier in owned extract
IA9905389,IA,SEC,NJ,no official OFR-to-CRD identifier in owned extract
IA9910173,IA,SEC,MI,no official OFR-to-CRD identifier in owned extract
IA9913718,IA,SEC,MI,no official OFR-to-CRD identifier in owned extract
IA0901945,IA,SEC,OH,no official OFR-to-CRD identifier in owned extract
IA9914112,IA,SEC,MA,no official OFR-to-CRD identifier in owned extract
IA9915559,IA,SEC,FL,no official OFR-to-CRD identifier in owned extract
IA9910804,IA,SEC,FL,no official OFR-to-CRD identifier in owned extract
IA9910366,IA,FLA,FL,no official OFR-to-CRD identifier in owned extract
BD0900172,BD,FNRA,MN,no official OFR-to-CRD identifier in owned extract
IA9917365,IA,SEC,MN,no official OFR-to-CRD identifier in owned extract
IA9917166,IA,FLA,TX,no official OFR-to-CRD identifier in owned extract
IA9916576,IA,SEC,PA,no official OFR-to-CRD identifier in owned extract
IA9904920,IA,SEC,NE,no official OFR-to-CRD identifier in owned extract
IA9916178,IA,SEC,MN,no official OFR-to-CRD identifier in owned extract
BD1003809,BD,FNRA,NY,no official OFR-to-CRD identifier in owned extract
IA0902109,IA,SEC,NY,no official OFR-to-CRD identifier in owned extract
IA9910169,IA,SEC,MD,no official OFR-to-CRD identifier in owned extract
IA9910573,IA,SEC,FL,no official OFR-to-CRD identifier in owned extract
IA9916770,IA,FLA,UT,no official OFR-to-CRD identifier in owned extract
BD1003714,BD,FNRA,NC,no official OFR-to-CRD identifier in owned extract
IA9915253,IA,SEC,NE,no official OFR-to-CRD identifier in owned extract
IA9906741,IA,FLA,FL,no official OFR-to-CRD identifier in owned extract
IA9908445,IA,SEC,FL,no official OFR-to-CRD identifier in owned extract
IA9910715,IA,SEC,CT,no official OFR-to-CRD identifier in owned extract
IA9913707,IA,FLA,FL,no official OFR-to-CRD identifier in owned extract
IA9914172,IA,SEC,OK,no official OFR-to-CRD identifier in owned extract
IA0902545,IA,SEC,MO,no official OFR-to-CRD identifier in owned extract
IA9917651,IA,FLA,VA,no official OFR-to-CRD identifier in owned extract
BD0901131,BD,FNRA,CA,no official OFR-to-CRD identifier in owned extract
IA0901859,IA,SEC,CA,no official OFR-to-CRD identifier in owned extract
BD0902365,BD,FNRA,NY,no official OFR-to-CRD identifier in owned extract
IA9909848,IA,SEC,OH,no official OFR-to-CRD identifier in owned extract
BD0901991,BD,FNRA,NY,no official OFR-to-CRD identifier in owned extract
IA0901428,IA,SEC,MI,no official OFR-to-CRD identifier in owned extract
IA9907794,IA,SEC,PA,no official OFR-to-CRD identifier in owned extract
IA9912354,IA,SEC,FL,no official OFR-to-CRD identifier in owned extract
IA9909747,IA,SEC,PA,no official OFR-to-CRD identifier in owned extract
IA9914747,IA,SEC,IL,no official OFR-to-CRD identifier in owned extract
IA0900798,IA,SEC,MI,no official OFR-to-CRD identifier in owned extract
IA9915818,IA,SEC,MD,no official OFR-to-CRD identifier in owned extract
IA9909781,IA,SEC,NC,no official OFR-to-CRD identifier in owned extract
IA9915916,IA,SEC,CO,no official OFR-to-CRD identifier in owned extract
IA9911373,IA,SEC,NY,no official OFR-to-CRD identifier in owned extract
IA0901286,IA,FLA,FL,no official OFR-to-CRD identifier in owned extract
IA9910144,IA,SEC,NC,no official OFR-to-CRD identifier in owned extract
IA9917214,IA,SEC,NJ,no official OFR-to-CRD identifier in owned extract
IA9907621,IA,SEC,MD,no official OFR-to-CRD identifier in owned extract
IA9917105,IA,FLA,MI,no official OFR-to-CRD identifier in owned extract
BD0901172,BD,FNRA,FL,no official OFR-to-CRD identifier in owned extract
IA9916892,IA,SEC,RI,no official OFR-to-CRD identifier in owned extract
IA9912642,IA,SEC,LA,no official OFR-to-CRD identifier in owned extract
BD1004458,BD,FNRA,FL,no official OFR-to-CRD identifier in owned extract
BD1004004,BD,FNRA,NY,no official OFR-to-CRD identifier in owned extract
BD0902945,BD,FNRA,IL,no official OFR-to-CRD identifier in owned extract
IA9912940,IA,SEC,IL,no official OFR-to-CRD identifier in owned extract
IA9904124,IA,SEC,MD,no official OFR-to-CRD identifier in owned extract
BD0900509,BD,FNRA,PA,no official OFR-to-CRD identifier in owned extract
BD0902310,BD,FNRA,PA,no official OFR-to-CRD identifier in owned extract
IA0902178,IA,SEC,PA,no official OFR-to-CRD identifier in owned extract
BD1004667,BD,FNRA,TN,no official OFR-to-CRD identifier in owned extract
IA9916117,IA,SEC,NJ,no official OFR-to-CRD identifier in owned extract
IA9910177,IA,SEC,WI,no official OFR-to-CRD identifier in owned extract
IA9911455,IA,SEC,FL,no official OFR-to-CRD identifier in owned extract
BD1004187,BD,FNRA,SC,no official OFR-to-CRD identifier in owned extract
IA9913451,IA,SEC,NY,no official OFR-to-CRD identifier in owned extract
IA9906946,IA,SEC,FL,no official OFR-to-CRD identifier in owned extract
IA9917241,IA,SEC,TX,no official OFR-to-CRD identifier in owned extract
IA0900510,IA,SEC,NY,no official OFR-to-CRD identifier in owned extract
IA9912296,IA,SEC,CT,no official OFR-to-CRD identifier in owned extract
IA9904267,IA,SEC,MI,no official OFR-to-CRD identifier in owned extract
IA9915272,IA,SEC,MD,no official OFR-to-CRD identifier in owned extract
BD0901366,BD,FNRA,MN,no official OFR-to-CRD identifier in owned extract
IA9916469,IA,SEC,OH,no official OFR-to-CRD identifier in owned extract
IA9913796,IA,SEC,FL,no official OFR-to-CRD identifier in owned extract
IA9913440,IA,SEC,MA,no official OFR-to-CRD identifier in owned extract
IA9914148,IA,SEC,MA,no official OFR-to-CRD identifier in owned extract
IA0900445,IA,SEC,FL,no official OFR-to-CRD identifier in owned extract
IA9917255,IA,SEC,FL,no official OFR-to-CRD identifier in owned extract
IA9910998,IA,FLA,FL,no official OFR-to-CRD identifier in owned extract
IA9906129,IA,SEC,NC,no official OFR-to-CRD identifier in owned extract
IA9917757,IA,SEC,FL,no official OFR-to-CRD identifier in owned extract
IA9916392,IA,SEC,NY,no official OFR-to-CRD identifier in owned extract
IA9916549,IA,SEC,NC,no official OFR-to-CRD identifier in owned extract
IA9916560,IA,SEC,FL,no official OFR-to-CRD identifier in owned extract
IA9911743,IA,FLA,FL,no official OFR-to-CRD identifier in owned extract
BD0901424,BD,FNRA,PR,no official OFR-to-CRD identifier in owned extract
IA9913309,IA,SEC,PR,no official OFR-to-CRD identifier in owned extract
IA9907736,IA,SEC,IL,no official OFR-to-CRD identifier in owned extract
BD1003522,BD,FNRA,CA,no official OFR-to-CRD identifier in owned extract
IA9908887,IA,SEC,CT,no official OFR-to-CRD identifier in owned extract
IA9917547,IA,SEC,VA,no official OFR-to-CRD identifier in owned extract
IA9904060,IA,FLA,TN,no official OFR-to-CRD identifier in owned extract
IA9914520,IA,SEC,CA,no official OFR-to-CRD identifier in owned extract
IA9907364,IA,SEC,VA,no official OFR-to-CRD identifier in owned extract
IA0902007,IA,FLA,FL,no official OFR-to-CRD identifier in owned extract
IA9910175,IA,SEC,FL,no official OFR-to-CRD identifier in owned extract
IA9909391,IA,SEC,FL,no official OFR-to-CRD identifier in owned extract
BD0900930,BD,FNRA,FL,no official OFR-to-CRD identifier in owned extract
IA0901016,IA,SEC,WA,no official OFR-to-CRD identifier in owned extract
IA0903070,IA,SEC,NJ,no official OFR-to-CRD identifier in owned extract
IA9906347,IA,SEC,NM,no official OFR-to-CRD identifier in owned extract
IA9917229,IA,FLA,FL,no official OFR-to-CRD identifier in owned extract
IA0902601,IA,SEC,ME,no official OFR-to-CRD identifier in owned extract
IA9912009,IA,SEC,MA,no official OFR-to-CRD identifier in owned extract
IA9914727,IA,SEC,UT,no official OFR-to-CRD identifier in owned extract
IA9912377,IA,SEC,NC,no official OFR-to-CRD identifier in owned extract
IA9914643,IA,SEC,TX,no official OFR-to-CRD identifier in owned extract
IA9905386,IA,SEC,NY,no official OFR-to-CRD identifier in owned extract
IA9915388,IA,SEC,CA,no official OFR-to-CRD identifier in owned extract
IA9915130,IA,FLA,FL,no official OFR-to-CRD identifier in owned extract
IA0900472,IA,SEC,MD,no official OFR-to-CRD identifier in owned extract
BD1003699,BD,FNRA,FL,no official OFR-to-CRD identifier in owned extract
IA9912061,IA,FLA,FL,no official OFR-to-CRD identifier in owned extract
IA9917443,IA,SEC,FL,no official OFR-to-CRD identifier in owned extract
IA9911682,IA,FLA,FL,no official OFR-to-CRD identifier in owned extract
IA9905508,IA,SEC,FL,no official OFR-to-CRD identifier in owned extract
IA9914234,IA,SEC,FL,no official OFR-to-CRD identifier in owned extract
IA9914619,IA,SEC,FL,no official OFR-to-CRD identifier in owned extract
IA9914590,IA,SEC,GA,no official OFR-to-CRD identifier in owned extract
IA9916954,IA,SEC,IL,no official OFR-to-CRD identifier in owned extract
IA9909164,IA,FLA,LA,no official OFR-to-CRD identifier in owned extract
IA9909844,IA,SEC,IL,no official OFR-to-CRD identifier in owned extract
IA9909116,IA,SEC,MI,no official OFR-to-CRD identifier in owned extract
IA9917226,IA,SEC,NY,no official OFR-to-CRD identifier in owned extract
IA9905486,IA,SEC,CA,no official OFR-to-CRD identifier in owned extract
IA9917518,IA,SEC,KS,no official OFR-to-CRD identifier in owned extract
IA9912329,IA,SEC,MO,no official OFR-to-CRD identifier in owned extract
IA9909208,IA,SEC,IL,no official OFR-to-CRD identifier in owned extract
IA9911901,IA,SEC,NE,no official OFR-to-CRD identifier in owned extract
IA9915091,IA,SEC,IL,no official OFR-to-CRD identifier in owned extract
IA9916152,IA,SEC,OH,no official OFR-to-CRD identifier in owned extract
IA9909634,IA,SEC,NY,no official OFR-to-CRD identifier in owned extract
BD1004718,BD,FNRA,TN,no official OFR-to-CRD identifier in owned extract
IA9917366,IA,SEC,IL,no official OFR-to-CRD identifier in owned extract
IA9917336,IA,SEC,TX,no official OFR-to-CRD identifier in owned extract
IA9913566,IA,SEC,IL,no official OFR-to-CRD identifier in owned extract
IA9910658,IA,SEC,TX,no official OFR-to-CRD identifier in owned extract
IA9912944,IA,SEC,MO,no official OFR-to-CRD identifier in owned extract
BD1003773,BD,FNRA,GA,no official OFR-to-CRD identifier in owned extract
IA9908187,IA,SEC,FL,no official OFR-to-CRD identifier in owned extract
IA9911166,IA,SEC,MI,no official OFR-to-CRD identifier in owned extract
IA9914546,IA,SEC,NJ,no official OFR-to-CRD identifier in owned extract
IA9915668,IA,SEC,FL,no official OFR-to-CRD identifier in owned extract
IA9911688,IA,SEC,NY,no official OFR-to-CRD identifier in owned extract
IA9916970,IA,SEC,NY,no official OFR-to-CRD identifier in owned extract
IA9905561,IA,SEC,NY,no official OFR-to-CRD identifier in owned extract
IA9906705,IA,SEC,VT,no official OFR-to-CRD identifier in owned extract
BD1004052,BD,FNRA,UT,no official OFR-to-CRD identifier in owned extract
IA9912819,IA,SEC,PA,no official OFR-to-CRD identifier in owned extract
IA9906295,IA,SEC,FL,no official OFR-to-CRD identifier in owned extract
IA0902841,IA,FLA,NY,no official OFR-to-CRD identifier in owned extract
IA9904600,IA,FLA,FL,no official OFR-to-CRD identifier in owned extract
IA9911494,IA,FLA,FL,no official OFR-to-CRD identifier in owned extract
IA9916966,IA,FLA,MD,no official OFR-to-CRD identifier in owned extract
BD1004759,BD,FNRA,NJ,no official OFR-to-CRD identifier in owned extract
IA9916026,IA,SEC,CA,no official OFR-to-CRD identifier in owned extract
BD1003756,BD,FNRA,CO,no official OFR-to-CRD identifier in owned extract
IA9913733,IA,SEC,PA,no official OFR-to-CRD identifier in owned extract
IA9910598,IA,SEC,OH,no official OFR-to-CRD identifier in owned extract
IA9913859,IA,FLA,FL,no official OFR-to-CRD identifier in owned extract
IA9905252,IA,SEC,NJ,no official OFR-to-CRD identifier in owned extract
IA9912804,IA,SEC,NJ,no official OFR-to-CRD identifier in owned extract
IA9916437,IA,SEC,AZ,no official OFR-to-CRD identifier in owned extract
IA9916565,IA,SEC,GA,no official OFR-to-CRD identifier in owned extract
IA9907620,IA,SEC,VA,no official OFR-to-CRD identifier in owned extract
IA9917431,IA,SEC,NY,no official OFR-to-CRD identifier in owned extract
IA9917182,IA,SEC,NY,no official OFR-to-CRD identifier in owned extract
IA9917432,IA,SEC,NY,no official OFR-to-CRD identifier in owned extract
BD1003537,BD,FNRA,FL,no official OFR-to-CRD identifier in owned extract
IA9913493,IA,SEC,KS,no official OFR-to-CRD identifier in owned extract
IA9905391,IA,SEC,FL,no official OFR-to-CRD identifier in owned extract
BD0901359,BD,FNRA,NY,no official OFR-to-CRD identifier in owned extract
IA9910670,IA,SEC,FL,no official OFR-to-CRD identifier in owned extract
IA9916004,IA,SEC,NE,no official OFR-to-CRD identifier in owned extract
IA9904489,IA,SEC,NH,no official OFR-to-CRD identifier in owned extract
IA9909282,IA,SEC,KS,no official OFR-to-CRD identifier in owned extract
BD0901682,BD,FNRA,NY,no official OFR-to-CRD identifier in owned extract
IA9916782,IA,FLA,FL,no official OFR-to-CRD identifier in owned extract
IA9910566,IA,FLA,FL,no official OFR-to-CRD identifier in owned extract
BD1004541,BD,FNRA,GA,no official OFR-to-CRD identifier in owned extract
IA0901425,IA,SEC,NJ,no official OFR-to-CRD identifier in owned extract
IA9911785,IA,SEC,NY,no official OFR-to-CRD identifier in owned extract
BD1004395,BD,FNRA,FL,no official OFR-to-CRD identifier in owned extract
IA9909706,IA,FLA,FL,no official OFR-to-CRD identifier in owned extract
IA9915551,IA,SEC,FL,no official OFR-to-CRD identifier in owned extract
IA9905369,IA,FLA,FL,no official OFR-to-CRD identifier in owned extract
IA0902801,IA,SEC,NJ,no official OFR-to-CRD identifier in owned extract
IA9906851,IA,FLA,OH,no official OFR-to-CRD identifier in owned extract
IA9904399,IA,SEC,NJ,no official OFR-to-CRD identifier in owned extract
IA9910381,IA,SEC,IA,no official OFR-to-CRD identifier in owned extract
BD0901468,BD,FNRA,IA,no official OFR-to-CRD identifier in owned extract
IA0902943,IA,SEC,IA,no official OFR-to-CRD identifier in owned extract
IA0902646,IA,SEC,IA,no official OFR-to-CRD identifier in owned extract
BD0900151,BD,FNRA,IA,no official OFR-to-CRD identifier in owned extract
IA0901715,IA,SEC,IA,no official OFR-to-CRD identifier in owned extract
IA0901986,IA,SEC,CO,no official OFR-to-CRD identifier in owned extract
IA9909452,IA,SEC,CT,no official OFR-to-CRD identifier in owned extract
IA9916577,IA,SEC,FL,no official OFR-to-CRD identifier in owned extract
IA9909405,IA,SEC,CA,no official OFR-to-CRD identifier in owned extract
IA9905556,IA,SEC,CA,no official OFR-to-CRD identifier in owned extract
IA9909174,IA,SEC,CA,no official OFR-to-CRD identifier in owned extract
BD1004502,BD,FNRA,NY,no official OFR-to-CRD identifier in owned extract
IA0901951,IA,FLA,FL,no official OFR-to-CRD identifier in owned extract
IA9915729,IA,SEC,IL,no official OFR-to-CRD identifier in owned extract
BD1004859,BD,FNRA,FL,no official OFR-to-CRD identifier in owned extract
IA9905566,IA,SEC,NJ,no official OFR-to-CRD identifier in owned extract
IA9913196,IA,SEC,WA,no official OFR-to-CRD identifier in owned extract
IA9913531,IA,SEC,CT,no official OFR-to-CRD identifier in owned extract
IA9906627,IA,SEC,FL,no official OFR-to-CRD identifier in owned extract
IA9917033,IA,SEC,FL,no official OFR-to-CRD identifier in owned extract
IA9905541,IA,SEC,NY,no official OFR-to-CRD identifier in owned extract
IA9907791,IA,FLA,FL,no official OFR-to-CRD identifier in owned extract
BD1003031,BD,FNRA,KY,no official OFR-to-CRD identifier in owned extract
IA9904804,IA,SEC,KY,no official OFR-to-CRD identifier in owned extract
IA0904046,IA,SEC,OH,no official OFR-to-CRD identifier in owned extract
IA9911880,IA,SEC,FL,no official OFR-to-CRD identifier in owned extract
IA0902438,IA,SEC,CA,no official OFR-to-CRD identifier in owned extract
BD0902736,BD,FNRA,ND,no official OFR-to-CRD identifier in owned extract
BD0901774,BD,FNRA,FL,no official OFR-to-CRD identifier in owned extract
IA9905692,IA,FLA,CA,no official OFR-to-CRD identifier in owned extract
IA9915815,IA,SEC,NE,no official OFR-to-CRD identifier in owned extract
IA9917074,IA,SEC,MO,no official OFR-to-CRD identifier in owned extract
IA0903495,IA,SEC,FL,no official OFR-to-CRD identifier in owned extract
IA9915160,IA,SEC,TN,no official OFR-to-CRD identifier in owned extract
IA9910699,IA,SEC,CA,no official OFR-to-CRD identifier in owned extract
IA9914942,IA,FLA,FL,no official OFR-to-CRD identifier in owned extract
IA9913724,IA,SEC,GA,no official OFR-to-CRD identifier in owned extract
IA9911802,IA,SEC,FL,no official OFR-to-CRD identifier in owned extract
IA9913209,IA,SEC,FL,no official OFR-to-CRD identifier in owned extract
BD0902181,BD,FNRA,CA,no official OFR-to-CRD identifier in owned extract
IA9907659,IA,SEC,TX,no official OFR-to-CRD identifier in owned extract
IA9908555,IA,SEC,MA,no official OFR-to-CRD identifier in owned extract
IA9909774,IA,SEC,CT,no official OFR-to-CRD identifier in owned extract
IA0900261,IA,SEC,FL,no official OFR-to-CRD identifier in owned extract
IA0903256,IA,SEC,PA,no official OFR-to-CRD identifier in owned extract
IA9914281,IA,FLA,VA,no official OFR-to-CRD identifier in owned extract
IA9911294,IA,SEC,VA,no official OFR-to-CRD identifier in owned extract
BD0902404,BD,FNRA,NJ,no official OFR-to-CRD identifier in owned extract
IA9905267,IA,FLA,NJ,no official OFR-to-CRD identifier in owned extract
IA9917168,IA,SEC,MA,no official OFR-to-CRD identifier in owned extract
IA9909718,IA,SEC,MA,no official OFR-to-CRD identifier in owned extract
BD1004778,BD,FNRA,LA,no official OFR-to-CRD identifier in owned extract
IA9914328,IA,SEC,AZ,no official OFR-to-CRD identifier in owned extract
BD0902947,BD,FNRA,NY,no official OFR-to-CRD identifier in owned extract
BD0900560,BD,FNRA,MD,no official OFR-to-CRD identifier in owned extract
IA9906772,IA,FLA,NY,no official OFR-to-CRD identifier in owned extract
BD1004575,BD,FNRA,NY,no official OFR-to-CRD identifier in owned extract
BD1004406,BD,FNRA,NY,no official OFR-to-CRD identifier in owned extract
IA9909935,IA,SEC,PA,no official OFR-to-CRD identifier in owned extract
IA9914910,IA,FLA,FL,no official OFR-to-CRD identifier in owned extract
IA9916131,IA,FLA,FL,no official OFR-to-CRD identifier in owned extract
BD1004535,BD,FNRA,FL,no official OFR-to-CRD identifier in owned extract
IA9917798,IA,SEC,MD,no official OFR-to-CRD identifier in owned extract
IA0902168,IA,SEC,TN,no official OFR-to-CRD identifier in owned extract
BD1004353,BD,FNRA,NY,no official OFR-to-CRD identifier in owned extract
BD1004180,BD,FNRA,FL,no official OFR-to-CRD identifier in owned extract
IA9912719,IA,SEC,NY,no official OFR-to-CRD identifier in owned extract
IA9911923,IA,SEC,UT,no official OFR-to-CRD identifier in owned extract
BD0900859,BD,FNRA,TX,no official OFR-to-CRD identifier in owned extract
IA0903452,IA,SEC,TX,no official OFR-to-CRD identifier in owned extract
IA9917476,IA,SEC,SC,no official OFR-to-CRD identifier in owned extract
IA9917676,IA,FLA,GA,no official OFR-to-CRD identifier in owned extract
IA9914329,IA,SEC,CA,no official OFR-to-CRD identifier in owned extract
IA9911181,IA,FLA,FL,no official OFR-to-CRD identifier in owned extract
IA9911819,IA,SEC,PA,no official OFR-to-CRD identifier in owned extract
IA9911772,IA,SEC,NY,no official OFR-to-CRD identifier in owned extract
IA9911080,IA,FLA,KY,no official OFR-to-CRD identifier in owned extract
IA9916979,IA,SEC,CA,no official OFR-to-CRD identifier in owned extract
IA9916605,IA,FLA,FL,no official OFR-to-CRD identifier in owned extract
IA9914599,IA,FLA,FL,no official OFR-to-CRD identifier in owned extract
IA9912547,IA,SEC,MO,no official OFR-to-CRD identifier in owned extract
IA9910781,IA,FLA,MI,no official OFR-to-CRD identifier in owned extract
BD1004664,BD,FNRA,IL,no official OFR-to-CRD identifier in owned extract
IA9909681,IA,SEC,MD,no official OFR-to-CRD identifier in owned extract
IA9913463,IA,SEC,MN,no official OFR-to-CRD identifier in owned extract
IA9913532,IA,SEC,IN,no official OFR-to-CRD identifier in owned extract
IA9917792,IA,SEC,CO,no official OFR-to-CRD identifier in owned extract
IA9910056,IA,SEC,FL,no official OFR-to-CRD identifier in owned extract
IA9916959,IA,SEC,CA,no official OFR-to-CRD identifier in owned extract
IA9912852,IA,FLA,FL,no official OFR-to-CRD identifier in owned extract
IA9908532,IA,SEC,NC,no official OFR-to-CRD identifier in owned extract
IA9917599,IA,SEC,CA,no official OFR-to-CRD identifier in owned extract
IA9909592,IA,SEC,IL,no official OFR-to-CRD identifier in owned extract
IA9913190,IA,SEC,TN,no official OFR-to-CRD identifier in owned extract
IA0901375,IA,SEC,MI,no official OFR-to-CRD identifier in owned extract
IA0901494,IA,SEC,WI,no official OFR-to-CRD identifier in owned extract
IA9909501,IA,SEC,TN,no official OFR-to-CRD identifier in owned extract
IA9910023,IA,SEC,IN,no official OFR-to-CRD identifier in owned extract
IA0900367,IA,SEC,FL,no official OFR-to-CRD identifier in owned extract
IA9916257,IA,SEC,TX,no official OFR-to-CRD identifier in owned extract
IA9908593,IA,SEC,PA,no official OFR-to-CRD identifier in owned extract
IA9914707,IA,SEC,FL,no official OFR-to-CRD identifier in owned extract
BD0900294,BD,FNRA,NJ,no official OFR-to-CRD identifier in owned extract
IA0901754,IA,SEC,NJ,no official OFR-to-CRD identifier in owned extract
IA9909266,IA,FLA,FL,no official OFR-to-CRD identifier in owned extract
IA9910802,IA,SEC,IL,no official OFR-to-CRD identifier in owned extract
IA9910550,IA,SEC,CO,no official OFR-to-CRD identifier in owned extract
IA0903323,IA,SEC,PA,no official OFR-to-CRD identifier in owned extract
BD0901204,BD,FNRA,CT,no official OFR-to-CRD identifier in owned extract
BD0901010,BD,FNRA,NJ,no official OFR-to-CRD identifier in owned extract
IA9914533,IA,FLA,FL,no official OFR-to-CRD identifier in owned extract
IA9910585,IA,FLA,FL,no official OFR-to-CRD identifier in owned extract
IA9917433,IA,SEC,MA,no official OFR-to-CRD identifier in owned extract
IA9910436,IA,SEC,FL,no official OFR-to-CRD identifier in owned extract
BD0900862,BD,FNRA,IL,no official OFR-to-CRD identifier in owned extract
IA9915408,IA,SEC,PA,no official OFR-to-CRD identifier in owned extract
IA9916127,IA,SEC,NY,no official OFR-to-CRD identifier in owned extract
IA0903022,IA,FLA,NY,no official OFR-to-CRD identifier in owned extract
IA9905618,IA,SEC,CO,no official OFR-to-CRD identifier in owned extract
BD0901417,BD,FNRA,TX,no official OFR-to-CRD identifier in owned extract
IA9914708,IA,FLA,FL,no official OFR-to-CRD identifier in owned extract
BD1004418,BD,FNRA,FL,no official OFR-to-CRD identifier in owned extract
IA9916037,IA,SEC,NJ,no official OFR-to-CRD identifier in owned extract
IA9914377,IA,SEC,FL,no official OFR-to-CRD identifier in owned extract
BD0903000,BD,FNRA,NY,no official OFR-to-CRD identifier in owned extract
IA0901937,IA,SEC,MN,no official OFR-to-CRD identifier in owned extract
IA9906968,IA,SEC,FL,no official OFR-to-CRD identifier in owned extract
IA9908327,IA,SEC,CA,no official OFR-to-CRD identifier in owned extract
IA9914923,IA,SEC,MA,no official OFR-to-CRD identifier in owned extract
IA9907065,IA,FLA,FL,no official OFR-to-CRD identifier in owned extract
IA9916874,IA,SEC,TX,no official OFR-to-CRD identifier in owned extract
IA9908177,IA,SEC,CT,no official OFR-to-CRD identifier in owned extract
BD0901263,BD,FNRA,NY,no official OFR-to-CRD identifier in owned extract
IA9917189,IA,SEC,NC,no official OFR-to-CRD identifier in owned extract
IA9909415,IA,SEC,OH,no official OFR-to-CRD identifier in owned extract
IA9911438,IA,SEC,CA,no official OFR-to-CRD identifier in owned extract
IA9915734,IA,FLA,FL,no official OFR-to-CRD identifier in owned extract
IA9911790,IA,SEC,MA,no official OFR-to-CRD identifier in owned extract
IA9906380,IA,SEC,CO,no official OFR-to-CRD identifier in owned extract
IA9916672,IA,SEC,FL,no official OFR-to-CRD identifier in owned extract
IA9915989,IA,SEC,PA,no official OFR-to-CRD identifier in owned extract
BD1004532,BD,FNRA,FL,no official OFR-to-CRD identifier in owned extract
BD0901901,BD,FNRA,NY,no official OFR-to-CRD identifier in owned extract
BD1003687,BD,FNRA,NY,no official OFR-to-CRD identifier in owned extract
IA9909066,IA,SEC,NY,no official OFR-to-CRD identifier in owned extract
IA9915153,IA,SEC,TX,no official OFR-to-CRD identifier in owned extract
IA9906147,IA,SEC,MI,no official OFR-to-CRD identifier in owned extract
IA9910577,IA,SEC,NY,no official OFR-to-CRD identifier in owned extract
IA9917284,IA,SEC,IN,no official OFR-to-CRD identifier in owned extract
IA9917624,IA,SEC,TN,no official OFR-to-CRD identifier in owned extract
IA9917654,IA,SEC,TN,no official OFR-to-CRD identifier in owned extract
IA9916439,IA,SEC,GA,no official OFR-to-CRD identifier in owned extract
IA9910765,IA,SEC,FL,no official OFR-to-CRD identifier in owned extract
IA9911261,IA,SEC,PA,no official OFR-to-CRD identifier in owned extract
IA9917354,IA,SEC,FL,no official OFR-to-CRD identifier in owned extract
IA9915712,IA,SEC,FL,no official OFR-to-CRD identifier in owned extract
IA9916838,IA,SEC,IL,no official OFR-to-CRD identifier in owned extract
IA9907564,IA,SEC,IA,no official OFR-to-CRD identifier in owned extract
IA9909510,IA,SEC,TX,no official OFR-to-CRD identifier in owned extract
IA9910544,IA,SEC,OH,no official OFR-to-CRD identifier in owned extract
IA9907872,IA,SEC,PA,no official OFR-to-CRD identifier in owned extract
IA9909818,IA,SEC,NJ,no official OFR-to-CRD identifier in owned extract
IA9913767,IA,FLA,FL,no official OFR-to-CRD identifier in owned extract
IA9917163,IA,SEC,FL,no official OFR-to-CRD identifier in owned extract
IA9917350,IA,SEC,NY,no official OFR-to-CRD identifier in owned extract
IA9915828,IA,SEC,WA,no official OFR-to-CRD identifier in owned extract
BD1004786,BD,FNRA,NY,no official OFR-to-CRD identifier in owned extract
IA9917836,IA,FLA,FL,no official OFR-to-CRD identifier in owned extract
IA9913442,IA,SEC,NY,no official OFR-to-CRD identifier in owned extract
IA9912926,IA,SEC,FL,no official OFR-to-CRD identifier in owned extract
BD1003172,BD,FNRA,FL,no official OFR-to-CRD identifier in owned extract
IA9916528,IA,SEC,IL,no official OFR-to-CRD identifier in owned extract
IA0902050,IA,SEC,NJ,no official OFR-to-CRD identifier in owned extract
IA9914128,IA,SEC,MD,no official OFR-to-CRD identifier in owned extract
IA9916155,IA,SEC,CA,no official OFR-to-CRD identifier in owned extract
IA9917690,IA,SEC,KS,no official OFR-to-CRD identifier in owned extract
IA9917016,IA,SEC,WA,no official OFR-to-CRD identifier in owned extract
IA0903483,IA,SEC,IN,no official OFR-to-CRD identifier in owned extract
IA9911446,IA,SEC,FL,no official OFR-to-CRD identifier in owned extract
IA9916783,IA,FLA,CA,no official OFR-to-CRD identifier in owned extract
IA9915630,IA,FLA,AZ,no official OFR-to-CRD identifier in owned extract
IA9912658,IA,SEC,MN,no official OFR-to-CRD identifier in owned extract
IA9908300,IA,SEC,NY,no official OFR-to-CRD identifier in owned extract
BD0901731,BD,FNRA,ME,no official OFR-to-CRD identifier in owned extract
IA9916393,IA,SEC,PA,no official OFR-to-CRD identifier in owned extract
BD1002988,BD,FNRA,NY,no official OFR-to-CRD identifier in owned extract
IA9915732,IA,FLA,CA,no official OFR-to-CRD identifier in owned extract
IA9906120,IA,SEC,OH,no official OFR-to-CRD identifier in owned extract
IA9913310,IA,SEC,NY,no official OFR-to-CRD identifier in owned extract
BD1004085,BD,FNRA,NY,no official OFR-to-CRD identifier in owned extract
IA9917110,IA,SEC,NY,no official OFR-to-CRD identifier in owned extract
BD1003332,BD,FNRA,CA,no official OFR-to-CRD identifier in owned extract
IA9913132,IA,SEC,IL,no official OFR-to-CRD identifier in owned extract
BD1004805,BD,FNRA,IL,no official OFR-to-CRD identifier in owned extract
BD0900731,BD,FNRA,NY,no official OFR-to-CRD identifier in owned extract
IA9914946,IA,SEC,NY,no official OFR-to-CRD identifier in owned extract
IA9917655,IA,SEC,CT,no official OFR-to-CRD identifier in owned extract
IA9914824,IA,SEC,TX,no official OFR-to-CRD identifier in owned extract
IA9916750,IA,FLA,AR,no official OFR-to-CRD identifier in owned extract
IA9914603,IA,SEC,NY,no official OFR-to-CRD identifier in owned extract
IA9917684,IA,FLA,FL,no official OFR-to-CRD identifier in owned extract
IA0900826,IA,SEC,ME,no official OFR-to-CRD identifier in owned extract
IA9911658,IA,SEC,CA,no official OFR-to-CRD identifier in owned extract
BD0900234,BD,FNRA,NY,no official OFR-to-CRD identifier in owned extract
IA9908333,IA,SEC,NY,no official OFR-to-CRD identifier in owned extract
IA9912721,IA,FLA,FL,no official OFR-to-CRD identifier in owned extract
IA9916156,IA,SEC,NY,no official OFR-to-CRD identifier in owned extract
BD0900801,BD,FNRA,NJ,no official OFR-to-CRD identifier in owned extract
IA9909521,IA,SEC,GA,no official OFR-to-CRD identifier in owned extract
IA0903615,IA,FLA,FL,no official OFR-to-CRD identifier in owned extract
IA9913534,IA,SEC,FL,no official OFR-to-CRD identifier in owned extract
BD0901992,BD,FNRA,AR,no official OFR-to-CRD identifier in owned extract
BD0900334,BD,FNRA,FL,no official OFR-to-CRD identifier in owned extract
IA0902407,IA,SEC,MO,no official OFR-to-CRD identifier in owned extract
IA0900763,IA,SEC,NY,no official OFR-to-CRD identifier in owned extract
IA9917084,IA,SEC,NE,no official OFR-to-CRD identifier in owned extract
BD0902277,BD,FNRA,CA,no official OFR-to-CRD identifier in owned extract
IA9904658,IA,SEC,NJ,no official OFR-to-CRD identifier in owned extract
IA9913019,IA,SEC,OH,no official OFR-to-CRD identifier in owned extract
BD0902206,BD,FNRA,NY,no official OFR-to-CRD identifier in owned extract
IA9917739,IA,SEC,FL,no official OFR-to-CRD identifier in owned extract
BD1003535,BD,FNRA,MA,no official OFR-to-CRD identifier in owned extract
IA0900626,IA,SEC,MI,no official OFR-to-CRD identifier in owned extract
IA9916350,IA,SEC,DC,no official OFR-to-CRD identifier in owned extract
IA9912825,IA,FLA,MI,no official OFR-to-CRD identifier in owned extract
BD1004806,BD,FNRA,NY,no official OFR-to-CRD identifier in owned extract
BD0902686,BD,FNRA,NY,no official OFR-to-CRD identifier in owned extract
IA0902462,IA,SEC,FL,no official OFR-to-CRD identifier in owned extract
IA9904609,IA,FLA,LA,no official OFR-to-CRD identifier in owned extract
IA9916157,IA,SEC,WA,no official OFR-to-CRD identifier in owned extract
BD1003510,BD,FNRA,IL,no official OFR-to-CRD identifier in owned extract
IA9912541,IA,SEC,NY,no official OFR-to-CRD identifier in owned extract
IA9913070,IA,SEC,NC,no official OFR-to-CRD identifier in owned extract
IA9913565,IA,SEC,FL,no official OFR-to-CRD identifier in owned extract
IA9917558,IA,SEC,FL,no official OFR-to-CRD identifier in owned extract
BD1004735,BD,FNRA,MI,no official OFR-to-CRD identifier in owned extract
IA9910284,IA,SEC,WA,no official OFR-to-CRD identifier in owned extract
IA9905512,IA,SEC,FL,no official OFR-to-CRD identifier in owned extract
IA9906209,IA,SEC,WI,no official OFR-to-CRD identifier in owned extract
IA9914818,IA,SEC,NY,no official OFR-to-CRD identifier in owned extract
IA9910579,IA,SEC,CO,no official OFR-to-CRD identifier in owned extract
BD0902901,BD,FNRA,CA,no official OFR-to-CRD identifier in owned extract
IA9910707,IA,SEC,FL,no official OFR-to-CRD identifier in owned extract
IA9915603,IA,FLA,CA,no official OFR-to-CRD identifier in owned extract
IA9913958,IA,SEC,VA,no official OFR-to-CRD identifier in owned extract
BD1004869,BD,FNRA,NY,no official OFR-to-CRD identifier in owned extract
IA9911076,IA,FLA,FL,no official OFR-to-CRD identifier in owned extract
IA9904673,IA,FLA,FL,no official OFR-to-CRD identifier in owned extract
IA9912522,IA,FLA,MD,no official OFR-to-CRD identifier in owned extract
IA9905583,IA,SEC,,no official OFR-to-CRD identifier in owned extract
IA9906987,IA,SEC,TN,no official OFR-to-CRD identifier in owned extract
IA9914863,IA,FLA,VA,no official OFR-to-CRD identifier in owned extract
IA9917434,IA,SEC,NY,no official OFR-to-CRD identifier in owned extract
IA9917435,IA,SEC,NY,no official OFR-to-CRD identifier in owned extract
IA9917436,IA,SEC,FL,no official OFR-to-CRD identifier in owned extract
IA9912624,IA,FLA,MA,no official OFR-to-CRD identifier in owned extract
IA9905231,IA,FLA,FL,no official OFR-to-CRD identifier in owned extract
BD0900121,BD,FNRA,FL,no official OFR-to-CRD identifier in owned extract
IA0901701,IA,SEC,FL,no official OFR-to-CRD identifier in owned extract
BD0901416,BD,FNRA,,no official OFR-to-CRD identifier in owned extract
IA9907655,IA,SEC,,no official OFR-to-CRD identifier in owned extract
IA0904320,IA,SEC,FL,no official OFR-to-CRD identifier in owned extract
BD0900133,BD,FNRA,FL,no official OFR-to-CRD identifier in owned extract
BD0900062,BD,CAN,ZZ,no official OFR-to-CRD identifier in owned extract
IA0904179,IA,FLA,FL,no official OFR-to-CRD identifier in owned extract
IA9916631,IA,FLA,FL,no official OFR-to-CRD identifier in owned extract
IA9908230,IA,SEC,NV,no official OFR-to-CRD identifier in owned extract
BD1003303,BD,FNRA,NY,no official OFR-to-CRD identifier in owned extract
IA9915241,IA,SEC,CA,no official OFR-to-CRD identifier in owned extract
IA9913691,IA,SEC,NY,no official OFR-to-CRD identifier in owned extract
BD0900937,BD,FNRA,NY,no official OFR-to-CRD identifier in owned extract
IA0901845,IA,SEC,NY,no official OFR-to-CRD identifier in owned extract
BD1004373,BD,FNRA,,no official OFR-to-CRD identifier in owned extract
BD0900089,BD,CAN,ZZ,no official OFR-to-CRD identifier in owned extract
BD0900084,BD,CAN,ON,no official OFR-to-CRD identifier in owned extract
IA0900286,IA,SEC,MN,no official OFR-to-CRD identifier in owned extract
IA0901221,IA,SEC,,no official OFR-to-CRD identifier in owned extract
IA0901511,IA,SEC,NY,no official OFR-to-CRD identifier in owned extract
BD0901744,BD,FNRA,CA,no official OFR-to-CRD identifier in owned extract
IA9914228,IA,SEC,CA,no official OFR-to-CRD identifier in owned extract
IA9915566,IA,SEC,FL,no official OFR-to-CRD identifier in owned extract
IA9917371,IA,SEC,MI,no official OFR-to-CRD identifier in owned extract
IA9915782,IA,FLA,FL,no official OFR-to-CRD identifier in owned extract
IA9917224,IA,SEC,MD,no official OFR-to-CRD identifier in owned extract
IA9909665,IA,SEC,MD,no official OFR-to-CRD identifier in owned extract
IA9912475,IA,SEC,FL,no official OFR-to-CRD identifier in owned extract
BD1003333,BD,FNRA,TX,no official OFR-to-CRD identifier in owned extract
IA9911875,IA,SEC,FL,no official OFR-to-CRD identifier in owned extract
IA0904264,IA,SEC,IA,no official OFR-to-CRD identifier in owned extract
IA9916394,IA,SEC,NY,no official OFR-to-CRD identifier in owned extract
IA9912182,IA,FLA,GA,no official OFR-to-CRD identifier in owned extract
IA9915398,IA,SEC,NJ,no official OFR-to-CRD identifier in owned extract
IA9917527,IA,SEC,FL,no official OFR-to-CRD identifier in owned extract
IA9908185,IA,SEC,NY,no official OFR-to-CRD identifier in owned extract
BD1003770,BD,FNRA,GA,no official OFR-to-CRD identifier in owned extract
IA9916186,IA,FLA,NJ,no official OFR-to-CRD identifier in owned extract
IA0902155,IA,FLA,NY,no official OFR-to-CRD identifier in owned extract
IA9916946,IA,SEC,FL,no official OFR-to-CRD identifier in owned extract
BD0902318,BD,FNRA,TX,no official OFR-to-CRD identifier in owned extract
BD0900702,BD,FNRA,DE,no official OFR-to-CRD identifier in owned extract
IA9904998,IA,SEC,DE,no official OFR-to-CRD identifier in owned extract
IA9914798,IA,SEC,MD,no official OFR-to-CRD identifier in owned extract
IA9913017,IA,SEC,TX,no official OFR-to-CRD identifier in owned extract
IA9905158,IA,FLA,FL,no official OFR-to-CRD identifier in owned extract
IA9906614,IA,SEC,CA,no official OFR-to-CRD identifier in owned extract
IA9913257,IA,SEC,OH,no official OFR-to-CRD identifier in owned extract
IA9907762,IA,FLA,NY,no official OFR-to-CRD identifier in owned extract
IA9910333,IA,SEC,TN,no official OFR-to-CRD identifier in owned extract
IA0901467,IA,FLA,FL,no official OFR-to-CRD identifier in owned extract
IA9908609,IA,SEC,MD,no official OFR-to-CRD identifier in owned extract
IA9916488,IA,SEC,FL,no official OFR-to-CRD identifier in owned extract
IA9910237,IA,SEC,PA,no official OFR-to-CRD identifier in owned extract
IA9912297,IA,SEC,PA,no official OFR-to-CRD identifier in owned extract
BD1004231,BD,FNRA,NY,no official OFR-to-CRD identifier in owned extract
IA9912298,IA,SEC,NY,no official OFR-to-CRD identifier in owned extract
BD1004227,BD,FNRA,TX,no official OFR-to-CRD identifier in owned extract
BD1004165,BD,FNRA,NY,no official OFR-to-CRD identifier in owned extract
IA9907450,IA,SEC,VA,no official OFR-to-CRD identifier in owned extract
IA0904140,IA,SEC,MN,no official OFR-to-CRD identifier in owned extract
BD1003563,BD,FNRA,NY,no official OFR-to-CRD identifier in owned extract
IA9907678,IA,SEC,VA,no official OFR-to-CRD identifier in owned extract
IA0903157,IA,SEC,KS,no official OFR-to-CRD identifier in owned extract
BD1004844,BD,FNRA,TX,no official OFR-to-CRD identifier in owned extract
IA9908194,IA,SEC,NM,no official OFR-to-CRD identifier in owned extract
IA9914503,IA,SEC,NY,no official OFR-to-CRD identifier in owned extract
IA9907086,IA,SEC,OH,no official OFR-to-CRD identifier in owned extract
IA9914595,IA,SEC,NJ,no official OFR-to-CRD identifier in owned extract
IA9911144,IA,SEC,CA,no official OFR-to-CRD identifier in owned extract
IA9915161,IA,SEC,CA,no official OFR-to-CRD identifier in owned extract
IA9910981,IA,SEC,CA,no official OFR-to-CRD identifier in owned extract
IA9913311,IA,SEC,MA,no official OFR-to-CRD identifier in owned extract
IA9908036,IA,SEC,NJ,no official OFR-to-CRD identifier in owned extract
IA9910919,IA,FLA,FL,no official OFR-to-CRD identifier in owned extract
BD1003092,BD,FNRA,WA,no official OFR-to-CRD identifier in owned extract
BD0900971,BD,FNRA,TX,no official OFR-to-CRD identifier in owned extract
IA9916530,IA,SEC,FL,no official OFR-to-CRD identifier in owned extract
IA9914168,IA,SEC,VA,no official OFR-to-CRD identifier in owned extract
IA9904578,IA,SEC,IL,no official OFR-to-CRD identifier in owned extract
IA9904694,IA,SEC,MI,no official OFR-to-CRD identifier in owned extract
BD0900299,BD,FNRA,IL,no official OFR-to-CRD identifier in owned extract
IA9912299,IA,SEC,CA,no official OFR-to-CRD identifier in owned extract
IA0901600,IA,SEC,LA,no official OFR-to-CRD identifier in owned extract
IA9910764,IA,SEC,GA,no official OFR-to-CRD identifier in owned extract
IA9917034,IA,SEC,UT,no official OFR-to-CRD identifier in owned extract
IA9917861,IA,SEC,FL,no official OFR-to-CRD identifier in owned extract
IA9911660,IA,SEC,GA,no official OFR-to-CRD identifier in owned extract
BD1004372,BD,FNRA,IL,no official OFR-to-CRD identifier in owned extract
BD0901743,BD,FNRA,FL,no official OFR-to-CRD identifier in owned extract
IA0900323,IA,SEC,AL,no official OFR-to-CRD identifier in owned extract
BD1003470,BD,FNRA,GA,no official OFR-to-CRD identifier in owned extract
IA9914833,IA,FLA,CO,no official OFR-to-CRD identifier in owned extract
IA9907623,IA,SEC,GA,no official OFR-to-CRD identifier in owned extract
BD0900912,BD,FNRA,GA,no official OFR-to-CRD identifier in owned extract
IA9913667,IA,FLA,FL,no official OFR-to-CRD identifier in owned extract
BD1003616,BD,FNRA,MI,no official OFR-to-CRD identifier in owned extract
IA0903405,IA,SEC,MI,no official OFR-to-CRD identifier in owned extract
BD1004049,BD,FNRA,MI,no official OFR-to-CRD identifier in owned extract
IA9907771,IA,FLA,FL,no official OFR-to-CRD identifier in owned extract
IA9916531,IA,SEC,FL,no official OFR-to-CRD identifier in owned extract
IA9915417,IA,FLA,FL,no official OFR-to-CRD identifier in owned extract
IA9913212,IA,SEC,IN,no official OFR-to-CRD identifier in owned extract
IA0903322,IA,SEC,NY,no official OFR-to-CRD identifier in owned extract
IA9917522,IA,FLA,FL,no official OFR-to-CRD identifier in owned extract
IA0900588,IA,SEC,WI,no official OFR-to-CRD identifier in owned extract
IA9915370,IA,SEC,NY,no official OFR-to-CRD identifier in owned extract
IA9917556,IA,SEC,OK,no official OFR-to-CRD identifier in owned extract
IA9916462,IA,SEC,AZ,no official OFR-to-CRD identifier in owned extract
IA9911289,IA,SEC,NC,no official OFR-to-CRD identifier in owned extract
IA9908844,IA,SEC,KY,no official OFR-to-CRD identifier in owned extract
IA9906463,IA,FLA,GA,no official OFR-to-CRD identifier in owned extract
IA9904441,IA,SEC,CT,no official OFR-to-CRD identifier in owned extract
IA9908965,IA,FLA,FL,no official OFR-to-CRD identifier in owned extract
IA0904246,IA,SEC,FL,no official OFR-to-CRD identifier in owned extract
BD1004069,BD,FNRA,NY,no official OFR-to-CRD identifier in owned extract
IA9904418,IA,SEC,MA,no official OFR-to-CRD identifier in owned extract
BD1003718,BD,FNRA,CT,no official OFR-to-CRD identifier in owned extract
IA9913112,IA,SEC,MO,no official OFR-to-CRD identifier in owned extract
BD0901849,BD,FNRA,NY,no official OFR-to-CRD identifier in owned extract
IA9910386,IA,FLA,FL,no official OFR-to-CRD identifier in owned extract
IA9915461,IA,FLA,VA,no official OFR-to-CRD identifier in owned extract
BD1004803,BD,FNRA,NY,no official OFR-to-CRD identifier in owned extract
BD0902874,BD,FNRA,,no official OFR-to-CRD identifier in owned extract
IA9912649,IA,FLA,IL,no official OFR-to-CRD identifier in owned extract
IA9915533,IA,SEC,FL,no official OFR-to-CRD identifier in owned extract
IA9910006,IA,FLA,TN,no official OFR-to-CRD identifier in owned extract
IA9913656,IA,SEC,FL,no official OFR-to-CRD identifier in owned extract
IA9916351,IA,SEC,CA,no official OFR-to-CRD identifier in owned extract
IA9913030,IA,FLA,SC,no official OFR-to-CRD identifier in owned extract
IA9916870,IA,SEC,SC,no official OFR-to-CRD identifier in owned extract
BD1004046,BD,FNRA,TX,no official OFR-to-CRD identifier in owned extract
IA9912895,IA,SEC,OH,no official OFR-to-CRD identifier in owned extract
IA9913739,IA,SEC,MS,no official OFR-to-CRD identifier in owned extract
IA9912088,IA,SEC,WI,no official OFR-to-CRD identifier in owned extract
IA9908827,IA,FLA,OH,no official OFR-to-CRD identifier in owned extract
IA0901625,IA,SEC,CT,no official OFR-to-CRD identifier in owned extract
IA9904249,IA,SEC,VA,no official OFR-to-CRD identifier in owned extract
IA9912972,IA,SEC,GA,no official OFR-to-CRD identifier in owned extract
IA9912302,IA,SEC,NY,no official OFR-to-CRD identifier in owned extract
IA9913535,IA,SEC,NY,no official OFR-to-CRD identifier in owned extract
BD0900076,BD,CAN,ZZ,no official OFR-to-CRD identifier in owned extract
IA9917559,IA,SEC,PA,no official OFR-to-CRD identifier in owned extract
IA9914038,IA,FLA,IL,no official OFR-to-CRD identifier in owned extract
IA9909711,IA,SEC,AL,no official OFR-to-CRD identifier in owned extract
IA9908033,IA,SEC,PA,no official OFR-to-CRD identifier in owned extract
IA9914395,IA,FLA,FL,no official OFR-to-CRD identifier in owned extract
IA9917839,IA,SEC,VA,no official OFR-to-CRD identifier in owned extract
IA9913345,IA,SEC,TN,no official OFR-to-CRD identifier in owned extract
IA9913182,IA,FLA,NJ,no official OFR-to-CRD identifier in owned extract
IA9904511,IA,SEC,MI,no official OFR-to-CRD identifier in owned extract
IA9913885,IA,FLA,FL,no official OFR-to-CRD identifier in owned extract
IA9913243,IA,SEC,WI,no official OFR-to-CRD identifier in owned extract
IA9909850,IA,SEC,OK,no official OFR-to-CRD identifier in owned extract
IA9904805,IA,SEC,MD,no official OFR-to-CRD identifier in owned extract
IA9906201,IA,FLA,FL,no official OFR-to-CRD identifier in owned extract
IA9905591,IA,SEC,IL,no official OFR-to-CRD identifier in owned extract
IA9912114,IA,SEC,NY,no official OFR-to-CRD identifier in owned extract
IA9916423,IA,FLA,KS,no official OFR-to-CRD identifier in owned extract
IA9911367,IA,SEC,VA,no official OFR-to-CRD identifier in owned extract
IA9912753,IA,SEC,MA,no official OFR-to-CRD identifier in owned extract
IA9914257,IA,SEC,OH,no official OFR-to-CRD identifier in owned extract
IA9910900,IA,FLA,FL,no official OFR-to-CRD identifier in owned extract
IA0904238,IA,FLA,GA,no official OFR-to-CRD identifier in owned extract
IA9914630,IA,SEC,CA,no official OFR-to-CRD identifier in owned extract
IA9915887,IA,SEC,MI,no official OFR-to-CRD identifier in owned extract
BD1003849,BD,FNRA,KY,no official OFR-to-CRD identifier in owned extract
IA9913312,IA,SEC,IA,no official OFR-to-CRD identifier in owned extract
IA9911597,IA,FLA,FL,no official OFR-to-CRD identifier in owned extract
IA9916753,IA,FLA,FL,no official OFR-to-CRD identifier in owned extract
BD1004830,BD,FNRA,WA,no official OFR-to-CRD identifier in owned extract
IA9906224,IA,SEC,MD,no official OFR-to-CRD identifier in owned extract
BD0901945,BD,FNRA,NY,no official OFR-to-CRD identifier in owned extract
IA9917848,IA,SEC,MA,no official OFR-to-CRD identifier in owned extract
IA9916877,IA,SEC,NY,no official OFR-to-CRD identifier in owned extract
IA9913975,IA,SEC,TX,no official OFR-to-CRD identifier in owned extract
BD0901252,BD,FNRA,NY,no official OFR-to-CRD identifier in owned extract
IA9913536,IA,SEC,NY,no official OFR-to-CRD identifier in owned extract
IA9915507,IA,FLA,FL,no official OFR-to-CRD identifier in owned extract
IA9916209,IA,SEC,OH,no official OFR-to-CRD identifier in owned extract
BD1003929,BD,FNRA,PA,no official OFR-to-CRD identifier in owned extract
BD1004401,BD,FNRA,NY,no official OFR-to-CRD identifier in owned extract
IA9914369,IA,SEC,NY,no official OFR-to-CRD identifier in owned extract
IA9909117,IA,SEC,NJ,no official OFR-to-CRD identifier in owned extract
IA9904238,IA,SEC,,no official OFR-to-CRD identifier in owned extract
IA9904800,IA,SEC,MA,no official OFR-to-CRD identifier in owned extract
IA9908800,IA,FLA,FL,no official OFR-to-CRD identifier in owned extract
IA9906942,IA,SEC,IL,no official OFR-to-CRD identifier in owned extract
BD1003220,BD,FNRA,NC,no official OFR-to-CRD identifier in owned extract
IA9904964,IA,SEC,MA,no official OFR-to-CRD identifier in owned extract
IA9915812,IA,SEC,MA,no official OFR-to-CRD identifier in owned extract
IA9906821,IA,SEC,AL,no official OFR-to-CRD identifier in owned extract
IA9910602,IA,SEC,GA,no official OFR-to-CRD identifier in owned extract
BD0901617,BD,FNRA,CO,no official OFR-to-CRD identifier in owned extract
IA9913394,IA,SEC,CA,no official OFR-to-CRD identifier in owned extract
IA9916654,IA,SEC,NY,no official OFR-to-CRD identifier in owned extract
IA9915293,IA,SEC,TX,no official OFR-to-CRD identifier in owned extract
IA9914534,IA,FLA,NC,no official OFR-to-CRD identifier in owned extract
IA9915715,IA,SEC,MI,no official OFR-to-CRD identifier in owned extract
BD0901206,BD,FNRA,TX,no official OFR-to-CRD identifier in owned extract
BD0901857,BD,FNRA,NY,no official OFR-to-CRD identifier in owned extract
IA9906354,IA,SEC,MA,no official OFR-to-CRD identifier in owned extract
IA9911143,IA,SEC,IA,no official OFR-to-CRD identifier in owned extract
IA9917376,IA,SEC,WI,no official OFR-to-CRD identifier in owned extract
IA9905484,IA,SEC,FL,no official OFR-to-CRD identifier in owned extract
BD1004109,BD,FNRA,FL,no official OFR-to-CRD identifier in owned extract
IA9917408,IA,SEC,NY,no official OFR-to-CRD identifier in owned extract
IA9911206,IA,FLA,FL,no official OFR-to-CRD identifier in owned extract
IA9904366,IA,SEC,CA,no official OFR-to-CRD identifier in owned extract
BD0900622,BD,FNRA,TN,no official OFR-to-CRD identifier in owned extract
IA9911825,IA,FLA,NJ,no official OFR-to-CRD identifier in owned extract
BD1004743,BD,FNRA,NY,no official OFR-to-CRD identifier in owned extract
IA9912821,IA,FLA,NY,no official OFR-to-CRD identifier in owned extract
IA9905759,IA,FLA,MA,no official OFR-to-CRD identifier in owned extract
IA9911589,IA,SEC,MI,no official OFR-to-CRD identifier in owned extract
IA9906909,IA,SEC,GA,no official OFR-to-CRD identifier in owned extract
BD1003716,BD,FNRA,WA,no official OFR-to-CRD identifier in owned extract
IA9915468,IA,SEC,WA,no official OFR-to-CRD identifier in owned extract
IA9905828,IA,SEC,WI,no official OFR-to-CRD identifier in owned extract
IA9911689,IA,SEC,MA,no official OFR-to-CRD identifier in owned extract
IA9906407,IA,SEC,,no official OFR-to-CRD identifier in owned extract
BD0900069,BD,CAN,ON,no official OFR-to-CRD identifier in owned extract
IA9905208,IA,SEC,MI,no official OFR-to-CRD identifier in owned extract
IA9914718,IA,SEC,FL,no official OFR-to-CRD identifier in owned extract
IA0900373,IA,SEC,VA,no official OFR-to-CRD identifier in owned extract
IA9915218,IA,SEC,WI,no official OFR-to-CRD identifier in owned extract
IA9916541,IA,SEC,OH,no official OFR-to-CRD identifier in owned extract
IA9911576,IA,SEC,KY,no official OFR-to-CRD identifier in owned extract
IA9912606,IA,FLA,FL,no official OFR-to-CRD identifier in owned extract
IA9913240,IA,SEC,GA,no official OFR-to-CRD identifier in owned extract
BD0902911,BD,FNRA,TX,no official OFR-to-CRD identifier in owned extract
IA9916830,IA,SEC,CA,no official OFR-to-CRD identifier in owned extract
IA9914756,IA,SEC,AZ,no official OFR-to-CRD identifier in owned extract
IA9915395,IA,SEC,OH,no official OFR-to-CRD identifier in owned extract
IA9912057,IA,SEC,TN,no official OFR-to-CRD identifier in owned extract
IA9914654,IA,FLA,CA,no official OFR-to-CRD identifier in owned extract
BD0901944,BD,FNRA,KS,no official OFR-to-CRD identifier in owned extract
IA0902266,IA,SEC,PA,no official OFR-to-CRD identifier in owned extract
IA9917207,IA,SEC,MI,no official OFR-to-CRD identifier in owned extract
IA9910877,IA,SEC,OH,no official OFR-to-CRD identifier in owned extract
IA9912619,IA,SEC,OH,no official OFR-to-CRD identifier in owned extract
IA9915607,IA,FLA,NJ,no official OFR-to-CRD identifier in owned extract
IA9912927,IA,SEC,FL,no official OFR-to-CRD identifier in owned extract
IA9916238,IA,SEC,CA,no official OFR-to-CRD identifier in owned extract
IA9913009,IA,SEC,CA,no official OFR-to-CRD identifier in owned extract
IA9917103,IA,FLA,FL,no official OFR-to-CRD identifier in owned extract
IA9911692,IA,SEC,NY,no official OFR-to-CRD identifier in owned extract
IA9912140,IA,FLA,FL,no official OFR-to-CRD identifier in owned extract
BD0902960,BD,FNRA,FL,no official OFR-to-CRD identifier in owned extract
IA9916893,IA,FLA,IL,no official OFR-to-CRD identifier in owned extract
IA9916961,IA,FLA,MA,no official OFR-to-CRD identifier in owned extract
IA9916353,IA,SEC,MD,no official OFR-to-CRD identifier in owned extract
IA9913016,IA,SEC,CT,no official OFR-to-CRD identifier in owned extract
IA9913276,IA,SEC,MO,no official OFR-to-CRD identifier in owned extract
IA9906799,IA,SEC,NY,no official OFR-to-CRD identifier in owned extract
IA0904312,IA,SEC,KY,no official OFR-to-CRD identifier in owned extract
IA9913943,IA,SEC,IL,no official OFR-to-CRD identifier in owned extract
IA9906265,IA,FLA,FL,no official OFR-to-CRD identifier in owned extract
IA9907366,IA,SEC,PA,no official OFR-to-CRD identifier in owned extract
IA9915886,IA,SEC,SC,no official OFR-to-CRD identifier in owned extract
IA0901573,IA,SEC,MN,no official OFR-to-CRD identifier in owned extract
IA0904215,IA,SEC,VA,no official OFR-to-CRD identifier in owned extract
IA9907104,IA,SEC,FL,no official OFR-to-CRD identifier in owned extract
IA9913537,IA,SEC,FL,no official OFR-to-CRD identifier in owned extract
IA9907161,IA,SEC,FL,no official OFR-to-CRD identifier in owned extract
IA9907188,IA,SEC,IL,no official OFR-to-CRD identifier in owned extract
IA9915189,IA,SEC,DE,no official OFR-to-CRD identifier in owned extract
IA9917262,IA,FLA,PA,no official OFR-to-CRD identifier in owned extract
IA9910742,IA,FLA,FL,no official OFR-to-CRD identifier in owned extract
BD0902651,BD,FNRA,MN,no official OFR-to-CRD identifier in owned extract
IA9916793,IA,SEC,TX,no official OFR-to-CRD identifier in owned extract
IA9906483,IA,SEC,FL,no official OFR-to-CRD identifier in owned extract
IA9916831,IA,SEC,AR,no official OFR-to-CRD identifier in owned extract
IA9910048,IA,SEC,MA,no official OFR-to-CRD identifier in owned extract
IA9914058,IA,SEC,WI,no official OFR-to-CRD identifier in owned extract
IA0904288,IA,FLA,FL,no official OFR-to-CRD identifier in owned extract
IA9916059,IA,SEC,CA,no official OFR-to-CRD identifier in owned extract
IA9916422,IA,FLA,FL,no official OFR-to-CRD identifier in owned extract
IA9911720,IA,SEC,FL,no official OFR-to-CRD identifier in owned extract
IA9915517,IA,SEC,FL,no official OFR-to-CRD identifier in owned extract
BD1004857,BD,FNRA,OH,no official OFR-to-CRD identifier in owned extract
IA9904579,IA,SEC,PA,no official OFR-to-CRD identifier in owned extract
IA9912300,IA,SEC,FL,no official OFR-to-CRD identifier in owned extract
IA9912353,IA,SEC,ME,no official OFR-to-CRD identifier in owned extract
IA9915064,IA,SEC,MI,no official OFR-to-CRD identifier in owned extract
IA9911542,IA,SEC,FL,no official OFR-to-CRD identifier in owned extract
BD1004482,BD,FNRA,NY,no official OFR-to-CRD identifier in owned extract
IA9911797,IA,SEC,WI,no official OFR-to-CRD identifier in owned extract
IA9906568,IA,FLA,FL,no official OFR-to-CRD identifier in owned extract
IA9907316,IA,SEC,NJ,no official OFR-to-CRD identifier in owned extract
IA9906428,IA,SEC,NY,no official OFR-to-CRD identifier in owned extract
IA9910924,IA,SEC,TX,no official OFR-to-CRD identifier in owned extract
IA9905918,IA,FLA,FL,no official OFR-to-CRD identifier in owned extract
IA0901056,IA,SEC,CA,no official OFR-to-CRD identifier in owned extract
IA9916997,IA,SEC,MA,no official OFR-to-CRD identifier in owned extract
BD0901431,BD,FNRA,NY,no official OFR-to-CRD identifier in owned extract
IA9911491,IA,SEC,NH,no official OFR-to-CRD identifier in owned extract
IA0903459,IA,SEC,PA,no official OFR-to-CRD identifier in owned extract
BD0902909,BD,FNRA,NJ,no official OFR-to-CRD identifier in owned extract
IA0902502,IA,FLA,FL,no official OFR-to-CRD identifier in owned extract
IA9910885,IA,FLA,FL,no official OFR-to-CRD identifier in owned extract
IA0901103,IA,FLA,FL,no official OFR-to-CRD identifier in owned extract
BD0900174,BD,FNRA,WI,no official OFR-to-CRD identifier in owned extract
IA0901723,IA,SEC,WI,no official OFR-to-CRD identifier in owned extract
BD1004653,BD,FNRA,NY,no official OFR-to-CRD identifier in owned extract
IA0900365,IA,SEC,IL,no official OFR-to-CRD identifier in owned extract
IA0900530,IA,FLA,FL,no official OFR-to-CRD identifier in owned extract
IA9909601,IA,SEC,CA,no official OFR-to-CRD identifier in owned extract
IA9912780,IA,FLA,FL,no official OFR-to-CRD identifier in owned extract
IA9916064,IA,SEC,CA,no official OFR-to-CRD identifier in owned extract
BD1003618,BD,FNRA,FL,no official OFR-to-CRD identifier in owned extract
BD1004034,BD,FNRA,FL,no official OFR-to-CRD identifier in owned extract
IA9913031,IA,FLA,FL,no official OFR-to-CRD identifier in owned extract
IA9906996,IA,SEC,ME,no official OFR-to-CRD identifier in owned extract
IA9915389,IA,SEC,WA,no official OFR-to-CRD identifier in owned extract
IA9910627,IA,SEC,PA,no official OFR-to-CRD identifier in owned extract
IA9911397,IA,SEC,FL,no official OFR-to-CRD identifier in owned extract
BD0900688,BD,FNRA,NY,no official OFR-to-CRD identifier in owned extract
BD1004221,BD,FNRA,NY,no official OFR-to-CRD identifier in owned extract
IA0902461,IA,SEC,VT,no official OFR-to-CRD identifier in owned extract
IA9904825,IA,SEC,NY,no official OFR-to-CRD identifier in owned extract
IA9909465,IA,FLA,NJ,no official OFR-to-CRD identifier in owned extract
IA9909812,IA,SEC,NY,no official OFR-to-CRD identifier in owned extract
BD1004121,BD,FNRA,NY,no official OFR-to-CRD identifier in owned extract
IA9910304,IA,SEC,NY,no official OFR-to-CRD identifier in owned extract
BD1004571,BD,FNRA,TX,no official OFR-to-CRD identifier in owned extract
BD1004720,BD,FNRA,NY,no official OFR-to-CRD identifier in owned extract
IA9911316,IA,SEC,NY,no official OFR-to-CRD identifier in owned extract
BD1004725,BD,FNRA,FL,no official OFR-to-CRD identifier in owned extract
IA9914581,IA,SEC,NY,no official OFR-to-CRD identifier in owned extract
IA9905479,IA,SEC,MA,no official OFR-to-CRD identifier in owned extract
IA9914025,IA,SEC,OH,no official OFR-to-CRD identifier in owned extract
IA9906243,IA,SEC,PA,no official OFR-to-CRD identifier in owned extract
IA9917512,IA,SEC,MA,no official OFR-to-CRD identifier in owned extract
IA9910234,IA,FLA,CO,no official OFR-to-CRD identifier in owned extract
IA9904576,IA,SEC,PA,no official OFR-to-CRD identifier in owned extract
IA9907532,IA,SEC,PA,no official OFR-to-CRD identifier in owned extract
IA9917646,IA,FLA,PA,no official OFR-to-CRD identifier in owned extract
BD1003907,BD,FNRA,NY,no official OFR-to-CRD identifier in owned extract
IA0900453,IA,SEC,PA,no official OFR-to-CRD identifier in owned extract
IA9903907,IA,SEC,FL,no official OFR-to-CRD identifier in owned extract
IA9911269,IA,FLA,FL,no official OFR-to-CRD identifier in owned extract
IA9912137,IA,SEC,GA,no official OFR-to-CRD identifier in owned extract
IA9909730,IA,SEC,MO,no official OFR-to-CRD identifier in owned extract
BD0901049,BD,FNRA,IL,no official OFR-to-CRD identifier in owned extract
IA9905641,IA,SEC,IL,no official OFR-to-CRD identifier in owned extract
IA9913452,IA,SEC,NY,no official OFR-to-CRD identifier in owned extract
IA9917823,IA,SEC,LA,no official OFR-to-CRD identifier in owned extract
IA9905273,IA,FLA,NY,no official OFR-to-CRD identifier in owned extract
IA9909544,IA,FLA,FL,no official OFR-to-CRD identifier in owned extract
BD1004620,BD,FNRA,CT,no official OFR-to-CRD identifier in owned extract
IA9917477,IA,SEC,OH,no official OFR-to-CRD identifier in owned extract
IA9910551,IA,SEC,FL,no official OFR-to-CRD identifier in owned extract
BD0900466,BD,FNRA,NY,no official OFR-to-CRD identifier in owned extract
IA9914556,IA,SEC,TX,no official OFR-to-CRD identifier in owned extract
IA9914714,IA,SEC,IL,no official OFR-to-CRD identifier in owned extract
IA9908501,IA,FLA,FL,no official OFR-to-CRD identifier in owned extract
IA9907784,IA,FLA,FL,no official OFR-to-CRD identifier in owned extract
IA9907298,IA,SEC,FL,no official OFR-to-CRD identifier in owned extract
IA9912415,IA,SEC,NY,no official OFR-to-CRD identifier in owned extract
IA9909684,IA,SEC,CO,no official OFR-to-CRD identifier in owned extract
IA9913453,IA,SEC,FL,no official OFR-to-CRD identifier in owned extract
IA9915805,IA,SEC,,no official OFR-to-CRD identifier in owned extract
IA9914107,IA,FLA,FL,no official OFR-to-CRD identifier in owned extract
BD0900878,BD,FNRA,NY,no official OFR-to-CRD identifier in owned extract
IA9908569,IA,FLA,FL,no official OFR-to-CRD identifier in owned extract
IA9916957,IA,FLA,FL,no official OFR-to-CRD identifier in owned extract
IA9917702,IA,SEC,OH,no official OFR-to-CRD identifier in owned extract
IA9914290,IA,SEC,FL,no official OFR-to-CRD identifier in owned extract
IA9917478,IA,SEC,MN,no official OFR-to-CRD identifier in owned extract
IA9910635,IA,SEC,CT,no official OFR-to-CRD identifier in owned extract
BD0900634,BD,FNRA,CA,no official OFR-to-CRD identifier in owned extract
IA9915599,IA,FLA,CA,no official OFR-to-CRD identifier in owned extract
IA9911651,IA,SEC,TX,no official OFR-to-CRD identifier in owned extract
BD0903075,BD,FNRA,NY,no official OFR-to-CRD identifier in owned extract
BD0900224,BD,FNRA,NY,no official OFR-to-CRD identifier in owned extract
IA9915478,IA,SEC,NY,no official OFR-to-CRD identifier in owned extract
BD0900188,BD,FNRA,IL,no official OFR-to-CRD identifier in owned extract
IA0901730,IA,SEC,IL,no official OFR-to-CRD identifier in owned extract
IA9909639,IA,SEC,IL,no official OFR-to-CRD identifier in owned extract
IA9916697,IA,SEC,MA,no official OFR-to-CRD identifier in owned extract
IA9909875,IA,SEC,CT,no official OFR-to-CRD identifier in owned extract
IA9912714,IA,SEC,FL,no official OFR-to-CRD identifier in owned extract
IA9917125,IA,FLA,FL,no official OFR-to-CRD identifier in owned extract
IA9903905,IA,SEC,NJ,no official OFR-to-CRD identifier in owned extract
IA9915773,IA,SEC,FL,no official OFR-to-CRD identifier in owned extract
IA9914518,IA,SEC,AZ,no official OFR-to-CRD identifier in owned extract
IA9907170,IA,FLA,FL,no official OFR-to-CRD identifier in owned extract
IA9907820,IA,SEC,GA,no official OFR-to-CRD identifier in owned extract
IA9915723,IA,FLA,PA,no official OFR-to-CRD identifier in owned extract
IA9915450,IA,SEC,NJ,no official OFR-to-CRD identifier in owned extract
IA9906402,IA,SEC,FL,no official OFR-to-CRD identifier in owned extract
IA9911347,IA,SEC,MI,no official OFR-to-CRD identifier in owned extract
IA9912962,IA,SEC,OH,no official OFR-to-CRD identifier in owned extract
IA0903287,IA,FLA,FL,no official OFR-to-CRD identifier in owned extract
BD0900358,BD,FNRA,NY,no official OFR-to-CRD identifier in owned extract
IA9911171,IA,SEC,IL,no official OFR-to-CRD identifier in owned extract
IA9905202,IA,SEC,MA,no official OFR-to-CRD identifier in owned extract
IA9911303,IA,SEC,CA,no official OFR-to-CRD identifier in owned extract
IA9908201,IA,SEC,CA,no official OFR-to-CRD identifier in owned extract
IA9905034,IA,SEC,TX,no official OFR-to-CRD identifier in owned extract
IA9913635,IA,SEC,KY,no official OFR-to-CRD identifier in owned extract
BD1004363,BD,FNRA,NY,no official OFR-to-CRD identifier in owned extract
IA9907938,IA,SEC,CO,no official OFR-to-CRD identifier in owned extract
IA9905795,IA,SEC,NY,no official OFR-to-CRD identifier in owned extract
IA9904492,IA,FLA,NY,no official OFR-to-CRD identifier in owned extract
IA9917274,IA,SEC,NY,no official OFR-to-CRD identifier in owned extract
IA9917332,IA,SEC,KS,no official OFR-to-CRD identifier in owned extract
BD1004657,BD,FNRA,DC,no official OFR-to-CRD identifier in owned extract
IA9910782,IA,SEC,NJ,no official OFR-to-CRD identifier in owned extract
IA0900746,IA,SEC,PA,no official OFR-to-CRD identifier in owned extract
IA9909856,IA,SEC,NY,no official OFR-to-CRD identifier in owned extract
IA9917799,IA,SEC,CA,no official OFR-to-CRD identifier in owned extract
IA9912732,IA,FLA,FL,no official OFR-to-CRD identifier in owned extract
IA9911474,IA,SEC,MO,no official OFR-to-CRD identifier in owned extract
IA9908731,IA,SEC,IL,no official OFR-to-CRD identifier in owned extract
BD1004690,BD,FNRA,NY,no official OFR-to-CRD identifier in owned extract
IA9910211,IA,SEC,OH,no official OFR-to-CRD identifier in owned extract
IA9916079,IA,SEC,FL,no official OFR-to-CRD identifier in owned extract
IA9914094,IA,SEC,MN,no official OFR-to-CRD identifier in owned extract
IA9906140,IA,FLA,NC,no official OFR-to-CRD identifier in owned extract
IA9910391,IA,FLA,TX,no official OFR-to-CRD identifier in owned extract
IA0902247,IA,SEC,KY,no official OFR-to-CRD identifier in owned extract
IA0901933,IA,SEC,WA,no official OFR-to-CRD identifier in owned extract
BD0900584,BD,FNRA,WA,no official OFR-to-CRD identifier in owned extract
IA0900235,IA,SEC,FL,no official OFR-to-CRD identifier in owned extract
IA9907562,IA,SEC,CA,no official OFR-to-CRD identifier in owned extract
IA9908220,IA,SEC,FL,no official OFR-to-CRD identifier in owned extract
IA9913603,IA,SEC,FL,no official OFR-to-CRD identifier in owned extract
IA9905351,IA,SEC,MA,no official OFR-to-CRD identifier in owned extract
IA9907709,IA,SEC,FL,no official OFR-to-CRD identifier in owned extract
IA9910842,IA,FLA,FL,no official OFR-to-CRD identifier in owned extract
IA9914574,IA,SEC,TX,no official OFR-to-CRD identifier in owned extract
IA9912358,IA,SEC,FL,no official OFR-to-CRD identifier in owned extract
IA9914456,IA,SEC,CA,no official OFR-to-CRD identifier in owned extract
IA0900236,IA,SEC,FL,no official OFR-to-CRD identifier in owned extract
IA9917564,IA,SEC,MO,no official OFR-to-CRD identifier in owned extract
BD1004680,BD,FNRA,NY,no official OFR-to-CRD identifier in owned extract
IA9916395,IA,SEC,MA,no official OFR-to-CRD identifier in owned extract
IA9910941,IA,SEC,OR,no official OFR-to-CRD identifier in owned extract
IA9916520,IA,SEC,MN,no official OFR-to-CRD identifier in owned extract
IA9917479,IA,SEC,NY,no official OFR-to-CRD identifier in owned extract
IA9913014,IA,SEC,MI,no official OFR-to-CRD identifier in owned extract
IA9917532,IA,SEC,OH,no official OFR-to-CRD identifier in owned extract
IA9908843,IA,SEC,NY,no official OFR-to-CRD identifier in owned extract
IA9910122,IA,SEC,NJ,no official OFR-to-CRD identifier in owned extract
BD0902133,BD,FNRA,MT,no official OFR-to-CRD identifier in owned extract
IA0903892,IA,FLA,FL,no official OFR-to-CRD identifier in owned extract
IA9911754,IA,FLA,FL,no official OFR-to-CRD identifier in owned extract
IA9916407,IA,FLA,FL,no official OFR-to-CRD identifier in owned extract
IA9917828,IA,FLA,FL,no official OFR-to-CRD identifier in owned extract
BD1003894,BD,FNRA,FL,no official OFR-to-CRD identifier in owned extract
IA9917221,IA,SEC,NY,no official OFR-to-CRD identifier in owned extract
IA9916664,IA,FLA,FL,no official OFR-to-CRD identifier in owned extract
IA9916617,IA,SEC,NY,no official OFR-to-CRD identifier in owned extract
IA9914014,IA,SEC,WA,no official OFR-to-CRD identifier in owned extract
IA9914729,IA,SEC,FL,no official OFR-to-CRD identifier in owned extract
IA0904105,IA,FLA,FL,no official OFR-to-CRD identifier in owned extract
BD1002947,BD,FNRA,FL,no official OFR-to-CRD identifier in owned extract
IA9916569,IA,FLA,FL,no official OFR-to-CRD identifier in owned extract
BD1004596,BD,FNRA,MO,no official OFR-to-CRD identifier in owned extract
IA9914081,IA,FLA,FL,no official OFR-to-CRD identifier in owned extract
IA9909285,IA,SEC,CO,no official OFR-to-CRD identifier in owned extract
IA9909244,IA,SEC,MA,no official OFR-to-CRD identifier in owned extract
IA9912368,IA,SEC,NJ,no official OFR-to-CRD identifier in owned extract
IA9915544,IA,SEC,FL,no official OFR-to-CRD identifier in owned extract
BD1004055,BD,FNRA,CT,no official OFR-to-CRD identifier in owned extract
IA9912569,IA,SEC,FL,no official OFR-to-CRD identifier in owned extract
IA9915410,IA,SEC,OH,no official OFR-to-CRD identifier in owned extract
IA9911599,IA,FLA,OH,no official OFR-to-CRD identifier in owned extract
IA9908601,IA,FLA,FL,no official OFR-to-CRD identifier in owned extract
IA9912471,IA,SEC,CA,no official OFR-to-CRD identifier in owned extract
IA0903575,IA,FLA,FL,no official OFR-to-CRD identifier in owned extract
IA9906948,IA,SEC,MA,no official OFR-to-CRD identifier in owned extract
IA9908876,IA,SEC,NH,no official OFR-to-CRD identifier in owned extract
BD0902449,BD,FNRA,NY,no official OFR-to-CRD identifier in owned extract
IA9904754,IA,SEC,NY,no official OFR-to-CRD identifier in owned extract
IA9915483,IA,SEC,FL,no official OFR-to-CRD identifier in owned extract
IA9914876,IA,SEC,WA,no official OFR-to-CRD identifier in owned extract
IA0900919,IA,SEC,TX,no official OFR-to-CRD identifier in owned extract
IA0903912,IA,SEC,NJ,no official OFR-to-CRD identifier in owned extract
IA0902982,IA,SEC,PA,no official OFR-to-CRD identifier in owned extract
IA9911240,IA,SEC,VA,no official OFR-to-CRD identifier in owned extract
IA9911840,IA,SEC,NY,no official OFR-to-CRD identifier in owned extract
IA9913395,IA,SEC,GA,no official OFR-to-CRD identifier in owned extract
BD0901846,BD,FNRA,CA,no official OFR-to-CRD identifier in owned extract
IA9911813,IA,SEC,IL,no official OFR-to-CRD identifier in owned extract
IA9910423,IA,FLA,FL,no official OFR-to-CRD identifier in owned extract
BD0900263,BD,FNRA,NY,no official OFR-to-CRD identifier in owned extract
IA0901747,IA,SEC,NY,no official OFR-to-CRD identifier in owned extract
IA9907939,IA,SEC,CT,no official OFR-to-CRD identifier in owned extract
IA9915425,IA,SEC,TN,no official OFR-to-CRD identifier in owned extract
IA9917538,IA,SEC,TN,no official OFR-to-CRD identifier in owned extract
IA9908529,IA,SEC,TN,no official OFR-to-CRD identifier in owned extract
BD1002970,BD,FNRA,NJ,no official OFR-to-CRD identifier in owned extract
IA0903920,IA,SEC,CA,no official OFR-to-CRD identifier in owned extract
IA9907996,IA,SEC,NY,no official OFR-to-CRD identifier in owned extract
IA9917525,IA,SEC,NY,no official OFR-to-CRD identifier in owned extract
IA9912231,IA,FLA,FL,no official OFR-to-CRD identifier in owned extract
IA9912025,IA,SEC,NJ,no official OFR-to-CRD identifier in owned extract
IA9907382,IA,FLA,ME,no official OFR-to-CRD identifier in owned extract
IA0900374,IA,SEC,NC,no official OFR-to-CRD identifier in owned extract
BD0902793,BD,FNRA,CA,no official OFR-to-CRD identifier in owned extract
BD1002910,BD,FNRA,TX,no official OFR-to-CRD identifier in owned extract
IA9909891,IA,SEC,VA,no official OFR-to-CRD identifier in owned extract
IA9912826,IA,FLA,FL,no official OFR-to-CRD identifier in owned extract
IA9909014,IA,SEC,FL,no official OFR-to-CRD identifier in owned extract
IA9915242,IA,SEC,CO,no official OFR-to-CRD identifier in owned extract
IA9917686,IA,SEC,CA,no official OFR-to-CRD identifier in owned extract
IA9910894,IA,SEC,NJ,no official OFR-to-CRD identifier in owned extract
IA9904645,IA,SEC,NY,no official OFR-to-CRD identifier in owned extract
IA9915200,IA,FLA,MD,no official OFR-to-CRD identifier in owned extract
BD0902632,BD,FNRA,TX,no official OFR-to-CRD identifier in owned extract
BD0900578,BD,FNRA,CT,no official OFR-to-CRD identifier in owned extract
BD1003343,BD,FNRA,IA,no official OFR-to-CRD identifier in owned extract
BD1004516,BD,FNRA,NY,no official OFR-to-CRD identifier in owned extract
BD0900180,BD,FNRA,NY,no official OFR-to-CRD identifier in owned extract
IA9917560,IA,SEC,GA,no official OFR-to-CRD identifier in owned extract
IA0903178,IA,FLA,FL,no official OFR-to-CRD identifier in owned extract
BD1004235,BD,FNRA,IL,no official OFR-to-CRD identifier in owned extract
IA9912989,IA,SEC,VA,no official OFR-to-CRD identifier in owned extract
IA9916494,IA,SEC,NV,no official OFR-to-CRD identifier in owned extract
IA9906677,IA,SEC,FL,no official OFR-to-CRD identifier in owned extract
IA9907933,IA,SEC,FL,no official OFR-to-CRD identifier in owned extract
BD0900293,BD,FNRA,FL,no official OFR-to-CRD identifier in owned extract
IA9912558,IA,FLA,FL,no official OFR-to-CRD identifier in owned extract
IA9916354,IA,SEC,CA,no official OFR-to-CRD identifier in owned extract
IA9912903,IA,SEC,NJ,no official OFR-to-CRD identifier in owned extract
IA9910398,IA,SEC,MD,no official OFR-to-CRD identifier in owned extract
IA9914929,IA,SEC,FL,no official OFR-to-CRD identifier in owned extract
BD0900591,BD,FNRA,TX,no official OFR-to-CRD identifier in owned extract
IA0903144,IA,SEC,TX,no official OFR-to-CRD identifier in owned extract
IA0901934,IA,SEC,NY,no official OFR-to-CRD identifier in owned extract
IA0904327,IA,SEC,NY,no official OFR-to-CRD identifier in owned extract
IA9910320,IA,FLA,FL,no official OFR-to-CRD identifier in owned extract
IA9908301,IA,SEC,VA,no official OFR-to-CRD identifier in owned extract
IA0902830,IA,SEC,VA,no official OFR-to-CRD identifier in owned extract
IA9910988,IA,SEC,MA,no official OFR-to-CRD identifier in owned extract
IA9911142,IA,SEC,FL,no official OFR-to-CRD identifier in owned extract
BD0901842,BD,FNRA,NY,no official OFR-to-CRD identifier in owned extract
IA9904458,IA,SEC,NY,no official OFR-to-CRD identifier in owned extract
BD0901362,BD,FNRA,MA,no official OFR-to-CRD identifier in owned extract
IA9905910,IA,SEC,MA,no official OFR-to-CRD identifier in owned extract
BD1003213,BD,FNRA,NY,no official OFR-to-CRD identifier in owned extract
IA9905366,IA,FLA,NJ,no official OFR-to-CRD identifier in owned extract
IA9909109,IA,SEC,PA,no official OFR-to-CRD identifier in owned extract
IA9905339,IA,SEC,SC,no official OFR-to-CRD identifier in owned extract
IA0902976,IA,SEC,NC,no official OFR-to-CRD identifier in owned extract
IA9912687,IA,SEC,NY,no official OFR-to-CRD identifier in owned extract
IA9916355,IA,SEC,OR,no official OFR-to-CRD identifier in owned extract
IA9914247,IA,SEC,IN,no official OFR-to-CRD identifier in owned extract
IA9915245,IA,FLA,KY,no official OFR-to-CRD identifier in owned extract
IA9908565,IA,FLA,FL,no official OFR-to-CRD identifier in owned extract
IA9911239,IA,SEC,FL,no official OFR-to-CRD identifier in owned extract
IA0903976,IA,SEC,,no official OFR-to-CRD identifier in owned extract
IA9906357,IA,FLA,FL,no official OFR-to-CRD identifier in owned extract
IA9904575,IA,SEC,CA,no official OFR-to-CRD identifier in owned extract
IA9904967,IA,SEC,GA,no official OFR-to-CRD identifier in owned extract
IA9915066,IA,FLA,FL,no official OFR-to-CRD identifier in owned extract
IA9910280,IA,SEC,MD,no official OFR-to-CRD identifier in owned extract
IA9916084,IA,SEC,MO,no official OFR-to-CRD identifier in owned extract
IA9915490,IA,FLA,FL,no official OFR-to-CRD identifier in owned extract
IA9913279,IA,SEC,FL,no official OFR-to-CRD identifier in owned extract
IA0903720,IA,SEC,NY,no official OFR-to-CRD identifier in owned extract
BD0900463,BD,FNRA,FL,no official OFR-to-CRD identifier in owned extract
BD0900795,BD,FNRA,WA,no official OFR-to-CRD identifier in owned extract
IA9907280,IA,SEC,WA,no official OFR-to-CRD identifier in owned extract
BD0901481,BD,FNRA,MO,no official OFR-to-CRD identifier in owned extract
IA9916752,IA,SEC,FL,no official OFR-to-CRD identifier in owned extract
IA0902449,IA,FLA,FL,no official OFR-to-CRD identifier in owned extract
IA0902064,IA,SEC,IL,no official OFR-to-CRD identifier in owned extract
IA9915897,IA,SEC,IL,no official OFR-to-CRD identifier in owned extract
BD1004540,BD,FNRA,WY,no official OFR-to-CRD identifier in owned extract
IA9910474,IA,SEC,MA,no official OFR-to-CRD identifier in owned extract
IA9910785,IA,SEC,MA,no official OFR-to-CRD identifier in owned extract
IA9914807,IA,SEC,NY,no official OFR-to-CRD identifier in owned extract
IA9913411,IA,SEC,TN,no official OFR-to-CRD identifier in owned extract
IA0901344,IA,SEC,FL,no official OFR-to-CRD identifier in owned extract
IA9903949,IA,SEC,NJ,no official OFR-to-CRD identifier in owned extract
IA9913972,IA,SEC,TX,no official OFR-to-CRD identifier in owned extract
IA9914505,IA,SEC,NY,no official OFR-to-CRD identifier in owned extract
IA0903753,IA,SEC,MO,no official OFR-to-CRD identifier in owned extract
BD0902073,BD,FNRA,MO,no official OFR-to-CRD identifier in owned extract
BD1003091,BD,FNRA,CT,no official OFR-to-CRD identifier in owned extract
IA9906153,IA,SEC,GA,no official OFR-to-CRD identifier in owned extract
IA9913883,IA,FLA,AZ,no official OFR-to-CRD identifier in owned extract
IA9916921,IA,SEC,MN,no official OFR-to-CRD identifier in owned extract
IA0902753,IA,SEC,VA,no official OFR-to-CRD identifier in owned extract
IA9910596,IA,FLA,FL,no official OFR-to-CRD identifier in owned extract
IA9909182,IA,SEC,MD,no official OFR-to-CRD identifier in owned extract
BD0901064,BD,FNRA,AL,no official OFR-to-CRD identifier in owned extract
IA9909934,IA,SEC,FL,no official OFR-to-CRD identifier in owned extract
IA9907108,IA,SEC,MD,no official OFR-to-CRD identifier in owned extract
IA9904010,IA,FLA,PA,no official OFR-to-CRD identifier in owned extract
IA9913185,IA,FLA,CO,no official OFR-to-CRD identifier in owned extract
BD0901630,BD,FNRA,IN,no official OFR-to-CRD identifier in owned extract
IA0901671,IA,FLA,IN,no official OFR-to-CRD identifier in owned extract
IA9915372,IA,SEC,CO,no official OFR-to-CRD identifier in owned extract
IA9907531,IA,SEC,MD,no official OFR-to-CRD identifier in owned extract
IA9915374,IA,SEC,FL,no official OFR-to-CRD identifier in owned extract
IA9917097,IA,SEC,WI,no official OFR-to-CRD identifier in owned extract
IA0901267,IA,SEC,WI,no official OFR-to-CRD identifier in owned extract
IA0902546,IA,SEC,CA,no official OFR-to-CRD identifier in owned extract
IA9917831,IA,SEC,OH,no official OFR-to-CRD identifier in owned extract
IA9905520,IA,SEC,DE,no official OFR-to-CRD identifier in owned extract
BD0900441,BD,FNRA,FL,no official OFR-to-CRD identifier in owned extract
IA9916048,IA,SEC,IN,no official OFR-to-CRD identifier in owned extract
IA9904485,IA,SEC,PA,no official OFR-to-CRD identifier in owned extract
IA9915522,IA,SEC,NC,no official OFR-to-CRD identifier in owned extract
IA9906403,IA,SEC,NY,no official OFR-to-CRD identifier in owned extract
IA9910479,IA,SEC,NY,no official OFR-to-CRD identifier in owned extract
IA9910861,IA,SEC,FL,no official OFR-to-CRD identifier in owned extract
BD0900840,BD,FNRA,NY,no official OFR-to-CRD identifier in owned extract
IA9916103,IA,SEC,NY,no official OFR-to-CRD identifier in owned extract
IA9909376,IA,SEC,,no official OFR-to-CRD identifier in owned extract
IA9912787,IA,SEC,FL,no official OFR-to-CRD identifier in owned extract
IA0900857,IA,SEC,MI,no official OFR-to-CRD identifier in owned extract
IA9905287,IA,SEC,CA,no official OFR-to-CRD identifier in owned extract
IA9914105,IA,FLA,SD,no official OFR-to-CRD identifier in owned extract
IA9906101,IA,SEC,MI,no official OFR-to-CRD identifier in owned extract
IA0904129,IA,SEC,MN,no official OFR-to-CRD identifier in owned extract
IA9911808,IA,FLA,VA,no official OFR-to-CRD identifier in owned extract
IA0901497,IA,SEC,MA,no official OFR-to-CRD identifier in owned extract
IA9914190,IA,SEC,OK,no official OFR-to-CRD identifier in owned extract
IA9910601,IA,SEC,NY,no official OFR-to-CRD identifier in owned extract
BD0900228,BD,FNRA,NY,no official OFR-to-CRD identifier in owned extract
IA9912463,IA,SEC,OR,no official OFR-to-CRD identifier in owned extract
BD0901956,BD,FNRA,VA,no official OFR-to-CRD identifier in owned extract
BD0902030,BD,FNRA,AZ,no official OFR-to-CRD identifier in owned extract
IA9904368,IA,SEC,MO,no official OFR-to-CRD identifier in owned extract
BD1004843,BD,FNRA,,no official OFR-to-CRD identifier in owned extract
BD1004865,BD,FNRA,NJ,no official OFR-to-CRD identifier in owned extract
IA0902101,IA,SEC,MA,no official OFR-to-CRD identifier in owned extract
IA9909838,IA,SEC,MI,no official OFR-to-CRD identifier in owned extract
IA0901014,IA,FLA,FL,no official OFR-to-CRD identifier in owned extract
IA9917113,IA,SEC,FL,no official OFR-to-CRD identifier in owned extract
IA9909564,IA,SEC,FL,no official OFR-to-CRD identifier in owned extract
IA0903913,IA,SEC,NJ,no official OFR-to-CRD identifier in owned extract
BD1004147,BD,FNRA,NY,no official OFR-to-CRD identifier in owned extract
IA9906014,IA,SEC,NY,no official OFR-to-CRD identifier in owned extract
IA9914398,IA,FLA,FL,no official OFR-to-CRD identifier in owned extract
BD1004283,BD,FNRA,TX,no official OFR-to-CRD identifier in owned extract
IA0903757,IA,SEC,MA,no official OFR-to-CRD identifier in owned extract
IA9914850,IA,SEC,CO,no official OFR-to-CRD identifier in owned extract
IA9910667,IA,SEC,NY,no official OFR-to-CRD identifier in owned extract
BD0902072,BD,FNRA,NY,no official OFR-to-CRD identifier in owned extract
BD0900262,BD,FNRA,NY,no official OFR-to-CRD identifier in owned extract
IA9909283,IA,SEC,KS,no official OFR-to-CRD identifier in owned extract
BD0902160,BD,FNRA,CT,no official OFR-to-CRD identifier in owned extract
IA9908675,IA,SEC,CT,no official OFR-to-CRD identifier in owned extract
IA9914237,IA,SEC,NH,no official OFR-to-CRD identifier in owned extract
IA9917146,IA,SEC,PA,no official OFR-to-CRD identifier in owned extract
IA9910713,IA,SEC,FL,no official OFR-to-CRD identifier in owned extract
BD0901480,BD,FNRA,NY,no official OFR-to-CRD identifier in owned extract
IA9912159,IA,SEC,IL,no official OFR-to-CRD identifier in owned extract
BD1004250,BD,FNRA,NY,no official OFR-to-CRD identifier in owned extract
IA9916567,IA,SEC,CA,no official OFR-to-CRD identifier in owned extract
IA9910069,IA,SEC,FL,no official OFR-to-CRD identifier in owned extract
IA9914623,IA,SEC,LA,no official OFR-to-CRD identifier in owned extract
IA9911804,IA,FLA,FL,no official OFR-to-CRD identifier in owned extract
IA9909743,IA,SEC,PA,no official OFR-to-CRD identifier in owned extract
IA9917784,IA,SEC,CA,no official OFR-to-CRD identifier in owned extract
IA9910223,IA,SEC,MI,no official OFR-to-CRD identifier in owned extract
IA9907462,IA,SEC,AZ,no official OFR-to-CRD identifier in owned extract
BD0901371,BD,FNRA,NH,no official OFR-to-CRD identifier in owned extract
IA0902785,IA,SEC,NH,no official OFR-to-CRD identifier in owned extract
IA9916702,IA,SEC,FL,no official OFR-to-CRD identifier in owned extract
IA9912634,IA,SEC,MN,no official OFR-to-CRD identifier in owned extract
BD0900423,BD,FNRA,MN,no official OFR-to-CRD identifier in owned extract
BD1004712,BD,FNRA,FL,no official OFR-to-CRD identifier in owned extract
BD0901693,BD,FNRA,CA,no official OFR-to-CRD identifier in owned extract
BD0900126,BD,FNRA,IA,no official OFR-to-CRD identifier in owned extract
BD1003953,BD,FNRA,FL,no official OFR-to-CRD identifier in owned extract
BD0901267,BD,FNRA,GA,no official OFR-to-CRD identifier in owned extract
IA0901330,IA,SEC,IL,no official OFR-to-CRD identifier in owned extract
BD0901978,BD,FNRA,KS,no official OFR-to-CRD identifier in owned extract
IA9903934,IA,SEC,IN,no official OFR-to-CRD identifier in owned extract
IA9907057,IA,SEC,MI,no official OFR-to-CRD identifier in owned extract
IA0903272,IA,SEC,NY,no official OFR-to-CRD identifier in owned extract
IA9904766,IA,FLA,FL,no official OFR-to-CRD identifier in owned extract
IA9917720,IA,SEC,NY,no official OFR-to-CRD identifier in owned extract
IA9917849,IA,SEC,TX,no official OFR-to-CRD identifier in owned extract
IA9906248,IA,SEC,NJ,no official OFR-to-CRD identifier in owned extract
IA9908866,IA,SEC,NY,no official OFR-to-CRD identifier in owned extract
IA0900679,IA,SEC,IL,no official OFR-to-CRD identifier in owned extract
IA9914455,IA,SEC,FL,no official OFR-to-CRD identifier in owned extract
BD0900317,BD,FNRA,PA,no official OFR-to-CRD identifier in owned extract
IA0900586,IA,SEC,PA,no official OFR-to-CRD identifier in owned extract
IA9905154,IA,SEC,MI,no official OFR-to-CRD identifier in owned extract
IA9907107,IA,SEC,NY,no official OFR-to-CRD identifier in owned extract
IA9917169,IA,SEC,CA,no official OFR-to-CRD identifier in owned extract
IA9917069,IA,FLA,FL,no official OFR-to-CRD identifier in owned extract
IA9908699,IA,SEC,VA,no official OFR-to-CRD identifier in owned extract
IA9907379,IA,FLA,FL,no official OFR-to-CRD identifier in owned extract
BD0900814,BD,FNRA,WA,no official OFR-to-CRD identifier in owned extract
IA9917073,IA,SEC,FL,no official OFR-to-CRD identifier in owned extract
BD1004686,BD,FNRA,FL,no official OFR-to-CRD identifier in owned extract
IA9911112,IA,SEC,NC,no official OFR-to-CRD identifier in owned extract
IA9913612,IA,SEC,CO,no official OFR-to-CRD identifier in owned extract
IA9911041,IA,FLA,FL,no official OFR-to-CRD identifier in owned extract
IA9916804,IA,SEC,MA,no official OFR-to-CRD identifier in owned extract
IA9911059,IA,SEC,FL,no official OFR-to-CRD identifier in owned extract
BD1003758,BD,FNRA,NY,no official OFR-to-CRD identifier in owned extract
IA9904469,IA,SEC,NY,no official OFR-to-CRD identifier in owned extract
IA9914506,IA,SEC,CO,no official OFR-to-CRD identifier in owned extract
IA9917339,IA,SEC,PA,no official OFR-to-CRD identifier in owned extract
IA9910507,IA,SEC,AZ,no official OFR-to-CRD identifier in owned extract
IA9909372,IA,FLA,FL,no official OFR-to-CRD identifier in owned extract
IA9916732,IA,FLA,MA,no official OFR-to-CRD identifier in owned extract
IA9916977,IA,SEC,WI,no official OFR-to-CRD identifier in owned extract
BD1003674,BD,FNRA,FL,no official OFR-to-CRD identifier in owned extract
IA9908635,IA,FLA,FL,no official OFR-to-CRD identifier in owned extract
IA0902180,IA,SEC,MA,no official OFR-to-CRD identifier in owned extract
BD0902027,BD,FNRA,MA,no official OFR-to-CRD identifier in owned extract
IA9904196,IA,FLA,FL,no official OFR-to-CRD identifier in owned extract
BD0900156,BD,FNRA,WI,no official OFR-to-CRD identifier in owned extract
IA9912617,IA,SEC,NY,no official OFR-to-CRD identifier in owned extract
IA9912303,IA,SEC,UT,no official OFR-to-CRD identifier in owned extract
BD1003820,BD,FNRA,SC,no official OFR-to-CRD identifier in owned extract
IA9903951,IA,SEC,TX,no official OFR-to-CRD identifier in owned extract
IA9910240,IA,SEC,NE,no official OFR-to-CRD identifier in owned extract
BD0901916,BD,FNRA,CA,no official OFR-to-CRD identifier in owned extract
IA0901957,IA,SEC,OH,no official OFR-to-CRD identifier in owned extract
IA9907577,IA,SEC,IL,no official OFR-to-CRD identifier in owned extract
IA9913169,IA,FLA,FL,no official OFR-to-CRD identifier in owned extract
IA9917750,IA,FLA,TX,no official OFR-to-CRD identifier in owned extract
BD1004871,BD,FNRA,FL,no official OFR-to-CRD identifier in owned extract
IA9916073,IA,SEC,FL,no official OFR-to-CRD identifier in owned extract
IA9916778,IA,SEC,NY,no official OFR-to-CRD identifier in owned extract
IA9914648,IA,SEC,IL,no official OFR-to-CRD identifier in owned extract
IA9915650,IA,SEC,CA,no official OFR-to-CRD identifier in owned extract
IA9916453,IA,SEC,FL,no official OFR-to-CRD identifier in owned extract
IA9917291,IA,FLA,FL,no official OFR-to-CRD identifier in owned extract
IA9912030,IA,SEC,FL,no official OFR-to-CRD identifier in owned extract
IA9915536,IA,FLA,FL,no official OFR-to-CRD identifier in owned extract
BD1004344,BD,FNRA,99,no official OFR-to-CRD identifier in owned extract
IA9917561,IA,SEC,FL,no official OFR-to-CRD identifier in owned extract
IA9917385,IA,SEC,NY,no official OFR-to-CRD identifier in owned extract
IA9915074,IA,SEC,FL,no official OFR-to-CRD identifier in owned extract
IA9914582,IA,SEC,FL,no official OFR-to-CRD identifier in owned extract
IA9914301,IA,FLA,FL,no official OFR-to-CRD identifier in owned extract
BD1003996,BD,FNRA,NY,no official OFR-to-CRD identifier in owned extract
IA9910649,IA,SEC,CA,no official OFR-to-CRD identifier in owned extract
IA9913701,IA,SEC,TN,no official OFR-to-CRD identifier in owned extract
IA9909632,IA,SEC,PA,no official OFR-to-CRD identifier in owned extract
IA9912224,IA,SEC,MO,no official OFR-to-CRD identifier in owned extract
BD1004702,BD,FNRA,NY,no official OFR-to-CRD identifier in owned extract
IA9913164,IA,SEC,NY,no official OFR-to-CRD identifier in owned extract
BD0900701,BD,FNRA,IL,no official OFR-to-CRD identifier in owned extract
IA9914049,IA,SEC,IL,no official OFR-to-CRD identifier in owned extract
IA9912566,IA,SEC,FL,no official OFR-to-CRD identifier in owned extract
IA9909032,IA,SEC,MD,no official OFR-to-CRD identifier in owned extract
IA9909478,IA,SEC,NJ,no official OFR-to-CRD identifier in owned extract
IA9906908,IA,SEC,NH,no official OFR-to-CRD identifier in owned extract
IA0904151,IA,SEC,TX,no official OFR-to-CRD identifier in owned extract
BD0902371,BD,FNRA,NY,no official OFR-to-CRD identifier in owned extract
IA9912160,IA,SEC,MI,no official OFR-to-CRD identifier in owned extract
IA9907766,IA,SEC,IL,no official OFR-to-CRD identifier in owned extract
IA9915562,IA,SEC,MT,no official OFR-to-CRD identifier in owned extract
BD1004185,BD,FNRA,CA,no official OFR-to-CRD identifier in owned extract
IA9909472,IA,SEC,NY,no official OFR-to-CRD identifier in owned extract
IA9910943,IA,SEC,NY,no official OFR-to-CRD identifier in owned extract
IA9912890,IA,FLA,SC,no official OFR-to-CRD identifier in owned extract
IA0902544,IA,SEC,NC,no official OFR-to-CRD identifier in owned extract
IA0903583,IA,SEC,MD,no official OFR-to-CRD identifier in owned extract
IA9911349,IA,SEC,OH,no official OFR-to-CRD identifier in owned extract
IA9914159,IA,SEC,WI,no official OFR-to-CRD identifier in owned extract
IA9909138,IA,SEC,IL,no official OFR-to-CRD identifier in owned extract
IA9916278,IA,SEC,NC,no official OFR-to-CRD identifier in owned extract
BD1003368,BD,FNRA,IL,no official OFR-to-CRD identifier in owned extract
IA9912038,IA,SEC,FL,no official OFR-to-CRD identifier in owned extract
IA9914507,IA,SEC,FL,no official OFR-to-CRD identifier in owned extract
IA0900499,IA,SEC,GA,no official OFR-to-CRD identifier in owned extract
IA9915373,IA,SEC,NJ,no official OFR-to-CRD identifier in owned extract
BD1004651,BD,FNRA,TX,no official OFR-to-CRD identifier in owned extract
IA9910759,IA,SEC,WA,no official OFR-to-CRD identifier in owned extract
BD1004755,BD,FNRA,NY,no official OFR-to-CRD identifier in owned extract
BD0902342,BD,FNRA,CA,no official OFR-to-CRD identifier in owned extract
IA9915794,IA,FLA,FL,no official OFR-to-CRD identifier in owned extract
BD1004321,BD,FNRA,NY,no official OFR-to-CRD identifier in owned extract
IA9907385,IA,SEC,FL,no official OFR-to-CRD identifier in owned extract
IA9903937,IA,SEC,CO,no official OFR-to-CRD identifier in owned extract
IA9911724,IA,SEC,PA,no official OFR-to-CRD identifier in owned extract
IA9916287,IA,FLA,CO,no official OFR-to-CRD identifier in owned extract
IA9915092,IA,FLA,FL,no official OFR-to-CRD identifier in owned extract
IA9911173,IA,SEC,FL,no official OFR-to-CRD identifier in owned extract
IA9916599,IA,SEC,CT,no official OFR-to-CRD identifier in owned extract
IA9911986,IA,FLA,FL,no official OFR-to-CRD identifier in owned extract
BD0901155,BD,FNRA,FL,no official OFR-to-CRD identifier in owned extract
IA9908500,IA,FLA,FL,no official OFR-to-CRD identifier in owned extract
IA9906404,IA,SEC,MO,no official OFR-to-CRD identifier in owned extract
IA9906012,IA,SEC,NC,no official OFR-to-CRD identifier in owned extract
IA9917617,IA,FLA,WI,no official OFR-to-CRD identifier in owned extract
IA9913805,IA,SEC,FL,no official OFR-to-CRD identifier in owned extract
BD1003916,BD,FNRA,NY,no official OFR-to-CRD identifier in owned extract
IA9905246,IA,SEC,NY,no official OFR-to-CRD identifier in owned extract
IA9912857,IA,SEC,IN,no official OFR-to-CRD identifier in owned extract
IA9908481,IA,SEC,MA,no official OFR-to-CRD identifier in owned extract
IA9909492,IA,SEC,MA,no official OFR-to-CRD identifier in owned extract
IA0903910,IA,SEC,MA,no official OFR-to-CRD identifier in owned extract
IA9915972,IA,SEC,OH,no official OFR-to-CRD identifier in owned extract
IA9917210,IA,FLA,FL,no official OFR-to-CRD identifier in owned extract
BD1003614,BD,FNRA,NC,no official OFR-to-CRD identifier in owned extract
IA9915821,IA,SEC,MD,no official OFR-to-CRD identifier in owned extract
IA9916641,IA,SEC,FL,no official OFR-to-CRD identifier in owned extract
IA0901092,IA,SEC,GA,no official OFR-to-CRD identifier in owned extract
IA9913290,IA,FLA,CA,no official OFR-to-CRD identifier in owned extract
IA9911857,IA,SEC,NY,no official OFR-to-CRD identifier in owned extract
BD1004824,BD,FNRA,FL,no official OFR-to-CRD identifier in owned extract
IA9914757,IA,FLA,FL,no official OFR-to-CRD identifier in owned extract
IA9915328,IA,SEC,OH,no official OFR-to-CRD identifier in owned extract
IA9913725,IA,FLA,FL,no official OFR-to-CRD identifier in owned extract
BD0902805,BD,FNRA,CA,no official OFR-to-CRD identifier in owned extract
IA9912130,IA,SEC,NJ,no official OFR-to-CRD identifier in owned extract
BD1003879,BD,FNRA,NJ,no official OFR-to-CRD identifier in owned extract
IA9911638,IA,SEC,NJ,no official OFR-to-CRD identifier in owned extract
IA9911675,IA,SEC,FL,no official OFR-to-CRD identifier in owned extract
IA9911938,IA,SEC,MI,no official OFR-to-CRD identifier in owned extract
IA9908754,IA,SEC,MA,no official OFR-to-CRD identifier in owned extract
IA0901735,IA,SEC,NY,no official OFR-to-CRD identifier in owned extract
IA9906732,IA,SEC,NY,no official OFR-to-CRD identifier in owned extract
IA9913223,IA,SEC,CA,no official OFR-to-CRD identifier in owned extract
IA9913346,IA,SEC,CA,no official OFR-to-CRD identifier in owned extract
IA9914658,IA,SEC,OH,no official OFR-to-CRD identifier in owned extract
BD1003808,BD,FNRA,NY,no official OFR-to-CRD identifier in owned extract
BD0901081,BD,FNRA,MN,no official OFR-to-CRD identifier in owned extract
IA9913313,IA,SEC,NY,no official OFR-to-CRD identifier in owned extract
IA9915503,IA,FLA,FL,no official OFR-to-CRD identifier in owned extract
IA9907341,IA,FLA,FL,no official OFR-to-CRD identifier in owned extract
BD0901783,BD,FNRA,NY,no official OFR-to-CRD identifier in owned extract
IA9909503,IA,SEC,NY,no official OFR-to-CRD identifier in owned extract
BD0901661,BD,FNRA,NY,no official OFR-to-CRD identifier in owned extract
IA9910951,IA,SEC,FL,no official OFR-to-CRD identifier in owned extract
IA9915082,IA,SEC,NV,no official OFR-to-CRD identifier in owned extract
IA9906791,IA,SEC,CA,no official OFR-to-CRD identifier in owned extract
IA9908598,IA,SEC,CT,no official OFR-to-CRD identifier in owned extract
BD0900518,BD,FNRA,MI,no official OFR-to-CRD identifier in owned extract
IA0900504,IA,SEC,MI,no official OFR-to-CRD identifier in owned extract
IA0900732,IA,SEC,MI,no official OFR-to-CRD identifier in owned extract
IA9914118,IA,SEC,MI,no official OFR-to-CRD identifier in owned extract
BD0900787,BD,FNRA,TX,no official OFR-to-CRD identifier in owned extract
IA0902679,IA,SEC,TX,no official OFR-to-CRD identifier in owned extract
IA9915909,IA,SEC,OH,no official OFR-to-CRD identifier in owned extract
IA0903280,IA,SEC,CA,no official OFR-to-CRD identifier in owned extract
BD0900514,BD,FNRA,CA,no official OFR-to-CRD identifier in owned extract
IA0904032,IA,SEC,VA,no official OFR-to-CRD identifier in owned extract
IA9913002,IA,SEC,IL,no official OFR-to-CRD identifier in owned extract
IA9905870,IA,SEC,CA,no official OFR-to-CRD identifier in owned extract
IA9917409,IA,SEC,CA,no official OFR-to-CRD identifier in owned extract
IA9915138,IA,FLA,NC,no official OFR-to-CRD identifier in owned extract
IA9910242,IA,SEC,NJ,no official OFR-to-CRD identifier in owned extract
IA0902640,IA,SEC,GA,no official OFR-to-CRD identifier in owned extract
IA0900349,IA,SEC,NJ,no official OFR-to-CRD identifier in owned extract
IA0901941,IA,SEC,RI,no official OFR-to-CRD identifier in owned extract
IA9914635,IA,SEC,IL,no official OFR-to-CRD identifier in owned extract
IA9914620,IA,SEC,IL,no official OFR-to-CRD identifier in owned extract
IA9910944,IA,SEC,MO,no official OFR-to-CRD identifier in owned extract
BD1004258,BD,FNRA,CT,no official OFR-to-CRD identifier in owned extract
IA9908302,IA,SEC,NY,no official OFR-to-CRD identifier in owned extract
BD1003586,BD,FNRA,NY,no official OFR-to-CRD identifier in owned extract
IA9913314,IA,SEC,MA,no official OFR-to-CRD identifier in owned extract
IA9909765,IA,FLA,FL,no official OFR-to-CRD identifier in owned extract
IA9908969,IA,SEC,IL,no official OFR-to-CRD identifier in owned extract
BD1003474,BD,FNRA,IL,no official OFR-to-CRD identifier in owned extract
BD1004693,BD,FNRA,MN,no official OFR-to-CRD identifier in owned extract
IA9917351,IA,SEC,CA,no official OFR-to-CRD identifier in owned extract
IA9908756,IA,FLA,FL,no official OFR-to-CRD identifier in owned extract
IA0903872,IA,SEC,GA,no official OFR-to-CRD identifier in owned extract
IA9916496,IA,FLA,RI,no official OFR-to-CRD identifier in owned extract
IA9917595,IA,SEC,VT,no official OFR-to-CRD identifier in owned extract
IA9906911,IA,SEC,NY,no official OFR-to-CRD identifier in owned extract
IA9909604,IA,SEC,NY,no official OFR-to-CRD identifier in owned extract
IA9915024,IA,FLA,FL,no official OFR-to-CRD identifier in owned extract
IA0902160,IA,SEC,FL,no official OFR-to-CRD identifier in owned extract
BD0902354,BD,FNRA,NY,no official OFR-to-CRD identifier in owned extract
BD0901650,BD,FNRA,TN,no official OFR-to-CRD identifier in owned extract
IA9906206,IA,SEC,TN,no official OFR-to-CRD identifier in owned extract
IA9914457,IA,SEC,IL,no official OFR-to-CRD identifier in owned extract
IA9913396,IA,SEC,NY,no official OFR-to-CRD identifier in owned extract
IA9914706,IA,SEC,NY,no official OFR-to-CRD identifier in owned extract
IA0902103,IA,SEC,NY,no official OFR-to-CRD identifier in owned extract
IA9911500,IA,SEC,VT,no official OFR-to-CRD identifier in owned extract
IA9911844,IA,SEC,TN,no official OFR-to-CRD identifier in owned extract
IA9915783,IA,FLA,MA,no official OFR-to-CRD identifier in owned extract
BD1003918,BD,FNRA,TN,no official OFR-to-CRD identifier in owned extract
IA0902788,IA,SEC,MN,no official OFR-to-CRD identifier in owned extract
BD0902481,BD,FNRA,MA,no official OFR-to-CRD identifier in owned extract
IA0904175,IA,SEC,NJ,no official OFR-to-CRD identifier in owned extract
IA9911524,IA,FLA,FL,no official OFR-to-CRD identifier in owned extract
IA9910611,IA,SEC,NJ,no official OFR-to-CRD identifier in owned extract
IA9913559,IA,SEC,MS,no official OFR-to-CRD identifier in owned extract
IA9915844,IA,SEC,NV,no official OFR-to-CRD identifier in owned extract
IA9913075,IA,SEC,OH,no official OFR-to-CRD identifier in owned extract
BD1004709,BD,FNRA,FL,no official OFR-to-CRD identifier in owned extract
IA9912939,IA,SEC,FL,no official OFR-to-CRD identifier in owned extract
IA9913764,IA,FLA,FL,no official OFR-to-CRD identifier in owned extract
IA9914330,IA,SEC,MA,no official OFR-to-CRD identifier in owned extract
IA9914690,IA,FLA,NY,no official OFR-to-CRD identifier in owned extract
IA9917164,IA,SEC,FL,no official OFR-to-CRD identifier in owned extract
IA9912305,IA,SEC,FL,no official OFR-to-CRD identifier in owned extract
IA0901997,IA,SEC,LA,no official OFR-to-CRD identifier in owned extract
BD0900807,BD,FNRA,LA,no official OFR-to-CRD identifier in owned extract
BD1003865,BD,FNRA,TX,no official OFR-to-CRD identifier in owned extract
IA9911734,IA,SEC,NC,no official OFR-to-CRD identifier in owned extract
IA0903876,IA,SEC,OH,no official OFR-to-CRD identifier in owned extract
IA9917437,IA,SEC,NY,no official OFR-to-CRD identifier in owned extract
IA9905504,IA,SEC,RI,no official OFR-to-CRD identifier in owned extract
IA9913211,IA,SEC,OH,no official OFR-to-CRD identifier in owned extract
BD0902000,BD,FNRA,OH,no official OFR-to-CRD identifier in owned extract
IA0902498,IA,FLA,FL,no official OFR-to-CRD identifier in owned extract
IA9916833,IA,FLA,TN,no official OFR-to-CRD identifier in owned extract
IA9909655,IA,SEC,IL,no official OFR-to-CRD identifier in owned extract
IA9916948,IA,SEC,FL,no official OFR-to-CRD identifier in owned extract
IA9914759,IA,FLA,MO,no official OFR-to-CRD identifier in owned extract
IA9909916,IA,SEC,FL,no official OFR-to-CRD identifier in owned extract
IA9906090,IA,SEC,CT,no official OFR-to-CRD identifier in owned extract
IA9912424,IA,SEC,TX,no official OFR-to-CRD identifier in owned extract
IA9904041,IA,FLA,OH,no official OFR-to-CRD identifier in owned extract
IA9912630,IA,SEC,FL,no official OFR-to-CRD identifier in owned extract
IA9910502,IA,SEC,MI,no official OFR-to-CRD identifier in owned extract
IA9915184,IA,SEC,FL,no official OFR-to-CRD identifier in owned extract
IA9917554,IA,FLA,FL,no official OFR-to-CRD identifier in owned extract
BD0902178,BD,FNRA,FL,no official OFR-to-CRD identifier in owned extract
IA9907467,IA,SEC,FL,no official OFR-to-CRD identifier in owned extract
IA9910241,IA,SEC,IL,no official OFR-to-CRD identifier in owned extract
IA9908933,IA,SEC,FL,no official OFR-to-CRD identifier in owned extract
IA9906286,IA,SEC,FL,no official OFR-to-CRD identifier in owned extract
IA9914965,IA,SEC,FL,no official OFR-to-CRD identifier in owned extract
IA9915329,IA,SEC,UT,no official OFR-to-CRD identifier in owned extract
BD0901063,BD,FNRA,PA,no official OFR-to-CRD identifier in owned extract
IA9917054,IA,FLA,FL,no official OFR-to-CRD identifier in owned extract
IA9916862,IA,SEC,RI,no official OFR-to-CRD identifier in owned extract
IA9916432,IA,SEC,WA,no official OFR-to-CRD identifier in owned extract
IA9914667,IA,SEC,NC,no official OFR-to-CRD identifier in owned extract
IA9910997,IA,FLA,FL,no official OFR-to-CRD identifier in owned extract
IA9909191,IA,SEC,NJ,no official OFR-to-CRD identifier in owned extract
IA9917795,IA,FLA,MO,no official OFR-to-CRD identifier in owned extract
IA9914239,IA,SEC,NE,no official OFR-to-CRD identifier in owned extract
IA9911480,IA,SEC,NY,no official OFR-to-CRD identifier in owned extract
IA9911955,IA,SEC,GA,no official OFR-to-CRD identifier in owned extract
IA0903488,IA,FLA,CT,no official OFR-to-CRD identifier in owned extract
IA9910167,IA,SEC,FL,no official OFR-to-CRD identifier in owned extract
BD0900841,BD,FNRA,NY,no official OFR-to-CRD identifier in owned extract
BD1003785,BD,FNRA,ME,no official OFR-to-CRD identifier in owned extract
IA0901556,IA,SEC,UT,no official OFR-to-CRD identifier in owned extract
IA0900930,IA,SEC,TX,no official OFR-to-CRD identifier in owned extract
BD0900876,BD,FNRA,TX,no official OFR-to-CRD identifier in owned extract
IA9910044,IA,SEC,IN,no official OFR-to-CRD identifier in owned extract
IA9915998,IA,SEC,TN,no official OFR-to-CRD identifier in owned extract
IA0904072,IA,SEC,GA,no official OFR-to-CRD identifier in owned extract
IA0901109,IA,SEC,NY,no official OFR-to-CRD identifier in owned extract
IA9914763,IA,FLA,FL,no official OFR-to-CRD identifier in owned extract
IA9907607,IA,SEC,FL,no official OFR-to-CRD identifier in owned extract
IA9914240,IA,SEC,CT,no official OFR-to-CRD identifier in owned extract
IA9910817,IA,SEC,FL,no official OFR-to-CRD identifier in owned extract
BD1002934,BD,FNRA,TX,no official OFR-to-CRD identifier in owned extract
IA9914984,IA,SEC,IN,no official OFR-to-CRD identifier in owned extract
IA9917576,IA,FLA,FL,no official OFR-to-CRD identifier in owned extract
IA9912598,IA,SEC,TX,no official OFR-to-CRD identifier in owned extract
BD0900751,BD,FNRA,MO,no official OFR-to-CRD identifier in owned extract
IA9909069,IA,SEC,MO,no official OFR-to-CRD identifier in owned extract
IA9915694,IA,SEC,AL,no official OFR-to-CRD identifier in owned extract
BD0901679,BD,FNRA,GA,no official OFR-to-CRD identifier in owned extract
IA9914458,IA,SEC,GA,no official OFR-to-CRD identifier in owned extract
IA9908873,IA,SEC,NC,no official OFR-to-CRD identifier in owned extract
IA9909725,IA,SEC,PA,no official OFR-to-CRD identifier in owned extract
IA9908249,IA,FLA,NJ,no official OFR-to-CRD identifier in owned extract
IA9917550,IA,FLA,FL,no official OFR-to-CRD identifier in owned extract
BD1004229,BD,FNRA,IL,no official OFR-to-CRD identifier in owned extract
IA9916891,IA,SEC,WA,no official OFR-to-CRD identifier in owned extract
IA9912115,IA,SEC,NY,no official OFR-to-CRD identifier in owned extract
IA9905988,IA,FLA,IN,no official OFR-to-CRD identifier in owned extract
BD1004272,BD,FNRA,FL,no official OFR-to-CRD identifier in owned extract
IA9904972,IA,SEC,TX,no official OFR-to-CRD identifier in owned extract
BD1003468,BD,FNRA,NY,no official OFR-to-CRD identifier in owned extract
IA9907447,IA,SEC,NY,no official OFR-to-CRD identifier in owned extract
IA9911874,IA,SEC,NY,no official OFR-to-CRD identifier in owned extract
IA9912640,IA,FLA,TN,no official OFR-to-CRD identifier in owned extract
IA9917010,IA,FLA,OH,no official OFR-to-CRD identifier in owned extract
IA9910503,IA,SEC,NY,no official OFR-to-CRD identifier in owned extract
BD1003398,BD,FNRA,CA,no official OFR-to-CRD identifier in owned extract
IA9906473,IA,SEC,CA,no official OFR-to-CRD identifier in owned extract
BD0901135,BD,FNRA,MO,no official OFR-to-CRD identifier in owned extract
IA9915940,IA,FLA,FL,no official OFR-to-CRD identifier in owned extract
IA9913476,IA,FLA,PA,no official OFR-to-CRD identifier in owned extract
BD1004056,BD,FNRA,IL,no official OFR-to-CRD identifier in owned extract
IA9911029,IA,FLA,FL,no official OFR-to-CRD identifier in owned extract
IA9917755,IA,SEC,NY,no official OFR-to-CRD identifier in owned extract
IA9916731,IA,FLA,FL,no official OFR-to-CRD identifier in owned extract
IA9917727,IA,SEC,FL,no official OFR-to-CRD identifier in owned extract
IA9910962,IA,SEC,VA,no official OFR-to-CRD identifier in owned extract
IA9914161,IA,SEC,FL,no official OFR-to-CRD identifier in owned extract
IA9910191,IA,SEC,TX,no official OFR-to-CRD identifier in owned extract
IA9915959,IA,FLA,FL,no official OFR-to-CRD identifier in owned extract
BD0901434,BD,FNRA,NY,no official OFR-to-CRD identifier in owned extract
IA9905639,IA,SEC,UT,no official OFR-to-CRD identifier in owned extract
IA9912483,IA,SEC,TX,no official OFR-to-CRD identifier in owned extract
IA9917549,IA,SEC,MI,no official OFR-to-CRD identifier in owned extract
IA9912818,IA,SEC,FL,no official OFR-to-CRD identifier in owned extract
IA9905335,IA,SEC,MN,no official OFR-to-CRD identifier in owned extract
BD1003521,BD,FNRA,OR,no official OFR-to-CRD identifier in owned extract
IA9916819,IA,SEC,CT,no official OFR-to-CRD identifier in owned extract
BD1004557,BD,FNRA,NY,no official OFR-to-CRD identifier in owned extract
BD0901232,BD,FNRA,FL,no official OFR-to-CRD identifier in owned extract
IA9916962,IA,FLA,FL,no official OFR-to-CRD identifier in owned extract
IA9910285,IA,SEC,OH,no official OFR-to-CRD identifier in owned extract
IA9917254,IA,SEC,UT,no official OFR-to-CRD identifier in owned extract
IA9913814,IA,SEC,NY,no official OFR-to-CRD identifier in owned extract
IA9916112,IA,SEC,ID,no official OFR-to-CRD identifier in owned extract
IA9916239,IA,SEC,FL,no official OFR-to-CRD identifier in owned extract
IA9906717,IA,FLA,FL,no official OFR-to-CRD identifier in owned extract
IA9907333,IA,SEC,FL,no official OFR-to-CRD identifier in owned extract
BD1004813,BD,FNRA,FL,no official OFR-to-CRD identifier in owned extract
IA9912097,IA,SEC,CT,no official OFR-to-CRD identifier in owned extract
IA0900606,IA,SEC,CT,no official OFR-to-CRD identifier in owned extract
IA9911032,IA,SEC,GA,no official OFR-to-CRD identifier in owned extract
IA9912201,IA,SEC,CA,no official OFR-to-CRD identifier in owned extract
IA9908671,IA,FLA,FL,no official OFR-to-CRD identifier in owned extract
IA9903831,IA,SEC,IL,no official OFR-to-CRD identifier in owned extract
IA9913574,IA,FLA,NY,no official OFR-to-CRD identifier in owned extract
IA9908303,IA,SEC,MA,no official OFR-to-CRD identifier in owned extract
IA9917548,IA,SEC,MA,no official OFR-to-CRD identifier in owned extract
IA9912225,IA,SEC,NY,no official OFR-to-CRD identifier in owned extract
BD0902196,BD,FNRA,NY,no official OFR-to-CRD identifier in owned extract
IA9913539,IA,SEC,GA,no official OFR-to-CRD identifier in owned extract
IA9911559,IA,SEC,FL,no official OFR-to-CRD identifier in owned extract
IA0900655,IA,SEC,GA,no official OFR-to-CRD identifier in owned extract
BD0901391,BD,FNRA,NC,no official OFR-to-CRD identifier in owned extract
IA0900275,IA,SEC,TN,no official OFR-to-CRD identifier in owned extract
IA9908046,IA,FLA,FL,no official OFR-to-CRD identifier in owned extract
IA9909351,IA,SEC,AL,no official OFR-to-CRD identifier in owned extract
IA0903362,IA,SEC,AL,no official OFR-to-CRD identifier in owned extract
IA9911180,IA,FLA,FL,no official OFR-to-CRD identifier in owned extract
IA9917605,IA,FLA,FL,no official OFR-to-CRD identifier in owned extract
IA9904678,IA,SEC,TN,no official OFR-to-CRD identifier in owned extract
IA9904743,IA,SEC,MO,no official OFR-to-CRD identifier in owned extract
IA9907264,IA,SEC,FL,no official OFR-to-CRD identifier in owned extract
IA0903939,IA,SEC,CT,no official OFR-to-CRD identifier in owned extract
IA9911846,IA,FLA,FL,no official OFR-to-CRD identifier in owned extract
IA9909051,IA,SEC,SC,no official OFR-to-CRD identifier in owned extract
BD0900226,BD,FNRA,TN,no official OFR-to-CRD identifier in owned extract
IA9914305,IA,SEC,AZ,no official OFR-to-CRD identifier in owned extract
IA0902965,IA,SEC,NJ,no official OFR-to-CRD identifier in owned extract
IA9910470,IA,SEC,CT,no official OFR-to-CRD identifier in owned extract
BD1003628,BD,FNRA,CO,no official OFR-to-CRD identifier in owned extract
IA9914515,IA,FLA,CO,no official OFR-to-CRD identifier in owned extract
BD0902150,BD,FNRA,NC,no official OFR-to-CRD identifier in owned extract
IA9908035,IA,SEC,TX,no official OFR-to-CRD identifier in owned extract
IA9917191,IA,FLA,FL,no official OFR-to-CRD identifier in owned extract
IA9916396,IA,SEC,GA,no official OFR-to-CRD identifier in owned extract
IA9916357,IA,SEC,NY,no official OFR-to-CRD identifier in owned extract
IA9915176,IA,SEC,CA,no official OFR-to-CRD identifier in owned extract
IA0901084,IA,SEC,RI,no official OFR-to-CRD identifier in owned extract
IA9904153,IA,SEC,AR,no official OFR-to-CRD identifier in owned extract
IA9917827,IA,SEC,FL,no official OFR-to-CRD identifier in owned extract
BD1003686,BD,FNRA,TX,no official OFR-to-CRD identifier in owned extract
IA9913036,IA,FLA,FL,no official OFR-to-CRD identifier in owned extract
IA9914180,IA,FLA,FL,no official OFR-to-CRD identifier in owned extract
IA9916190,IA,SEC,FL,no official OFR-to-CRD identifier in owned extract
IA9905923,IA,FLA,FL,no official OFR-to-CRD identifier in owned extract
BD0903012,BD,FNRA,NY,no official OFR-to-CRD identifier in owned extract
IA9916179,IA,SEC,MI,no official OFR-to-CRD identifier in owned extract
BD1004426,BD,FNRA,CT,no official OFR-to-CRD identifier in owned extract
IA9913417,IA,SEC,DE,no official OFR-to-CRD identifier in owned extract
IA9909101,IA,SEC,FL,no official OFR-to-CRD identifier in owned extract
IA9908747,IA,SEC,CA,no official OFR-to-CRD identifier in owned extract
IA9910509,IA,SEC,CT,no official OFR-to-CRD identifier in owned extract
IA9907814,IA,SEC,KY,no official OFR-to-CRD identifier in owned extract
IA0900574,IA,SEC,VA,no official OFR-to-CRD identifier in owned extract
IA9915273,IA,SEC,WI,no official OFR-to-CRD identifier in owned extract
IA9913991,IA,SEC,CA,no official OFR-to-CRD identifier in owned extract
BD0901943,BD,FNRA,NY,no official OFR-to-CRD identifier in owned extract
BD1003889,BD,FNRA,FL,no official OFR-to-CRD identifier in owned extract
IA9912055,IA,FLA,FL,no official OFR-to-CRD identifier in owned extract
BD0900742,BD,FNRA,NY,no official OFR-to-CRD identifier in owned extract
IA9917714,IA,SEC,CA,no official OFR-to-CRD identifier in owned extract
IA9914583,IA,SEC,WA,no official OFR-to-CRD identifier in owned extract
IA9916397,IA,SEC,VA,no official OFR-to-CRD identifier in owned extract
IA9915330,IA,SEC,IL,no official OFR-to-CRD identifier in owned extract
BD1004048,BD,FNRA,IL,no official OFR-to-CRD identifier in owned extract
IA0904087,IA,SEC,NY,no official OFR-to-CRD identifier in owned extract
IA9913079,IA,FLA,RI,no official OFR-to-CRD identifier in owned extract
IA9912386,IA,SEC,CA,no official OFR-to-CRD identifier in owned extract
IA9912382,IA,SEC,LA,no official OFR-to-CRD identifier in owned extract
BD0902931,BD,FNRA,VA,no official OFR-to-CRD identifier in owned extract
IA0901476,IA,SEC,VA,no official OFR-to-CRD identifier in owned extract
IA9914719,IA,SEC,FL,no official OFR-to-CRD identifier in owned extract
IA9909742,IA,SEC,NY,no official OFR-to-CRD identifier in owned extract
IA9912049,IA,SEC,CT,no official OFR-to-CRD identifier in owned extract
IA9915902,IA,SEC,VA,no official OFR-to-CRD identifier in owned extract
IA9915114,IA,SEC,MN,no official OFR-to-CRD identifier in owned extract
IA9911807,IA,FLA,MA,no official OFR-to-CRD identifier in owned extract
BD0902507,BD,FNRA,NY,no official OFR-to-CRD identifier in owned extract
IA0904102,IA,SEC,FL,no official OFR-to-CRD identifier in owned extract
IA9908961,IA,SEC,OH,no official OFR-to-CRD identifier in owned extract
IA9908567,IA,SEC,FL,no official OFR-to-CRD identifier in owned extract
IA9905942,IA,SEC,NY,no official OFR-to-CRD identifier in owned extract
IA9908358,IA,FLA,NJ,no official OFR-to-CRD identifier in owned extract
IA9905856,IA,FLA,FL,no official OFR-to-CRD identifier in owned extract
IA9916249,IA,SEC,TX,no official OFR-to-CRD identifier in owned extract
BD1004105,BD,FNRA,CA,no official OFR-to-CRD identifier in owned extract
IA0902985,IA,SEC,CT,no official OFR-to-CRD identifier in owned extract
BD0901070,BD,FNRA,CA,no official OFR-to-CRD identifier in owned extract
IA9914903,IA,SEC,CT,no official OFR-to-CRD identifier in owned extract
IA9915210,IA,SEC,MI,no official OFR-to-CRD identifier in owned extract
IA9917480,IA,SEC,CA,no official OFR-to-CRD identifier in owned extract
IA9916625,IA,SEC,IN,no official OFR-to-CRD identifier in owned extract
IA9915162,IA,SEC,FL,no official OFR-to-CRD identifier in owned extract
IA9909028,IA,SEC,KS,no official OFR-to-CRD identifier in owned extract
IA9915654,IA,SEC,FL,no official OFR-to-CRD identifier in owned extract
BD0902410,BD,FNRA,MI,no official OFR-to-CRD identifier in owned extract
BD0902416,BD,FNRA,MA,no official OFR-to-CRD identifier in owned extract
IA9915392,IA,SEC,MI,no official OFR-to-CRD identifier in owned extract
IA9906978,IA,SEC,,no official OFR-to-CRD identifier in owned extract
IA9911296,IA,SEC,VA,no official OFR-to-CRD identifier in owned extract
IA0901440,IA,SEC,CA,no official OFR-to-CRD identifier in owned extract
IA9913836,IA,SEC,AR,no official OFR-to-CRD identifier in owned extract
BD1004800,BD,FNRA,FL,no official OFR-to-CRD identifier in owned extract
IA9906823,IA,FLA,FL,no official OFR-to-CRD identifier in owned extract
BD1004175,BD,FNRA,TN,no official OFR-to-CRD identifier in owned extract
BD0902409,BD,FNRA,AR,no official OFR-to-CRD identifier in owned extract
IA9910137,IA,SEC,AR,no official OFR-to-CRD identifier in owned extract
IA9909063,IA,SEC,OH,no official OFR-to-CRD identifier in owned extract
IA9909787,IA,SEC,,no official OFR-to-CRD identifier in owned extract
IA9908145,IA,FLA,MN,no official OFR-to-CRD identifier in owned extract
IA9915255,IA,SEC,LA,no official OFR-to-CRD identifier in owned extract
IA9905259,IA,SEC,MA,no official OFR-to-CRD identifier in owned extract
IA9910523,IA,SEC,NY,no official OFR-to-CRD identifier in owned extract
IA9904287,IA,SEC,TX,no official OFR-to-CRD identifier in owned extract
IA9912531,IA,SEC,GA,no official OFR-to-CRD identifier in owned extract
IA9906718,IA,SEC,FL,no official OFR-to-CRD identifier in owned extract
IA9911211,IA,SEC,MO,no official OFR-to-CRD identifier in owned extract
IA9907981,IA,FLA,MD,no official OFR-to-CRD identifier in owned extract
IA9912401,IA,SEC,FL,no official OFR-to-CRD identifier in owned extract
IA9915127,IA,SEC,MA,no official OFR-to-CRD identifier in owned extract
IA0900341,IA,SEC,NY,no official OFR-to-CRD identifier in owned extract
IA0900704,IA,SEC,MT,no official OFR-to-CRD identifier in owned extract
IA9917793,IA,SEC,IA,no official OFR-to-CRD identifier in owned extract
IA9914241,IA,SEC,MA,no official OFR-to-CRD identifier in owned extract
IA0903713,IA,SEC,GA,no official OFR-to-CRD identifier in owned extract
IA9913672,IA,FLA,FL,no official OFR-to-CRD identifier in owned extract
IA9917345,IA,SEC,VT,no official OFR-to-CRD identifier in owned extract
IA9909687,IA,SEC,MA,no official OFR-to-CRD identifier in owned extract
IA9913818,IA,SEC,NY,no official OFR-to-CRD identifier in owned extract
IA9905097,IA,SEC,MN,no official OFR-to-CRD identifier in owned extract
IA0903245,IA,SEC,PA,no official OFR-to-CRD identifier in owned extract
IA9914394,IA,FLA,MI,no official OFR-to-CRD identifier in owned extract
BD0902251,BD,FNRA,OR,no official OFR-to-CRD identifier in owned extract
IA0901342,IA,SEC,OR,no official OFR-to-CRD identifier in owned extract
IA0902779,IA,FLA,FL,no official OFR-to-CRD identifier in owned extract
IA9917154,IA,FLA,FL,no official OFR-to-CRD identifier in owned extract
BD0902387,BD,FNRA,PA,no official OFR-to-CRD identifier in owned extract
IA0904030,IA,SEC,PA,no official OFR-to-CRD identifier in owned extract
IA9909092,IA,SEC,TX,no official OFR-to-CRD identifier in owned extract
IA9914781,IA,SEC,MN,no official OFR-to-CRD identifier in owned extract
IA9916464,IA,SEC,FL,no official OFR-to-CRD identifier in owned extract
BD1004112,BD,FNRA,NY,no official OFR-to-CRD identifier in owned extract
IA9912306,IA,SEC,NY,no official OFR-to-CRD identifier in owned extract
IA9916226,IA,FLA,FL,no official OFR-to-CRD identifier in owned extract
IA9913325,IA,FLA,FL,no official OFR-to-CRD identifier in owned extract
BD1004796,BD,FNRA,FL,no official OFR-to-CRD identifier in owned extract
IA9915927,IA,SEC,PA,no official OFR-to-CRD identifier in owned extract
IA9916195,IA,FLA,FL,no official OFR-to-CRD identifier in owned extract
IA9915137,IA,FLA,GA,no official OFR-to-CRD identifier in owned extract
BD1004193,BD,FNRA,CA,no official OFR-to-CRD identifier in owned extract
IA9908777,IA,SEC,FL,no official OFR-to-CRD identifier in owned extract
BD0903036,BD,FNRA,CT,no official OFR-to-CRD identifier in owned extract
BD1004032,BD,FNRA,NY,no official OFR-to-CRD identifier in owned extract
IA9907980,IA,SEC,NY,no official OFR-to-CRD identifier in owned extract
IA9910145,IA,SEC,IL,no official OFR-to-CRD identifier in owned extract
BD0901864,BD,FNRA,IL,no official OFR-to-CRD identifier in owned extract
BD0900886,BD,FNRA,MA,no official OFR-to-CRD identifier in owned extract
BD1003972,BD,FNRA,MA,no official OFR-to-CRD identifier in owned extract
BD1004847,BD,FNRA,TX,no official OFR-to-CRD identifier in owned extract
IA0902021,IA,SEC,FL,no official OFR-to-CRD identifier in owned extract
BD0901847,BD,FNRA,FL,no official OFR-to-CRD identifier in owned extract
IA9911096,IA,SEC,CA,no official OFR-to-CRD identifier in owned extract
IA9916604,IA,SEC,NJ,no official OFR-to-CRD identifier in owned extract
BD1004192,BD,FNRA,CA,no official OFR-to-CRD identifier in owned extract
IA0901235,IA,FLA,FL,no official OFR-to-CRD identifier in owned extract
IA9915484,IA,SEC,AL,no official OFR-to-CRD identifier in owned extract
IA9912641,IA,SEC,FL,no official OFR-to-CRD identifier in owned extract
IA9907083,IA,SEC,TN,no official OFR-to-CRD identifier in owned extract
IA0900928,IA,SEC,IA,no official OFR-to-CRD identifier in owned extract
IA9916398,IA,SEC,NH,no official OFR-to-CRD identifier in owned extract
IA9914795,IA,FLA,FL,no official OFR-to-CRD identifier in owned extract
IA9916943,IA,SEC,VA,no official OFR-to-CRD identifier in owned extract
IA9906118,IA,SEC,CA,no official OFR-to-CRD identifier in owned extract
IA9914899,IA,FLA,,no official OFR-to-CRD identifier in owned extract
IA9917666,IA,SEC,NJ,no official OFR-to-CRD identifier in owned extract
IA9914460,IA,SEC,NY,no official OFR-to-CRD identifier in owned extract
IA9913093,IA,SEC,KY,no official OFR-to-CRD identifier in owned extract
IA9907943,IA,SEC,VA,no official OFR-to-CRD identifier in owned extract
IA9913791,IA,FLA,FL,no official OFR-to-CRD identifier in owned extract
IA9910269,IA,SEC,NY,no official OFR-to-CRD identifier in owned extract
IA9914354,IA,SEC,IL,no official OFR-to-CRD identifier in owned extract
IA9916060,IA,SEC,CA,no official OFR-to-CRD identifier in owned extract
IA9916092,IA,SEC,FL,no official OFR-to-CRD identifier in owned extract
IA9910559,IA,SEC,NY,no official OFR-to-CRD identifier in owned extract
IA9906125,IA,FLA,FL,no official OFR-to-CRD identifier in owned extract
IA0901035,IA,FLA,FL,no official OFR-to-CRD identifier in owned extract
IA9915799,IA,SEC,AR,no official OFR-to-CRD identifier in owned extract
BD0900119,BD,FNRA,AR,no official OFR-to-CRD identifier in owned extract
IA0901700,IA,SEC,AR,no official OFR-to-CRD identifier in owned extract
IA0904274,IA,SEC,AR,no official OFR-to-CRD identifier in owned extract
IA9904661,IA,SEC,KS,no official OFR-to-CRD identifier in owned extract
IA9913736,IA,SEC,NC,no official OFR-to-CRD identifier in owned extract
IA9916107,IA,FLA,NY,no official OFR-to-CRD identifier in owned extract
IA9917534,IA,SEC,FL,no official OFR-to-CRD identifier in owned extract
BD0901748,BD,FNRA,ME,no official OFR-to-CRD identifier in owned extract
IA9915376,IA,SEC,WI,no official OFR-to-CRD identifier in owned extract
IA0902682,IA,SEC,NC,no official OFR-to-CRD identifier in owned extract
IA0902435,IA,SEC,NJ,no official OFR-to-CRD identifier in owned extract
IA9909867,IA,SEC,PA,no official OFR-to-CRD identifier in owned extract
IA9908329,IA,SEC,NY,no official OFR-to-CRD identifier in owned extract
IA9907459,IA,SEC,FL,no official OFR-to-CRD identifier in owned extract
IA9908515,IA,SEC,NY,no official OFR-to-CRD identifier in owned extract
IA9912646,IA,SEC,FL,no official OFR-to-CRD identifier in owned extract
BD0900973,BD,FNRA,NJ,no official OFR-to-CRD identifier in owned extract
BD0901532,BD,FNRA,MO,no official OFR-to-CRD identifier in owned extract
BD0902391,BD,FNRA,NY,no official OFR-to-CRD identifier in owned extract
IA9909049,IA,SEC,NJ,no official OFR-to-CRD identifier in owned extract
IA9914526,IA,FLA,MD,no official OFR-to-CRD identifier in owned extract
IA9913315,IA,SEC,PA,no official OFR-to-CRD identifier in owned extract
IA9905916,IA,FLA,FL,no official OFR-to-CRD identifier in owned extract
IA9913927,IA,SEC,NE,no official OFR-to-CRD identifier in owned extract
IA9907182,IA,SEC,MN,no official OFR-to-CRD identifier in owned extract
IA9914461,IA,SEC,NY,no official OFR-to-CRD identifier in owned extract
IA9914462,IA,SEC,IL,no official OFR-to-CRD identifier in owned extract
IA9908391,IA,SEC,CT,no official OFR-to-CRD identifier in owned extract
BD0901380,BD,FNRA,OR,no official OFR-to-CRD identifier in owned extract
IA9917328,IA,SEC,PA,no official OFR-to-CRD identifier in owned extract
IA9906278,IA,SEC,FL,no official OFR-to-CRD identifier in owned extract
IA9905171,IA,FLA,FL,no official OFR-to-CRD identifier in owned extract
IA0902390,IA,SEC,KY,no official OFR-to-CRD identifier in owned extract
IA9916609,IA,FLA,FL,no official OFR-to-CRD identifier in owned extract
IA9914935,IA,SEC,NY,no official OFR-to-CRD identifier in owned extract
BD0900806,BD,FNRA,MO,no official OFR-to-CRD identifier in owned extract
IA0901834,IA,SEC,MO,no official OFR-to-CRD identifier in owned extract
BD0900181,BD,FNRA,MO,no official OFR-to-CRD identifier in owned extract
IA0901727,IA,SEC,MO,no official OFR-to-CRD identifier in owned extract
IA9911958,IA,SEC,MN,no official OFR-to-CRD identifier in owned extract
IA9906633,IA,FLA,FL,no official OFR-to-CRD identifier in owned extract
BD0902469,BD,FNRA,FL,no official OFR-to-CRD identifier in owned extract
IA9917630,IA,FLA,FL,no official OFR-to-CRD identifier in owned extract
IA9903830,IA,SEC,PA,no official OFR-to-CRD identifier in owned extract
IA9917667,IA,SEC,PA,no official OFR-to-CRD identifier in owned extract
IA9914344,IA,SEC,FL,no official OFR-to-CRD identifier in owned extract
IA9917650,IA,FLA,OH,no official OFR-to-CRD identifier in owned extract
BD1004504,BD,FNRA,NY,no official OFR-to-CRD identifier in owned extract
IA9915002,IA,SEC,NY,no official OFR-to-CRD identifier in owned extract
IA9916478,IA,FLA,AL,no official OFR-to-CRD identifier in owned extract
IA9916251,IA,SEC,WA,no official OFR-to-CRD identifier in owned extract
BD0902929,BD,FNRA,CT,no official OFR-to-CRD identifier in owned extract
IA9915701,IA,FLA,NJ,no official OFR-to-CRD identifier in owned extract
BD1004386,BD,FNRA,NY,no official OFR-to-CRD identifier in owned extract
BD1003597,BD,FNRA,FL,no official OFR-to-CRD identifier in owned extract
IA9907394,IA,SEC,MT,no official OFR-to-CRD identifier in owned extract
IA9917653,IA,FLA,GA,no official OFR-to-CRD identifier in owned extract
IA9904907,IA,SEC,AZ,no official OFR-to-CRD identifier in owned extract
IA9910801,IA,SEC,LA,no official OFR-to-CRD identifier in owned extract
IA9911985,IA,SEC,FL,no official OFR-to-CRD identifier in owned extract
IA9908953,IA,SEC,PA,no official OFR-to-CRD identifier in owned extract
IA9913258,IA,SEC,PA,no official OFR-to-CRD identifier in owned extract
IA9913540,IA,SEC,CT,no official OFR-to-CRD identifier in owned extract
IA9913541,IA,SEC,CT,no official OFR-to-CRD identifier in owned extract
IA9915718,IA,SEC,CT,no official OFR-to-CRD identifier in owned extract
IA9913162,IA,SEC,FL,no official OFR-to-CRD identifier in owned extract
IA9916986,IA,SEC,LA,no official OFR-to-CRD identifier in owned extract
IA0903837,IA,SEC,CT,no official OFR-to-CRD identifier in owned extract
IA9903900,IA,SEC,MN,no official OFR-to-CRD identifier in owned extract
IA9915211,IA,SEC,PA,no official OFR-to-CRD identifier in owned extract
IA9917035,IA,SEC,PA,no official OFR-to-CRD identifier in owned extract
IA9917535,IA,SEC,CA,no official OFR-to-CRD identifier in owned extract
IA9910129,IA,SEC,FL,no official OFR-to-CRD identifier in owned extract
BD0901861,BD,FNRA,WA,no official OFR-to-CRD identifier in owned extract
IA9917022,IA,SEC,IL,no official OFR-to-CRD identifier in owned extract
IA9915007,IA,SEC,NE,no official OFR-to-CRD identifier in owned extract
IA9910249,IA,FLA,VA,no official OFR-to-CRD identifier in owned extract
IA9914698,IA,SEC,MI,no official OFR-to-CRD identifier in owned extract
IA9914735,IA,SEC,TX,no official OFR-to-CRD identifier in owned extract
BD1003733,BD,FNRA,TX,no official OFR-to-CRD identifier in owned extract
IA9912161,IA,SEC,AZ,no official OFR-to-CRD identifier in owned extract
IA9911822,IA,SEC,PA,no official OFR-to-CRD identifier in owned extract
IA9916737,IA,SEC,IA,no official OFR-to-CRD identifier in owned extract
BD1004443,BD,FNRA,TX,no official OFR-to-CRD identifier in owned extract
IA9916794,IA,FLA,NY,no official OFR-to-CRD identifier in owned extract
IA9906596,IA,FLA,MA,no official OFR-to-CRD identifier in owned extract
BD0902161,BD,FNRA,NY,no official OFR-to-CRD identifier in owned extract
IA0903561,IA,SEC,MA,no official OFR-to-CRD identifier in owned extract
IA9912561,IA,FLA,MS,no official OFR-to-CRD identifier in owned extract
BD1004579,BD,FNRA,FL,no official OFR-to-CRD identifier in owned extract
IA9909998,IA,FLA,FL,no official OFR-to-CRD identifier in owned extract
IA9907395,IA,SEC,AL,no official OFR-to-CRD identifier in owned extract
BD0901600,BD,FNRA,FL,no official OFR-to-CRD identifier in owned extract
IA9913356,IA,SEC,FL,no official OFR-to-CRD identifier in owned extract
BD0902996,BD,FNRA,FL,no official OFR-to-CRD identifier in owned extract
BD0900553,BD,FNRA,AL,no official OFR-to-CRD identifier in owned extract
IA9908762,IA,SEC,VA,no official OFR-to-CRD identifier in owned extract
IA9909187,IA,SEC,CO,no official OFR-to-CRD identifier in owned extract
IA9912866,IA,SEC,TX,no official OFR-to-CRD identifier in owned extract
IA9917102,IA,SEC,IN,no official OFR-to-CRD identifier in owned extract
IA9910991,IA,SEC,FL,no official OFR-to-CRD identifier in owned extract
IA9916202,IA,SEC,FL,no official OFR-to-CRD identifier in owned extract
BD1004091,BD,FNRA,CA,no official OFR-to-CRD identifier in owned extract
BD1003402,BD,FNRA,MI,no official OFR-to-CRD identifier in owned extract
IA9911917,IA,FLA,PA,no official OFR-to-CRD identifier in owned extract
IA9915803,IA,FLA,NH,no official OFR-to-CRD identifier in owned extract
IA0903556,IA,SEC,MI,no official OFR-to-CRD identifier in owned extract
IA9916988,IA,SEC,TX,no official OFR-to-CRD identifier in owned extract
BD1003190,BD,FNRA,NY,no official OFR-to-CRD identifier in owned extract
IA0900389,IA,SEC,MA,no official OFR-to-CRD identifier in owned extract
IA0902675,IA,SEC,NY,no official OFR-to-CRD identifier in owned extract
IA9916273,IA,SEC,TN,no official OFR-to-CRD identifier in owned extract
IA0903991,IA,SEC,FL,no official OFR-to-CRD identifier in owned extract
IA9909175,IA,SEC,GA,no official OFR-to-CRD identifier in owned extract
IA9904241,IA,SEC,AZ,no official OFR-to-CRD identifier in owned extract
IA0904292,IA,SEC,NJ,no official OFR-to-CRD identifier in owned extract
IA0900707,IA,FLA,NJ,no official OFR-to-CRD identifier in owned extract
IA0904201,IA,SEC,TX,no official OFR-to-CRD identifier in owned extract
IA9905375,IA,SEC,NJ,no official OFR-to-CRD identifier in owned extract
IA0901152,IA,SEC,NY,no official OFR-to-CRD identifier in owned extract
IA9917673,IA,SEC,AZ,no official OFR-to-CRD identifier in owned extract
IA9914191,IA,SEC,MI,no official OFR-to-CRD identifier in owned extract
IA0903415,IA,SEC,IL,no official OFR-to-CRD identifier in owned extract
IA9911000,IA,FLA,FL,no official OFR-to-CRD identifier in owned extract
BD1003856,BD,FNRA,CA,no official OFR-to-CRD identifier in owned extract
IA9905114,IA,SEC,MA,no official OFR-to-CRD identifier in owned extract
IA9916010,IA,SEC,UT,no official OFR-to-CRD identifier in owned extract
IA9909957,IA,SEC,OH,no official OFR-to-CRD identifier in owned extract
IA0901961,IA,SEC,RI,no official OFR-to-CRD identifier in owned extract
IA9915777,IA,SEC,TX,no official OFR-to-CRD identifier in owned extract
IA9913919,IA,SEC,FL,no official OFR-to-CRD identifier in owned extract
IA9915453,IA,SEC,MI,no official OFR-to-CRD identifier in owned extract
IA9908573,IA,SEC,MN,no official OFR-to-CRD identifier in owned extract
IA9911086,IA,SEC,KY,no official OFR-to-CRD identifier in owned extract
IA9916953,IA,FLA,MA,no official OFR-to-CRD identifier in owned extract
IA9916840,IA,SEC,TN,no official OFR-to-CRD identifier in owned extract
IA9913762,IA,FLA,FL,no official OFR-to-CRD identifier in owned extract
IA9908304,IA,SEC,OH,no official OFR-to-CRD identifier in owned extract
IA9914274,IA,SEC,MI,no official OFR-to-CRD identifier in owned extract
IA9908196,IA,SEC,CA,no official OFR-to-CRD identifier in owned extract
IA9915083,IA,SEC,AZ,no official OFR-to-CRD identifier in owned extract
IA9917279,IA,SEC,NC,no official OFR-to-CRD identifier in owned extract
BD1004256,BD,FNRA,NY,no official OFR-to-CRD identifier in owned extract
IA9908764,IA,SEC,OH,no official OFR-to-CRD identifier in owned extract
IA9908780,IA,SEC,OH,no official OFR-to-CRD identifier in owned extract
IA9904440,IA,SEC,OH,no official OFR-to-CRD identifier in owned extract
IA9916551,IA,SEC,NY,no official OFR-to-CRD identifier in owned extract
IA9917389,IA,SEC,MI,no official OFR-to-CRD identifier in owned extract
IA9911751,IA,SEC,IN,no official OFR-to-CRD identifier in owned extract
IA9912983,IA,SEC,DE,no official OFR-to-CRD identifier in owned extract
IA9915769,IA,SEC,OK,no official OFR-to-CRD identifier in owned extract
IA9906781,IA,SEC,FL,no official OFR-to-CRD identifier in owned extract
IA9917269,IA,SEC,MI,no official OFR-to-CRD identifier in owned extract
IA9906862,IA,SEC,PA,no official OFR-to-CRD identifier in owned extract
IA9912688,IA,SEC,IL,no official OFR-to-CRD identifier in owned extract
IA9916514,IA,SEC,IN,no official OFR-to-CRD identifier in owned extract
IA9907606,IA,FLA,FL,no official OFR-to-CRD identifier in owned extract
BD1004499,BD,FNRA,CT,no official OFR-to-CRD identifier in owned extract
IA9912551,IA,SEC,MN,no official OFR-to-CRD identifier in owned extract
IA9911101,IA,SEC,MO,no official OFR-to-CRD identifier in owned extract
IA9916769,IA,FLA,FL,no official OFR-to-CRD identifier in owned extract
IA9915680,IA,FLA,NY,no official OFR-to-CRD identifier in owned extract
IA9913795,IA,SEC,FL,no official OFR-to-CRD identifier in owned extract
IA9916022,IA,SEC,AR,no official OFR-to-CRD identifier in owned extract
IA9917870,IA,SEC,FL,no official OFR-to-CRD identifier in owned extract
IA9917615,IA,FLA,FL,no official OFR-to-CRD identifier in owned extract
IA9909358,IA,FLA,FL,no official OFR-to-CRD identifier in owned extract
BD0902694,BD,FNRA,NY,no official OFR-to-CRD identifier in owned extract
IA9905658,IA,FLA,TN,no official OFR-to-CRD identifier in owned extract
IA9914022,IA,SEC,IL,no official OFR-to-CRD identifier in owned extract
BD1003046,BD,FNRA,NJ,no official OFR-to-CRD identifier in owned extract
BD1003014,BD,FNRA,CT,no official OFR-to-CRD identifier in owned extract
IA9911213,IA,SEC,FL,no official OFR-to-CRD identifier in owned extract
IA9914986,IA,SEC,PA,no official OFR-to-CRD identifier in owned extract
IA9909553,IA,FLA,FL,no official OFR-to-CRD identifier in owned extract
IA0903365,IA,SEC,MA,no official OFR-to-CRD identifier in owned extract
IA9907413,IA,SEC,FL,no official OFR-to-CRD identifier in owned extract
IA9912700,IA,FLA,CT,no official OFR-to-CRD identifier in owned extract
IA9915669,IA,SEC,CT,no official OFR-to-CRD identifier in owned extract
IA9917515,IA,SEC,WI,no official OFR-to-CRD identifier in owned extract
IA9908502,IA,FLA,NV,no official OFR-to-CRD identifier in owned extract
IA9917712,IA,FLA,DC,no official OFR-to-CRD identifier in owned extract
IA9917665,IA,SEC,FL,no official OFR-to-CRD identifier in owned extract
IA9917816,IA,SEC,FL,no official OFR-to-CRD identifier in owned extract
IA9917318,IA,SEC,NY,no official OFR-to-CRD identifier in owned extract
IA9903950,IA,SEC,TN,no official OFR-to-CRD identifier in owned extract
IA9915122,IA,SEC,MI,no official OFR-to-CRD identifier in owned extract
IA0901616,IA,SEC,OH,no official OFR-to-CRD identifier in owned extract
IA9907053,IA,SEC,LA,no official OFR-to-CRD identifier in owned extract
IA9910382,IA,SEC,NJ,no official OFR-to-CRD identifier in owned extract
IA9911412,IA,SEC,UT,no official OFR-to-CRD identifier in owned extract
IA9910691,IA,SEC,PA,no official OFR-to-CRD identifier in owned extract
IA9916401,IA,SEC,KS,no official OFR-to-CRD identifier in owned extract
IA9912626,IA,FLA,PA,no official OFR-to-CRD identifier in owned extract
IA9909573,IA,SEC,MN,no official OFR-to-CRD identifier in owned extract
IA9906081,IA,FLA,WI,no official OFR-to-CRD identifier in owned extract
IA9911835,IA,SEC,NJ,no official OFR-to-CRD identifier in owned extract
IA9912761,IA,SEC,NY,no official OFR-to-CRD identifier in owned extract
IA9915198,IA,SEC,NY,no official OFR-to-CRD identifier in owned extract
IA9908890,IA,SEC,NY,no official OFR-to-CRD identifier in owned extract
IA9912740,IA,SEC,ID,no official OFR-to-CRD identifier in owned extract
IA9912226,IA,SEC,NH,no official OFR-to-CRD identifier in owned extract
IA9917183,IA,SEC,CO,no official OFR-to-CRD identifier in owned extract
IA9912900,IA,SEC,OK,no official OFR-to-CRD identifier in owned extract
IA9914174,IA,SEC,CA,no official OFR-to-CRD identifier in owned extract
IA9908446,IA,SEC,FL,no official OFR-to-CRD identifier in owned extract
IA9916832,IA,SEC,CO,no official OFR-to-CRD identifier in owned extract
IA9904305,IA,SEC,CA,no official OFR-to-CRD identifier in owned extract
IA0903414,IA,SEC,WI,no official OFR-to-CRD identifier in owned extract
BD1003111,BD,FNRA,NJ,no official OFR-to-CRD identifier in owned extract
IA9905473,IA,SEC,FL,no official OFR-to-CRD identifier in owned extract
IA9906035,IA,FLA,FL,no official OFR-to-CRD identifier in owned extract
BD1004513,BD,FNRA,MA,no official OFR-to-CRD identifier in owned extract
BD0902245,BD,FNRA,TX,no official OFR-to-CRD identifier in owned extract
IA9905587,IA,SEC,TX,no official OFR-to-CRD identifier in owned extract
IA9908443,IA,SEC,AL,no official OFR-to-CRD identifier in owned extract
IA9915633,IA,FLA,FL,no official OFR-to-CRD identifier in owned extract
IA0900973,IA,SEC,FL,no official OFR-to-CRD identifier in owned extract
BD1003395,BD,FNRA,FL,no official OFR-to-CRD identifier in owned extract
IA9917062,IA,SEC,FL,no official OFR-to-CRD identifier in owned extract
IA9911476,IA,SEC,MO,no official OFR-to-CRD identifier in owned extract
IA9910738,IA,FLA,IN,no official OFR-to-CRD identifier in owned extract
IA9915548,IA,SEC,FL,no official OFR-to-CRD identifier in owned extract
IA9905402,IA,FLA,FL,no official OFR-to-CRD identifier in owned extract
BD0901113,BD,FNRA,MO,no official OFR-to-CRD identifier in owned extract
IA9912967,IA,SEC,FL,no official OFR-to-CRD identifier in owned extract
BD1003136,BD,FNRA,AZ,no official OFR-to-CRD identifier in owned extract
IA9916899,IA,FLA,FL,no official OFR-to-CRD identifier in owned extract
BD0901851,BD,FNRA,WI,no official OFR-to-CRD identifier in owned extract
IA9917647,IA,SEC,CA,no official OFR-to-CRD identifier in owned extract
BD1004405,BD,FNRA,NY,no official OFR-to-CRD identifier in owned extract
IA9907807,IA,FLA,FL,no official OFR-to-CRD identifier in owned extract
BD1004173,BD,FNRA,NC,no official OFR-to-CRD identifier in owned extract
IA9908912,IA,SEC,NC,no official OFR-to-CRD identifier in owned extract
IA9915463,IA,FLA,FL,no official OFR-to-CRD identifier in owned extract
BD0901262,BD,FNRA,PA,no official OFR-to-CRD identifier in owned extract
IA9906355,IA,SEC,CT,no official OFR-to-CRD identifier in owned extract
IA9912383,IA,SEC,MA,no official OFR-to-CRD identifier in owned extract
IA9917185,IA,FLA,CA,no official OFR-to-CRD identifier in owned extract
BD0900932,BD,FNRA,CA,no official OFR-to-CRD identifier in owned extract
IA9914631,IA,FLA,FL,no official OFR-to-CRD identifier in owned extract
IA9910557,IA,SEC,NY,no official OFR-to-CRD identifier in owned extract
IA9913877,IA,FLA,AL,no official OFR-to-CRD identifier in owned extract
IA9913042,IA,SEC,CA,no official OFR-to-CRD identifier in owned extract
IA9907331,IA,SEC,MA,no official OFR-to-CRD identifier in owned extract
IA9916358,IA,SEC,,no official OFR-to-CRD identifier in owned extract
IA9907490,IA,SEC,CO,no official OFR-to-CRD identifier in owned extract
IA9914558,IA,SEC,FL,no official OFR-to-CRD identifier in owned extract
IA9907024,IA,SEC,CO,no official OFR-to-CRD identifier in owned extract
IA9915647,IA,FLA,FL,no official OFR-to-CRD identifier in owned extract
IA9909709,IA,SEC,CO,no official OFR-to-CRD identifier in owned extract
IA9908511,IA,SEC,TX,no official OFR-to-CRD identifier in owned extract
BD0902804,BD,FNRA,TX,no official OFR-to-CRD identifier in owned extract
BD1004316,BD,FNRA,NY,no official OFR-to-CRD identifier in owned extract
IA9910758,IA,SEC,OH,no official OFR-to-CRD identifier in owned extract
BD0901295,BD,FNRA,NY,no official OFR-to-CRD identifier in owned extract
IA9913837,IA,SEC,,no official OFR-to-CRD identifier in owned extract
IA9915858,IA,FLA,GA,no official OFR-to-CRD identifier in owned extract
IA9910835,IA,FLA,OH,no official OFR-to-CRD identifier in owned extract
IA9914095,IA,SEC,OH,no official OFR-to-CRD identifier in owned extract
BD0900620,BD,FNRA,IN,no official OFR-to-CRD identifier in owned extract
IA0902228,IA,SEC,IN,no official OFR-to-CRD identifier in owned extract
IA9911031,IA,SEC,NY,no official OFR-to-CRD identifier in owned extract
IA9915675,IA,SEC,PR,no official OFR-to-CRD identifier in owned extract
IA9914649,IA,SEC,NY,no official OFR-to-CRD identifier in owned extract
IA9915331,IA,SEC,TX,no official OFR-to-CRD identifier in owned extract
IA0901574,IA,SEC,IN,no official OFR-to-CRD identifier in owned extract
BD0900135,BD,FNRA,WA,no official OFR-to-CRD identifier in owned extract
IA0902243,IA,SEC,CT,no official OFR-to-CRD identifier in owned extract
IA9905533,IA,SEC,OH,no official OFR-to-CRD identifier in owned extract
IA9909272,IA,FLA,FL,no official OFR-to-CRD identifier in owned extract
IA9909685,IA,SEC,TX,no official OFR-to-CRD identifier in owned extract
IA9913542,IA,SEC,FL,no official OFR-to-CRD identifier in owned extract
IA9916978,IA,SEC,CA,no official OFR-to-CRD identifier in owned extract
BD0901718,BD,FNRA,CA,no official OFR-to-CRD identifier in owned extract
IA9910790,IA,SEC,WA,no official OFR-to-CRD identifier in owned extract
BD1003588,BD,FNRA,NY,no official OFR-to-CRD identifier in owned extract
IA9911714,IA,SEC,CO,no official OFR-to-CRD identifier in owned extract
IA9915430,IA,SEC,FL,no official OFR-to-CRD identifier in owned extract
IA9907739,IA,FLA,FL,no official OFR-to-CRD identifier in owned extract
BD0900563,BD,FNRA,GA,no official OFR-to-CRD identifier in owned extract
IA0901804,IA,SEC,GA,no official OFR-to-CRD identifier in owned extract
IA9905867,IA,SEC,FL,no official OFR-to-CRD identifier in owned extract
IA9914115,IA,SEC,MO,no official OFR-to-CRD identifier in owned extract
IA9912178,IA,FLA,CT,no official OFR-to-CRD identifier in owned extract
IA9915953,IA,SEC,CA,no official OFR-to-CRD identifier in owned extract
IA9916890,IA,SEC,CA,no official OFR-to-CRD identifier in owned extract
IA9915978,IA,SEC,CA,no official OFR-to-CRD identifier in owned extract
IA9914463,IA,SEC,NJ,no official OFR-to-CRD identifier in owned extract
IA0900734,IA,SEC,NJ,no official OFR-to-CRD identifier in owned extract
IA9903747,IA,SEC,IA,no official OFR-to-CRD identifier in owned extract
BD0902388,BD,FNRA,FL,no official OFR-to-CRD identifier in owned extract
IA9911906,IA,SEC,WI,no official OFR-to-CRD identifier in owned extract
IA0901353,IA,SEC,MD,no official OFR-to-CRD identifier in owned extract
IA0900249,IA,SEC,MD,no official OFR-to-CRD identifier in owned extract
BD0900278,BD,FNRA,MD,no official OFR-to-CRD identifier in owned extract
IA0900880,IA,FLA,FL,no official OFR-to-CRD identifier in owned extract
BD0900813,BD,FNRA,NJ,no official OFR-to-CRD identifier in owned extract
IA9916984,IA,SEC,GA,no official OFR-to-CRD identifier in owned extract
IA9913465,IA,SEC,MD,no official OFR-to-CRD identifier in owned extract
IA9911277,IA,SEC,OH,no official OFR-to-CRD identifier in owned extract
IA9909514,IA,SEC,IL,no official OFR-to-CRD identifier in owned extract
BD1004236,BD,FNRA,NY,no official OFR-to-CRD identifier in owned extract
IA9916359,IA,SEC,MA,no official OFR-to-CRD identifier in owned extract
IA9914509,IA,SEC,MA,no official OFR-to-CRD identifier in owned extract
IA9903768,IA,FLA,NC,no official OFR-to-CRD identifier in owned extract
IA9914192,IA,SEC,NY,no official OFR-to-CRD identifier in owned extract
IA9916670,IA,FLA,FL,no official OFR-to-CRD identifier in owned extract
IA9915997,IA,FLA,FL,no official OFR-to-CRD identifier in owned extract
IA9912461,IA,SEC,FL,no official OFR-to-CRD identifier in owned extract
IA9914477,IA,SEC,NY,no official OFR-to-CRD identifier in owned extract
IA9904992,IA,SEC,NY,no official OFR-to-CRD identifier in owned extract
BD1004573,BD,FNRA,NY,no official OFR-to-CRD identifier in owned extract
BD1004851,BD,FNRA,NV,no official OFR-to-CRD identifier in owned extract
IA9915556,IA,SEC,IL,no official OFR-to-CRD identifier in owned extract
IA9917658,IA,SEC,NY,no official OFR-to-CRD identifier in owned extract
IA9911585,IA,FLA,FL,no official OFR-to-CRD identifier in owned extract
IA9912211,IA,FLA,FL,no official OFR-to-CRD identifier in owned extract
IA9910853,IA,SEC,WA,no official OFR-to-CRD identifier in owned extract
BD0901124,BD,FNRA,CT,no official OFR-to-CRD identifier in owned extract
IA9906519,IA,SEC,TX,no official OFR-to-CRD identifier in owned extract
IA9912449,IA,SEC,NJ,no official OFR-to-CRD identifier in owned extract
IA9906773,IA,FLA,FL,no official OFR-to-CRD identifier in owned extract
IA9915414,IA,SEC,FL,no official OFR-to-CRD identifier in owned extract
IA9910584,IA,SEC,PR,no official OFR-to-CRD identifier in owned extract
IA9911164,IA,SEC,CA,no official OFR-to-CRD identifier in owned extract
IA9912466,IA,SEC,MI,no official OFR-to-CRD identifier in owned extract
IA9913143,IA,FLA,FL,no official OFR-to-CRD identifier in owned extract
IA9912309,IA,SEC,,no official OFR-to-CRD identifier in owned extract
IA9917287,IA,SEC,UT,no official OFR-to-CRD identifier in owned extract
IA9907496,IA,SEC,NJ,no official OFR-to-CRD identifier in owned extract
IA9913348,IA,SEC,CO,no official OFR-to-CRD identifier in owned extract
IA9905151,IA,SEC,SC,no official OFR-to-CRD identifier in owned extract
IA9912663,IA,SEC,NJ,no official OFR-to-CRD identifier in owned extract
IA9917850,IA,FLA,CA,no official OFR-to-CRD identifier in owned extract
BD0902965,BD,FNRA,KS,no official OFR-to-CRD identifier in owned extract
IA9910826,IA,SEC,AZ,no official OFR-to-CRD identifier in owned extract
IA9906944,IA,SEC,GA,no official OFR-to-CRD identifier in owned extract
BD1003023,BD,FNRA,NJ,no official OFR-to-CRD identifier in owned extract
IA9910469,IA,SEC,TX,no official OFR-to-CRD identifier in owned extract
IA9911759,IA,FLA,FL,no official OFR-to-CRD identifier in owned extract
IA9916842,IA,FLA,FL,no official OFR-to-CRD identifier in owned extract
BD1004669,BD,FNRA,MA,no official OFR-to-CRD identifier in owned extract
IA9915230,IA,SEC,NC,no official OFR-to-CRD identifier in owned extract
IA0903614,IA,FLA,GA,no official OFR-to-CRD identifier in owned extract
IA0902182,IA,SEC,FL,no official OFR-to-CRD identifier in owned extract
IA9912106,IA,SEC,NC,no official OFR-to-CRD identifier in owned extract
BD1003934,BD,FNRA,IL,no official OFR-to-CRD identifier in owned extract
IA9917481,IA,SEC,,no official OFR-to-CRD identifier in owned extract
IA9910547,IA,SEC,MI,no official OFR-to-CRD identifier in owned extract
IA9905360,IA,FLA,FL,no official OFR-to-CRD identifier in owned extract
IA9911108,IA,SEC,VA,no official OFR-to-CRD identifier in owned extract
BD1004861,BD,FNRA,CA,no official OFR-to-CRD identifier in owned extract
IA9913658,IA,SEC,PA,no official OFR-to-CRD identifier in owned extract
IA9912457,IA,FLA,GA,no official OFR-to-CRD identifier in owned extract
IA9917589,IA,SEC,MO,no official OFR-to-CRD identifier in owned extract
IA9916274,IA,SEC,TN,no official OFR-to-CRD identifier in owned extract
IA9911614,IA,FLA,FL,no official OFR-to-CRD identifier in owned extract
IA9916602,IA,SEC,NJ,no official OFR-to-CRD identifier in owned extract
BD1003426,BD,FNRA,NC,no official OFR-to-CRD identifier in owned extract
BD1004411,BD,FNRA,TX,no official OFR-to-CRD identifier in owned extract
IA9910480,IA,SEC,CA,no official OFR-to-CRD identifier in owned extract
BD1003525,BD,FNRA,CA,no official OFR-to-CRD identifier in owned extract
BD1004126,BD,FNRA,NY,no official OFR-to-CRD identifier in owned extract
IA9916668,IA,SEC,FL,no official OFR-to-CRD identifier in owned extract
IA0902952,IA,SEC,AZ,no official OFR-to-CRD identifier in owned extract
IA9908835,IA,SEC,OH,no official OFR-to-CRD identifier in owned extract
IA9904076,IA,FLA,FL,no official OFR-to-CRD identifier in owned extract
IA0902736,IA,FLA,NC,no official OFR-to-CRD identifier in owned extract
BD0900711,BD,FNRA,CA,no official OFR-to-CRD identifier in owned extract
IA0901259,IA,SEC,CA,no official OFR-to-CRD identifier in owned extract
IA0903961,IA,SEC,TN,no official OFR-to-CRD identifier in owned extract
BD1003893,BD,FNRA,IL,no official OFR-to-CRD identifier in owned extract
BD1003516,BD,FNRA,NY,no official OFR-to-CRD identifier in owned extract
IA9906400,IA,SEC,NY,no official OFR-to-CRD identifier in owned extract
BD0900665,BD,FNRA,NY,no official OFR-to-CRD identifier in owned extract
BD0900055,BD,CAN,ON,no official OFR-to-CRD identifier in owned extract
IA9903971,IA,FLA,FL,no official OFR-to-CRD identifier in owned extract
IA0904059,IA,SEC,MN,no official OFR-to-CRD identifier in owned extract
IA9914320,IA,SEC,CA,no official OFR-to-CRD identifier in owned extract
IA9909922,IA,SEC,CA,no official OFR-to-CRD identifier in owned extract
IA9911313,IA,SEC,TX,no official OFR-to-CRD identifier in owned extract
IA9916829,IA,FLA,FL,no official OFR-to-CRD identifier in owned extract
BD1004819,BD,FNRA,TX,no official OFR-to-CRD identifier in owned extract
IA9917717,IA,FLA,CA,no official OFR-to-CRD identifier in owned extract
BD0901766,BD,FNRA,NE,no official OFR-to-CRD identifier in owned extract
IA9910692,IA,SEC,TX,no official OFR-to-CRD identifier in owned extract
IA9914220,IA,FLA,FL,no official OFR-to-CRD identifier in owned extract
IA9908387,IA,SEC,CA,no official OFR-to-CRD identifier in owned extract
BD1003218,BD,FNRA,NY,no official OFR-to-CRD identifier in owned extract
IA9904974,IA,SEC,AZ,no official OFR-to-CRD identifier in owned extract
IA9906731,IA,SEC,FL,no official OFR-to-CRD identifier in owned extract
BD0901877,BD,FNRA,NY,no official OFR-to-CRD identifier in owned extract
IA9916558,IA,SEC,OH,no official OFR-to-CRD identifier in owned extract
IA9914465,IA,SEC,CA,no official OFR-to-CRD identifier in owned extract
IA9916850,IA,FLA,FL,no official OFR-to-CRD identifier in owned extract
IA9915557,IA,SEC,UT,no official OFR-to-CRD identifier in owned extract
BD1004211,BD,FNRA,NY,no official OFR-to-CRD identifier in owned extract
IA9916402,IA,SEC,NY,no official OFR-to-CRD identifier in owned extract
IA9907767,IA,SEC,TN,no official OFR-to-CRD identifier in owned extract
IA9916689,IA,SEC,NJ,no official OFR-to-CRD identifier in owned extract
IA9917438,IA,SEC,NY,no official OFR-to-CRD identifier in owned extract
IA9914628,IA,FLA,FL,no official OFR-to-CRD identifier in owned extract
IA9913771,IA,SEC,NJ,no official OFR-to-CRD identifier in owned extract
IA9909567,IA,SEC,FL,no official OFR-to-CRD identifier in owned extract
IA9907701,IA,SEC,NY,no official OFR-to-CRD identifier in owned extract
IA9913761,IA,SEC,NC,no official OFR-to-CRD identifier in owned extract
IA9906746,IA,SEC,FL,no official OFR-to-CRD identifier in owned extract
IA9914522,IA,SEC,TX,no official OFR-to-CRD identifier in owned extract
BD0901649,BD,FNRA,NY,no official OFR-to-CRD identifier in owned extract
IA0900265,IA,SEC,MO,no official OFR-to-CRD identifier in owned extract
IA9912534,IA,SEC,IL,no official OFR-to-CRD identifier in owned extract
BD0900500,BD,FNRA,TX,no official OFR-to-CRD identifier in owned extract
IA9910546,IA,SEC,TX,no official OFR-to-CRD identifier in owned extract
IA9914397,IA,FLA,TX,no official OFR-to-CRD identifier in owned extract
BD0902172,BD,FNRA,TX,no official OFR-to-CRD identifier in owned extract
IA9909386,IA,FLA,TX,no official OFR-to-CRD identifier in owned extract
IA0902633,IA,SEC,FL,no official OFR-to-CRD identifier in owned extract
BD1004304,BD,FNRA,NY,no official OFR-to-CRD identifier in owned extract
IA9913819,IA,SEC,KS,no official OFR-to-CRD identifier in owned extract
IA0902532,IA,SEC,MA,no official OFR-to-CRD identifier in owned extract
IA9911422,IA,SEC,AZ,no official OFR-to-CRD identifier in owned extract
IA0903230,IA,SEC,OH,no official OFR-to-CRD identifier in owned extract
IA9916458,IA,SEC,IA,no official OFR-to-CRD identifier in owned extract
IA9917788,IA,FLA,FL,no official OFR-to-CRD identifier in owned extract
BD1004807,BD,FNRA,FL,no official OFR-to-CRD identifier in owned extract
BD1003881,BD,FNRA,NY,no official OFR-to-CRD identifier in owned extract
IA0903453,IA,FLA,NJ,no official OFR-to-CRD identifier in owned extract
IA9914716,IA,SEC,PA,no official OFR-to-CRD identifier in owned extract
IA9914991,IA,SEC,CA,no official OFR-to-CRD identifier in owned extract
IA9911980,IA,SEC,MN,no official OFR-to-CRD identifier in owned extract
IA9917070,IA,FLA,VT,no official OFR-to-CRD identifier in owned extract
IA0901167,IA,FLA,FL,no official OFR-to-CRD identifier in owned extract
IA9917115,IA,SEC,FL,no official OFR-to-CRD identifier in owned extract
IA9912877,IA,SEC,NV,no official OFR-to-CRD identifier in owned extract
IA9911567,IA,SEC,PA,no official OFR-to-CRD identifier in owned extract
IA9910111,IA,SEC,AR,no official OFR-to-CRD identifier in owned extract
IA0903053,IA,FLA,FL,no official OFR-to-CRD identifier in owned extract
IA9912450,IA,SEC,VA,no official OFR-to-CRD identifier in owned extract
IA0901635,IA,FLA,NJ,no official OFR-to-CRD identifier in owned extract
IA9912935,IA,SEC,,no official OFR-to-CRD identifier in owned extract
IA9914557,IA,FLA,NY,no official OFR-to-CRD identifier in owned extract
BD1004765,BD,FNRA,OK,no official OFR-to-CRD identifier in owned extract
IA9912073,IA,SEC,FL,no official OFR-to-CRD identifier in owned extract
BD0902138,BD,FNRA,CT,no official OFR-to-CRD identifier in owned extract
BD0901269,BD,FNRA,NY,no official OFR-to-CRD identifier in owned extract
IA9907144,IA,SEC,NY,no official OFR-to-CRD identifier in owned extract
IA9908109,IA,SEC,MA,no official OFR-to-CRD identifier in owned extract
IA9912404,IA,FLA,OH,no official OFR-to-CRD identifier in owned extract
IA0900298,IA,SEC,VA,no official OFR-to-CRD identifier in owned extract
IA9910076,IA,SEC,FL,no official OFR-to-CRD identifier in owned extract
IA9905711,IA,FLA,RI,no official OFR-to-CRD identifier in owned extract
IA9914681,IA,SEC,VA,no official OFR-to-CRD identifier in owned extract
IA9915212,IA,SEC,ID,no official OFR-to-CRD identifier in owned extract
IA9913544,IA,SEC,,no official OFR-to-CRD identifier in owned extract
BD0900647,BD,FNRA,TX,no official OFR-to-CRD identifier in owned extract
IA9912010,IA,SEC,TX,no official OFR-to-CRD identifier in owned extract
IA9915845,IA,SEC,MA,no official OFR-to-CRD identifier in owned extract
IA9914920,IA,FLA,FL,no official OFR-to-CRD identifier in owned extract
IA9914529,IA,SEC,UT,no official OFR-to-CRD identifier in owned extract
IA9914592,IA,SEC,IL,no official OFR-to-CRD identifier in owned extract
IA9907061,IA,SEC,MA,no official OFR-to-CRD identifier in owned extract
IA9914989,IA,SEC,FL,no official OFR-to-CRD identifier in owned extract
IA9917052,IA,FLA,IL,no official OFR-to-CRD identifier in owned extract
IA0900816,IA,FLA,FL,no official OFR-to-CRD identifier in owned extract
IA9914578,IA,FLA,FL,no official OFR-to-CRD identifier in owned extract
BD0902401,BD,FNRA,MI,no official OFR-to-CRD identifier in owned extract
IA9908962,IA,SEC,PA,no official OFR-to-CRD identifier in owned extract
IA9917384,IA,SEC,KS,no official OFR-to-CRD identifier in owned extract
IA9912311,IA,SEC,PA,no official OFR-to-CRD identifier in owned extract
IA9916768,IA,FLA,FL,no official OFR-to-CRD identifier in owned extract
IA9907741,IA,SEC,GA,no official OFR-to-CRD identifier in owned extract
IA9910342,IA,FLA,MI,no official OFR-to-CRD identifier in owned extract
IA0902713,IA,SEC,MD,no official OFR-to-CRD identifier in owned extract
IA0900988,IA,FLA,FL,no official OFR-to-CRD identifier in owned extract
IA9913047,IA,SEC,IN,no official OFR-to-CRD identifier in owned extract
IA9916440,IA,FLA,FL,no official OFR-to-CRD identifier in owned extract
BD1004461,BD,FNRA,CO,no official OFR-to-CRD identifier in owned extract
IA9917004,IA,SEC,,no official OFR-to-CRD identifier in owned extract
IA9915807,IA,SEC,NH,no official OFR-to-CRD identifier in owned extract
BD0900204,BD,FNRA,AL,no official OFR-to-CRD identifier in owned extract
IA9909321,IA,SEC,NJ,no official OFR-to-CRD identifier in owned extract
IA9907731,IA,SEC,KY,no official OFR-to-CRD identifier in owned extract
BD0900240,BD,FNRA,NJ,no official OFR-to-CRD identifier in owned extract
IA9914072,IA,SEC,NJ,no official OFR-to-CRD identifier in owned extract
IA9917356,IA,FLA,NJ,no official OFR-to-CRD identifier in owned extract
IA9914994,IA,FLA,FL,no official OFR-to-CRD identifier in owned extract
IA9917352,IA,SEC,NY,no official OFR-to-CRD identifier in owned extract
IA0901095,IA,SEC,NH,no official OFR-to-CRD identifier in owned extract
IA9916586,IA,FLA,OH,no official OFR-to-CRD identifier in owned extract
IA9911892,IA,SEC,CT,no official OFR-to-CRD identifier in owned extract
IA9911629,IA,SEC,FL,no official OFR-to-CRD identifier in owned extract
IA9906150,IA,SEC,VA,no official OFR-to-CRD identifier in owned extract
IA9914905,IA,SEC,FL,no official OFR-to-CRD identifier in owned extract
BD0900590,BD,FNRA,OH,no official OFR-to-CRD identifier in owned extract
IA0901809,IA,SEC,OH,no official OFR-to-CRD identifier in owned extract
IA9917593,IA,FLA,FL,no official OFR-to-CRD identifier in owned extract
IA9917482,IA,SEC,NV,no official OFR-to-CRD identifier in owned extract
IA9915243,IA,SEC,CA,no official OFR-to-CRD identifier in owned extract
IA9912465,IA,SEC,IL,no official OFR-to-CRD identifier in owned extract
IA9904375,IA,SEC,VA,no official OFR-to-CRD identifier in owned extract
IA0901294,IA,FLA,FL,no official OFR-to-CRD identifier in owned extract
BD0901315,BD,FNRA,NJ,no official OFR-to-CRD identifier in owned extract
IA9916684,IA,SEC,GA,no official OFR-to-CRD identifier in owned extract
IA9906975,IA,SEC,OH,no official OFR-to-CRD identifier in owned extract
IA0901472,IA,SEC,MD,no official OFR-to-CRD identifier in owned extract
IA9910731,IA,SEC,GA,no official OFR-to-CRD identifier in owned extract
BD0901598,BD,FNRA,NY,no official OFR-to-CRD identifier in owned extract
IA9916500,IA,FLA,VA,no official OFR-to-CRD identifier in owned extract
IA0901170,IA,SEC,MD,no official OFR-to-CRD identifier in owned extract
BD0901177,BD,FNRA,NJ,no official OFR-to-CRD identifier in owned extract
IA0903173,IA,SEC,MN,no official OFR-to-CRD identifier in owned extract
IA9915505,IA,FLA,FL,no official OFR-to-CRD identifier in owned extract
IA0903273,IA,SEC,VA,no official OFR-to-CRD identifier in owned extract
IA9911203,IA,SEC,MD,no official OFR-to-CRD identifier in owned extract
BD1003783,BD,FNRA,MN,no official OFR-to-CRD identifier in owned extract
IA9913594,IA,SEC,VA,no official OFR-to-CRD identifier in owned extract
IA9917843,IA,SEC,GA,no official OFR-to-CRD identifier in owned extract
IA9911260,IA,SEC,MD,no official OFR-to-CRD identifier in owned extract
IA9917490,IA,SEC,,no official OFR-to-CRD identifier in owned extract
IA9907975,IA,SEC,IL,no official OFR-to-CRD identifier in owned extract
IA9916360,IA,SEC,TX,no official OFR-to-CRD identifier in owned extract
IA9912312,IA,SEC,CO,no official OFR-to-CRD identifier in owned extract
IA9910576,IA,SEC,WI,no official OFR-to-CRD identifier in owned extract
IA9912581,IA,FLA,FL,no official OFR-to-CRD identifier in owned extract
IA9909678,IA,SEC,NY,no official OFR-to-CRD identifier in owned extract
IA9915003,IA,SEC,GA,no official OFR-to-CRD identifier in owned extract
IA9904557,IA,SEC,GA,no official OFR-to-CRD identifier in owned extract
IA0901355,IA,SEC,IL,no official OFR-to-CRD identifier in owned extract
IA0903591,IA,SEC,NY,no official OFR-to-CRD identifier in owned extract
IA9912313,IA,SEC,TN,no official OFR-to-CRD identifier in owned extract
IA9917380,IA,SEC,MI,no official OFR-to-CRD identifier in owned extract
IA0903884,IA,SEC,IL,no official OFR-to-CRD identifier in owned extract
BD1002932,BD,FNRA,MA,no official OFR-to-CRD identifier in owned extract
IA9914951,IA,SEC,UT,no official OFR-to-CRD identifier in owned extract
IA0902767,IA,SEC,NY,no official OFR-to-CRD identifier in owned extract
BD0900146,BD,FNRA,OH,no official OFR-to-CRD identifier in owned extract
BD0901577,BD,FNRA,MN,no official OFR-to-CRD identifier in owned extract
IA9907721,IA,SEC,MN,no official OFR-to-CRD identifier in owned extract
IA9915699,IA,FLA,OH,no official OFR-to-CRD identifier in owned extract
IA0902889,IA,SEC,CA,no official OFR-to-CRD identifier in owned extract
IA9907866,IA,SEC,FL,no official OFR-to-CRD identifier in owned extract
IA9914555,IA,SEC,CA,no official OFR-to-CRD identifier in owned extract
IA9908782,IA,SEC,MA,no official OFR-to-CRD identifier in owned extract
IA9907717,IA,SEC,TN,no official OFR-to-CRD identifier in owned extract
IA9911870,IA,SEC,KS,no official OFR-to-CRD identifier in owned extract
IA9916240,IA,SEC,MI,no official OFR-to-CRD identifier in owned extract
IA9916158,IA,SEC,NC,no official OFR-to-CRD identifier in owned extract
IA9906518,IA,SEC,NY,no official OFR-to-CRD identifier in owned extract
IA9912726,IA,SEC,NY,no official OFR-to-CRD identifier in owned extract
IA9905146,IA,SEC,IL,no official OFR-to-CRD identifier in owned extract
IA9906225,IA,SEC,NY,no official OFR-to-CRD identifier in owned extract
IA9912779,IA,FLA,NJ,no official OFR-to-CRD identifier in owned extract
IA9916263,IA,SEC,OH,no official OFR-to-CRD identifier in owned extract
IA9907755,IA,SEC,MD,no official OFR-to-CRD identifier in owned extract
IA9914928,IA,SEC,CA,no official OFR-to-CRD identifier in owned extract
IA9916588,IA,SEC,NY,no official OFR-to-CRD identifier in owned extract
IA9916820,IA,FLA,CA,no official OFR-to-CRD identifier in owned extract
IA0900780,IA,SEC,KY,no official OFR-to-CRD identifier in owned extract
IA9912768,IA,SEC,GA,no official OFR-to-CRD identifier in owned extract
IA9912674,IA,SEC,OH,no official OFR-to-CRD identifier in owned extract
IA9904314,IA,FLA,FL,no official OFR-to-CRD identifier in owned extract
IA9903914,IA,SEC,RI,no official OFR-to-CRD identifier in owned extract
IA9904682,IA,SEC,KS,no official OFR-to-CRD identifier in owned extract
IA9912858,IA,SEC,WA,no official OFR-to-CRD identifier in owned extract
BD0900715,BD,FNRA,NY,no official OFR-to-CRD identifier in owned extract
IA9910603,IA,SEC,TX,no official OFR-to-CRD identifier in owned extract
IA9916698,IA,SEC,AR,no official OFR-to-CRD identifier in owned extract
IA9909697,IA,FLA,MN,no official OFR-to-CRD identifier in owned extract
IA9909083,IA,SEC,MD,no official OFR-to-CRD identifier in owned extract
BD0902415,BD,FNRA,CA,no official OFR-to-CRD identifier in owned extract
BD0902230,BD,FNRA,GA,no official OFR-to-CRD identifier in owned extract
IA0902129,IA,SEC,GA,no official OFR-to-CRD identifier in owned extract
BD1003833,BD,FNRA,FL,no official OFR-to-CRD identifier in owned extract
IA9916217,IA,FLA,AZ,no official OFR-to-CRD identifier in owned extract
BD0901993,BD,FNRA,OH,no official OFR-to-CRD identifier in owned extract
IA9912176,IA,SEC,FL,no official OFR-to-CRD identifier in owned extract
BD0901237,BD,FNRA,TX,no official OFR-to-CRD identifier in owned extract
IA9914674,IA,FLA,NM,no official OFR-to-CRD identifier in owned extract
BD0902983,BD,FNRA,NJ,no official OFR-to-CRD identifier in owned extract
IA9912932,IA,SEC,TX,no official OFR-to-CRD identifier in owned extract
IA9915431,IA,SEC,OH,no official OFR-to-CRD identifier in owned extract
IA9914974,IA,SEC,KY,no official OFR-to-CRD identifier in owned extract
IA9910982,IA,SEC,NY,no official OFR-to-CRD identifier in owned extract
IA9908089,IA,SEC,TX,no official OFR-to-CRD identifier in owned extract
IA9912788,IA,SEC,MN,no official OFR-to-CRD identifier in owned extract
IA9914664,IA,SEC,NC,no official OFR-to-CRD identifier in owned extract
IA9915481,IA,SEC,NY,no official OFR-to-CRD identifier in owned extract
IA9907337,IA,SEC,AL,no official OFR-to-CRD identifier in owned extract
BD0901032,BD,FNRA,NJ,no official OFR-to-CRD identifier in owned extract
IA9914679,IA,FLA,FL,no official OFR-to-CRD identifier in owned extract
IA9913455,IA,SEC,MO,no official OFR-to-CRD identifier in owned extract
BD0902081,BD,FNRA,NJ,no official OFR-to-CRD identifier in owned extract
IA9913917,IA,FLA,AZ,no official OFR-to-CRD identifier in owned extract
IA9916077,IA,FLA,MA,no official OFR-to-CRD identifier in owned extract
BD1004343,BD,FNRA,NJ,no official OFR-to-CRD identifier in owned extract
BD0901238,BD,FNRA,NY,no official OFR-to-CRD identifier in owned extract
IA0901674,IA,SEC,NY,no official OFR-to-CRD identifier in owned extract
IA9910256,IA,FLA,NY,no official OFR-to-CRD identifier in owned extract
IA9909648,IA,FLA,FL,no official OFR-to-CRD identifier in owned extract
IA9917728,IA,SEC,FL,no official OFR-to-CRD identifier in owned extract
BD1004660,BD,FNRA,FL,no official OFR-to-CRD identifier in owned extract
IA9910709,IA,SEC,FL,no official OFR-to-CRD identifier in owned extract
BD1003629,BD,FNRA,CT,no official OFR-to-CRD identifier in owned extract
IA9916715,IA,SEC,CT,no official OFR-to-CRD identifier in owned extract
IA9915993,IA,FLA,FL,no official OFR-to-CRD identifier in owned extract
BD1004382,BD,FNRA,IL,no official OFR-to-CRD identifier in owned extract
IA9912738,IA,SEC,IL,no official OFR-to-CRD identifier in owned extract
IA9909329,IA,SEC,MD,no official OFR-to-CRD identifier in owned extract
BD0902557,BD,FNRA,WA,no official OFR-to-CRD identifier in owned extract
IA0900290,IA,SEC,FL,no official OFR-to-CRD identifier in owned extract
IA0900653,IA,FLA,FL,no official OFR-to-CRD identifier in owned extract
IA0904326,IA,SEC,IN,no official OFR-to-CRD identifier in owned extract
IA9913546,IA,SEC,IL,no official OFR-to-CRD identifier in owned extract
BD0901903,BD,FNRA,VA,no official OFR-to-CRD identifier in owned extract
IA9912131,IA,SEC,VA,no official OFR-to-CRD identifier in owned extract
IA0902204,IA,SEC,WI,no official OFR-to-CRD identifier in owned extract
IA0900318,IA,SEC,VA,no official OFR-to-CRD identifier in owned extract
IA9917111,IA,SEC,MD,no official OFR-to-CRD identifier in owned extract
IA0903490,IA,SEC,OH,no official OFR-to-CRD identifier in owned extract
IA9917774,IA,SEC,FL,no official OFR-to-CRD identifier in owned extract
IA0901619,IA,SEC,NM,no official OFR-to-CRD identifier in owned extract
BD0900780,BD,FNRA,NM,no official OFR-to-CRD identifier in owned extract
IA9913350,IA,SEC,CA,no official OFR-to-CRD identifier in owned extract
BD0901829,BD,FNRA,TN,no official OFR-to-CRD identifier in owned extract
IA0901905,IA,SEC,TN,no official OFR-to-CRD identifier in owned extract
BD1003937,BD,FNRA,NY,no official OFR-to-CRD identifier in owned extract
IA9916542,IA,SEC,CA,no official OFR-to-CRD identifier in owned extract
IA9914069,IA,SEC,NH,no official OFR-to-CRD identifier in owned extract
IA9916075,IA,SEC,TX,no official OFR-to-CRD identifier in owned extract
IA9911763,IA,SEC,PA,no official OFR-to-CRD identifier in owned extract
IA9910582,IA,SEC,NC,no official OFR-to-CRD identifier in owned extract
IA9916052,IA,FLA,FL,no official OFR-to-CRD identifier in owned extract
IA9912332,IA,SEC,IL,no official OFR-to-CRD identifier in owned extract
IA9911853,IA,SEC,PA,no official OFR-to-CRD identifier in owned extract
IA9912762,IA,SEC,NY,no official OFR-to-CRD identifier in owned extract
IA9908664,IA,SEC,PA,no official OFR-to-CRD identifier in owned extract
IA9911407,IA,SEC,MN,no official OFR-to-CRD identifier in owned extract
BD1003824,BD,FNRA,MN,no official OFR-to-CRD identifier in owned extract
BD0900550,BD,FNRA,MN,no official OFR-to-CRD identifier in owned extract
IA0901636,IA,SEC,MN,no official OFR-to-CRD identifier in owned extract
IA9916486,IA,SEC,CA,no official OFR-to-CRD identifier in owned extract
IA9911826,IA,FLA,FL,no official OFR-to-CRD identifier in owned extract
IA9915673,IA,SEC,FL,no official OFR-to-CRD identifier in owned extract
IA9909408,IA,FLA,MA,no official OFR-to-CRD identifier in owned extract
IA9912162,IA,SEC,IN,no official OFR-to-CRD identifier in owned extract
BD0900570,BD,FNRA,IN,no official OFR-to-CRD identifier in owned extract
IA9916276,IA,SEC,NY,no official OFR-to-CRD identifier in owned extract
BD0900768,BD,FNRA,NY,no official OFR-to-CRD identifier in owned extract
IA0902651,IA,SEC,NY,no official OFR-to-CRD identifier in owned extract
BD1004684,BD,FNRA,CA,no official OFR-to-CRD identifier in owned extract
IA9906353,IA,SEC,WI,no official OFR-to-CRD identifier in owned extract
BD1004616,BD,FNRA,CA,no official OFR-to-CRD identifier in owned extract
IA9917285,IA,SEC,SC,no official OFR-to-CRD identifier in owned extract
IA9915479,IA,SEC,CA,no official OFR-to-CRD identifier in owned extract
IA9914914,IA,FLA,MA,no official OFR-to-CRD identifier in owned extract
IA9903764,IA,SEC,NY,no official OFR-to-CRD identifier in owned extract
IA9915026,IA,SEC,FL,no official OFR-to-CRD identifier in owned extract
BD1003372,BD,FNRA,NY,no official OFR-to-CRD identifier in owned extract
IA9916648,IA,FLA,NY,no official OFR-to-CRD identifier in owned extract
IA0900686,IA,SEC,IL,no official OFR-to-CRD identifier in owned extract
IA9914311,IA,SEC,NC,no official OFR-to-CRD identifier in owned extract
IA0902654,IA,SEC,PA,no official OFR-to-CRD identifier in owned extract
IA0901289,IA,SEC,CO,no official OFR-to-CRD identifier in owned extract
IA0903549,IA,SEC,NJ,no official OFR-to-CRD identifier in owned extract
IA9905799,IA,SEC,FL,no official OFR-to-CRD identifier in owned extract
BD1004166,BD,FNRA,GA,no official OFR-to-CRD identifier in owned extract
IA9915960,IA,FLA,FL,no official OFR-to-CRD identifier in owned extract
BD0901967,BD,FNRA,NY,no official OFR-to-CRD identifier in owned extract
IA0901429,IA,SEC,NY,no official OFR-to-CRD identifier in owned extract
BD0900863,BD,FNRA,NY,no official OFR-to-CRD identifier in owned extract
IA9915432,IA,SEC,MA,no official OFR-to-CRD identifier in owned extract
IA9913166,IA,SEC,IL,no official OFR-to-CRD identifier in owned extract
BD0901320,BD,FNRA,FL,no official OFR-to-CRD identifier in owned extract
IA9906212,IA,SEC,FL,no official OFR-to-CRD identifier in owned extract
IA9912341,IA,FLA,IN,no official OFR-to-CRD identifier in owned extract
IA0900414,IA,SEC,FL,no official OFR-to-CRD identifier in owned extract
IA9917173,IA,FLA,TX,no official OFR-to-CRD identifier in owned extract
IA9911775,IA,FLA,FL,no official OFR-to-CRD identifier in owned extract
IA9911202,IA,SEC,NM,no official OFR-to-CRD identifier in owned extract
IA9909518,IA,SEC,NY,no official OFR-to-CRD identifier in owned extract
BD1004422,BD,FNRA,NY,no official OFR-to-CRD identifier in owned extract
IA9917390,IA,SEC,IN,no official OFR-to-CRD identifier in owned extract
BD1004817,BD,FNRA,NY,no official OFR-to-CRD identifier in owned extract
IA9914331,IA,SEC,TX,no official OFR-to-CRD identifier in owned extract
BD1003818,BD,FNRA,TX,no official OFR-to-CRD identifier in owned extract
IA9912635,IA,SEC,WI,no official OFR-to-CRD identifier in owned extract
IA9904066,IA,FLA,CT,no official OFR-to-CRD identifier in owned extract
IA9915403,IA,SEC,NY,no official OFR-to-CRD identifier in owned extract
BD0902057,BD,FNRA,IL,no official OFR-to-CRD identifier in owned extract
IA9917791,IA,SEC,IN,no official OFR-to-CRD identifier in owned extract
IA9915168,IA,FLA,FL,no official OFR-to-CRD identifier in owned extract
IA9912897,IA,SEC,TX,no official OFR-to-CRD identifier in owned extract
IA0901473,IA,SEC,NJ,no official OFR-to-CRD identifier in owned extract
IA9908450,IA,FLA,FL,no official OFR-to-CRD identifier in owned extract
IA9914688,IA,SEC,FL,no official OFR-to-CRD identifier in owned extract
IA9910714,IA,SEC,FL,no official OFR-to-CRD identifier in owned extract
IA9912592,IA,SEC,TX,no official OFR-to-CRD identifier in owned extract
IA9917765,IA,SEC,CA,no official OFR-to-CRD identifier in owned extract
IA9916818,IA,SEC,AR,no official OFR-to-CRD identifier in owned extract
BD1004681,BD,FNRA,NY,no official OFR-to-CRD identifier in owned extract
BD1004276,BD,FNRA,CT,no official OFR-to-CRD identifier in owned extract
IA0900384,IA,SEC,FL,no official OFR-to-CRD identifier in owned extract
BD1003680,BD,FNRA,NC,no official OFR-to-CRD identifier in owned extract
IA0901346,IA,SEC,NY,no official OFR-to-CRD identifier in owned extract
BD0900724,BD,FNRA,NY,no official OFR-to-CRD identifier in owned extract
IA9903814,IA,SEC,KY,no official OFR-to-CRD identifier in owned extract
IA9916506,IA,SEC,FL,no official OFR-to-CRD identifier in owned extract
IA9907823,IA,SEC,FL,no official OFR-to-CRD identifier in owned extract
IA0901145,IA,SEC,NJ,no official OFR-to-CRD identifier in owned extract
IA9917649,IA,SEC,FL,no official OFR-to-CRD identifier in owned extract
IA9913745,IA,FLA,FL,no official OFR-to-CRD identifier in owned extract
IA9910050,IA,SEC,TX,no official OFR-to-CRD identifier in owned extract
IA9917592,IA,SEC,NC,no official OFR-to-CRD identifier in owned extract
IA0900547,IA,SEC,OK,no official OFR-to-CRD identifier in owned extract
IA9917483,IA,SEC,FL,no official OFR-to-CRD identifier in owned extract
IA9910471,IA,SEC,CT,no official OFR-to-CRD identifier in owned extract
BD1003672,BD,FNRA,CA,no official OFR-to-CRD identifier in owned extract
IA9917877,IA,FLA,NC,no official OFR-to-CRD identifier in owned extract
IA9915482,IA,SEC,NC,no official OFR-to-CRD identifier in owned extract
IA9916259,IA,SEC,WI,no official OFR-to-CRD identifier in owned extract
BD1004139,BD,FNRA,NJ,no official OFR-to-CRD identifier in owned extract
IA9915214,IA,FLA,FL,no official OFR-to-CRD identifier in owned extract
IA9916018,IA,FLA,FL,no official OFR-to-CRD identifier in owned extract
IA9917439,IA,SEC,NE,no official OFR-to-CRD identifier in owned extract
IA9907207,IA,SEC,MD,no official OFR-to-CRD identifier in owned extract
IA9916896,IA,SEC,CA,no official OFR-to-CRD identifier in owned extract
IA0904055,IA,SEC,KS,no official OFR-to-CRD identifier in owned extract
IA0902883,IA,SEC,NY,no official OFR-to-CRD identifier in owned extract
IA9914953,IA,FLA,NY,no official OFR-to-CRD identifier in owned extract
IA9906071,IA,SEC,IL,no official OFR-to-CRD identifier in owned extract
IA9908970,IA,FLA,FL,no official OFR-to-CRD identifier in owned extract
IA0904304,IA,SEC,AZ,no official OFR-to-CRD identifier in owned extract
IA9906974,IA,SEC,NY,no official OFR-to-CRD identifier in owned extract
IA9913100,IA,SEC,NC,no official OFR-to-CRD identifier in owned extract
IA9909949,IA,SEC,FL,no official OFR-to-CRD identifier in owned extract
IA9916843,IA,FLA,NC,no official OFR-to-CRD identifier in owned extract
IA0901329,IA,SEC,VA,no official OFR-to-CRD identifier in owned extract
BD0900904,BD,FNRA,OH,no official OFR-to-CRD identifier in owned extract
IA9915128,IA,SEC,FL,no official OFR-to-CRD identifier in owned extract
BD1003296,BD,FNRA,CT,no official OFR-to-CRD identifier in owned extract
IA0902260,IA,SEC,PA,no official OFR-to-CRD identifier in owned extract
IA9910673,IA,SEC,WI,no official OFR-to-CRD identifier in owned extract
IA9912164,IA,SEC,PA,no official OFR-to-CRD identifier in owned extract
BD1003413,BD,FNRA,NY,no official OFR-to-CRD identifier in owned extract
IA9917710,IA,SEC,PA,no official OFR-to-CRD identifier in owned extract
IA9909852,IA,SEC,IL,no official OFR-to-CRD identifier in owned extract
IA9906720,IA,SEC,CA,no official OFR-to-CRD identifier in owned extract
IA0903969,IA,SEC,CO,no official OFR-to-CRD identifier in owned extract
IA9909640,IA,SEC,NC,no official OFR-to-CRD identifier in owned extract
IA9915752,IA,SEC,KY,no official OFR-to-CRD identifier in owned extract
IA9917215,IA,SEC,GA,no official OFR-to-CRD identifier in owned extract
IA9910367,IA,SEC,UT,no official OFR-to-CRD identifier in owned extract
BD0902655,BD,FNRA,TX,no official OFR-to-CRD identifier in owned extract
BD0900162,BD,FNRA,NY,no official OFR-to-CRD identifier in owned extract
BD1003730,BD,FNRA,TX,no official OFR-to-CRD identifier in owned extract
IA9910293,IA,SEC,IL,no official OFR-to-CRD identifier in owned extract
BD0902861,BD,FNRA,TX,no official OFR-to-CRD identifier in owned extract
IA9911288,IA,SEC,OR,no official OFR-to-CRD identifier in owned extract
IA9917656,IA,SEC,MA,no official OFR-to-CRD identifier in owned extract
IA9907344,IA,FLA,IL,no official OFR-to-CRD identifier in owned extract
IA9913673,IA,SEC,WY,no official OFR-to-CRD identifier in owned extract
BD1004746,BD,FNRA,TN,no official OFR-to-CRD identifier in owned extract
BD0901569,BD,FNRA,FL,no official OFR-to-CRD identifier in owned extract
BD1003778,BD,FNRA,FL,no official OFR-to-CRD identifier in owned extract
IA9907819,IA,SEC,GA,no official OFR-to-CRD identifier in owned extract
BD0901764,BD,FNRA,GA,no official OFR-to-CRD identifier in owned extract
BD1004647,BD,FNRA,NY,no official OFR-to-CRD identifier in owned extract
BD0901192,BD,FNRA,FL,no official OFR-to-CRD identifier in owned extract
BD0901522,BD,FNRA,NY,no official OFR-to-CRD identifier in owned extract
IA9917662,IA,SEC,NY,no official OFR-to-CRD identifier in owned extract
BD0901964,BD,FNRA,NY,no official OFR-to-CRD identifier in owned extract
BD0902616,BD,FNRA,NY,no official OFR-to-CRD identifier in owned extract
IA9915736,IA,SEC,IN,no official OFR-to-CRD identifier in owned extract
IA9910215,IA,SEC,WA,no official OFR-to-CRD identifier in owned extract
BD1003911,BD,FNRA,NY,no official OFR-to-CRD identifier in owned extract
BD1003551,BD,FNRA,NC,no official OFR-to-CRD identifier in owned extract
IA9914653,IA,FLA,FL,no official OFR-to-CRD identifier in owned extract
BD0901785,BD,FNRA,NY,no official OFR-to-CRD identifier in owned extract
IA0903670,IA,SEC,MN,no official OFR-to-CRD identifier in owned extract
BD0901824,BD,FNRA,GA,no official OFR-to-CRD identifier in owned extract
IA9917507,IA,SEC,FL,no official OFR-to-CRD identifier in owned extract
IA9910555,IA,SEC,AZ,no official OFR-to-CRD identifier in owned extract
IA9916741,IA,FLA,FL,no official OFR-to-CRD identifier in owned extract
IA0902491,IA,SEC,CA,no official OFR-to-CRD identifier in owned extract
IA9911465,IA,SEC,NJ,no official OFR-to-CRD identifier in owned extract
BD0901602,BD,FNRA,CO,no official OFR-to-CRD identifier in owned extract
BD0900426,BD,FNRA,PA,no official OFR-to-CRD identifier in owned extract
IA0901781,IA,SEC,PA,no official OFR-to-CRD identifier in owned extract
BD0900984,BD,FNRA,NY,no official OFR-to-CRD identifier in owned extract
IA9906489,IA,SEC,NY,no official OFR-to-CRD identifier in owned extract
IA9909835,IA,SEC,NY,no official OFR-to-CRD identifier in owned extract
IA9914749,IA,SEC,TX,no official OFR-to-CRD identifier in owned extract
IA9910799,IA,SEC,NJ,no official OFR-to-CRD identifier in owned extract
IA9917691,IA,SEC,CA,no official OFR-to-CRD identifier in owned extract
IA9910055,IA,SEC,AZ,no official OFR-to-CRD identifier in owned extract
BD1004632,BD,FNRA,UT,no official OFR-to-CRD identifier in owned extract
BD1004261,BD,FNRA,FL,no official OFR-to-CRD identifier in owned extract
IA9915666,IA,FLA,FL,no official OFR-to-CRD identifier in owned extract
IA0903474,IA,SEC,NJ,no official OFR-to-CRD identifier in owned extract
IA9913172,IA,SEC,MA,no official OFR-to-CRD identifier in owned extract
IA9904629,IA,FLA,FL,no official OFR-to-CRD identifier in owned extract
IA9906846,IA,SEC,PA,no official OFR-to-CRD identifier in owned extract
BD1004639,BD,FNRA,TX,no official OFR-to-CRD identifier in owned extract
IA9906326,IA,SEC,FL,no official OFR-to-CRD identifier in owned extract
IA9917484,IA,SEC,AZ,no official OFR-to-CRD identifier in owned extract
BD1004403,BD,FNRA,CA,no official OFR-to-CRD identifier in owned extract
IA9906430,IA,SEC,PA,no official OFR-to-CRD identifier in owned extract
IA9910789,IA,SEC,AZ,no official OFR-to-CRD identifier in owned extract
IA9904367,IA,SEC,AZ,no official OFR-to-CRD identifier in owned extract
IA9915429,IA,SEC,FL,no official OFR-to-CRD identifier in owned extract
IA9913456,IA,SEC,FL,no official OFR-to-CRD identifier in owned extract
IA9914102,IA,FLA,MI,no official OFR-to-CRD identifier in owned extract
IA9917337,IA,SEC,CA,no official OFR-to-CRD identifier in owned extract
IA9915955,IA,FLA,OH,no official OFR-to-CRD identifier in owned extract
IA9911444,IA,FLA,PA,no official OFR-to-CRD identifier in owned extract
BD1004674,BD,FNRA,UT,no official OFR-to-CRD identifier in owned extract
IA9916853,IA,SEC,MA,no official OFR-to-CRD identifier in owned extract
IA9917769,IA,SEC,NC,no official OFR-to-CRD identifier in owned extract
IA9912695,IA,SEC,CO,no official OFR-to-CRD identifier in owned extract
BD0901326,BD,FNRA,NY,no official OFR-to-CRD identifier in owned extract
IA9915281,IA,SEC,KS,no official OFR-to-CRD identifier in owned extract
IA9915282,IA,SEC,CA,no official OFR-to-CRD identifier in owned extract
IA9911424,IA,SEC,NY,no official OFR-to-CRD identifier in owned extract
IA9906530,IA,SEC,NC,no official OFR-to-CRD identifier in owned extract
IA9917440,IA,SEC,NY,no official OFR-to-CRD identifier in owned extract
IA9916264,IA,SEC,MD,no official OFR-to-CRD identifier in owned extract
IA9909739,IA,SEC,NE,no official OFR-to-CRD identifier in owned extract
IA9917123,IA,SEC,PA,no official OFR-to-CRD identifier in owned extract
IA9904009,IA,FLA,NY,no official OFR-to-CRD identifier in owned extract
BD0901757,BD,FNRA,NY,no official OFR-to-CRD identifier in owned extract
IA9914216,IA,SEC,IL,no official OFR-to-CRD identifier in owned extract
IA9917736,IA,FLA,FL,no official OFR-to-CRD identifier in owned extract
IA9907646,IA,SEC,MA,no official OFR-to-CRD identifier in owned extract
IA9917346,IA,SEC,FL,no official OFR-to-CRD identifier in owned extract
IA9908076,IA,SEC,CA,no official OFR-to-CRD identifier in owned extract
IA9914092,IA,FLA,FL,no official OFR-to-CRD identifier in owned extract
IA9915377,IA,SEC,FL,no official OFR-to-CRD identifier in owned extract
IA9916362,IA,SEC,TX,no official OFR-to-CRD identifier in owned extract
IA9908774,IA,SEC,TX,no official OFR-to-CRD identifier in owned extract
IA9906779,IA,SEC,MO,no official OFR-to-CRD identifier in owned extract
IA9911786,IA,SEC,PA,no official OFR-to-CRD identifier in owned extract
BD0902807,BD,FNRA,FL,no official OFR-to-CRD identifier in owned extract
IA9916640,IA,SEC,FL,no official OFR-to-CRD identifier in owned extract
BD0901762,BD,FNRA,NY,no official OFR-to-CRD identifier in owned extract
IA9912608,IA,SEC,OK,no official OFR-to-CRD identifier in owned extract
BD0902740,BD,FNRA,CA,no official OFR-to-CRD identifier in owned extract
IA9914312,IA,SEC,AZ,no official OFR-to-CRD identifier in owned extract
IA9917018,IA,SEC,MD,no official OFR-to-CRD identifier in owned extract
IA9914904,IA,SEC,MD,no official OFR-to-CRD identifier in owned extract
BD1003837,BD,FNRA,MA,no official OFR-to-CRD identifier in owned extract
IA9908222,IA,SEC,CO,no official OFR-to-CRD identifier in owned extract
IA9911989,IA,FLA,FL,no official OFR-to-CRD identifier in owned extract
IA9910467,IA,SEC,KS,no official OFR-to-CRD identifier in owned extract
IA9917873,IA,SEC,AZ,no official OFR-to-CRD identifier in owned extract
IA9905483,IA,SEC,FL,no official OFR-to-CRD identifier in owned extract
IA9909989,IA,SEC,CT,no official OFR-to-CRD identifier in owned extract
IA9917531,IA,SEC,MN,no official OFR-to-CRD identifier in owned extract
IA9911445,IA,SEC,NY,no official OFR-to-CRD identifier in owned extract
IA9917796,IA,FLA,FL,no official OFR-to-CRD identifier in owned extract
IA9910407,IA,SEC,OR,no official OFR-to-CRD identifier in owned extract
IA9916487,IA,SEC,FL,no official OFR-to-CRD identifier in owned extract
BD0900669,BD,FNRA,NY,no official OFR-to-CRD identifier in owned extract
IA9906015,IA,SEC,NY,no official OFR-to-CRD identifier in owned extract
IA9917005,IA,SEC,MI,no official OFR-to-CRD identifier in owned extract
IA9914113,IA,SEC,ID,no official OFR-to-CRD identifier in owned extract
IA9910321,IA,FLA,FL,no official OFR-to-CRD identifier in owned extract
IA9912314,IA,SEC,CA,no official OFR-to-CRD identifier in owned extract
IA9909139,IA,SEC,TX,no official OFR-to-CRD identifier in owned extract
IA9917360,IA,FLA,FL,no official OFR-to-CRD identifier in owned extract
IA9909487,IA,SEC,OR,no official OFR-to-CRD identifier in owned extract
IA9914129,IA,SEC,MN,no official OFR-to-CRD identifier in owned extract
IA9914242,IA,SEC,FL,no official OFR-to-CRD identifier in owned extract
IA9910183,IA,SEC,OH,no official OFR-to-CRD identifier in owned extract
IA9913685,IA,SEC,OH,no official OFR-to-CRD identifier in owned extract
IA9914277,IA,SEC,TX,no official OFR-to-CRD identifier in owned extract
IA9913944,IA,SEC,MO,no official OFR-to-CRD identifier in owned extract
IA0902038,IA,SEC,OH,no official OFR-to-CRD identifier in owned extract
IA9906478,IA,FLA,FL,no official OFR-to-CRD identifier in owned extract
IA9915706,IA,FLA,FL,no official OFR-to-CRD identifier in owned extract
IA0901183,IA,FLA,FL,no official OFR-to-CRD identifier in owned extract
IA9910326,IA,SEC,AL,no official OFR-to-CRD identifier in owned extract
IA9908463,IA,SEC,GA,no official OFR-to-CRD identifier in owned extract
BD0900494,BD,FNRA,GA,no official OFR-to-CRD identifier in owned extract
BD0900369,BD,FNRA,GA,no official OFR-to-CRD identifier in owned extract
IA9907558,IA,SEC,NY,no official OFR-to-CRD identifier in owned extract
IA0901570,IA,SEC,MD,no official OFR-to-CRD identifier in owned extract
IA9913959,IA,SEC,MI,no official OFR-to-CRD identifier in owned extract
IA9904254,IA,SEC,AL,no official OFR-to-CRD identifier in owned extract
IA0904163,IA,SEC,TX,no official OFR-to-CRD identifier in owned extract
IA9916489,IA,SEC,FL,no official OFR-to-CRD identifier in owned extract
BD0901999,BD,FNRA,TN,no official OFR-to-CRD identifier in owned extract
IA0902488,IA,SEC,PA,no official OFR-to-CRD identifier in owned extract
BD0901058,BD,FNRA,PA,no official OFR-to-CRD identifier in owned extract
IA9909151,IA,FLA,NC,no official OFR-to-CRD identifier in owned extract
IA9912001,IA,SEC,FL,no official OFR-to-CRD identifier in owned extract
IA9909559,IA,SEC,FL,no official OFR-to-CRD identifier in owned extract
IA0901061,IA,SEC,NY,no official OFR-to-CRD identifier in owned extract
IA9914193,IA,SEC,TX,no official OFR-to-CRD identifier in owned extract
IA9907802,IA,SEC,IL,no official OFR-to-CRD identifier in owned extract
IA9911293,IA,SEC,OH,no official OFR-to-CRD identifier in owned extract
IA9916137,IA,SEC,NY,no official OFR-to-CRD identifier in owned extract
IA9905862,IA,FLA,FL,no official OFR-to-CRD identifier in owned extract
IA0903525,IA,SEC,NJ,no official OFR-to-CRD identifier in owned extract
IA9915427,IA,SEC,AZ,no official OFR-to-CRD identifier in owned extract
IA0903617,IA,SEC,NY,no official OFR-to-CRD identifier in owned extract
IA9908385,IA,SEC,CO,no official OFR-to-CRD identifier in owned extract
IA9912117,IA,SEC,AL,no official OFR-to-CRD identifier in owned extract
IA9910229,IA,FLA,FL,no official OFR-to-CRD identifier in owned extract
IA9911525,IA,SEC,OH,no official OFR-to-CRD identifier in owned extract
IA9905474,IA,SEC,CT,no official OFR-to-CRD identifier in owned extract
BD1004054,BD,FNRA,FL,no official OFR-to-CRD identifier in owned extract
IA9914194,IA,SEC,MD,no official OFR-to-CRD identifier in owned extract
IA0903445,IA,SEC,VA,no official OFR-to-CRD identifier in owned extract
BD0902891,BD,FNRA,MA,no official OFR-to-CRD identifier in owned extract
IA9916746,IA,SEC,OK,no official OFR-to-CRD identifier in owned extract
IA9917249,IA,SEC,CT,no official OFR-to-CRD identifier in owned extract
IA9912104,IA,SEC,WA,no official OFR-to-CRD identifier in owned extract
IA9906607,IA,SEC,,no official OFR-to-CRD identifier in owned extract
IA9914768,IA,SEC,TX,no official OFR-to-CRD identifier in owned extract
IA9914938,IA,SEC,FL,no official OFR-to-CRD identifier in owned extract
IA9910979,IA,FLA,FL,no official OFR-to-CRD identifier in owned extract
IA9910878,IA,SEC,MD,no official OFR-to-CRD identifier in owned extract
IA9917865,IA,FLA,MA,no official OFR-to-CRD identifier in owned extract
IA9917190,IA,SEC,CT,no official OFR-to-CRD identifier in owned extract
IA9917216,IA,SEC,IA,no official OFR-to-CRD identifier in owned extract
IA9917706,IA,SEC,ID,no official OFR-to-CRD identifier in owned extract
IA0901813,IA,SEC,CT,no official OFR-to-CRD identifier in owned extract
IA9911122,IA,SEC,MA,no official OFR-to-CRD identifier in owned extract
IA9910939,IA,FLA,SC,no official OFR-to-CRD identifier in owned extract
IA9909764,IA,FLA,CT,no official OFR-to-CRD identifier in owned extract
IA9910477,IA,SEC,NY,no official OFR-to-CRD identifier in owned extract
BD0902926,BD,FNRA,IL,no official OFR-to-CRD identifier in owned extract
IA9913547,IA,SEC,MA,no official OFR-to-CRD identifier in owned extract
IA9915433,IA,SEC,MA,no official OFR-to-CRD identifier in owned extract
IA9917777,IA,SEC,CT,no official OFR-to-CRD identifier in owned extract
IA9914222,IA,FLA,FL,no official OFR-to-CRD identifier in owned extract
IA9912315,IA,SEC,NY,no official OFR-to-CRD identifier in owned extract
IA9915333,IA,SEC,NY,no official OFR-to-CRD identifier in owned extract
IA9914195,IA,SEC,KS,no official OFR-to-CRD identifier in owned extract
IA9914624,IA,SEC,TX,no official OFR-to-CRD identifier in owned extract
IA9917058,IA,SEC,FL,no official OFR-to-CRD identifier in owned extract
IA9916363,IA,SEC,FL,no official OFR-to-CRD identifier in owned extract
BD1004700,BD,FNRA,NJ,no official OFR-to-CRD identifier in owned extract
BD1004384,BD,FNRA,NJ,no official OFR-to-CRD identifier in owned extract
BD0900236,BD,FNRA,MA,no official OFR-to-CRD identifier in owned extract
IA9915867,IA,SEC,MA,no official OFR-to-CRD identifier in owned extract
IA9905780,IA,FLA,VA,no official OFR-to-CRD identifier in owned extract
BD0901091,BD,FNRA,MN,no official OFR-to-CRD identifier in owned extract
IA9904291,IA,SEC,MN,no official OFR-to-CRD identifier in owned extract
IA0901431,IA,SEC,MN,no official OFR-to-CRD identifier in owned extract
BD0900657,BD,FNRA,MN,no official OFR-to-CRD identifier in owned extract
IA9909519,IA,SEC,TX,no official OFR-to-CRD identifier in owned extract
IA9915056,IA,SEC,FL,no official OFR-to-CRD identifier in owned extract
BD0901727,BD,FNRA,GA,no official OFR-to-CRD identifier in owned extract
IA9913398,IA,SEC,MO,no official OFR-to-CRD identifier in owned extract
IA9917067,IA,SEC,FL,no official OFR-to-CRD identifier in owned extract
BD0902103,BD,FNRA,NY,no official OFR-to-CRD identifier in owned extract
BD1003130,BD,FNRA,NY,no official OFR-to-CRD identifier in owned extract
IA9917340,IA,SEC,NY,no official OFR-to-CRD identifier in owned extract
IA0901458,IA,SEC,NY,no official OFR-to-CRD identifier in owned extract
BD0900215,BD,FNRA,NY,no official OFR-to-CRD identifier in owned extract
BD0900163,BD,FNRA,NJ,no official OFR-to-CRD identifier in owned extract
IA0901719,IA,SEC,NJ,no official OFR-to-CRD identifier in owned extract
BD0901343,BD,FNRA,CT,no official OFR-to-CRD identifier in owned extract
BD0900819,BD,FNRA,NY,no official OFR-to-CRD identifier in owned extract
IA9909074,IA,SEC,FL,no official OFR-to-CRD identifier in owned extract
BD1003840,BD,FNRA,FL,no official OFR-to-CRD identifier in owned extract
IA9912210,IA,SEC,FL,no official OFR-to-CRD identifier in owned extract
IA0902259,IA,SEC,FL,no official OFR-to-CRD identifier in owned extract
IA9909976,IA,SEC,IL,no official OFR-to-CRD identifier in owned extract
BD0901697,BD,FNRA,IL,no official OFR-to-CRD identifier in owned extract
IA9917553,IA,SEC,MI,no official OFR-to-CRD identifier in owned extract
IA9905414,IA,SEC,MN,no official OFR-to-CRD identifier in owned extract
IA0900434,IA,SEC,NY,no official OFR-to-CRD identifier in owned extract
IA9912947,IA,SEC,FL,no official OFR-to-CRD identifier in owned extract
IA9914468,IA,SEC,NM,no official OFR-to-CRD identifier in owned extract
IA9914516,IA,FLA,VA,no official OFR-to-CRD identifier in owned extract
BD0901825,BD,FNRA,OH,no official OFR-to-CRD identifier in owned extract
BD0900576,BD,FNRA,MO,no official OFR-to-CRD identifier in owned extract
IA9903828,IA,SEC,MO,no official OFR-to-CRD identifier in owned extract
IA9917441,IA,SEC,MO,no official OFR-to-CRD identifier in owned extract
BD1004047,BD,FNRA,CT,no official OFR-to-CRD identifier in owned extract
IA9914659,IA,SEC,,no official OFR-to-CRD identifier in owned extract
IA9911429,IA,SEC,WI,no official OFR-to-CRD identifier in owned extract
IA9913115,IA,FLA,FL,no official OFR-to-CRD identifier in owned extract
IA9911533,IA,SEC,WY,no official OFR-to-CRD identifier in owned extract
BD1004387,BD,FNRA,WY,no official OFR-to-CRD identifier in owned extract
IA9915990,IA,SEC,FL,no official OFR-to-CRD identifier in owned extract
IA9915737,IA,SEC,FL,no official OFR-to-CRD identifier in owned extract
IA9908838,IA,SEC,FL,no official OFR-to-CRD identifier in owned extract
BD0902934,BD,FNRA,AZ,no official OFR-to-CRD identifier in owned extract
IA9912470,IA,SEC,AZ,no official OFR-to-CRD identifier in owned extract
IA9917050,IA,FLA,FL,no official OFR-to-CRD identifier in owned extract
BD1004177,BD,FNRA,CA,no official OFR-to-CRD identifier in owned extract
IA9905378,IA,SEC,WI,no official OFR-to-CRD identifier in owned extract
IA9914136,IA,SEC,IL,no official OFR-to-CRD identifier in owned extract
IA9912043,IA,SEC,FL,no official OFR-to-CRD identifier in owned extract
IA9909162,IA,SEC,FL,no official OFR-to-CRD identifier in owned extract
IA9915334,IA,SEC,OH,no official OFR-to-CRD identifier in owned extract
IA9910276,IA,SEC,FL,no official OFR-to-CRD identifier in owned extract
IA0900923,IA,SEC,NY,no official OFR-to-CRD identifier in owned extract
IA9905265,IA,SEC,NY,no official OFR-to-CRD identifier in owned extract
BD0901330,BD,FNRA,WV,no official OFR-to-CRD identifier in owned extract
IA9907493,IA,SEC,WV,no official OFR-to-CRD identifier in owned extract
IA0902733,IA,SEC,TX,no official OFR-to-CRD identifier in owned extract
IA9911956,IA,SEC,KS,no official OFR-to-CRD identifier in owned extract
BD0901300,BD,FNRA,FL,no official OFR-to-CRD identifier in owned extract
IA9910021,IA,SEC,NY,no official OFR-to-CRD identifier in owned extract
BD0900586,BD,FNRA,AZ,no official OFR-to-CRD identifier in owned extract
IA0901808,IA,SEC,AZ,no official OFR-to-CRD identifier in owned extract
IA9911676,IA,SEC,VA,no official OFR-to-CRD identifier in owned extract
IA9916914,IA,SEC,CO,no official OFR-to-CRD identifier in owned extract
IA9907018,IA,SEC,FL,no official OFR-to-CRD identifier in owned extract
IA9913857,IA,SEC,MO,no official OFR-to-CRD identifier in owned extract
BD1004225,BD,FNRA,NY,no official OFR-to-CRD identifier in owned extract
IA0902970,IA,SEC,FL,no official OFR-to-CRD identifier in owned extract
IA9909464,IA,FLA,NC,no official OFR-to-CRD identifier in owned extract
IA9916033,IA,FLA,FL,no official OFR-to-CRD identifier in owned extract
IA9915213,IA,SEC,MI,no official OFR-to-CRD identifier in owned extract
BD0902071,BD,FNRA,NY,no official OFR-to-CRD identifier in owned extract
BD1004335,BD,FNRA,CA,no official OFR-to-CRD identifier in owned extract
IA9913785,IA,SEC,IL,no official OFR-to-CRD identifier in owned extract
IA9914608,IA,FLA,CA,no official OFR-to-CRD identifier in owned extract
IA9915846,IA,SEC,TX,no official OFR-to-CRD identifier in owned extract
IA9917562,IA,SEC,FL,no official OFR-to-CRD identifier in owned extract
IA9913600,IA,SEC,CA,no official OFR-to-CRD identifier in owned extract
BD1004568,BD,FNRA,CA,no official OFR-to-CRD identifier in owned extract
IA9917565,IA,FLA,CA,no official OFR-to-CRD identifier in owned extract
BD1004206,BD,FNRA,NY,no official OFR-to-CRD identifier in owned extract
IA9908465,IA,SEC,MI,no official OFR-to-CRD identifier in owned extract
IA0903360,IA,SEC,MI,no official OFR-to-CRD identifier in owned extract
BD0901812,BD,FNRA,MI,no official OFR-to-CRD identifier in owned extract
IA0903708,IA,SEC,MI,no official OFR-to-CRD identifier in owned extract
BD0900164,BD,FNRA,TX,no official OFR-to-CRD identifier in owned extract
IA9913815,IA,SEC,TX,no official OFR-to-CRD identifier in owned extract
IA9906787,IA,SEC,MN,no official OFR-to-CRD identifier in owned extract
BD0901787,BD,FNRA,TX,no official OFR-to-CRD identifier in owned extract
IA0901172,IA,SEC,CT,no official OFR-to-CRD identifier in owned extract
BD0901467,BD,FNRA,CT,no official OFR-to-CRD identifier in owned extract
IA9911575,IA,SEC,CT,no official OFR-to-CRD identifier in owned extract
BD1004790,BD,FNRA,NY,no official OFR-to-CRD identifier in owned extract
BD0902068,BD,FNRA,TX,no official OFR-to-CRD identifier in owned extract
BD1004565,BD,FNRA,NY,no official OFR-to-CRD identifier in owned extract
BD1004378,BD,FNRA,TN,no official OFR-to-CRD identifier in owned extract
IA9910819,IA,SEC,FL,no official OFR-to-CRD identifier in owned extract
IA9917577,IA,SEC,FL,no official OFR-to-CRD identifier in owned extract
IA9911746,IA,SEC,FL,no official OFR-to-CRD identifier in owned extract
IA9907694,IA,SEC,PA,no official OFR-to-CRD identifier in owned extract
IA9916747,IA,FLA,CO,no official OFR-to-CRD identifier in owned extract
IA9915093,IA,FLA,,no official OFR-to-CRD identifier in owned extract
IA0903011,IA,SEC,IN,no official OFR-to-CRD identifier in owned extract
IA9908842,IA,SEC,IA,no official OFR-to-CRD identifier in owned extract
BD0901385,BD,FNRA,TX,no official OFR-to-CRD identifier in owned extract
IA0901879,IA,SEC,TX,no official OFR-to-CRD identifier in owned extract
IA0901949,IA,SEC,NY,no official OFR-to-CRD identifier in owned extract
BD1003432,BD,FNRA,NY,no official OFR-to-CRD identifier in owned extract
IA9917485,IA,SEC,CA,no official OFR-to-CRD identifier in owned extract
IA9914948,IA,FLA,FL,no official OFR-to-CRD identifier in owned extract
IA9912390,IA,SEC,PA,no official OFR-to-CRD identifier in owned extract
BD0901853,BD,FNRA,NY,no official OFR-to-CRD identifier in owned extract
IA9910138,IA,SEC,NY,no official OFR-to-CRD identifier in owned extract
IA9908763,IA,SEC,PA,no official OFR-to-CRD identifier in owned extract
IA0903849,IA,SEC,PA,no official OFR-to-CRD identifier in owned extract
BD0901243,BD,FNRA,PA,no official OFR-to-CRD identifier in owned extract
IA9917056,IA,FLA,MI,no official OFR-to-CRD identifier in owned extract
IA9906981,IA,SEC,VA,no official OFR-to-CRD identifier in owned extract
IA9906131,IA,SEC,NJ,no official OFR-to-CRD identifier in owned extract
IA9909980,IA,SEC,CA,no official OFR-to-CRD identifier in owned extract
IA0901120,IA,SEC,OH,no official OFR-to-CRD identifier in owned extract
BD0901256,BD,FNRA,OH,no official OFR-to-CRD identifier in owned extract
IA9916525,IA,FLA,FL,no official OFR-to-CRD identifier in owned extract
IA9909040,IA,SEC,FL,no official OFR-to-CRD identifier in owned extract
BD1003003,BD,FNRA,FL,no official OFR-to-CRD identifier in owned extract
IA9916093,IA,SEC,TN,no official OFR-to-CRD identifier in owned extract
IA9915239,IA,FLA,PA,no official OFR-to-CRD identifier in owned extract
IA9914175,IA,SEC,IL,no official OFR-to-CRD identifier in owned extract
IA9915022,IA,FLA,DC,no official OFR-to-CRD identifier in owned extract
IA9917573,IA,FLA,FL,no official OFR-to-CRD identifier in owned extract
IA9915691,IA,FLA,FL,no official OFR-to-CRD identifier in owned extract
IA9911454,IA,SEC,NH,no official OFR-to-CRD identifier in owned extract
IA9912103,IA,SEC,MN,no official OFR-to-CRD identifier in owned extract
IA9915758,IA,SEC,TN,no official OFR-to-CRD identifier in owned extract
IA9917276,IA,SEC,NY,no official OFR-to-CRD identifier in owned extract
IA9907902,IA,FLA,FL,no official OFR-to-CRD identifier in owned extract
IA9907443,IA,SEC,TN,no official OFR-to-CRD identifier in owned extract
IA9910838,IA,SEC,MD,no official OFR-to-CRD identifier in owned extract
IA9910437,IA,SEC,NY,no official OFR-to-CRD identifier in owned extract
IA9905222,IA,SEC,MI,no official OFR-to-CRD identifier in owned extract
IA9915406,IA,FLA,PA,no official OFR-to-CRD identifier in owned extract
IA9908379,IA,SEC,OH,no official OFR-to-CRD identifier in owned extract
BD0902084,BD,FNRA,MN,no official OFR-to-CRD identifier in owned extract
IA9917752,IA,SEC,MN,no official OFR-to-CRD identifier in owned extract
IA0901045,IA,SEC,TX,no official OFR-to-CRD identifier in owned extract
IA9910655,IA,SEC,NY,no official OFR-to-CRD identifier in owned extract
IA0900910,IA,SEC,NY,no official OFR-to-CRD identifier in owned extract
BD0900621,BD,FNRA,NY,no official OFR-to-CRD identifier in owned extract
IA9904851,IA,SEC,CA,no official OFR-to-CRD identifier in owned extract
IA9909334,IA,SEC,KY,no official OFR-to-CRD identifier in owned extract
IA9917721,IA,SEC,OH,no official OFR-to-CRD identifier in owned extract
IA9913399,IA,SEC,CA,no official OFR-to-CRD identifier in owned extract
IA9917051,IA,FLA,FL,no official OFR-to-CRD identifier in owned extract
IA9913967,IA,FLA,NY,no official OFR-to-CRD identifier in owned extract
IA9917687,IA,SEC,WV,no official OFR-to-CRD identifier in owned extract
BD0902044,BD,FNRA,NY,no official OFR-to-CRD identifier in owned extract
IA9914547,IA,SEC,MI,no official OFR-to-CRD identifier in owned extract
IA0900831,IA,SEC,PA,no official OFR-to-CRD identifier in owned extract
IA9908693,IA,SEC,CO,no official OFR-to-CRD identifier in owned extract
BD0900218,BD,FNRA,PA,no official OFR-to-CRD identifier in owned extract
IA9917442,IA,SEC,CA,no official OFR-to-CRD identifier in owned extract
IA9917602,IA,SEC,NY,no official OFR-to-CRD identifier in owned extract
IA0903106,IA,SEC,OH,no official OFR-to-CRD identifier in owned extract
IA9913869,IA,SEC,IL,no official OFR-to-CRD identifier in owned extract
IA9908540,IA,FLA,FL,no official OFR-to-CRD identifier in owned extract
IA9913457,IA,SEC,NY,no official OFR-to-CRD identifier in owned extract
IA9917341,IA,SEC,OH,no official OFR-to-CRD identifier in owned extract
BD1003617,BD,FNRA,CA,no official OFR-to-CRD identifier in owned extract
IA9916227,IA,FLA,FL,no official OFR-to-CRD identifier in owned extract
IA9917708,IA,FLA,FL,no official OFR-to-CRD identifier in owned extract
BD0902285,BD,FNRA,SD,no official OFR-to-CRD identifier in owned extract
IA9909733,IA,SEC,VA,no official OFR-to-CRD identifier in owned extract
IA9913775,IA,FLA,FL,no official OFR-to-CRD identifier in owned extract
IA9914119,IA,SEC,CO,no official OFR-to-CRD identifier in owned extract
BD1004066,BD,FNRA,FL,no official OFR-to-CRD identifier in owned extract
IA9913012,IA,SEC,NJ,no official OFR-to-CRD identifier in owned extract
IA0901026,IA,SEC,TX,no official OFR-to-CRD identifier in owned extract
IA9917324,IA,SEC,PA,no official OFR-to-CRD identifier in owned extract
IA9910558,IA,SEC,OH,no official OFR-to-CRD identifier in owned extract
BD0901179,BD,FNRA,NJ,no official OFR-to-CRD identifier in owned extract
IA9914612,IA,SEC,MO,no official OFR-to-CRD identifier in owned extract
IA9912289,IA,SEC,NY,no official OFR-to-CRD identifier in owned extract
BD0902910,BD,FNRA,NY,no official OFR-to-CRD identifier in owned extract
IA9914847,IA,SEC,FL,no official OFR-to-CRD identifier in owned extract
IA9916656,IA,SEC,NY,no official OFR-to-CRD identifier in owned extract
IA9915025,IA,FLA,FL,no official OFR-to-CRD identifier in owned extract
IA9911421,IA,SEC,PA,no official OFR-to-CRD identifier in owned extract
IA9911669,IA,SEC,OH,no official OFR-to-CRD identifier in owned extract
BD0901583,BD,FNRA,VA,no official OFR-to-CRD identifier in owned extract
BD1004802,BD,FNRA,IL,no official OFR-to-CRD identifier in owned extract
BD1004209,BD,FNRA,NY,no official OFR-to-CRD identifier in owned extract
BD1004248,BD,FNRA,NJ,no official OFR-to-CRD identifier in owned extract
BD1004367,BD,FNRA,TN,no official OFR-to-CRD identifier in owned extract
BD1004107,BD,FNRA,FL,no official OFR-to-CRD identifier in owned extract
IA9910199,IA,SEC,FL,no official OFR-to-CRD identifier in owned extract
IA9911982,IA,SEC,PA,no official OFR-to-CRD identifier in owned extract
IA9908947,IA,SEC,,no official OFR-to-CRD identifier in owned extract
IA9910404,IA,FLA,IL,no official OFR-to-CRD identifier in owned extract
IA9910483,IA,SEC,,no official OFR-to-CRD identifier in owned extract
BD0900058,BD,CAN,99,no official OFR-to-CRD identifier in owned extract
IA9910836,IA,SEC,OH,no official OFR-to-CRD identifier in owned extract
IA9916290,IA,FLA,FL,no official OFR-to-CRD identifier in owned extract
IA9910851,IA,FLA,FL,no official OFR-to-CRD identifier in owned extract
IA9910906,IA,SEC,TX,no official OFR-to-CRD identifier in owned extract
IA9910867,IA,SEC,GA,no official OFR-to-CRD identifier in owned extract
IA9917165,IA,SEC,FL,no official OFR-to-CRD identifier in owned extract
IA9908305,IA,SEC,MI,no official OFR-to-CRD identifier in owned extract
IA9909217,IA,SEC,MD,no official OFR-to-CRD identifier in owned extract
IA9916705,IA,SEC,,no official OFR-to-CRD identifier in owned extract
IA9917372,IA,SEC,PA,no official OFR-to-CRD identifier in owned extract
IA9915631,IA,FLA,FL,no official OFR-to-CRD identifier in owned extract
IA0903603,IA,SEC,CA,no official OFR-to-CRD identifier in owned extract
IA9913548,IA,SEC,GA,no official OFR-to-CRD identifier in owned extract
BD1004627,BD,FNRA,NY,no official OFR-to-CRD identifier in owned extract
IA9915068,IA,FLA,WI,no official OFR-to-CRD identifier in owned extract
IA9917598,IA,FLA,TN,no official OFR-to-CRD identifier in owned extract
IA9917756,IA,SEC,RI,no official OFR-to-CRD identifier in owned extract
IA9911975,IA,SEC,SC,no official OFR-to-CRD identifier in owned extract
IA9905260,IA,SEC,NC,no official OFR-to-CRD identifier in owned extract
IA9914392,IA,SEC,PA,no official OFR-to-CRD identifier in owned extract
IA9913466,IA,SEC,IL,no official OFR-to-CRD identifier in owned extract
IA9908513,IA,SEC,MN,no official OFR-to-CRD identifier in owned extract
IA9909824,IA,SEC,CA,no official OFR-to-CRD identifier in owned extract
IA9914071,IA,FLA,FL,no official OFR-to-CRD identifier in owned extract
IA9917141,IA,FLA,FL,no official OFR-to-CRD identifier in owned extract
IA9910207,IA,FLA,TX,no official OFR-to-CRD identifier in owned extract
IA9917037,IA,SEC,AZ,no official OFR-to-CRD identifier in owned extract
IA9914469,IA,SEC,IL,no official OFR-to-CRD identifier in owned extract
IA9916452,IA,SEC,IL,no official OFR-to-CRD identifier in owned extract
IA9917353,IA,SEC,MI,no official OFR-to-CRD identifier in owned extract
IA9914682,IA,SEC,NC,no official OFR-to-CRD identifier in owned extract
IA9907468,IA,SEC,AZ,no official OFR-to-CRD identifier in owned extract
IA0901993,IA,SEC,VA,no official OFR-to-CRD identifier in owned extract
IA9916403,IA,SEC,NY,no official OFR-to-CRD identifier in owned extract
IA9906314,IA,FLA,FL,no official OFR-to-CRD identifier in owned extract
IA9917128,IA,SEC,VA,no official OFR-to-CRD identifier in owned extract
IA9910164,IA,SEC,FL,no official OFR-to-CRD identifier in owned extract
BD0901976,BD,FNRA,MO,no official OFR-to-CRD identifier in owned extract
BD1004407,BD,FNRA,AL,no official OFR-to-CRD identifier in owned extract
IA9913246,IA,SEC,IL,no official OFR-to-CRD identifier in owned extract
IA0902058,IA,SEC,NJ,no official OFR-to-CRD identifier in owned extract
IA9909584,IA,SEC,IN,no official OFR-to-CRD identifier in owned extract
IA9911161,IA,SEC,MN,no official OFR-to-CRD identifier in owned extract
IA9913054,IA,SEC,IL,no official OFR-to-CRD identifier in owned extract
BD1004645,BD,FNRA,FL,no official OFR-to-CRD identifier in owned extract
IA9907308,IA,SEC,WI,no official OFR-to-CRD identifier in owned extract
IA9913003,IA,SEC,FL,no official OFR-to-CRD identifier in owned extract
IA9916099,IA,SEC,NY,no official OFR-to-CRD identifier in owned extract
IA9909428,IA,FLA,FL,no official OFR-to-CRD identifier in owned extract
IA9912411,IA,FLA,MI,no official OFR-to-CRD identifier in owned extract
IA9917822,IA,FLA,FL,no official OFR-to-CRD identifier in owned extract
BD1004512,BD,FNRA,CA,no official OFR-to-CRD identifier in owned extract
IA9913930,IA,SEC,IL,no official OFR-to-CRD identifier in owned extract
IA9915452,IA,SEC,PA,no official OFR-to-CRD identifier in owned extract
IA9915256,IA,SEC,KS,no official OFR-to-CRD identifier in owned extract
IA9913549,IA,SEC,NY,no official OFR-to-CRD identifier in owned extract
BD1004281,BD,FNRA,,no official OFR-to-CRD identifier in owned extract
IA9910727,IA,FLA,FL,no official OFR-to-CRD identifier in owned extract
IA9915335,IA,SEC,NJ,no official OFR-to-CRD identifier in owned extract
IA0900575,IA,SEC,TX,no official OFR-to-CRD identifier in owned extract
BD0902329,BD,FNRA,OH,no official OFR-to-CRD identifier in owned extract
IA9916895,IA,SEC,TX,no official OFR-to-CRD identifier in owned extract
IA9917114,IA,FLA,FL,no official OFR-to-CRD identifier in owned extract
IA9912511,IA,SEC,FL,no official OFR-to-CRD identifier in owned extract
IA0901499,IA,SEC,PA,no official OFR-to-CRD identifier in owned extract
IA9916218,IA,FLA,FL,no official OFR-to-CRD identifier in owned extract
IA9914728,IA,SEC,GA,no official OFR-to-CRD identifier in owned extract
BD1004631,BD,FNRA,NY,no official OFR-to-CRD identifier in owned extract
IA0903576,IA,SEC,TX,no official OFR-to-CRD identifier in owned extract
BD0901670,BD,FNRA,FL,no official OFR-to-CRD identifier in owned extract
IA9914147,IA,SEC,FL,no official OFR-to-CRD identifier in owned extract
BD1004133,BD,FNRA,PA,no official OFR-to-CRD identifier in owned extract
IA9916615,IA,FLA,FL,no official OFR-to-CRD identifier in owned extract
IA9910262,IA,FLA,CT,no official OFR-to-CRD identifier in owned extract
IA9911995,IA,FLA,FL,no official OFR-to-CRD identifier in owned extract
IA9914980,IA,SEC,MI,no official OFR-to-CRD identifier in owned extract
IA9913716,IA,SEC,CA,no official OFR-to-CRD identifier in owned extract
IA9916649,IA,SEC,FL,no official OFR-to-CRD identifier in owned extract
IA9905441,IA,FLA,FL,no official OFR-to-CRD identifier in owned extract
IA9907435,IA,FLA,VA,no official OFR-to-CRD identifier in owned extract
IA9912165,IA,SEC,VA,no official OFR-to-CRD identifier in owned extract
IA0902124,IA,FLA,FL,no official OFR-to-CRD identifier in owned extract
BD1003201,BD,FNRA,NY,no official OFR-to-CRD identifier in owned extract
IA9907105,IA,SEC,TN,no official OFR-to-CRD identifier in owned extract
IA0900892,IA,SEC,CT,no official OFR-to-CRD identifier in owned extract
BD1004102,BD,FNRA,CT,no official OFR-to-CRD identifier in owned extract
IA9914082,IA,SEC,FL,no official OFR-to-CRD identifier in owned extract
IA0904052,IA,SEC,CT,no official OFR-to-CRD identifier in owned extract
IA9915945,IA,SEC,NY,no official OFR-to-CRD identifier in owned extract
IA9912317,IA,SEC,NY,no official OFR-to-CRD identifier in owned extract
BD1004141,BD,FNRA,AZ,no official OFR-to-CRD identifier in owned extract
BD0901807,BD,FNRA,CT,no official OFR-to-CRD identifier in owned extract
IA9908677,IA,SEC,MI,no official OFR-to-CRD identifier in owned extract
IA9916621,IA,SEC,OH,no official OFR-to-CRD identifier in owned extract
BD0902964,BD,FNRA,CT,no official OFR-to-CRD identifier in owned extract
IA0901553,IA,SEC,CT,no official OFR-to-CRD identifier in owned extract
IA9914217,IA,SEC,FL,no official OFR-to-CRD identifier in owned extract
IA9913921,IA,SEC,NJ,no official OFR-to-CRD identifier in owned extract
IA9914551,IA,FLA,MI,no official OFR-to-CRD identifier in owned extract
IA9904504,IA,SEC,AZ,no official OFR-to-CRD identifier in owned extract
IA9914536,IA,SEC,TN,no official OFR-to-CRD identifier in owned extract
IA9907200,IA,SEC,MO,no official OFR-to-CRD identifier in owned extract
BD1004785,BD,FNRA,NY,no official OFR-to-CRD identifier in owned extract
IA9913351,IA,SEC,MO,no official OFR-to-CRD identifier in owned extract
IA9909712,IA,SEC,PA,no official OFR-to-CRD identifier in owned extract
IA9915051,IA,SEC,IN,no official OFR-to-CRD identifier in owned extract
IA9909628,IA,SEC,OK,no official OFR-to-CRD identifier in owned extract
BD1004114,BD,FNRA,CA,no official OFR-to-CRD identifier in owned extract
IA9915180,IA,FLA,MA,no official OFR-to-CRD identifier in owned extract
BD1004364,BD,FNRA,CO,no official OFR-to-CRD identifier in owned extract
IA9911553,IA,FLA,FL,no official OFR-to-CRD identifier in owned extract
IA9915400,IA,FLA,IA,no official OFR-to-CRD identifier in owned extract
IA9917112,IA,SEC,IL,no official OFR-to-CRD identifier in owned extract
IA9914637,IA,SEC,FL,no official OFR-to-CRD identifier in owned extract
IA9911532,IA,SEC,FL,no official OFR-to-CRD identifier in owned extract
IA9907281,IA,FLA,FL,no official OFR-to-CRD identifier in owned extract
IA9914615,IA,SEC,FL,no official OFR-to-CRD identifier in owned extract
IA9917693,IA,FLA,FL,no official OFR-to-CRD identifier in owned extract
BD1004018,BD,FNRA,NY,no official OFR-to-CRD identifier in owned extract
IA0902342,IA,FLA,WI,no official OFR-to-CRD identifier in owned extract
IA9915378,IA,SEC,FL,no official OFR-to-CRD identifier in owned extract
IA9908626,IA,FLA,CA,no official OFR-to-CRD identifier in owned extract
IA0901665,IA,SEC,NY,no official OFR-to-CRD identifier in owned extract
IA0902493,IA,SEC,,no official OFR-to-CRD identifier in owned extract
IA9917510,IA,SEC,NY,no official OFR-to-CRD identifier in owned extract
BD0900199,BD,FNRA,CT,no official OFR-to-CRD identifier in owned extract
IA0901732,IA,SEC,CT,no official OFR-to-CRD identifier in owned extract
BD0900997,BD,FNRA,CT,no official OFR-to-CRD identifier in owned extract
IA0902382,IA,SEC,NY,no official OFR-to-CRD identifier in owned extract
BD0901212,BD,FNRA,CT,no official OFR-to-CRD identifier in owned extract
IA0901914,IA,SEC,CT,no official OFR-to-CRD identifier in owned extract
IA9916404,IA,SEC,NY,no official OFR-to-CRD identifier in owned extract
BD0900143,BD,FNRA,CT,no official OFR-to-CRD identifier in owned extract
IA9907800,IA,SEC,MN,no official OFR-to-CRD identifier in owned extract
BD0901966,BD,FNRA,FL,no official OFR-to-CRD identifier in owned extract
IA9909646,IA,FLA,FL,no official OFR-to-CRD identifier in owned extract
IA9912542,IA,SEC,MD,no official OFR-to-CRD identifier in owned extract
IA9913060,IA,SEC,FL,no official OFR-to-CRD identifier in owned extract
IA9906365,IA,SEC,AL,no official OFR-to-CRD identifier in owned extract
IA9908053,IA,FLA,KS,no official OFR-to-CRD identifier in owned extract
IA9907897,IA,SEC,NY,no official OFR-to-CRD identifier in owned extract
IA9914355,IA,SEC,TN,no official OFR-to-CRD identifier in owned extract
IA9916001,IA,FLA,FL,no official OFR-to-CRD identifier in owned extract
BD1003727,BD,FNRA,FL,no official OFR-to-CRD identifier in owned extract
BD0902802,BD,FNRA,CT,no official OFR-to-CRD identifier in owned extract
IA9916568,IA,SEC,OH,no official OFR-to-CRD identifier in owned extract
BD0900392,BD,FNRA,OH,no official OFR-to-CRD identifier in owned extract
IA9910489,IA,SEC,OH,no official OFR-to-CRD identifier in owned extract
IA0901816,IA,SEC,NJ,no official OFR-to-CRD identifier in owned extract
IA9906083,IA,FLA,FL,no official OFR-to-CRD identifier in owned extract
IA9910995,IA,FLA,GA,no official OFR-to-CRD identifier in owned extract
IA0901381,IA,SEC,FL,no official OFR-to-CRD identifier in owned extract
IA9906838,IA,SEC,NY,no official OFR-to-CRD identifier in owned extract
IA9909229,IA,FLA,FL,no official OFR-to-CRD identifier in owned extract
IA0902510,IA,SEC,,no official OFR-to-CRD identifier in owned extract
IA0902056,IA,SEC,IN,no official OFR-to-CRD identifier in owned extract
BD0900957,BD,FNRA,DC,no official OFR-to-CRD identifier in owned extract
IA9916165,IA,SEC,MN,no official OFR-to-CRD identifier in owned extract
IA9916989,IA,SEC,WA,no official OFR-to-CRD identifier in owned extract
IA9908655,IA,SEC,CO,no official OFR-to-CRD identifier in owned extract
IA9909789,IA,SEC,CA,no official OFR-to-CRD identifier in owned extract
IA9915735,IA,SEC,PA,no official OFR-to-CRD identifier in owned extract
IA9909086,IA,SEC,NY,no official OFR-to-CRD identifier in owned extract
IA0902026,IA,SEC,MA,no official OFR-to-CRD identifier in owned extract
IA9917158,IA,FLA,GA,no official OFR-to-CRD identifier in owned extract
IA9912407,IA,FLA,FL,no official OFR-to-CRD identifier in owned extract
IA9906251,IA,SEC,PA,no official OFR-to-CRD identifier in owned extract
IA9915587,IA,FLA,OH,no official OFR-to-CRD identifier in owned extract
IA9917596,IA,FLA,MA,no official OFR-to-CRD identifier in owned extract
IA9911959,IA,SEC,MO,no official OFR-to-CRD identifier in owned extract
IA9912133,IA,SEC,KY,no official OFR-to-CRD identifier in owned extract
IA9912166,IA,SEC,WI,no official OFR-to-CRD identifier in owned extract
BD0900312,BD,FNRA,NY,no official OFR-to-CRD identifier in owned extract
IA9912102,IA,SEC,TX,no official OFR-to-CRD identifier in owned extract
IA9917239,IA,SEC,IL,no official OFR-to-CRD identifier in owned extract
IA9914470,IA,SEC,KY,no official OFR-to-CRD identifier in owned extract
BD0903077,BD,FNRA,FL,no official OFR-to-CRD identifier in owned extract
IA9910666,IA,SEC,IL,no official OFR-to-CRD identifier in owned extract
IA9905338,IA,SEC,OH,no official OFR-to-CRD identifier in owned extract
IA0903439,IA,SEC,IN,no official OFR-to-CRD identifier in owned extract
BD1003194,BD,FNRA,GA,no official OFR-to-CRD identifier in owned extract
IA9917243,IA,SEC,NY,no official OFR-to-CRD identifier in owned extract
IA9914199,IA,SEC,FL,no official OFR-to-CRD identifier in owned extract
IA9906270,IA,SEC,FL,no official OFR-to-CRD identifier in owned extract
IA0901081,IA,FLA,FL,no official OFR-to-CRD identifier in owned extract
IA9916241,IA,SEC,PA,no official OFR-to-CRD identifier in owned extract
IA9914963,IA,SEC,IN,no official OFR-to-CRD identifier in owned extract
BD0902872,BD,FNRA,NY,no official OFR-to-CRD identifier in owned extract
IA9911733,IA,FLA,FL,no official OFR-to-CRD identifier in owned extract
IA9917281,IA,FLA,WA,no official OFR-to-CRD identifier in owned extract
IA9915569,IA,SEC,AL,no official OFR-to-CRD identifier in owned extract
IA0902250,IA,FLA,FL,no official OFR-to-CRD identifier in owned extract
BD1004015,BD,FNRA,AZ,no official OFR-to-CRD identifier in owned extract
IA9914143,IA,SEC,OK,no official OFR-to-CRD identifier in owned extract
IA9909483,IA,SEC,MD,no official OFR-to-CRD identifier in owned extract
IA9916716,IA,SEC,CT,no official OFR-to-CRD identifier in owned extract
IA9917386,IA,SEC,SC,no official OFR-to-CRD identifier in owned extract
IA9910893,IA,SEC,FL,no official OFR-to-CRD identifier in owned extract
IA9913807,IA,SEC,FL,no official OFR-to-CRD identifier in owned extract
IA9916265,IA,SEC,TX,no official OFR-to-CRD identifier in owned extract
IA9909999,IA,FLA,FL,no official OFR-to-CRD identifier in owned extract
IA0900552,IA,SEC,UT,no official OFR-to-CRD identifier in owned extract
IA9909907,IA,SEC,FL,no official OFR-to-CRD identifier in owned extract
IA9911499,IA,SEC,MI,no official OFR-to-CRD identifier in owned extract
IA9909025,IA,SEC,NJ,no official OFR-to-CRD identifier in owned extract
IA9917735,IA,SEC,MA,no official OFR-to-CRD identifier in owned extract
IA9913205,IA,SEC,DC,no official OFR-to-CRD identifier in owned extract
IA9912033,IA,FLA,NH,no official OFR-to-CRD identifier in owned extract
BD0901808,BD,FNRA,MD,no official OFR-to-CRD identifier in owned extract
IA0901038,IA,SEC,MA,no official OFR-to-CRD identifier in owned extract
IA9905488,IA,SEC,FL,no official OFR-to-CRD identifier in owned extract
IA9909652,IA,SEC,NY,no official OFR-to-CRD identifier in owned extract
BD0900101,BD,FNRA,TX,no official OFR-to-CRD identifier in owned extract
IA9911131,IA,SEC,KS,no official OFR-to-CRD identifier in owned extract
IA9917124,IA,SEC,TX,no official OFR-to-CRD identifier in owned extract
BD1003646,BD,FNRA,NJ,no official OFR-to-CRD identifier in owned extract
IA9908423,IA,FLA,WA,no official OFR-to-CRD identifier in owned extract
IA0901841,IA,SEC,LA,no official OFR-to-CRD identifier in owned extract
IA9915390,IA,SEC,IL,no official OFR-to-CRD identifier in owned extract
IA9916368,IA,FLA,FL,no official OFR-to-CRD identifier in owned extract
IA9912417,IA,FLA,FL,no official OFR-to-CRD identifier in owned extract
IA9914544,IA,SEC,FL,no official OFR-to-CRD identifier in owned extract
IA9914139,IA,SEC,AZ,no official OFR-to-CRD identifier in owned extract
BD1003552,BD,FNRA,TN,no official OFR-to-CRD identifier in owned extract
BD0901448,BD,FNRA,CA,no official OFR-to-CRD identifier in owned extract
IA0903455,IA,SEC,AL,no official OFR-to-CRD identifier in owned extract
IA9916965,IA,FLA,OH,no official OFR-to-CRD identifier in owned extract
IA9917344,IA,SEC,KY,no official OFR-to-CRD identifier in owned extract
IA9912318,IA,SEC,KY,no official OFR-to-CRD identifier in owned extract
IA9917744,IA,FLA,CT,no official OFR-to-CRD identifier in owned extract
IA9913458,IA,SEC,GA,no official OFR-to-CRD identifier in owned extract
IA9911084,IA,SEC,MD,no official OFR-to-CRD identifier in owned extract
IA9915655,IA,SEC,FL,no official OFR-to-CRD identifier in owned extract
IA9916968,IA,SEC,WA,no official OFR-to-CRD identifier in owned extract
BD0902026,BD,FNRA,NJ,no official OFR-to-CRD identifier in owned extract
IA0900509,IA,SEC,MD,no official OFR-to-CRD identifier in owned extract
IA0900634,IA,SEC,NJ,no official OFR-to-CRD identifier in owned extract
IA9914712,IA,FLA,FL,no official OFR-to-CRD identifier in owned extract
IA9908242,IA,SEC,NV,no official OFR-to-CRD identifier in owned extract
IA0902268,IA,SEC,CA,no official OFR-to-CRD identifier in owned extract
IA9911479,IA,SEC,WI,no official OFR-to-CRD identifier in owned extract
BD1004271,BD,FNRA,WI,no official OFR-to-CRD identifier in owned extract
IA0903874,IA,FLA,FL,no official OFR-to-CRD identifier in owned extract
IA9912933,IA,FLA,FL,no official OFR-to-CRD identifier in owned extract
IA9914134,IA,SEC,NE,no official OFR-to-CRD identifier in owned extract
IA9914537,IA,SEC,IA,no official OFR-to-CRD identifier in owned extract
IA9905555,IA,SEC,FL,no official OFR-to-CRD identifier in owned extract
IA9915546,IA,SEC,OH,no official OFR-to-CRD identifier in owned extract
IA9909400,IA,SEC,IN,no official OFR-to-CRD identifier in owned extract
IA9909493,IA,SEC,KS,no official OFR-to-CRD identifier in owned extract
IA9910114,IA,SEC,CA,no official OFR-to-CRD identifier in owned extract
IA0903226,IA,SEC,FL,no official OFR-to-CRD identifier in owned extract
IA9917730,IA,SEC,NY,no official OFR-to-CRD identifier in owned extract
IA9912789,IA,FLA,FL,no official OFR-to-CRD identifier in owned extract
IA9914259,IA,SEC,NY,no official OFR-to-CRD identifier in owned extract
IA0903279,IA,SEC,OH,no official OFR-to-CRD identifier in owned extract
IA9912585,IA,SEC,MA,no official OFR-to-CRD identifier in owned extract
IA0901515,IA,SEC,MN,no official OFR-to-CRD identifier in owned extract
BD0902451,BD,FNRA,MN,no official OFR-to-CRD identifier in owned extract
IA9905814,IA,FLA,FL,no official OFR-to-CRD identifier in owned extract
BD1004654,BD,FNRA,NJ,no official OFR-to-CRD identifier in owned extract
IA9910823,IA,FLA,MO,no official OFR-to-CRD identifier in owned extract
IA9907048,IA,SEC,SC,no official OFR-to-CRD identifier in owned extract
IA9910178,IA,FLA,FL,no official OFR-to-CRD identifier in owned extract
IA9908545,IA,SEC,NJ,no official OFR-to-CRD identifier in owned extract
IA9911529,IA,SEC,FL,no official OFR-to-CRD identifier in owned extract
IA9916618,IA,SEC,,no official OFR-to-CRD identifier in owned extract
IA9915568,IA,SEC,CT,no official OFR-to-CRD identifier in owned extract
IA0903784,IA,SEC,NE,no official OFR-to-CRD identifier in owned extract
IA9912101,IA,SEC,AZ,no official OFR-to-CRD identifier in owned extract
IA0902824,IA,SEC,RI,no official OFR-to-CRD identifier in owned extract
IA9905704,IA,FLA,FL,no official OFR-to-CRD identifier in owned extract
IA9915379,IA,SEC,AZ,no official OFR-to-CRD identifier in owned extract
IA9911354,IA,SEC,PA,no official OFR-to-CRD identifier in owned extract
IA9917129,IA,SEC,PA,no official OFR-to-CRD identifier in owned extract
IA9909414,IA,FLA,FL,no official OFR-to-CRD identifier in owned extract
IA9908388,IA,SEC,TN,no official OFR-to-CRD identifier in owned extract
IA9911141,IA,SEC,FL,no official OFR-to-CRD identifier in owned extract
IA9910895,IA,SEC,NJ,no official OFR-to-CRD identifier in owned extract
IA9913914,IA,SEC,GA,no official OFR-to-CRD identifier in owned extract
IA9909768,IA,SEC,,no official OFR-to-CRD identifier in owned extract
IA9913033,IA,SEC,CA,no official OFR-to-CRD identifier in owned extract
IA9916887,IA,FLA,FL,no official OFR-to-CRD identifier in owned extract
IA9907737,IA,SEC,CO,no official OFR-to-CRD identifier in owned extract
IA9907269,IA,FLA,FL,no official OFR-to-CRD identifier in owned extract
IA9910674,IA,SEC,OH,no official OFR-to-CRD identifier in owned extract
IA9908186,IA,SEC,PA,no official OFR-to-CRD identifier in owned extract
IA0901416,IA,SEC,VA,no official OFR-to-CRD identifier in owned extract
IA9915813,IA,SEC,PA,no official OFR-to-CRD identifier in owned extract
IA9910541,IA,SEC,RI,no official OFR-to-CRD identifier in owned extract
IA9910970,IA,SEC,VA,no official OFR-to-CRD identifier in owned extract
IA9916286,IA,FLA,FL,no official OFR-to-CRD identifier in owned extract
IA9912666,IA,SEC,PA,no official OFR-to-CRD identifier in owned extract
BD1004745,BD,FNRA,VA,no official OFR-to-CRD identifier in owned extract
BD1003204,BD,FNRA,VA,no official OFR-to-CRD identifier in owned extract
IA9904160,IA,SEC,CA,no official OFR-to-CRD identifier in owned extract
BD1003146,BD,FNRA,CA,no official OFR-to-CRD identifier in owned extract
IA9911194,IA,FLA,FL,no official OFR-to-CRD identifier in owned extract
IA9917264,IA,SEC,FL,no official OFR-to-CRD identifier in owned extract
IA0902957,IA,SEC,LA,no official OFR-to-CRD identifier in owned extract
IA9917719,IA,SEC,NY,no official OFR-to-CRD identifier in owned extract
IA9916433,IA,SEC,PA,no official OFR-to-CRD identifier in owned extract
IA9912346,IA,SEC,KY,no official OFR-to-CRD identifier in owned extract
IA9912406,IA,SEC,NE,no official OFR-to-CRD identifier in owned extract
IA9911129,IA,SEC,NE,no official OFR-to-CRD identifier in owned extract
IA9912167,IA,SEC,MD,no official OFR-to-CRD identifier in owned extract
IA9915824,IA,SEC,NC,no official OFR-to-CRD identifier in owned extract
IA0902332,IA,SEC,NY,no official OFR-to-CRD identifier in owned extract
IA0903211,IA,SEC,OH,no official OFR-to-CRD identifier in owned extract
IA9906796,IA,SEC,NC,no official OFR-to-CRD identifier in owned extract
IA9915731,IA,SEC,MI,no official OFR-to-CRD identifier in owned extract
IA9910210,IA,SEC,IA,no official OFR-to-CRD identifier in owned extract
IA0900759,IA,SEC,NY,no official OFR-to-CRD identifier in owned extract
IA9906444,IA,SEC,CA,no official OFR-to-CRD identifier in owned extract
IA9911690,IA,SEC,NY,no official OFR-to-CRD identifier in owned extract
IA9908386,IA,SEC,TX,no official OFR-to-CRD identifier in owned extract
IA9913469,IA,SEC,VA,no official OFR-to-CRD identifier in owned extract
IA9907483,IA,SEC,FL,no official OFR-to-CRD identifier in owned extract
IA0903893,IA,SEC,PA,no official OFR-to-CRD identifier in owned extract
IA9910465,IA,SEC,NY,no official OFR-to-CRD identifier in owned extract
IA9917692,IA,SEC,FL,no official OFR-to-CRD identifier in owned extract
IA9911416,IA,SEC,MA,no official OFR-to-CRD identifier in owned extract
IA9911672,IA,SEC,FL,no official OFR-to-CRD identifier in owned extract
IA9913206,IA,SEC,NY,no official OFR-to-CRD identifier in owned extract
IA9912168,IA,SEC,CA,no official OFR-to-CRD identifier in owned extract
IA9912374,IA,SEC,FL,no official OFR-to-CRD identifier in owned extract
IA9908453,IA,SEC,TN,no official OFR-to-CRD identifier in owned extract
IA9909119,IA,SEC,GA,no official OFR-to-CRD identifier in owned extract
IA9909322,IA,SEC,CA,no official OFR-to-CRD identifier in owned extract
IA9913550,IA,SEC,MN,no official OFR-to-CRD identifier in owned extract
IA9916922,IA,SEC,NY,no official OFR-to-CRD identifier in owned extract
IA9905052,IA,SEC,,no official OFR-to-CRD identifier in owned extract
IA9909809,IA,SEC,MA,no official OFR-to-CRD identifier in owned extract
IA9916210,IA,SEC,SC,no official OFR-to-CRD identifier in owned extract
IA9914602,IA,SEC,FL,no official OFR-to-CRD identifier in owned extract
BD1004070,BD,FNRA,NY,no official OFR-to-CRD identifier in owned extract
BD1004635,BD,FNRA,NY,no official OFR-to-CRD identifier in owned extract
BD0900267,BD,FNRA,CA,no official OFR-to-CRD identifier in owned extract
IA0903309,IA,SEC,CA,no official OFR-to-CRD identifier in owned extract
IA0900375,IA,SEC,NC,no official OFR-to-CRD identifier in owned extract
IA0901819,IA,SEC,MO,no official OFR-to-CRD identifier in owned extract
IA9912705,IA,SEC,PA,no official OFR-to-CRD identifier in owned extract
IA9911842,IA,SEC,NY,no official OFR-to-CRD identifier in owned extract
IA0902579,IA,SEC,PA,no official OFR-to-CRD identifier in owned extract
BD1003746,BD,FNRA,CO,no official OFR-to-CRD identifier in owned extract
IA9914966,IA,SEC,WA,no official OFR-to-CRD identifier in owned extract
IA9915142,IA,SEC,FL,no official OFR-to-CRD identifier in owned extract
BD0900477,BD,FNRA,NE,no official OFR-to-CRD identifier in owned extract
BD0901552,BD,FNRA,IA,no official OFR-to-CRD identifier in owned extract
IA9914859,IA,SEC,IA,no official OFR-to-CRD identifier in owned extract
IA0901513,IA,SEC,MA,no official OFR-to-CRD identifier in owned extract
IA9915075,IA,SEC,CO,no official OFR-to-CRD identifier in owned extract
BD0902781,BD,FNRA,FL,no official OFR-to-CRD identifier in owned extract
IA9915618,IA,SEC,FL,no official OFR-to-CRD identifier in owned extract
IA9907408,IA,SEC,MI,no official OFR-to-CRD identifier in owned extract
IA0903662,IA,SEC,NH,no official OFR-to-CRD identifier in owned extract
BD1004649,BD,FNRA,MA,no official OFR-to-CRD identifier in owned extract
BD0901219,BD,FNRA,NY,no official OFR-to-CRD identifier in owned extract
IA9909007,IA,FLA,PA,no official OFR-to-CRD identifier in owned extract
IA0901593,IA,SEC,VA,no official OFR-to-CRD identifier in owned extract
BD1003152,BD,FNRA,MA,no official OFR-to-CRD identifier in owned extract
IA0900245,IA,SEC,MA,no official OFR-to-CRD identifier in owned extract
BD1002997,BD,FNRA,NY,no official OFR-to-CRD identifier in owned extract
IA9904272,IA,SEC,NY,no official OFR-to-CRD identifier in owned extract
IA9904273,IA,SEC,NY,no official OFR-to-CRD identifier in owned extract
BD1004827,BD,CAN,MB,no official OFR-to-CRD identifier in owned extract
BD1004696,BD,CAN,MB,no official OFR-to-CRD identifier in owned extract
IA9913234,IA,SEC,,no official OFR-to-CRD identifier in owned extract
BD0900411,BD,FNRA,MO,no official OFR-to-CRD identifier in owned extract
IA0901779,IA,SEC,MO,no official OFR-to-CRD identifier in owned extract
BD0900687,BD,FNRA,MO,no official OFR-to-CRD identifier in owned extract
IA0901822,IA,SEC,MO,no official OFR-to-CRD identifier in owned extract
IA9909061,IA,SEC,NC,no official OFR-to-CRD identifier in owned extract
BD0902607,BD,FNRA,CA,no official OFR-to-CRD identifier in owned extract
BD0902238,BD,FNRA,NC,no official OFR-to-CRD identifier in owned extract
IA9910809,IA,SEC,MA,no official OFR-to-CRD identifier in owned extract
IA9904071,IA,FLA,FL,no official OFR-to-CRD identifier in owned extract
IA9905938,IA,SEC,FL,no official OFR-to-CRD identifier in owned extract
IA0900914,IA,FLA,FL,no official OFR-to-CRD identifier in owned extract
IA9916889,IA,SEC,NY,no official OFR-to-CRD identifier in owned extract
IA0903438,IA,SEC,OH,no official OFR-to-CRD identifier in owned extract
IA9915447,IA,SEC,IL,no official OFR-to-CRD identifier in owned extract
IA9917859,IA,SEC,FL,no official OFR-to-CRD identifier in owned extract
BD1004601,BD,FNRA,NY,no official OFR-to-CRD identifier in owned extract
IA0900507,IA,SEC,NH,no official OFR-to-CRD identifier in owned extract
IA9915725,IA,FLA,FL,no official OFR-to-CRD identifier in owned extract
IA9917297,IA,SEC,CA,no official OFR-to-CRD identifier in owned extract
IA0901278,IA,SEC,FL,no official OFR-to-CRD identifier in owned extract
BD0901566,BD,FNRA,OH,no official OFR-to-CRD identifier in owned extract
IA9912034,IA,SEC,OH,no official OFR-to-CRD identifier in owned extract
IA0901074,IA,SEC,PA,no official OFR-to-CRD identifier in owned extract
IA9913601,IA,SEC,CA,no official OFR-to-CRD identifier in owned extract
IA9911085,IA,SEC,MA,no official OFR-to-CRD identifier in owned extract
IA9917170,IA,SEC,IA,no official OFR-to-CRD identifier in owned extract
IA0902831,IA,SEC,VA,no official OFR-to-CRD identifier in owned extract
IA9908901,IA,SEC,GA,no official OFR-to-CRD identifier in owned extract
IA9915345,IA,FLA,FL,no official OFR-to-CRD identifier in owned extract
IA9913359,IA,FLA,CO,no official OFR-to-CRD identifier in owned extract
IA9912820,IA,SEC,CA,no official OFR-to-CRD identifier in owned extract
IA9903862,IA,SEC,MD,no official OFR-to-CRD identifier in owned extract
IA9917217,IA,SEC,VA,no official OFR-to-CRD identifier in owned extract
IA9912978,IA,FLA,FL,no official OFR-to-CRD identifier in owned extract
BD0902712,BD,FNRA,CT,no official OFR-to-CRD identifier in owned extract
BD1004544,BD,FNRA,NH,no official OFR-to-CRD identifier in owned extract
IA0900654,IA,SEC,NE,no official OFR-to-CRD identifier in owned extract
IA9907846,IA,SEC,NY,no official OFR-to-CRD identifier in owned extract
BD0902153,BD,FNRA,NY,no official OFR-to-CRD identifier in owned extract
IA0902672,IA,SEC,NC,no official OFR-to-CRD identifier in owned extract
IA9916119,IA,SEC,CA,no official OFR-to-CRD identifier in owned extract
IA9907343,IA,FLA,FL,no official OFR-to-CRD identifier in owned extract
IA0903656,IA,SEC,CA,no official OFR-to-CRD identifier in owned extract
IA9908466,IA,SEC,CO,no official OFR-to-CRD identifier in owned extract
IA0904178,IA,SEC,MA,no official OFR-to-CRD identifier in owned extract
IA9908180,IA,SEC,NC,no official OFR-to-CRD identifier in owned extract
IA9910038,IA,SEC,CA,no official OFR-to-CRD identifier in owned extract
IA9916799,IA,FLA,GA,no official OFR-to-CRD identifier in owned extract
IA0901034,IA,SEC,OH,no official OFR-to-CRD identifier in owned extract
BD0900998,BD,FNRA,OH,no official OFR-to-CRD identifier in owned extract
BD1003667,BD,FNRA,TX,no official OFR-to-CRD identifier in owned extract
IA9907291,IA,SEC,CA,no official OFR-to-CRD identifier in owned extract
IA9913043,IA,SEC,DE,no official OFR-to-CRD identifier in owned extract
BD0901745,BD,FNRA,CA,no official OFR-to-CRD identifier in owned extract
IA9908628,IA,SEC,CA,no official OFR-to-CRD identifier in owned extract
IA0902319,IA,SEC,TX,no official OFR-to-CRD identifier in owned extract
IA9917705,IA,SEC,OH,no official OFR-to-CRD identifier in owned extract
BD0901052,BD,FNRA,FL,no official OFR-to-CRD identifier in owned extract
BD1004547,BD,FNRA,NY,no official OFR-to-CRD identifier in owned extract
IA9916365,IA,SEC,CA,no official OFR-to-CRD identifier in owned extract
IA9915336,IA,SEC,CA,no official OFR-to-CRD identifier in owned extract
IA9916159,IA,SEC,NM,no official OFR-to-CRD identifier in owned extract
IA9909375,IA,SEC,TX,no official OFR-to-CRD identifier in owned extract
BD1004675,BD,FNRA,NY,no official OFR-to-CRD identifier in owned extract
IA0901439,IA,SEC,TX,no official OFR-to-CRD identifier in owned extract
IA9911152,IA,SEC,IN,no official OFR-to-CRD identifier in owned extract
IA9907697,IA,SEC,FL,no official OFR-to-CRD identifier in owned extract
IA9914205,IA,SEC,RI,no official OFR-to-CRD identifier in owned extract
IA9907883,IA,FLA,PA,no official OFR-to-CRD identifier in owned extract
IA9916160,IA,SEC,CA,no official OFR-to-CRD identifier in owned extract
IA9911730,IA,SEC,AL,no official OFR-to-CRD identifier in owned extract
BD0901995,BD,FNRA,MA,no official OFR-to-CRD identifier in owned extract
IA9911010,IA,SEC,MA,no official OFR-to-CRD identifier in owned extract
IA9912961,IA,SEC,NV,no official OFR-to-CRD identifier in owned extract
IA0903356,IA,SEC,FL,no official OFR-to-CRD identifier in owned extract
IA9906385,IA,SEC,PA,no official OFR-to-CRD identifier in owned extract
BD1003636,BD,FNRA,CT,no official OFR-to-CRD identifier in owned extract
IA9913551,IA,SEC,PA,no official OFR-to-CRD identifier in owned extract
IA9913687,IA,SEC,MO,no official OFR-to-CRD identifier in owned extract
BD1004366,BD,FNRA,FL,no official OFR-to-CRD identifier in owned extract
IA9911894,IA,SEC,OH,no official OFR-to-CRD identifier in owned extract
IA9906695,IA,SEC,OH,no official OFR-to-CRD identifier in owned extract
IA9911361,IA,SEC,NJ,no official OFR-to-CRD identifier in owned extract
IA9906807,IA,SEC,MA,no official OFR-to-CRD identifier in owned extract
BD0901827,BD,FNRA,FL,no official OFR-to-CRD identifier in owned extract
IA9915814,IA,SEC,NC,no official OFR-to-CRD identifier in owned extract
IA9912320,IA,SEC,CA,no official OFR-to-CRD identifier in owned extract
BD1004120,BD,FNRA,CA,no official OFR-to-CRD identifier in owned extract
IA9907026,IA,SEC,FL,no official OFR-to-CRD identifier in owned extract
IA9907363,IA,SEC,MN,no official OFR-to-CRD identifier in owned extract
IA9905907,IA,SEC,MN,no official OFR-to-CRD identifier in owned extract
IA0901027,IA,SEC,MI,no official OFR-to-CRD identifier in owned extract
IA9915448,IA,SEC,MO,no official OFR-to-CRD identifier in owned extract
IA9912333,IA,SEC,FL,no official OFR-to-CRD identifier in owned extract
IA9914471,IA,SEC,NY,no official OFR-to-CRD identifier in owned extract
IA9916955,IA,SEC,NH,no official OFR-to-CRD identifier in owned extract
BD1004124,BD,FNRA,FL,no official OFR-to-CRD identifier in owned extract
IA9913552,IA,SEC,CA,no official OFR-to-CRD identifier in owned extract
IA9905617,IA,SEC,NC,no official OFR-to-CRD identifier in owned extract
IA9917668,IA,SEC,AR,no official OFR-to-CRD identifier in owned extract
IA0902088,IA,SEC,FL,no official OFR-to-CRD identifier in owned extract
IA9908455,IA,FLA,FL,no official OFR-to-CRD identifier in owned extract
IA9915924,IA,SEC,TX,no official OFR-to-CRD identifier in owned extract
IA9914472,IA,SEC,PA,no official OFR-to-CRD identifier in owned extract
IA9917628,IA,FLA,WA,no official OFR-to-CRD identifier in owned extract
IA9909446,IA,SEC,MD,no official OFR-to-CRD identifier in owned extract
IA9904179,IA,FLA,FL,no official OFR-to-CRD identifier in owned extract
IA9917594,IA,FLA,FL,no official OFR-to-CRD identifier in owned extract
IA9914871,IA,FLA,CT,no official OFR-to-CRD identifier in owned extract
IA9916449,IA,SEC,MO,no official OFR-to-CRD identifier in owned extract
IA9916185,IA,SEC,AL,no official OFR-to-CRD identifier in owned extract
IA9910416,IA,SEC,NY,no official OFR-to-CRD identifier in owned extract
IA9917373,IA,SEC,AZ,no official OFR-to-CRD identifier in owned extract
IA9915190,IA,SEC,OR,no official OFR-to-CRD identifier in owned extract
BD0900230,BD,FNRA,IL,no official OFR-to-CRD identifier in owned extract
IA0901741,IA,SEC,IL,no official OFR-to-CRD identifier in owned extract
IA9907372,IA,SEC,IL,no official OFR-to-CRD identifier in owned extract
IA9908806,IA,FLA,FL,no official OFR-to-CRD identifier in owned extract
IA0901100,IA,FLA,NJ,no official OFR-to-CRD identifier in owned extract
BD1004125,BD,FNRA,NY,no official OFR-to-CRD identifier in owned extract
IA9914733,IA,SEC,TN,no official OFR-to-CRD identifier in owned extract
IA9912204,IA,SEC,CT,no official OFR-to-CRD identifier in owned extract
IA0901970,IA,SEC,MI,no official OFR-to-CRD identifier in owned extract
IA0902300,IA,FLA,FL,no official OFR-to-CRD identifier in owned extract
IA0902825,IA,FLA,FL,no official OFR-to-CRD identifier in owned extract
IA9917540,IA,SEC,FL,no official OFR-to-CRD identifier in owned extract
IA9917199,IA,SEC,MD,no official OFR-to-CRD identifier in owned extract
IA9915663,IA,SEC,CA,no official OFR-to-CRD identifier in owned extract
IA9913235,IA,SEC,VT,no official OFR-to-CRD identifier in owned extract
IA9910896,IA,SEC,NY,no official OFR-to-CRD identifier in owned extract
BD0902551,BD,FNRA,CT,no official OFR-to-CRD identifier in owned extract
IA9915917,IA,SEC,FL,no official OFR-to-CRD identifier in owned extract
IA9913208,IA,SEC,IN,no official OFR-to-CRD identifier in owned extract
IA9917025,IA,SEC,FL,no official OFR-to-CRD identifier in owned extract
IA9917486,IA,SEC,GA,no official OFR-to-CRD identifier in owned extract
IA9916364,IA,SEC,TX,no official OFR-to-CRD identifier in owned extract
IA9913555,IA,SEC,NY,no official OFR-to-CRD identifier in owned extract
BD0901929,BD,FNRA,WI,no official OFR-to-CRD identifier in owned extract
IA9917000,IA,SEC,MT,no official OFR-to-CRD identifier in owned extract
IA9916136,IA,SEC,MA,no official OFR-to-CRD identifier in owned extract
IA9917487,IA,SEC,NY,no official OFR-to-CRD identifier in owned extract
IA9917488,IA,SEC,NY,no official OFR-to-CRD identifier in owned extract
BD1003779,BD,FNRA,NY,no official OFR-to-CRD identifier in owned extract
IA9916110,IA,SEC,VA,no official OFR-to-CRD identifier in owned extract
BD0902898,BD,FNRA,NY,no official OFR-to-CRD identifier in owned extract
IA9910779,IA,SEC,NY,no official OFR-to-CRD identifier in owned extract
IA0901548,IA,SEC,DE,no official OFR-to-CRD identifier in owned extract
IA0901800,IA,SEC,DE,no official OFR-to-CRD identifier in owned extract
IA9904388,IA,SEC,CA,no official OFR-to-CRD identifier in owned extract
IA9917136,IA,SEC,FL,no official OFR-to-CRD identifier in owned extract
BD0902047,BD,FNRA,TX,no official OFR-to-CRD identifier in owned extract
IA9915124,IA,FLA,GA,no official OFR-to-CRD identifier in owned extract
BD0900359,BD,FNRA,UT,no official OFR-to-CRD identifier in owned extract
IA9910832,IA,SEC,FL,no official OFR-to-CRD identifier in owned extract
IA9916147,IA,SEC,MA,no official OFR-to-CRD identifier in owned extract
IA9909393,IA,SEC,WI,no official OFR-to-CRD identifier in owned extract
IA9915988,IA,SEC,OK,no official OFR-to-CRD identifier in owned extract
IA9905745,IA,FLA,FL,no official OFR-to-CRD identifier in owned extract
IA9910701,IA,SEC,MA,no official OFR-to-CRD identifier in owned extract
IA0903863,IA,SEC,OH,no official OFR-to-CRD identifier in owned extract
IA9904472,IA,SEC,AZ,no official OFR-to-CRD identifier in owned extract
IA9916250,IA,SEC,FL,no official OFR-to-CRD identifier in owned extract
IA9908865,IA,SEC,WI,no official OFR-to-CRD identifier in owned extract
IA9910756,IA,SEC,KY,no official OFR-to-CRD identifier in owned extract
IA0900651,IA,SEC,MA,no official OFR-to-CRD identifier in owned extract
IA9911827,IA,FLA,FL,no official OFR-to-CRD identifier in owned extract
BD1003609,BD,FNRA,CT,no official OFR-to-CRD identifier in owned extract
BD1004040,BD,FNRA,TX,no official OFR-to-CRD identifier in owned extract
IA9906692,IA,SEC,FL,no official OFR-to-CRD identifier in owned extract
IA0900685,IA,SEC,OH,no official OFR-to-CRD identifier in owned extract
IA0902765,IA,SEC,MN,no official OFR-to-CRD identifier in owned extract
IA9911026,IA,FLA,IL,no official OFR-to-CRD identifier in owned extract
IA0900813,IA,FLA,OK,no official OFR-to-CRD identifier in owned extract
BD1004219,BD,FNRA,NY,no official OFR-to-CRD identifier in owned extract
IA9909147,IA,SEC,MA,no official OFR-to-CRD identifier in owned extract
IA9910677,IA,SEC,IN,no official OFR-to-CRD identifier in owned extract
IA9913460,IA,SEC,NY,no official OFR-to-CRD identifier in owned extract
IA9908971,IA,FLA,FL,no official OFR-to-CRD identifier in owned extract
IA9913560,IA,SEC,GA,no official OFR-to-CRD identifier in owned extract
IA9910533,IA,SEC,IL,no official OFR-to-CRD identifier in owned extract
BD1004760,BD,FNRA,NY,no official OFR-to-CRD identifier in owned extract
IA9917695,IA,FLA,FL,no official OFR-to-CRD identifier in owned extract
IA9914880,IA,FLA,FL,no official OFR-to-CRD identifier in owned extract
IA9916779,IA,SEC,,no official OFR-to-CRD identifier in owned extract
IA9912575,IA,FLA,FL,no official OFR-to-CRD identifier in owned extract
BD1004763,BD,FNRA,NY,no official OFR-to-CRD identifier in owned extract
IA9912951,IA,FLA,IN,no official OFR-to-CRD identifier in owned extract
IA9909834,IA,SEC,NY,no official OFR-to-CRD identifier in owned extract
IA9917032,IA,SEC,AZ,no official OFR-to-CRD identifier in owned extract
IA9912334,IA,SEC,GA,no official OFR-to-CRD identifier in owned extract
IA9912336,IA,SEC,TX,no official OFR-to-CRD identifier in owned extract
IA9910959,IA,SEC,NJ,no official OFR-to-CRD identifier in owned extract
IA9917306,IA,SEC,TN,no official OFR-to-CRD identifier in owned extract
IA9912794,IA,FLA,MI,no official OFR-to-CRD identifier in owned extract
IA9912643,IA,SEC,CT,no official OFR-to-CRD identifier in owned extract
BD0902726,BD,FNRA,MA,no official OFR-to-CRD identifier in owned extract
IA9912202,IA,SEC,AZ,no official OFR-to-CRD identifier in owned extract
IA9914889,IA,FLA,NJ,no official OFR-to-CRD identifier in owned extract
IA9916434,IA,FLA,FL,no official OFR-to-CRD identifier in owned extract
IA9917358,IA,SEC,FL,no official OFR-to-CRD identifier in owned extract
IA9915748,IA,FLA,FL,no official OFR-to-CRD identifier in owned extract
IA9907813,IA,SEC,FL,no official OFR-to-CRD identifier in owned extract
IA9910818,IA,SEC,TN,no official OFR-to-CRD identifier in owned extract
IA9917013,IA,SEC,CO,no official OFR-to-CRD identifier in owned extract
IA9908891,IA,SEC,NC,no official OFR-to-CRD identifier in owned extract
BD0901082,BD,FNRA,CA,no official OFR-to-CRD identifier in owned extract
IA9905276,IA,SEC,NY,no official OFR-to-CRD identifier in owned extract
BD1004148,BD,FNRA,OH,no official OFR-to-CRD identifier in owned extract
IA9912792,IA,SEC,MN,no official OFR-to-CRD identifier in owned extract
BD0903056,BD,FNRA,NJ,no official OFR-to-CRD identifier in owned extract
IA9915238,IA,SEC,MI,no official OFR-to-CRD identifier in owned extract
IA9905155,IA,SEC,CA,no official OFR-to-CRD identifier in owned extract
IA9912885,IA,FLA,FL,no official OFR-to-CRD identifier in owned extract
IA9913786,IA,SEC,NJ,no official OFR-to-CRD identifier in owned extract
BD1004106,BD,FNRA,NY,no official OFR-to-CRD identifier in owned extract
IA9916717,IA,SEC,NJ,no official OFR-to-CRD identifier in owned extract
IA9913879,IA,SEC,ID,no official OFR-to-CRD identifier in owned extract
IA9916571,IA,FLA,MA,no official OFR-to-CRD identifier in owned extract
IA9908396,IA,SEC,NC,no official OFR-to-CRD identifier in owned extract
IA9913197,IA,SEC,IL,no official OFR-to-CRD identifier in owned extract
IA0902474,IA,SEC,IN,no official OFR-to-CRD identifier in owned extract
IA9915337,IA,SEC,CA,no official OFR-to-CRD identifier in owned extract
BD0902052,BD,FNRA,NE,no official OFR-to-CRD identifier in owned extract
IA9910096,IA,SEC,MS,no official OFR-to-CRD identifier in owned extract
IA9910631,IA,SEC,TN,no official OFR-to-CRD identifier in owned extract
BD1004717,BD,FNRA,TX,no official OFR-to-CRD identifier in owned extract
IA9911973,IA,SEC,MA,no official OFR-to-CRD identifier in owned extract
IA9909978,IA,SEC,GA,no official OFR-to-CRD identifier in owned extract
IA9905461,IA,FLA,MA,no official OFR-to-CRD identifier in owned extract
BD0900130,BD,FNRA,CO,no official OFR-to-CRD identifier in owned extract
BD0901024,BD,FNRA,OH,no official OFR-to-CRD identifier in owned extract
IA0902704,IA,FLA,OH,no official OFR-to-CRD identifier in owned extract
BD0901031,BD,FNRA,IL,no official OFR-to-CRD identifier in owned extract
IA0901613,IA,SEC,IL,no official OFR-to-CRD identifier in owned extract
IA9907738,IA,SEC,NJ,no official OFR-to-CRD identifier in owned extract
BD0900597,BD,FNRA,NJ,no official OFR-to-CRD identifier in owned extract
IA9912526,IA,FLA,NH,no official OFR-to-CRD identifier in owned extract
BD0900091,BD,CAN,ZZ,no official OFR-to-CRD identifier in owned extract
BD0800108,BD,CAN,QC,no official OFR-to-CRD identifier in owned extract
BD0900104,BD,CAN,ZZ,no official OFR-to-CRD identifier in owned extract
IA9916827,IA,FLA,MI,no official OFR-to-CRD identifier in owned extract
IA9912846,IA,SEC,TX,no official OFR-to-CRD identifier in owned extract
IA9914314,IA,SEC,NC,no official OFR-to-CRD identifier in owned extract
BD0902563,BD,FNRA,TX,no official OFR-to-CRD identifier in owned extract
IA9904275,IA,FLA,TX,no official OFR-to-CRD identifier in owned extract
IA9917526,IA,SEC,TX,no official OFR-to-CRD identifier in owned extract
IA9912416,IA,SEC,OH,no official OFR-to-CRD identifier in owned extract
IA9916482,IA,SEC,CA,no official OFR-to-CRD identifier in owned extract
IA9905715,IA,FLA,GA,no official OFR-to-CRD identifier in owned extract
IA9911383,IA,FLA,FL,no official OFR-to-CRD identifier in owned extract
IA9910294,IA,SEC,MD,no official OFR-to-CRD identifier in owned extract
IA9913264,IA,SEC,NY,no official OFR-to-CRD identifier in owned extract
BD1003094,BD,FNRA,NY,no official OFR-to-CRD identifier in owned extract
IA0901477,IA,SEC,CA,no official OFR-to-CRD identifier in owned extract
IA9913602,IA,SEC,KY,no official OFR-to-CRD identifier in owned extract
IA0903166,IA,SEC,CT,no official OFR-to-CRD identifier in owned extract
IA9917648,IA,SEC,GA,no official OFR-to-CRD identifier in owned extract
IA9912228,IA,SEC,AZ,no official OFR-to-CRD identifier in owned extract
IA9917138,IA,SEC,OH,no official OFR-to-CRD identifier in owned extract
BD1004475,BD,FNRA,MI,no official OFR-to-CRD identifier in owned extract
IA9917172,IA,FLA,FL,no official OFR-to-CRD identifier in owned extract
IA9913467,IA,SEC,CO,no official OFR-to-CRD identifier in owned extract
IA9908557,IA,SEC,FL,no official OFR-to-CRD identifier in owned extract
IA9916635,IA,SEC,PA,no official OFR-to-CRD identifier in owned extract
IA9910166,IA,SEC,FL,no official OFR-to-CRD identifier in owned extract
IA9917011,IA,SEC,AZ,no official OFR-to-CRD identifier in owned extract
IA9910036,IA,SEC,FL,no official OFR-to-CRD identifier in owned extract
IA9908110,IA,FLA,FL,no official OFR-to-CRD identifier in owned extract
IA9908681,IA,SEC,MD,no official OFR-to-CRD identifier in owned extract
BD0902955,BD,FNRA,MD,no official OFR-to-CRD identifier in owned extract
BD1004771,BD,FNRA,IL,no official OFR-to-CRD identifier in owned extract
IA9910719,IA,SEC,FL,no official OFR-to-CRD identifier in owned extract
BD1003604,BD,FNRA,NY,no official OFR-to-CRD identifier in owned extract
IA9913564,IA,SEC,VA,no official OFR-to-CRD identifier in owned extract
BD1004057,BD,FNRA,CT,no official OFR-to-CRD identifier in owned extract
BD1003318,BD,FNRA,NY,no official OFR-to-CRD identifier in owned extract
IA9915755,IA,SEC,IL,no official OFR-to-CRD identifier in owned extract
IA9915722,IA,SEC,MT,no official OFR-to-CRD identifier in owned extract
IA9905805,IA,SEC,TX,no official OFR-to-CRD identifier in owned extract
IA9915833,IA,SEC,FL,no official OFR-to-CRD identifier in owned extract
IA9913277,IA,SEC,PA,no official OFR-to-CRD identifier in owned extract
IA9917135,IA,FLA,CA,no official OFR-to-CRD identifier in owned extract
IA9912512,IA,SEC,PA,no official OFR-to-CRD identifier in owned extract
IA9911952,IA,SEC,OH,no official OFR-to-CRD identifier in owned extract
IA9913554,IA,SEC,NY,no official OFR-to-CRD identifier in owned extract
IA9908899,IA,SEC,TX,no official OFR-to-CRD identifier in owned extract
IA9917489,IA,SEC,MI,no official OFR-to-CRD identifier in owned extract
IA9916754,IA,SEC,FL,no official OFR-to-CRD identifier in owned extract
IA9908024,IA,SEC,VA,no official OFR-to-CRD identifier in owned extract
IA0901564,IA,SEC,CT,no official OFR-to-CRD identifier in owned extract
IA9909799,IA,SEC,NY,no official OFR-to-CRD identifier in owned extract
BD0900255,BD,FNRA,NY,no official OFR-to-CRD identifier in owned extract
BD0902783,BD,FNRA,NY,no official OFR-to-CRD identifier in owned extract
IA9916675,IA,SEC,NJ,no official OFR-to-CRD identifier in owned extract
BD1004740,BD,FNRA,NJ,no official OFR-to-CRD identifier in owned extract
IA9917584,IA,SEC,CA,no official OFR-to-CRD identifier in owned extract
IA9914063,IA,FLA,UT,no official OFR-to-CRD identifier in owned extract
BD0901261,BD,FNRA,NY,no official OFR-to-CRD identifier in owned extract
BD1003406,BD,FNRA,NY,no official OFR-to-CRD identifier in owned extract
IA0900639,IA,SEC,RI,no official OFR-to-CRD identifier in owned extract
IA9908621,IA,FLA,KY,no official OFR-to-CRD identifier in owned extract
IA9913638,IA,FLA,FL,no official OFR-to-CRD identifier in owned extract
IA9915602,IA,FLA,FL,no official OFR-to-CRD identifier in owned extract
IA9911285,IA,SEC,OH,no official OFR-to-CRD identifier in owned extract
IA9916942,IA,SEC,UT,no official OFR-to-CRD identifier in owned extract
IA9908536,IA,FLA,FL,no official OFR-to-CRD identifier in owned extract
IA9909919,IA,SEC,CA,no official OFR-to-CRD identifier in owned extract
IA9914940,IA,FLA,FL,no official OFR-to-CRD identifier in owned extract
IA9913412,IA,SEC,MI,no official OFR-to-CRD identifier in owned extract
BD1003997,BD,FNRA,VA,no official OFR-to-CRD identifier in owned extract
IA9917374,IA,SEC,VA,no official OFR-to-CRD identifier in owned extract
IA9912923,IA,FLA,FL,no official OFR-to-CRD identifier in owned extract
IA9917251,IA,SEC,IL,no official OFR-to-CRD identifier in owned extract
IA0901296,IA,SEC,IL,no official OFR-to-CRD identifier in owned extract
BD1003842,BD,FNRA,CA,no official OFR-to-CRD identifier in owned extract
IA9915542,IA,SEC,FL,no official OFR-to-CRD identifier in owned extract
BD0902962,BD,FNRA,OH,no official OFR-to-CRD identifier in owned extract
IA9915029,IA,FLA,OK,no official OFR-to-CRD identifier in owned extract
IA9903792,IA,SEC,MO,no official OFR-to-CRD identifier in owned extract
IA9915912,IA,FLA,OH,no official OFR-to-CRD identifier in owned extract
IA9917202,IA,SEC,FL,no official OFR-to-CRD identifier in owned extract
IA9908332,IA,SEC,,no official OFR-to-CRD identifier in owned extract
IA9916612,IA,FLA,KS,no official OFR-to-CRD identifier in owned extract
BD1004779,BD,FNRA,CT,no official OFR-to-CRD identifier in owned extract
IA9915220,IA,SEC,PA,no official OFR-to-CRD identifier in owned extract
IA9911795,IA,FLA,FL,no official OFR-to-CRD identifier in owned extract
IA9916161,IA,SEC,CA,no official OFR-to-CRD identifier in owned extract
IA9915954,IA,SEC,NY,no official OFR-to-CRD identifier in owned extract
IA9912938,IA,SEC,FL,no official OFR-to-CRD identifier in owned extract
BD0901123,BD,FNRA,FL,no official OFR-to-CRD identifier in owned extract
IA9907687,IA,SEC,WA,no official OFR-to-CRD identifier in owned extract
IA9909775,IA,SEC,MA,no official OFR-to-CRD identifier in owned extract
IA9907494,IA,SEC,MI,no official OFR-to-CRD identifier in owned extract
IA9913213,IA,SEC,CO,no official OFR-to-CRD identifier in owned extract
BD1004697,BD,FNRA,FL,no official OFR-to-CRD identifier in owned extract
IA9913984,IA,FLA,FL,no official OFR-to-CRD identifier in owned extract
IA9916529,IA,SEC,FL,no official OFR-to-CRD identifier in owned extract
BD1004623,BD,FNRA,FL,no official OFR-to-CRD identifier in owned extract
BD0901171,BD,FNRA,UT,no official OFR-to-CRD identifier in owned extract
BD0902037,BD,FNRA,IL,no official OFR-to-CRD identifier in owned extract
BD1004591,BD,FNRA,NY,no official OFR-to-CRD identifier in owned extract
IA9913236,IA,SEC,NY,no official OFR-to-CRD identifier in owned extract
BD1004672,BD,FNRA,NY,no official OFR-to-CRD identifier in owned extract
IA9912418,IA,FLA,NC,no official OFR-to-CRD identifier in owned extract
IA9908392,IA,FLA,FL,no official OFR-to-CRD identifier in owned extract
IA9916502,IA,FLA,NJ,no official OFR-to-CRD identifier in owned extract
IA9913820,IA,FLA,NY,no official OFR-to-CRD identifier in owned extract
IA9906977,IA,SEC,IL,no official OFR-to-CRD identifier in owned extract
IA9912229,IA,SEC,PA,no official OFR-to-CRD identifier in owned extract
IA9905854,IA,FLA,FL,no official OFR-to-CRD identifier in owned extract
IA0900402,IA,SEC,GA,no official OFR-to-CRD identifier in owned extract
IA9915596,IA,SEC,NJ,no official OFR-to-CRD identifier in owned extract
BD1003784,BD,FNRA,CA,no official OFR-to-CRD identifier in owned extract
